vid	chrom	pos	a1	a2	beta	se	chi2	p
rs100000	synthetic	1	A	G	-0.00850061353426436	0.2329234567432529	0.001331907581221368	0.9708874190708975
rs100001	synthetic	2	A	G	0.0316920884730563	0.1073226030682154	0.08720056999699044	0.7677666824018672
rs100002	synthetic	3	A	G	-0.21446981426789194	0.17622574638186778	1.4811315534640526	0.2235975641646474
rs100003	synthetic	4	A	G	0.08125203832275042	0.14204833712219064	0.3271871367936423	0.567320117056087
rs100004	synthetic	5	A	G	-0.03185256240492988	0.15668171220221008	0.041328736935422834	0.8389046941966547
rs100005	synthetic	6	A	G	-0.29876337714958834	0.10997715472786114	7.379887825973435	0.006595728399092303
rs100006	synthetic	7	A	G	-0.09822732907853157	0.15852068135963984	0.383966035518208	0.5354882869275206
rs100007	synthetic	8	A	G	0.18451292996236113	0.1599061043642608	1.3314458988933433	0.24854815370734
rs100008	synthetic	9	A	G	-0.12007909192237622	0.13667365401355777	0.7719073545222143	0.379627642968695
rs100009	synthetic	10	A	G	-0.005820796586424304	0.11051477537773778	0.0027741130461167857	0.9579949622837353
rs100010	synthetic	11	A	G	-0.07610460442161027	0.10422902865866392	0.5331439495094656	0.46528806873904005
rs100011	synthetic	12	A	G	-0.07026121480123702	0.10421691858941343	0.45452194089282055	0.500195342343527
rs100012	synthetic	13	A	G	-0.03420042581112814	0.14561793099427944	0.05516115032130037	0.8143142062649017
rs100013	synthetic	14	A	G	-0.09157897389549792	0.1954862750746275	0.21946183367329059	0.6394502803683682
rs100014	synthetic	15	A	G	0.04719240274667968	0.13264444976897227	0.12658026889602164	0.7220044223481494
rs100015	synthetic	16	A	G	0.11846146946503788	0.15633067345927673	0.5742034976258109	0.4485933766001913
rs100016	synthetic	17	A	G	0.14913277547693915	0.13876824539143548	1.1549575093495994	0.28251376879520074
rs100017	synthetic	18	A	G	0.0743558120422666	0.13244562091416465	0.31517708499967045	0.5745205590866982
rs100018	synthetic	19	A	G	-0.1020674963653983	0.14294179871908239	0.5098664532768514	0.47519667314993563
rs100019	synthetic	20	A	G	-0.3050441534036701	0.1547006979097392	3.888130787869337	0.04862851722890906
rs100020	synthetic	21	A	G	-0.12931934719113805	0.14057638455665367	0.8462569880952681	0.35761337875730415
rs100021	synthetic	22	A	G	-0.15373924273604345	0.13833822550448316	1.23505151841925	0.26642688260294195
rs100022	synthetic	23	A	G	0.1040230953289838	0.11628468901339588	0.8002293457407685	0.37102480776611335
rs100023	synthetic	24	A	G	0.0849128463159101	0.10426043665055146	0.6632965200902464	0.4153985544440325
rs100024	synthetic	25	A	G	-0.13122186153780852	0.11384371847288048	1.3285999861928284	0.24905443445743544
rs100025	synthetic	26	A	G	-0.14182771961842894	0.17257624754783782	0.6753986638400373	0.41117569509392504
rs100026	synthetic	27	A	G	0.07681632949027233	0.1483533377708106	0.26810965832225586	0.6046026573456131
rs100027	synthetic	28	A	G	0.07211572371329794	0.10699477947027866	0.45429165219049567	0.5003039316630871
rs100028	synthetic	29	A	G	-0.1210402093652941	0.13054942248718923	0.8596257623584607	0.3538434405030392
rs100029	synthetic	30	A	G	0.19571110680946313	0.10411902678600433	3.5332205355147877	0.06015084565063803
rs100030	synthetic	31	A	G	0.19690583427192776	0.1099087564863678	3.209612333600226	0.07320682655037425
rs100032	synthetic	33	A	G	0.11356452860177053	0.13791860597698294	0.6780156015501937	0.41027088317482485
rs100033	synthetic	34	A	G	-0.6434876859963229	0.20900606414938078	9.479004010074622	0.002078367716493257
rs100034	synthetic	35	A	G	0.046740223148780194	0.10763823723763745	0.18855949627053034	0.6641182501038619
rs100035	synthetic	36	A	G	0.3283385477985442	0.3244510646558114	1.0241070099253569	0.3115467918393216
rs100036	synthetic	37	A	G	-0.1430213064286447	0.11467994778965718	1.5553441801252288	0.21234822602738868
rs100037	synthetic	38	A	G	0.06478504986245494	0.12413143068384927	0.2723868095908953	0.6017351556717119
rs100038	synthetic	39	A	G	-0.029109989564455686	0.1502491920515442	0.037537021480040955	0.846375763727797
rs100039	synthetic	40	A	G	-0.06921045159133464	0.13953614813523357	0.24601971187888796	0.6198917709786316
rs100040	synthetic	41	A	G	0.14042673721088497	0.12416486020846024	1.2790932367394487	0.25806770066222484
rs100041	synthetic	42	A	G	-0.025482343698853292	0.10683882392051657	0.05688798364495074	0.8114839937811811
rs100042	synthetic	43	A	G	-0.1274223924638656	0.21094238052158046	0.36489156536018946	0.5458020562428738
rs100043	synthetic	44	A	G	-0.2896671312645684	0.1451970970492774	3.97999539463208	0.046043689128262164
rs100044	synthetic	45	A	G	-0.14562019016165575	0.11937833374770873	1.4879631026490923	0.2225327650825737
rs100045	synthetic	46	A	G	-0.11356305868647522	0.10517027329796076	1.1659720971607772	0.2802304144348244
rs100046	synthetic	47	A	G	0.12753193935501106	0.11442974171457525	1.2421100983372197	0.2650647736304522
rs100047	synthetic	48	A	G	-0.1314932321150494	0.11856024793186636	1.2300665350989575	0.26739409896978295
rs100048	synthetic	49	A	G	0.05710988678335591	0.26001249458071407	0.04824298398565835	0.826149312422811
rs100049	synthetic	50	A	G	-0.03985145939749419	0.1238763467064735	0.103493168374408	0.7476772949227553
rs100050	synthetic	51	A	G	0.044448207900074865	0.12057783264194005	0.13588564004047443	0.7124059952563291
rs100051	synthetic	52	A	G	0.059396979963945905	0.14579936641040878	0.16596536076701468	0.6837226982253518
rs100052	synthetic	53	A	G	0.114279982767062	0.11704695686288143	0.9532791159379163	0.32888602874039263
rs100053	synthetic	54	A	G	-0.1458980577845994	0.10866799269188628	1.8025849108476844	0.1794003056430776
rs100054	synthetic	55	A	G	0.3600065989592583	0.1926515408395433	3.492013783417204	0.06166552895965504
rs100055	synthetic	56	A	G	-0.031271266394735577	0.10469529139605922	0.08921474500349673	0.7651778282407615
rs100056	synthetic	57	A	G	-0.09038975836128565	0.15607464673543664	0.33540824141315084	0.5624917401102179
rs100057	synthetic	58	A	G	-0.027255453543982205	0.12829597946779076	0.04513160029694288	0.8317622278486005
rs100058	synthetic	59	A	G	0.10905312132786474	0.12359615298519236	0.7785137627152595	0.37759606970439974
rs100059	synthetic	60	A	G	-0.06902304643567807	0.10923502671679275	0.3992679121368778	0.5274675798533317
rs100060	synthetic	61	A	G	-0.02400499816779646	0.1413725218904776	0.028831905360763903	0.8651677387341254
rs100061	synthetic	62	A	G	0.07975102530278123	0.1506178359783706	0.28036238339200314	0.5964637961735568
rs100062	synthetic	63	A	G	0.30823476595290455	0.120481087417842	6.545238639521357	0.010516522093617994
rs100065	synthetic	66	A	G	0.09406983856052711	0.10777368868076306	0.7618602286461871	0.38274699512972066
rs100066	synthetic	67	A	G	0.0505106627037338	0.10395728849929313	0.23607839633119246	0.62705296296033
rs100067	synthetic	68	A	G	0.07123301051602117	0.10744123237112188	0.4395625015873944	0.5073336928142926
rs100068	synthetic	69	A	G	-0.01425123017177575	0.10890049465230996	0.01712556876696787	0.8958823426380117
rs100069	synthetic	70	A	G	-0.24143085055272484	0.18687662321370266	1.669073926440547	0.196382620294862
rs100070	synthetic	71	A	G	0.07976358969617732	0.12713365499082513	0.39363011406218273	0.5303974050978135
rs100071	synthetic	72	A	G	0.010570955122798988	0.10116774300235432	0.010918031318736521	0.9167809926941208
rs100072	synthetic	73	A	G	0.0054314359012772595	0.10698425334664927	0.002577446130391039	0.9595099483903012
rs100075	synthetic	76	A	G	0.03035202107266593	0.11264764885475659	0.07259905484478624	0.7875894788107021
rs100076	synthetic	77	A	G	-0.0797010722987406	0.1380455725976712	0.3333368782661441	0.5637007881951343
rs100077	synthetic	78	A	G	-0.007692176289896214	0.1082353708823071	0.005050798449220402	0.943342864324
rs100078	synthetic	79	A	G	0.07846186879877	0.10680603020838646	0.539666859238271	0.46257082357012824
rs100079	synthetic	80	A	G	-0.1994539436385763	0.1780276761323853	1.2551921359694862	0.26256311950923455
rs100080	synthetic	81	A	G	-0.022288791074942464	0.1206541554487234	0.034126241408370804	0.8534385460390701
rs100081	synthetic	82	A	G	-0.07734944254125992	0.10080707039058094	0.588751991053206	0.4429021222014967
rs100082	synthetic	83	A	G	-0.12246702026726304	0.12852478529449365	0.9079554259487486	0.34065748697650905
rs100083	synthetic	84	A	G	-0.0684553060884249	0.10719585818944585	0.40781032993349164	0.5230829928342405
rs100084	synthetic	85	A	G	0.2752189379027407	0.17543347687850008	2.46111375554864	0.11669601073758624
rs100085	synthetic	86	A	G	-0.14625627637435037	0.31765330893585036	0.21199335947716974	0.6452094955540637
rs100086	synthetic	87	A	G	0.012926241865238594	0.21691853872316896	0.00355100444041689	0.9524819402008229
rs100088	synthetic	89	A	G	-0.029925778941530333	0.10284659801429846	0.08466639451785374	0.7710705134871195
rs100089	synthetic	90	A	G	0.22930810284298364	0.12624003603585482	3.2994730304367335	0.06930211259806177
rs100090	synthetic	91	A	G	0.045661611047910694	0.13371379657989596	0.11661381960378978	0.7327364956421134
rs100091	synthetic	92	A	G	0.056294774036802255	0.10200491015168124	0.30457482629354005	0.5810285283752201
rs100092	synthetic	93	A	G	0.12521535597027647	0.14682632461655562	0.727289520366874	0.3937631737641496
rs100093	synthetic	94	A	G	0.020355356936993998	0.10089945347071462	0.04069863249157677	0.8401207555826073
rs100094	synthetic	95	A	G	-0.1794952819116483	0.1760174567665812	1.0399072155433986	0.30784305209839297
rs100095	synthetic	96	A	G	-0.06283809324286437	0.13261948340574872	0.224507747692702	0.6356264987345704
rs100096	synthetic	97	A	G	-0.49547522208323175	0.4042656491046349	1.502139274305578	0.22034249282251298
rs100097	synthetic	98	A	G	-0.29492999954137633	0.18412255509598974	2.565806578113105	0.10919685069084711
rs100098	synthetic	99	A	G	-0.06601017987745256	0.13918079333101507	0.22493820083210667	0.6353027453684491
rs100100	synthetic	101	A	G	-0.08303623279521889	0.12962633644433136	0.41034465573269446	0.5217946235545005
rs100101	synthetic	102	A	G	-0.05319190978042943	0.20652661539757786	0.06633444671190451	0.7967505597445945
rs100102	synthetic	103	A	G	0.009664459256493986	0.11166875587789961	0.007490171535781947	0.9310325676835464
rs100103	synthetic	104	A	G	0.11320699312510538	0.1423005267774771	0.6328976674087402	0.4262944184368678
rs100104	synthetic	105	A	G	0.12803650943075784	0.12430669985387414	1.060910085380691	0.30300770735720095
rs100105	synthetic	106	A	G	-0.11755160865506116	0.20582234874126437	0.326191089758165	0.567910567020171
rs100106	synthetic	107	A	G	0.005220763868462603	0.10712666053883374	0.0023750511539999664	0.9611308842558053
rs100107	synthetic	108	A	G	-0.21196232669228413	0.12158301172865182	3.039285947116866	0.0812716591044097
rs100108	synthetic	109	A	G	-0.21609412827165764	0.11060014954864668	3.8174600805739485	0.05072107047995709
rs100109	synthetic	110	A	G	0.029299416769513018	0.10546860387218013	0.077174097003261	0.7811641543631423
rs100110	synthetic	111	A	G	-0.03826252582626457	0.11641826174891132	0.10802021826260491	0.7424094454157586
rs100111	synthetic	112	A	G	0.24388831934457067	0.10893314782853035	5.012586668846387	0.0251636813222149
rs100112	synthetic	113	A	G	-0.12052698771240641	0.1661395668926496	0.5262867753610759	0.4681721734345454
rs100113	synthetic	114	A	G	-0.25618291408760235	0.1766368810676107	2.103475934150907	0.14696470813319612
rs100114	synthetic	115	A	G	0.037597130533210135	0.10134382798968777	0.13763053285199156	0.7106480388752174
rs100115	synthetic	116	A	G	0.027332158750167753	0.12286886344428273	0.0494839303601187	0.8239637185422584
rs100116	synthetic	117	A	G	-0.23822671333137582	0.11021746043484754	4.671755634646982	0.030662567440462026
rs100117	synthetic	118	A	G	0.03737068991354308	0.1765534294387529	0.0448032909381749	0.8323661492338363
rs100118	synthetic	119	A	G	0.4384806026224231	0.1315831145858057	11.10453680606039	0.0008611679461970183
rs100119	synthetic	120	A	G	0.13949936764709583	0.31692296602730047	0.19374792249252434	0.6598153898538726
rs100120	synthetic	121	A	G	-0.22820351104047087	0.17292402085988592	1.7415421638108577	0.18694354297709959
rs100121	synthetic	122	A	G	0.13607884508824944	0.11904698939325516	1.306605240289999	0.2530102161072719
rs100122	synthetic	123	A	G	0.021087388153531724	0.1336541478374582	0.024893198473954423	0.8746334800541907
rs100123	synthetic	124	A	G	0.2606284560015028	0.11801950691506262	4.876812637999575	0.02721983839930118
rs100124	synthetic	125	A	G	0.11689250431777422	0.13835245288634967	0.713837895610273	0.39817266025935916
rs100125	synthetic	126	A	G	-0.022963886942827118	0.13695049426017208	0.028116651125407618	0.8668348698584651
rs100127	synthetic	128	A	G	-0.19328152409151536	0.1349042267346306	2.052719316715092	0.15193460718027513
rs100128	synthetic	129	A	G	0.1073009603862043	0.16980702373937123	0.39929688126367213	0.5274526001808538
rs100129	synthetic	130	A	G	-0.17123483743712845	0.10739501346658624	2.5422368993896276	0.1108376607011188
rs100130	synthetic	131	A	G	0.10413900582307212	0.10887231402797279	0.9149385934249359	0.3388074512752767
rs100131	synthetic	132	A	G	-0.05104306311252466	0.11270601603759584	0.2051064228220676	0.6506302809107183
rs100132	synthetic	133	A	G	0.19289883695685076	0.47097836162450246	0.16774798385592557	0.6821210502324375
rs100133	synthetic	134	A	G	-0.028132462063832304	0.1358165590299432	0.04290521053000913	0.8359038588573038
rs100134	synthetic	135	A	G	0.004231785919256872	0.14542685710072709	0.0008467557246353124	0.9767855795763513
rs100135	synthetic	136	A	G	-0.050906467727565435	0.11172144593898498	0.20762174231813463	0.6486378783168273
rs100136	synthetic	137	A	G	-0.4083908143763045	0.3027641766117196	1.8194618556738194	0.17737734689518767
rs100137	synthetic	138	A	G	-0.02048314111388851	0.11943316329191052	0.029413265539087876	0.8638283026081812
rs100138	synthetic	139	A	G	-0.049076175493546065	0.1264943146787244	0.1505218019155531	0.6980372036610366
rs100139	synthetic	140	A	G	-0.039355151428689235	0.10135077289461218	0.15078184241758322	0.6977893186399877
rs100140	synthetic	141	A	G	0.005714736418399488	0.23463569653173902	0.0005932042298214897	0.9805688168541653
rs100141	synthetic	142	A	G	-0.07138252986198773	0.1852426716376499	0.14849157015842032	0.6999810555973056
rs100142	synthetic	143	A	G	0.06153864462957222	0.12354456397975788	0.24811245823405445	0.6184073006258
rs100143	synthetic	144	A	G	0.01857742322133576	0.12024276040687923	0.023870036034900333	0.8772160571555001
rs100144	synthetic	145	A	G	-0.09354296819532659	0.15109212890699875	0.3832998167408156	0.5358424997020064
rs100145	synthetic	146	A	G	-0.08906682915210745	0.15685033128418482	0.3224490502735699	0.5701395593363369
rs100146	synthetic	147	A	G	0.09583863608995613	0.12122610588752525	0.6250128404085449	0.42919055989561894
rs100147	synthetic	148	A	G	0.09715110202811894	0.10262028305540032	0.896249747381906	0.3437892860247366
rs100148	synthetic	149	A	G	0.1707267501521682	0.11673311599273514	2.1390207129444865	0.14359352907694367
rs100149	synthetic	150	A	G	-0.28718608113784583	0.17298403185829492	2.7562254862851367	0.0968765597697892
rs100150	synthetic	151	A	G	0.07410362945865245	0.10334845377433369	0.5141276867339694	0.47335745074726154
rs100151	synthetic	152	A	G	0.08328260184065124	0.11464389522546964	0.5277238255095944	0.46756538555554694
rs100152	synthetic	153	A	G	0.007131942890064546	0.10411711771397263	0.004692145164337961	0.9453882292104593
rs100153	synthetic	154	A	G	0.05108167335096396	0.13791594419786793	0.13718330990090566	0.7110973968651793
rs100154	synthetic	155	A	G	0.02068232031737231	0.11585244256784878	0.03187044523446347	0.858312295766178
rs100155	synthetic	156	A	G	-0.0023098287172332254	0.14356507260560145	0.00025885822154809914	0.9871633320722869
rs100156	synthetic	157	A	G	0.03910892636363868	0.12227924553358227	0.1022930873479023	0.7490950018816427
rs100157	synthetic	158	A	G	-0.09144653689489707	0.10540028726876335	0.7527503003168807	0.3856068639989739
rs100158	synthetic	159	A	G	-0.10562773764814606	0.10592543815019868	0.9943869543001632	0.31867252312966576
rs100159	synthetic	160	A	G	0.054316170374953954	0.11441272005244797	0.2253770357146072	0.634973078282486
rs100160	synthetic	161	A	G	-0.15840588326915417	0.1151141489196139	1.8935867280661367	0.16879792839219762
rs100161	synthetic	162	A	G	0.01158671702714536	0.1277251086649451	0.008229401277649533	0.9277182191316926
rs100162	synthetic	163	A	G	0.09168242573886436	0.13339710457549406	0.47236682006187986	0.4919003310571678
rs100163	synthetic	164	A	G	0.15393070065304248	0.16150563265903323	0.9083958587061718	0.34054040314547407
rs100164	synthetic	165	A	G	-0.03713834928223255	0.13411940849233117	0.07667643879010994	0.78185297035542
rs100165	synthetic	166	A	G	-0.09995267942097459	0.10293516845462664	0.9428906349400528	0.33153555140584673
rs100166	synthetic	167	A	G	-0.09569709042054064	0.13880896439078197	0.47529411735617894	0.4905616560763456
rs100167	synthetic	168	A	G	-0.01535088049531339	0.17782957488299772	0.007451755572386081	0.9312092168316387
rs100168	synthetic	169	A	G	0.16028074531237485	0.15297530262330872	1.0977920072876626	0.2947511775109721
rs100169	synthetic	170	A	G	0.04902092874764713	0.11601470156011667	0.17854061066973753	0.6726304279355015
rs100170	synthetic	171	A	G	0.043114687874836966	0.11199209660031226	0.14820939776013148	0.7002524283672272
rs100171	synthetic	172	A	G	-0.19619679498084122	0.2526896746711297	0.6028493883551632	0.4374929159120422
rs100172	synthetic	173	A	G	0.1197493217892348	0.1272373714408442	0.8857613942677156	0.3466285204394195
rs100173	synthetic	174	A	G	0.02762948217998374	0.14855599709957445	0.034591159029494015	0.8524549667948068
rs100174	synthetic	175	A	G	-0.030033503834422118	0.17873428150578638	0.028235552216773117	0.8665562337875662
rs100175	synthetic	176	A	G	0.16006648128721362	0.2866907874919938	0.3117262111010427	0.5766228400550024
rs100176	synthetic	177	A	G	0.1886963943259307	0.20346310417102864	0.8601137114343795	0.35370687220390984
rs100177	synthetic	178	A	G	0.1449890236429877	0.11007236279850176	1.7350567031940058	0.18776639600221165
rs100178	synthetic	179	A	G	-0.12067509013397969	0.1486567889321465	0.6589701897773536	0.4169237405636742
rs100179	synthetic	180	A	G	0.012738341663494739	0.14550731662188837	0.0076640110625222045	0.9302388443045941
rs100180	synthetic	181	A	G	0.096284120572263	0.10251728112670083	0.8820946270267956	0.3476286191413459
rs100181	synthetic	182	A	G	-0.02663432275082091	0.11289829176535048	0.05565556228472822	0.8134991628306338
rs100182	synthetic	183	A	G	0.013836887219549792	0.10618206736357955	0.016981437408572504	0.8963189183821301
rs100183	synthetic	184	A	G	0.04193706332635464	0.12780018420308462	0.10767951015470166	0.742801605672698
rs100184	synthetic	185	A	G	0.146155672591067	0.12137836779183676	1.4499357746880521	0.22853825828134144
rs100185	synthetic	186	A	G	0.2852396123000783	0.13166409502760323	4.693371784243054	0.03027917453567117
rs100186	synthetic	187	A	G	-0.023157859969638945	0.10605652547445833	0.04767844216472798	0.8271533518685515
rs100187	synthetic	188	A	G	0.07096461929023343	0.10452654283791991	0.4609253363776303	0.497191833276328
rs100188	synthetic	189	A	G	-0.04668690519150696	0.1199924854120474	0.15138473127381188	0.6972155563110674
rs100190	synthetic	191	A	G	-0.03757627310309913	0.1046559784895861	0.12891377384313055	0.7195609443879208
rs100191	synthetic	192	A	G	0.04360741777882729	0.13813156285937436	0.09966321437249137	0.7522341648437342
rs100192	synthetic	193	A	G	-0.2349952442811751	0.10820373485732888	4.716649924613288	0.029871886424036334
rs100193	synthetic	194	A	G	-0.028501446150547595	0.11137509192221372	0.06548738397004038	0.7980241711627489
rs100194	synthetic	195	A	G	0.04674126831872903	0.2568431048161784	0.0331180809315326	0.855595487917437
rs100195	synthetic	196	A	G	-0.3368600542164508	0.23483111385697916	2.0577269818852235	0.15143591779408572
rs100196	synthetic	197	A	G	-0.008831570606794521	0.10159833063364904	0.007556187858034853	0.9307300657973328
rs100197	synthetic	198	A	G	-0.26714120054110824	0.10600601492950487	6.350687310630718	0.011733582994547048
rs100198	synthetic	199	A	G	0.023825139978713866	0.1044581419362967	0.05202191424255978	0.8195816146912115
rs100199	synthetic	200	A	G	0.021523119195493063	0.133226452827054	0.026099338005844335	0.8716579539468094
rs100200	synthetic	201	A	G	-0.09844718846613845	0.10424408081168798	0.8918746642684853	0.3449697968375134
rs100201	synthetic	202	A	G	-0.027069987807466764	0.29959900665126094	0.008163856872969664	0.9280058589760937
rs100202	synthetic	203	A	G	0.28995780283331674	0.21639124737696877	1.7955198868081674	0.18025506374264394
rs100203	synthetic	204	A	G	0.010517665208861845	0.12021046711796285	0.0076551572373766506	0.9302790488514372
rs100204	synthetic	205	A	G	-0.06736100731413416	0.14062714906178908	0.22944510727059012	0.6319355786316412
rs100205	synthetic	206	A	G	-0.050219314370365226	0.105501245626498	0.22658251013529102	0.6340695061087083
rs100206	synthetic	207	A	G	-0.17150789283699638	0.14772102119008637	1.3479805315237205	0.24563147348049666
rs100207	synthetic	208	A	G	-0.3122297063301711	0.18870000541786539	2.7378182610835267	0.09799848101007172
rs100208	synthetic	209	A	G	-0.09170394047825947	0.10379522916899814	0.7805868141444883	0.37696173124232935
rs100209	synthetic	210	A	G	-0.040150098708364966	0.1662716638935062	0.058309155161071005	0.8091886278531668
rs100210	synthetic	211	A	G	-0.024003337564903197	0.12665948342396008	0.03591433593619786	0.8496925065535406
rs100211	synthetic	212	A	G	-0.25965387777057486	0.10172847219408213	6.514852411481646	0.010697719983194656
rs100212	synthetic	213	A	G	-0.05768999970349706	0.10491559779554217	0.30235764523819547	0.5824081502557013
rs100213	synthetic	214	A	G	-0.17087125493750646	0.1950929515177599	0.767105081901407	0.38111411096007586
rs100214	synthetic	215	A	G	0.3132548877343313	0.11303049774769179	7.68076419042866	0.005581252811842078
rs100215	synthetic	216	A	G	-0.08646759889692375	0.13154651323363042	0.43206403408215655	0.5109778923343935
rs100216	synthetic	217	A	G	-0.028356637063789557	0.1250743544956363	0.051401158693379655	0.8206428457768834
rs100217	synthetic	218	A	G	-0.07714483991404493	0.12431548859900371	0.385090922914857	0.5348911750434036
rs100218	synthetic	219	A	G	0.33147434460448244	0.15559833282573582	4.538266156160628	0.03314514820968449
rs100219	synthetic	220	A	G	-0.08474717636528498	0.12961717283815202	0.42748943419209706	0.5132234229012642
rs100220	synthetic	221	A	G	0.17654300242717316	0.1205228996285196	2.145664782875883	0.14297309379921572
rs100221	synthetic	222	A	G	-0.00911999355521688	0.13556164582815067	0.004526008831902672	0.946362286598007
rs100222	synthetic	223	A	G	0.13319698428684854	0.10376102137030395	1.6478599855174771	0.19925044893396804
rs100223	synthetic	224	A	G	-0.19076061243210876	0.11032526302768388	2.9896990473619636	0.08379574056018287
rs100224	synthetic	225	A	G	-0.03586736483134721	0.1404262774710117	0.06523823064853942	0.798400457328313
rs100225	synthetic	226	A	G	0.08305018989963595	0.11002471322901572	0.5697715617736201	0.4503497059214384
rs100226	synthetic	227	A	G	0.1654979703941377	0.10721845052948573	2.382573410788429	0.12269528060908069
rs100227	synthetic	228	A	G	-0.06414058457207834	0.15899611715639184	0.16273942994235194	0.6866468120684497
rs100228	synthetic	229	A	G	-0.2698267140542897	0.21903679213963187	1.5175246287346233	0.2179944753657695
rs100229	synthetic	230	A	G	-0.028029063809598936	0.1047603790212604	0.07158517029929759	0.7890426035867715
rs100230	synthetic	231	A	G	0.032346934657365746	0.13956648515162737	0.053716038914680894	0.816718827469842
rs100231	synthetic	232	A	G	-0.11913441021775313	0.21007309704040744	0.3216129754580142	0.570639914431806
rs100232	synthetic	233	A	G	-0.08060400853312989	0.13419707804045317	0.36076729583171746	0.5480804075828767
rs100233	synthetic	234	A	G	-0.07218505345553586	0.14218284321479785	0.2577508913356489	0.6116695500110187
rs100234	synthetic	235	A	G	-0.42925232745790776	0.16025134759732415	7.175000516327257	0.007392642655015986
rs100235	synthetic	236	A	G	0.13138389255914817	0.11233188546561602	1.3679749743149197	0.24216011602926865
rs100236	synthetic	237	A	G	-0.32591014901091303	0.13164514311192207	6.128950131722563	0.013298581795732487
rs100237	synthetic	238	A	G	0.08134978733673807	0.1403167757069397	0.3361194549680941	0.5620777566332662
rs100238	synthetic	239	A	G	-0.0961993313751306	0.15053302682016195	0.4083950961312498	0.5227852171411975
rs100239	synthetic	240	A	G	0.03054630028420357	0.10503931852329576	0.08456943762160983	0.7711979761770504
rs100240	synthetic	241	A	G	0.17224059940028544	0.11659177061656659	2.1824045621938413	0.139596210865543
rs100241	synthetic	242	A	G	-0.20821949883573176	0.1024070349203249	4.134121250978188	0.04202688229888422
rs100242	synthetic	243	A	G	0.01779032353629165	0.10410934459116139	0.029200364164945897	0.8643172262708056
rs100243	synthetic	244	A	G	0.20312577272351662	0.10236982331868738	3.937188006098427	0.04722966333793783
rs100244	synthetic	245	A	G	0.056424352321966346	0.11786990307792033	0.2291539313895467	0.6321518864213149
rs100245	synthetic	246	A	G	0.08686043852335398	0.11639124033365583	0.5569336292098572	0.45549837507188295
rs100246	synthetic	247	A	G	-0.1059554020294545	0.1508760516474377	0.4931801482479846	0.4825121323700181
rs100247	synthetic	248	A	G	-0.16606151069841582	0.12957604072136497	1.6424363857568198	0.1999915138279449
rs100248	synthetic	249	A	G	0.05860268880728699	0.11281476787520166	0.26983804223914976	0.6034404355992857
rs100249	synthetic	250	A	G	0.04742983340536028	0.217111174612141	0.0477242205987482	0.8270717034930711
rs100250	synthetic	251	A	G	0.10986890454039704	0.1416784327533934	0.6013704729863911	0.4380556057957947
rs100251	synthetic	252	A	G	-0.13904472742419619	0.1381418634659112	1.013114263740415	0.3141579120970661
rs100252	synthetic	253	A	G	-0.1629342042970362	0.17951290497358402	0.8238216066455321	0.3640651820206272
rs100253	synthetic	254	A	G	-0.11218690499932377	0.1183045708803835	0.8992517354903297	0.34298242760755954
rs100254	synthetic	255	A	G	0.027518457715799496	0.109922543516031	0.06267215696999745	0.8023212727470138
rs100255	synthetic	256	A	G	-0.28931706107401056	0.2869628233180494	1.0164752687500211	0.31335654679659314
rs100256	synthetic	257	A	G	-0.07267500223063658	0.11739737271311972	0.38322457568883667	0.5358825303485977
rs100257	synthetic	258	A	G	-0.08112023120020023	0.12223512670324364	0.44041926264738634	0.5069201645384231
rs100258	synthetic	259	A	G	0.025057487209535902	0.10786338419719889	0.053966835227177296	0.8162990861953994
rs100259	synthetic	260	A	G	-0.0036379581895022014	0.10468386720806522	0.0012076911706221144	0.9722776144928827
rs100260	synthetic	261	A	G	0.08518536209207993	0.10485095446823857	0.6600626688398552	0.41653781969394943
rs100261	synthetic	262	A	G	0.016702056191512805	0.14553504419548804	0.0131705744223127	0.9086328793835975
rs100262	synthetic	263	A	G	0.03222972931221734	0.12003689573858034	0.07209145730458352	0.788315610974838
rs100263	synthetic	264	A	G	0.015154782350596358	0.10628664495268546	0.02033021682082527	0.8866186797663802
rs100264	synthetic	265	A	G	0.0827544217181665	0.1203865633289841	0.4725267320893315	0.49182704451372106
rs100265	synthetic	266	A	G	0.08673322086776392	0.4187520068835527	0.04289998554834879	0.8359137088715685
rs100266	synthetic	267	A	G	0.004119976995674751	0.1780420532593226	0.0005354814047166176	0.9815382230164362
rs100267	synthetic	268	A	G	0.0492319117071736	0.11353400004847454	0.18803622405450066	0.6645561015693942
rs100268	synthetic	269	A	G	0.08163304464916449	0.11497182801352841	0.5041376307778022	0.47768770310648123
rs100269	synthetic	270	A	G	0.3041751869857785	0.24183674861878757	1.5819872418513026	0.20847467942988296
rs100271	synthetic	272	A	G	0.022249646889413385	0.11725354854201832	0.036007606666904876	0.849499784681298
rs100272	synthetic	273	A	G	0.1873878721116112	0.1929566484109194	0.9431124222135572	0.33147868964416466
rs100273	synthetic	274	A	G	-0.0457742460607972	0.15714150688548173	0.0848517048884024	0.7708271185020366
rs100274	synthetic	275	A	G	-0.4222592692318556	0.24303394467023653	3.0187316741388797	0.08230781430152738
rs100275	synthetic	276	A	G	-0.18194359447991187	0.16399408582416194	1.2308841188048445	0.2672351669033562
rs100276	synthetic	277	A	G	0.1534905269622391	0.1213974474633832	1.5986155891424774	0.20609951230982207
rs100277	synthetic	278	A	G	0.01934164790718817	0.12426854955420286	0.02422503915607499	0.8763136800246858
rs100278	synthetic	279	A	G	-0.054681817483912425	0.19403351891259432	0.07942045340275664	0.778084335721527
rs100279	synthetic	280	A	G	-0.09822694272821578	0.16371763543766002	0.3599733311540923	0.5485210470658587
rs100280	synthetic	281	A	G	-0.09686361341044246	0.10550518049835841	0.8428955525430107	0.35856995237230527
rs100281	synthetic	282	A	G	0.04316070647624202	0.27819766484261677	0.024069669616311677	0.8767077725582044
rs100282	synthetic	283	A	G	-0.09610163308679148	0.13584227392582246	0.5004856732972545	0.4792867992672142
rs100283	synthetic	284	A	G	0.05688939177638682	0.1341469276200242	0.17984613969281937	0.6715054989966911
rs100284	synthetic	285	A	G	0.08697578799802377	0.25251848031362295	0.11863433773909489	0.7305204061501573
rs100285	synthetic	286	A	G	-0.08039103180904446	0.1354304206202211	0.35235687612735805	0.5527819823498646
rs100286	synthetic	287	A	G	-0.2378129621761456	0.10588117297852932	5.0446792382477845	0.024701680360165117
rs100287	synthetic	288	A	G	-0.18840933143179947	0.10952427269855607	2.9592663866605435	0.08538667387884424
rs100288	synthetic	289	A	G	-0.0871872122528698	0.10303471101453933	0.7160419532392072	0.3974452972399062
rs100289	synthetic	290	A	G	-0.030123174868466666	0.1196234205787781	0.06341164979097144	0.8011827493956005
rs100290	synthetic	291	A	G	0.023890710361807965	0.10152545381468768	0.055374299771458683	0.8139623563390592
rs100291	synthetic	292	A	G	-0.21637522797031836	0.20584363964050156	1.1049437566916362	0.29318371061506204
rs100292	synthetic	293	A	G	0.24364725326498962	0.14180478864903087	2.952169205242111	0.08576237196723879
rs100293	synthetic	294	A	G	0.04215051328444032	0.1269570368691763	0.11022806406687517	0.7398846373940577
rs100294	synthetic	295	A	G	0.17209345963173486	0.1370511311890758	1.5767523315597407	0.20922911478953152
rs100295	synthetic	296	A	G	-0.11833495411513414	0.11192389527899169	1.1178420963492601	0.29038358130040653
rs100296	synthetic	297	A	G	-0.030482601287790213	0.12570792888095028	0.058800187205914435	0.8084024421620813
rs100297	synthetic	298	A	G	-0.14448706848317872	0.10501518553771473	1.8930136754570974	0.16886240020898136
rs100298	synthetic	299	A	G	-0.11693468937156407	0.17021850640784877	0.47192521432492246	0.4921028107245947
rs100299	synthetic	300	A	G	0.3206697530817556	0.16888620829710213	3.605185569445873	0.05759964009321085
rs100300	synthetic	301	A	G	-0.0661297245973664	0.11500914146669215	0.3306196829842178	0.565294423924604
rs100301	synthetic	302	A	G	0.006547513681508235	0.10875505533362433	0.0036245485531983014	0.9519929817805111
rs100302	synthetic	303	A	G	-0.0996801633182081	0.10259672952816143	0.9439531666717516	0.3312632577216786
rs100303	synthetic	304	A	G	0.044722779997962994	0.11283680780475006	0.1570926988362285	0.691847426617819
rs100304	synthetic	305	A	G	0.24882838757650216	0.14211758368330216	3.065520472464311	0.07996954948583335
rs100305	synthetic	306	A	G	0.04866585273678813	0.10425861320610082	0.21788372299056152	0.640657167883746
rs100306	synthetic	307	A	G	0.17494793506087097	0.1348275254102618	1.6836837264691458	0.19443569016791026
rs100307	synthetic	308	A	G	0.18287242843076584	0.10964303371649396	2.781854281245641	0.09533773008217625
rs100308	synthetic	309	A	G	-0.12071678730060335	0.10234288078272176	1.391297685536495	0.23818607383553403
rs100309	synthetic	310	A	G	-0.143970576655225	0.1511800408607596	0.9068982660747246	0.34093874163413646
rs100310	synthetic	311	A	G	0.08505088842537682	0.12706081105990524	0.44805823382877247	0.5032585133880919
rs100311	synthetic	312	A	G	-0.07269183087620822	0.1742752852948444	0.17398011367083022	0.6765985105685102
rs100312	synthetic	313	A	G	-0.2965966100039585	0.3186462723002043	0.8663924943876219	0.3519559584982458
rs100313	synthetic	314	A	G	-0.0106700421060733	0.10622015225862991	0.010090633377351681	0.9199853735821908
rs100314	synthetic	315	A	G	0.07045541567419966	0.17009158244132797	0.1715785999700184	0.6787126498587572
rs100315	synthetic	316	A	G	-0.19412107643688944	0.1135892615732178	2.9205915828958964	0.08745579548379805
rs100316	synthetic	317	A	G	-0.08062903835491964	0.1074973833193091	0.5625837381605695	0.4532210844492536
rs100317	synthetic	318	A	G	0.013153593571285553	0.10715179646474486	0.015069190527047761	0.9022998176475552
rs100318	synthetic	319	A	G	-0.1907248449519849	0.1088022140137682	3.0728338280573215	0.07961058382561051
rs100319	synthetic	320	A	G	-0.23168095556202584	0.13881202041363574	2.7856498177653948	0.09511210674135338
rs100320	synthetic	321	A	G	-0.10097423049439218	0.10351311951838017	0.9515471451113323	0.3293257972772017
rs100322	synthetic	323	A	G	0.45403030131470484	0.44040865127017714	1.062815777534746	0.30257384890070554
rs100324	synthetic	325	A	G	0.26983689003750594	0.1659513227045764	2.6438767705163606	0.10394960495707188
rs100325	synthetic	326	A	G	-0.21325578654593744	0.5151589962284919	0.17136379519364286	0.678902593139884
rs100326	synthetic	327	A	G	-0.11081326059486575	0.1021519291371563	1.1767665700262377	0.278015241989629
rs100328	synthetic	329	A	G	0.14267863187426888	0.15162611377604995	0.88546187069602	0.34671006806042237
rs100329	synthetic	330	A	G	-0.26505046614898303	0.1348289220622412	3.8644796074616674	0.04931848573496131
rs100330	synthetic	331	A	G	-0.02533389300811143	0.13587774261744018	0.034762197109819606	0.8520948407518714
rs100331	synthetic	332	A	G	0.0707929945373471	0.1135567455614489	0.3886464379364269	0.5330117507761553
rs100332	synthetic	333	A	G	-0.2082561420296681	0.1110944253356044	3.5140756282783214	0.06084959209234776
rs100333	synthetic	334	A	G	0.08968075580765895	0.10769211239737378	0.6934748700726492	0.40498495748585817
rs100334	synthetic	335	A	G	0.0849364630755694	0.12247701596653743	0.4809269902893502	0.48800272790613597
rs100335	synthetic	336	A	G	0.20454156480253982	0.1170293225019597	3.0547365867343346	0.08050204760787727
rs100336	synthetic	337	A	G	-0.19604590165146873	0.10507954264128007	3.4808009424078024	0.06208468329332625
rs100337	synthetic	338	A	G	-0.11556652055700004	0.2400490978065738	0.23177357498863888	0.6302118564184849
rs100338	synthetic	339	A	G	0.13261312257343294	0.11142501698896967	1.4164706646140215	0.23398518895402354
rs100339	synthetic	340	A	G	-0.024891695296017386	0.10860385769639902	0.05253133623987196	0.8187156830716588
rs100340	synthetic	341	A	G	-0.14949977310859752	0.10437272177019107	2.051667832406991	0.15203955551233458
rs100341	synthetic	342	A	G	0.0015730615170058515	0.11135098119139251	0.00019957370363020977	0.9887286152557833
rs100342	synthetic	343	A	G	-0.13904586719680753	0.14672132054440953	0.8981103799018125	0.3432888935160624
rs100343	synthetic	344	A	G	-0.011391630765889966	0.1331776818317707	0.007316593006565489	0.9318344134792662
rs100344	synthetic	345	A	G	0.13483398481976738	0.12902816330335642	1.0920177784150573	0.29602456649577313
rs100345	synthetic	346	A	G	-0.4457253319971884	0.15600751083614328	8.162883891251818	0.004275633026388492
rs100346	synthetic	347	A	G	-0.07045546817232404	0.10858634873040987	0.42099695067280113	0.5164400040336429
rs100347	synthetic	348	A	G	-0.01887951104925592	0.11312494177568225	0.0278525362223508	0.8674559790054786
rs100348	synthetic	349	A	G	0.1413429075256849	0.10768504061995922	1.7228096242428876	0.18933178601655726
rs100349	synthetic	350	A	G	0.010311698097689333	0.11603183163886664	0.007897799114232636	0.9291855735302256
rs100350	synthetic	351	A	G	-0.13736941635881272	0.16382898296164886	0.7030701113086222	0.40175401129834154
rs100351	synthetic	352	A	G	-0.04225785966332459	0.2422128542237832	0.03043831577428823	0.8614994052763832
rs100352	synthetic	353	A	G	-0.09523395653517108	0.15545606346554597	0.37529114999035074	0.5401341700559369
rs100353	synthetic	354	A	G	-0.0991343681566308	0.10952079148689228	0.819323362012985	0.3653780731572659
rs100354	synthetic	355	A	G	-0.021604135778252754	0.10125177270152973	0.04552694671473507	0.8310380313309873
rs100355	synthetic	356	A	G	0.023661017356393303	0.10852359314184024	0.04753554737435092	0.8274084771381214
rs100356	synthetic	357	A	G	-0.037166959628855335	0.1421892256309318	0.06832516572913616	0.7937911283075387
rs100357	synthetic	358	A	G	-0.11326021674298067	0.10274403264488816	1.2151826542845692	0.2703081340857256
rs100358	synthetic	359	A	G	-0.06268775809848214	0.10157014028858269	0.3809196462126683	0.5371114677953914
rs100359	synthetic	360	A	G	0.04658494287184942	0.10485292197443205	0.19739223264961017	0.6568340459352322
rs100360	synthetic	361	A	G	0.09386439755706173	0.10870409729034923	0.7456069824213448	0.38787066035165296
rs100361	synthetic	362	A	G	-0.04803224485284477	0.11278594987827682	0.18136595452474275	0.670201979344726
rs100362	synthetic	363	A	G	-0.16202517227703808	0.11183806043489464	2.0988709203118807	0.14740795563398945
rs100363	synthetic	364	A	G	0.07363090843149848	0.11749262003986449	0.39273457824954283	0.5308654824730531
rs100364	synthetic	365	A	G	0.16786340496555577	0.25684475263995443	0.42714041115382284	0.5133954511968786
rs100366	synthetic	367	A	G	-0.08776261412516342	0.10089755971718757	0.7565850863733063	0.38439932848621094
rs100367	synthetic	368	A	G	-0.09102371066344377	0.15751057958273368	0.33395627849307835	0.563338722220867
rs100368	synthetic	369	A	G	-0.05885201819444512	0.13418362215170646	0.19236395564946437	0.6609563576835344
rs100369	synthetic	370	A	G	-0.06270557409906197	0.12434162724454847	0.2543192320397369	0.6140500605498931
rs100370	synthetic	371	A	G	0.060481334310422775	0.10916885466799192	0.3069341557890578	0.5795676317211472
rs100371	synthetic	372	A	G	0.09298099574403292	0.3190745799210962	0.08491882440811815	0.7707390318385082
rs100372	synthetic	373	A	G	0.18281775147493545	0.10495471878015336	3.034120240636094	0.08153073509449926
rs100373	synthetic	374	A	G	0.04084259361340517	0.15252990650936715	0.07169958107015863	0.7888780773817688
rs100374	synthetic	375	A	G	-0.04994164909100921	0.10241650883671698	0.23778574878555528	0.6258099575879197
rs100375	synthetic	376	A	G	0.09415193707999099	0.10403198875610349	0.8190769745771606	0.3654501750313406
rs100376	synthetic	377	A	G	0.20816363764575938	0.11402339520315448	3.332896290438467	0.0679071946863898
rs100377	synthetic	378	A	G	-0.12715951801603811	0.1396934766324556	0.8286010783448848	0.36267735391624767
rs100378	synthetic	379	A	G	-0.06570217980375835	0.10506345292067376	0.39107154501067	0.5317366893990966
rs100379	synthetic	380	A	G	-0.058518590828255675	0.1043956593871474	0.3142120494467556	0.5751069319429309
rs100380	synthetic	381	A	G	0.08899096124396992	0.10280454424846325	0.7493197361152292	0.38669169183339525
rs100381	synthetic	382	A	G	-0.014734106005734294	0.14519103464549474	0.010298357880851377	0.9191687782551883
rs100382	synthetic	383	A	G	0.6386560799217464	0.48210389848517676	1.754901782764997	0.18526169477439242
rs100383	synthetic	384	A	G	0.152031280635389	0.10987423219055799	1.9145830122444027	0.16645505769692287
rs100384	synthetic	385	A	G	0.039067773008928476	0.1581700883593914	0.06100825412784303	0.804909392579898
rs100385	synthetic	386	A	G	0.33842090145996123	0.1370418921761149	6.098284242839099	0.0135313198428483
rs100386	synthetic	387	A	G	0.01812083825498608	0.12304811057596798	0.021687359018913166	0.8829218421035063
rs100387	synthetic	388	A	G	-0.08595947352717914	0.11768384509970106	0.5335237960092347	0.4651291384614158
rs100388	synthetic	389	A	G	-0.05798379245296489	0.14514029355178193	0.1596015997179367	0.6895235792808236
rs100389	synthetic	390	A	G	0.18947911440396686	0.1153564446789649	2.6979815005463355	0.1004753798585157
rs100390	synthetic	391	A	G	0.2630396470182786	0.13581650391003733	3.750915945857537	0.05277858223618863
rs100391	synthetic	392	A	G	-0.23789474748771897	0.14971133006099344	2.524994108543801	0.11205519916784883
rs100392	synthetic	393	A	G	0.12784210474511254	0.1521089821925691	0.7063795268292381	0.4006483476757232
rs100393	synthetic	394	A	G	-0.0915180663209554	0.11722126332551414	0.6095381261166468	0.4349617668262873
rs100394	synthetic	395	A	G	0.00734327202910672	0.10409227843534102	0.004976708505680872	0.9437592560512149
rs100395	synthetic	396	A	G	-0.03188177627319621	0.13965167307965398	0.05211859907188499	0.8194169249005712
rs100396	synthetic	397	A	G	0.13369295715686766	0.1357331557251961	0.9701640252304526	0.3246392748904183
rs100397	synthetic	398	A	G	0.13078260088929144	0.1408419188377876	0.8622556988028631	0.35310821930828307
rs100398	synthetic	399	A	G	0.08441340395279281	0.15118842648145883	0.3117351201714694	0.5766173930065239
rs100399	synthetic	400	A	G	-0.05668599791534624	0.10638340234419437	0.2839251352950403	0.594140009205309
rs100400	synthetic	401	A	G	-0.11967420386873938	0.10796583123657702	1.2286506889318374	0.2676696075015833
rs100401	synthetic	402	A	G	-0.35827333746628837	0.27276858585063013	1.7252032772661436	0.189024644406056
rs100402	synthetic	403	A	G	-0.15152248468941135	0.11565643107650378	1.7163845367884465	0.190159100431633
rs100403	synthetic	404	A	G	-0.2307270623132323	0.17733676122063718	1.6927761367543008	0.1932354171827193
rs100404	synthetic	405	A	G	-0.12641450444648217	0.14189727541466074	0.7936804810942131	0.3729895439376104
rs100405	synthetic	406	A	G	-0.14786819274959137	0.1262756373396367	1.3712302693450917	0.24160061885725606
rs100406	synthetic	407	A	G	0.05630656087487739	0.11007298348449461	0.26167156274397657	0.6089740876547125
rs100407	synthetic	408	A	G	0.003116778845500889	0.16195208889479037	0.0003703726142752202	0.9846456057663568
rs100408	synthetic	409	A	G	-0.19858614909285943	0.14762360479490216	1.809615453288671	0.17855436676030853
rs100409	synthetic	410	A	G	-0.03663255508122829	0.12428725426512957	0.08687228303353207	0.7681917066049433
rs100410	synthetic	411	A	G	0.08830394362901736	0.1212008613915696	0.530821843701532	0.4662615441632778
rs100411	synthetic	412	A	G	-0.07597805155068339	0.10738371776049746	0.5006098982828471	0.47923226070568425
rs100412	synthetic	413	A	G	0.23369423998314517	0.18871942285625065	1.533425979760223	0.21559899362522514
rs100413	synthetic	414	A	G	0.0710211059179026	0.10735304985170344	0.43766930292682155	0.508249534016294
rs100414	synthetic	415	A	G	0.034612730883017896	0.11070323877256685	0.09775772305389899	0.7545372295187547
rs100415	synthetic	416	A	G	-0.06370598605705616	0.13866275563737346	0.21107696020237376	0.6459246001006438
rs100416	synthetic	417	A	G	0.017246823367766447	0.15852050775310583	0.011837154652091926	0.9133621639505192
rs100417	synthetic	418	A	G	-0.027308087255709487	0.15118109589199405	0.03262778451279195	0.8566567297995737
rs100418	synthetic	419	A	G	0.019064065429427547	0.1072602181768891	0.03159029545137836	0.8589298480101932
rs100419	synthetic	420	A	G	0.054061572354866964	0.13494581908042969	0.16049388065677928	0.6887022194616553
rs100420	synthetic	421	A	G	0.05732394800117918	0.10196458923754903	0.31606284039412846	0.5739833964850976
rs100421	synthetic	422	A	G	-0.08051363323725379	0.12751263216646763	0.39868732462020956	0.5277679568299347
rs100422	synthetic	423	A	G	0.04142583707168329	0.10887455725496269	0.1447737359299094	0.7035806494857304
rs100424	synthetic	425	A	G	-0.08137976832911235	0.10915104652074141	0.5558749332979418	0.45592708593505127
rs100425	synthetic	426	A	G	-0.10275475144991289	0.12501500908194454	0.6755842443853881	0.411111433502133
rs100426	synthetic	427	A	G	0.08767625562153826	0.11453499238680936	0.5859864931767327	0.4439753270787846
rs100427	synthetic	428	A	G	0.13067519786462684	0.12750409283711742	1.0503597746552256	0.30542424208650093
rs100428	synthetic	429	A	G	-0.20490173202823955	0.11269089040683958	3.3060821302288868	0.06902386972835019
rs100429	synthetic	430	A	G	0.03700163551813494	0.12005076670490254	0.094997453912063	0.7579175449184532
rs100430	synthetic	431	A	G	0.2274129731404236	0.11747447718580352	3.7475154360759495	0.05288606829270583
rs100431	synthetic	432	A	G	0.0013395748547354986	0.12365594920009981	0.00011735563360077474	0.9913566213639178
rs100432	synthetic	433	A	G	-0.3385733157491657	0.12283641517395803	7.597158482401556	0.005846036353504317
rs100433	synthetic	434	A	G	-0.15507753830851673	0.10697810146726533	2.1013965958225276	0.14716466467745565
rs100434	synthetic	435	A	G	0.060044440970316935	0.13807333901481403	0.18911499108869856	0.6636542256174964
rs100436	synthetic	437	A	G	-0.02747258981434767	0.10991604838494591	0.06247078892714721	0.8026325342065181
rs100438	synthetic	439	A	G	0.16315173805597757	0.10550755999573296	2.391201917883448	0.12201978199552758
rs100439	synthetic	440	A	G	-0.045530839783126366	0.10452770505752618	0.1897354538315368	0.6631368882217501
rs100440	synthetic	441	A	G	-0.2689064240999667	0.12594559726092994	4.558651311153051	0.032752856013581064
rs100441	synthetic	442	A	G	-0.015401814286298492	0.10324188276292595	0.02225522211018263	0.8814101473009475
rs100442	synthetic	443	A	G	0.29900599859193894	0.25465016707151383	1.3787066532329268	0.24032157420975214
rs100443	synthetic	444	A	G	-0.06005753174894669	0.1043110047428473	0.3314932593799318	0.5647811230132642
rs100444	synthetic	445	A	G	-0.19014190257372154	0.11097481777058386	2.9356669886135447	0.08664286979954934
rs100445	synthetic	446	A	G	0.03441532751326962	0.109902697655637	0.0980589206014784	0.7541715578538121
rs100446	synthetic	447	A	G	0.0073781846037443075	0.14275976028053985	0.0026710831905752703	0.9587816631988823
rs100447	synthetic	448	A	G	-0.029490964763948448	0.1038997154393322	0.08056552551353383	0.7765324861607343
rs100448	synthetic	449	A	G	-0.19269174996669772	0.11917608857450102	2.614255236971364	0.10590723735079222
rs100449	synthetic	450	A	G	0.08258793082504265	0.10894216727077137	0.5746999364829584	0.4483973078065533
rs100450	synthetic	451	A	G	-0.03195919258790246	0.11121071195002719	0.08258446422553556	0.7738251033150263
rs100451	synthetic	452	A	G	0.004747680613466422	0.333468912400293	0.00020269931662844105	0.98864070097724
rs100452	synthetic	453	A	G	0.042421823693007114	0.11390443436269942	0.1387066892814429	0.7095701381942329
rs100453	synthetic	454	A	G	-0.17132407704887231	0.11417939804457339	2.251444800226452	0.13348971623005995
rs100454	synthetic	455	A	G	0.2816850611208444	0.13650954797700196	4.257959960914502	0.039066810327089974
rs100455	synthetic	456	A	G	-0.04381979442402357	0.3215155495878656	0.01857533727737934	0.8915909467192272
rs100456	synthetic	457	A	G	0.06548732154046345	0.1092045539996768	0.35961099105057287	0.5487223605030354
rs100457	synthetic	458	A	G	-0.1148192809701311	0.15856152570961238	0.5243653836209682	0.46898545074750186
rs100459	synthetic	460	A	G	-0.0383338863594124	0.10452874862012664	0.13449130252822994	0.7138200099677543
rs100460	synthetic	461	A	G	0.09791840236594272	0.12070641955223642	0.6580636501628756	0.4172443810008849
rs100461	synthetic	462	A	G	0.1334537577169413	0.11361720086013134	1.3796643510260618	0.2401583288290578
rs100462	synthetic	463	A	G	0.11081449827997145	0.10845920580637716	1.0439034407198473	0.30691536945506326
rs100463	synthetic	464	A	G	0.18415771461766176	0.10764423332671334	2.926835376255003	0.08711810779650246
rs100464	synthetic	465	A	G	0.021845613100862384	0.1227405501109533	0.03167760540654687	0.8587370830927193
rs100465	synthetic	466	A	G	0.11089094370577053	0.22499523685512343	0.242910065137182	0.6221121678004868
rs100466	synthetic	467	A	G	0.23432768651629643	0.17551558573549	1.7824437532324555	0.181849533725035
rs100467	synthetic	468	A	G	0.32968848950265406	0.14053975002766786	5.503122952590099	0.01898254368938883
rs100468	synthetic	469	A	G	-0.16654260312116576	0.13002479265423103	1.6405835678374148	0.2002454191090665
rs100469	synthetic	470	A	G	-0.09389999724693308	0.15465178872324192	0.36865596394761635	0.5437377959042393
rs100470	synthetic	471	A	G	-0.24706832150004948	0.14671840392267613	2.835730418393036	0.09218887506754676
rs100471	synthetic	472	A	G	-0.028417846572161135	0.1038705714483342	0.07485094513626948	0.7844004823900749
rs100472	synthetic	473	A	G	-0.027136292154967875	0.21755326986156487	0.015558573728306132	0.9007341300549792
rs100473	synthetic	474	A	G	0.10125446986319801	0.10511217177365094	0.9279453282540935	0.3353973999893729
rs100474	synthetic	475	A	G	0.07015303227313986	0.12726865695833298	0.3038435159856979	0.5814828543048023
rs100475	synthetic	476	A	G	0.06557652072007274	0.13634033004162113	0.2313385767688863	0.630533065450051
rs100476	synthetic	477	A	G	-0.08624815636089114	0.12296982101345738	0.4919291509505927	0.48306801418385703
rs100477	synthetic	478	A	G	0.03440905344298424	0.12054869612221511	0.08147425855975272	0.7753093941915765
rs100478	synthetic	479	A	G	-0.07402661807332912	0.11825464713774372	0.3918676251037452	0.5313193288929484
rs100479	synthetic	480	A	G	0.24806405131740913	0.10933467554392685	5.147683340154422	0.02327740873307153
rs100480	synthetic	481	A	G	0.5049035564540789	0.2716433142489585	3.4547674452137263	0.06306960651385189
rs100481	synthetic	482	A	G	-0.24545017161832067	0.1130741139161489	4.711945882459537	0.02995372840496301
rs100482	synthetic	483	A	G	0.22373669363553786	0.17808927259666102	1.5783339981500537	0.20900083089404387
rs100483	synthetic	484	A	G	-0.09719121407138838	0.13711375848132898	0.5024489501409718	0.478426046658606
rs100484	synthetic	485	A	G	-0.0003439388837264004	0.11137128501770284	9.537094666473923e-06	0.9975359619048882
rs100485	synthetic	486	A	G	-0.23577832542711308	0.13899002059659138	2.8776668853308056	0.08981607082272415
rs100486	synthetic	487	A	G	-0.0009440757206091293	0.1246599247271972	5.735350144997346e-05	0.9939575108598007
rs100487	synthetic	488	A	G	0.08711033540049383	0.15184086076556585	0.32912589849400364	0.5661742445678726
rs100489	synthetic	490	A	G	-0.16297895503026233	0.12109006908967797	1.8115319740550757	0.1783245644166888
rs100490	synthetic	491	A	G	-0.16674999743712096	0.14069010950512362	1.4047677763497042	0.23592691781685204
rs100491	synthetic	492	A	G	-0.012876373918870601	0.10691486530219808	0.014504774226329774	0.9041379587903429
rs100492	synthetic	493	A	G	-0.20099289229136819	0.13244927144386737	2.3028319801230595	0.12913835468805682
rs100493	synthetic	494	A	G	-0.030511326868900696	0.14317985553622237	0.045410715972145604	0.8312506007778735
rs100494	synthetic	495	A	G	0.14021811102265597	0.15556438617093504	0.8124335786525689	0.36740173920757835
rs100495	synthetic	496	A	G	-0.1156047139724977	0.11130967578795113	1.0786616824732438	0.2989971397552831
rs100496	synthetic	497	A	G	-0.3771226100516821	0.12483832433145094	9.125764992811623	0.002520344730944176
rs100498	synthetic	499	A	G	-0.012199900909636073	0.10933559982073167	0.012450575402798137	0.9111547286896735
rs100499	synthetic	500	A	G	-0.016093803547569504	0.1646366715282218	0.009555738066545487	0.9221280674078001
rs100500	synthetic	501	A	G	0.1318777429791891	0.14214480088439382	0.8607579700045129	0.35352666598719396
rs100502	synthetic	503	A	G	0.0038730775468940335	0.10148271782030932	0.001456559418680796	0.9695562080485743
rs100503	synthetic	504	A	G	0.003593564532011878	0.11698370124050364	0.0009436266127381216	0.9754940324485588
rs100504	synthetic	505	A	G	0.05274994107489787	0.10299974341271909	0.2622839237368278	0.6085553926970952
rs100505	synthetic	506	A	G	0.01371394854298122	0.1710283936740298	0.006429668728155041	0.9360899488992208
rs100506	synthetic	507	A	G	0.1259830199838992	0.2599417060655559	0.23489409518584656	0.6279184382186798
rs100507	synthetic	508	A	G	-0.027158992663463475	0.119290017421879	0.05183452361695887	0.8199012688262999
rs100508	synthetic	509	A	G	-0.016576417646566605	0.2333841737520818	0.005044737304177097	0.9433768126970309
rs100510	synthetic	511	A	G	0.10291394411893848	0.10657769091638258	0.9324291278055642	0.33423251223283446
rs100511	synthetic	512	A	G	-0.03483786124215371	0.1888627563775642	0.034025954943856795	0.8536516188552601
rs100512	synthetic	513	A	G	-0.01634675726651758	0.1089300847920101	0.02251995634289418	0.8807121447214742
rs100513	synthetic	514	A	G	0.08925908232903211	0.12307164317571663	0.5260037459180458	0.4682918303670408
rs100514	synthetic	515	A	G	0.04331344493602759	0.10457450680578088	0.17155121701973086	0.6787368557582774
rs100515	synthetic	516	A	G	-0.1964248658536121	0.32516163404867227	0.3649172015420229	0.5457879492031608
rs100516	synthetic	517	A	G	0.19258455026476337	0.20150645881447518	0.913408282795111	0.33921171539135647
rs100517	synthetic	518	A	G	0.03710973604304939	0.10462852519287083	0.12579851751560694	0.7228286860694996
rs100518	synthetic	519	A	G	-0.1955612451389115	0.13844138219450233	1.9954173049748933	0.15777560324755788
rs100519	synthetic	520	A	G	-0.09730781018880909	0.18871189901288302	0.26588683150843895	0.6061043625565062
rs100520	synthetic	521	A	G	-0.17268958494911196	0.10678510897451524	2.615236091094564	0.10584177147759097
rs100521	synthetic	522	A	G	-0.0746152343519375	0.12500096730844582	0.35631021002190627	0.5505626260194301
rs100522	synthetic	523	A	G	-0.00035516628823294166	0.17288204402180854	4.220497971240345e-06	0.9983608390323764
rs100523	synthetic	524	A	G	-0.3137850570891849	0.1943859054418185	2.6057633550304855	0.10647587732817973
rs100524	synthetic	525	A	G	0.037783519411953084	0.11740855454245844	0.10356316977960234	0.7475948798383946
rs100525	synthetic	526	A	G	0.17770982997153392	0.11502798176509033	2.3867993060470654	0.12236393189564064
rs100526	synthetic	527	A	G	-0.05969627950831298	0.10452704145344012	0.3261648931407677	0.5679261123272432
rs100527	synthetic	528	A	G	0.046067428150907086	0.11077982421344652	0.1729285066187983	0.677522158462351
rs100528	synthetic	529	A	G	0.2518426621099717	0.2185744274677454	1.3275775629625886	0.24923662944637814
rs100529	synthetic	530	A	G	-0.1405553888387712	0.11593151001861486	1.4699143057392783	0.22535921481099322
rs100530	synthetic	531	A	G	0.05160126423976552	0.1263306055602472	0.16684128583246272	0.6829344510538016
rs100531	synthetic	532	A	G	0.2204221779972698	0.19638992654536547	1.2597146013867275	0.26170511956102294
rs100532	synthetic	533	A	G	-0.033097983909296	0.10161757219760596	0.10608780200950876	0.7446428507503218
rs100534	synthetic	535	A	G	-0.10101464642734533	0.12453804982701377	0.6579071021902723	0.4172997886450196
rs100535	synthetic	536	A	G	0.19290361396286265	0.11063277447840132	3.0402767638672192	0.08122206819110041
rs100537	synthetic	538	A	G	0.3011063530657683	0.22443065283634317	1.8000123801648271	0.17971099818465885
rs100538	synthetic	539	A	G	-0.08432952658939273	0.10393733226441075	0.6582883862405315	0.41716485837144024
rs100539	synthetic	540	A	G	-0.06896384582478242	0.11203377485516285	0.3789177989868276	0.5381829817618549
rs100540	synthetic	541	A	G	0.0068294160484427754	0.14262761377245634	0.002292766929530288	0.9618096107129491
rs100541	synthetic	542	A	G	0.019005841497814327	0.12201341170070179	0.024263813789140245	0.8762155307193877
rs100542	synthetic	543	A	G	-0.12763521849784074	0.13888628772205922	0.8445440618351727	0.35810039246533065
rs100543	synthetic	544	A	G	0.08740649652293571	0.11080089806306409	0.6223015246193888	0.43019330872746797
rs100544	synthetic	545	A	G	0.03273758063763229	0.1479045090798459	0.04899258262954064	0.8248256190420029
rs100545	synthetic	546	A	G	-0.029863324615456727	0.10919017415213618	0.07480130812070107	0.7844702157858684
rs100546	synthetic	547	A	G	0.05418241359098921	0.13477000036827558	0.1616330749005304	0.687657413650715
rs100547	synthetic	548	A	G	0.13113473611571633	0.1863934043094148	0.4949649114773949	0.4817208908205163
rs100549	synthetic	550	A	G	-0.010089673559477371	0.11391767211635143	0.007844622104176838	0.9294237531651922
rs100550	synthetic	551	A	G	-0.00971025314343397	0.12025704093929906	0.006519887127887672	0.9356440982403851
rs100551	synthetic	552	A	G	-0.002071409120113653	0.11190637102191225	0.0003426274415898634	0.9852318418827749
rs100552	synthetic	553	A	G	-0.028430945349814316	0.12730995436385997	0.04987212531053638	0.8232859347418993
rs100553	synthetic	554	A	G	-0.046264447928728754	0.10818635084168769	0.1828730987238283	0.6689156833551428
rs100554	synthetic	555	A	G	-0.21621619890595065	0.12710370619712108	2.893743466308698	0.08892408641515026
rs100555	synthetic	556	A	G	0.13766631627420173	0.11886773328331521	1.3413046212242667	0.2468040266359761
rs100556	synthetic	557	A	G	0.058055828903304234	0.193561448745909	0.08996092914482448	0.7642268319929305
rs100557	synthetic	558	A	G	0.022798623198239793	0.1889205705712965	0.014563264747212515	0.9039458059159453
rs100558	synthetic	559	A	G	-0.029979618870413404	0.22571534280335526	0.017641278372663424	0.8943353617327106
rs100559	synthetic	560	A	G	-0.2206075286214501	0.21323306451830945	1.0703641675591185	0.3008632034737287
rs100560	synthetic	561	A	G	0.044949229978455255	0.11556988007882237	0.1512708291173497	0.6973238547708405
rs100561	synthetic	562	A	G	0.2713971597359775	0.17618453420954025	2.3728759323785784	0.12345942030636824
rs100563	synthetic	564	A	G	0.22906911575361819	0.15446346296938812	2.199285162875908	0.13807475449136314
rs100564	synthetic	565	A	G	0.10999730766642059	0.135778991224914	0.6562947878443208	0.41787107810314716
rs100565	synthetic	566	A	G	0.06308183283407288	0.1070098854165788	0.3475048004706141	0.5555290118911762
rs100566	synthetic	567	A	G	0.28134469070499113	0.12114440556303084	5.393500475443526	0.020211885523006828
rs100567	synthetic	568	A	G	0.16181618728169347	0.11827088344650694	1.871924146669102	0.1712548672234473
rs100568	synthetic	569	A	G	0.1304614870077864	0.11066852739422985	1.3896850533756535	0.2384582937644388
rs100569	synthetic	570	A	G	-0.07173806850112195	0.10619842161344016	0.45631341301541406	0.4993519633596152
rs100570	synthetic	571	A	G	-0.13203347928567646	0.13095062526054113	1.0166067352377262	0.31332525549687007
rs100571	synthetic	572	A	G	-0.044346041169565156	0.10671909917342823	0.17267338801815502	0.6777467306216041
rs100574	synthetic	575	A	G	-0.0029431275259321154	0.12864484936270493	0.000523399562769923	0.9817476471591691
rs100575	synthetic	576	A	G	-0.002432900497796093	0.15588617585543904	0.0002435754357042052	0.9875479981872575
rs100576	synthetic	577	A	G	-0.15071348201457482	0.13603170084108826	1.2275069253268593	0.26789243014551006
rs100577	synthetic	578	A	G	-0.02751841099532154	0.12188588823336167	0.050972959815919774	0.8213788178832887
rs100578	synthetic	579	A	G	-0.10138372248565393	0.10496975014447166	0.9328421027304734	0.33412549382017936
rs100579	synthetic	580	A	G	-0.10608080857717354	0.11471934005721456	0.8550674272226214	0.3551227285837867
rs100580	synthetic	581	A	G	0.161418276684675	0.1089386074868876	2.1955421226957372	0.13841050485938095
rs100583	synthetic	584	A	G	-0.6460907341430817	0.47861536955454226	1.8222742728265438	0.17704280216321366
rs100584	synthetic	585	A	G	0.09752603923112348	0.11171461504939251	0.762116188763081	0.3826670771299465
rs100585	synthetic	586	A	G	0.10664659908254166	0.2997033156572467	0.12662251222718987	0.7219599635370535
rs100586	synthetic	587	A	G	-0.2584840919368473	0.26465063711169023	0.9539415220691659	0.32871804196196286
rs100587	synthetic	588	A	G	0.1009432783900975	0.15478696391639665	0.4252908579897249	0.5143087460105151
rs100588	synthetic	589	A	G	-0.12642248382281993	0.10590451578461318	1.4250157996637745	0.23257958810105844
rs100589	synthetic	590	A	G	-0.03245967522325454	0.1132699729231671	0.08212185426446805	0.7744422701853825
rs100590	synthetic	591	A	G	-0.06549337872728528	0.12381845273826056	0.2797847545708073	0.5968423308976619
rs100591	synthetic	592	A	G	-0.024700617343177793	0.09969910979724081	0.06138087206302308	0.804326578955987
rs100592	synthetic	593	A	G	0.14751738280155383	0.2873920551316175	0.26347346399611177	0.6077438180591809
rs100593	synthetic	594	A	G	0.13658577902414598	0.10356025949269465	1.7395011014665034	0.18720205289658184
rs100595	synthetic	596	A	G	0.09485145675678726	0.1336939339225551	0.5033436632974908	0.47803461839451955
rs100596	synthetic	597	A	G	0.0014568889916458775	0.12136418685862028	0.00014410260194412623	0.9904222048880371
rs100597	synthetic	598	A	G	0.2186285302511871	0.12794561628860254	2.9198655178031343	0.0874951557144064
rs100598	synthetic	599	A	G	-0.09016774120754988	0.12267305368483583	0.5402615100309562	0.46232436842914204
rs100599	synthetic	600	A	G	-0.004075192484469837	0.12337733975004185	0.0010910017564730596	0.9736504123778117
rs100600	synthetic	601	A	G	0.03278437421623376	0.10164256058110949	0.10403574993745365	0.7470392973641566
rs100601	synthetic	602	A	G	0.12432786152616708	0.10119198930422531	1.5095401203398586	0.21920927333759968
rs100602	synthetic	603	A	G	-0.1288639627487061	0.12955570966298177	0.9893497528295702	0.3199013525207357
rs100603	synthetic	604	A	G	-0.18143230825447978	0.20091042789018296	0.8155006181095672	0.3664989722937967
rs100604	synthetic	605	A	G	-0.19649248658182303	0.32592513967863945	0.3634596270237578	0.546591097126262
rs100605	synthetic	606	A	G	-0.17174460143954567	0.4279774124492412	0.1610365625507587	0.6882039666084314
rs100607	synthetic	608	A	G	0.21048880126200226	0.2532569540618698	0.6907728042612999	0.4059016456807466
rs100608	synthetic	609	A	G	-0.040969093137800484	0.11444758699434276	0.12814433767102187	0.7203638653704519
rs100609	synthetic	610	A	G	0.34900523396407074	0.3724923878928332	0.877867711823132	0.3487863617220873
rs100610	synthetic	611	A	G	0.0678127084481517	0.10993560622004835	0.3804919122384558	0.5373400907803421
rs100611	synthetic	612	A	G	-0.18912296011215338	0.16867225002016506	1.257190923546742	0.2621834809352121
rs100612	synthetic	613	A	G	0.15094745147254388	0.26257146307047113	0.33048862924414696	0.5653715070391592
rs100613	synthetic	614	A	G	0.009537313148333523	0.10762849739923035	0.007852311700122142	0.929389261281694
rs100614	synthetic	615	A	G	-0.09567485143636513	0.12194051663707768	0.6156013047533049	0.43268658094553947
rs100615	synthetic	616	A	G	0.08789883698411592	0.13639040835907557	0.4153350649790582	0.5192739824062452
rs100617	synthetic	618	A	G	0.07823894159596133	0.11491226152554158	0.46356772326717366	0.49596129622409235
rs100618	synthetic	619	A	G	-0.20464971841992008	0.10702244483070829	3.656558847637697	0.05584886961744491
rs100619	synthetic	620	A	G	-0.24103213940729976	0.3956519482282162	0.37112763493850376	0.542390251223352
rs100620	synthetic	621	A	G	-0.22463454757368886	0.20265556045044425	1.228672249801821	0.26766540933392263
rs100621	synthetic	622	A	G	0.06776786336175993	0.13964344289888989	0.23550844808165006	0.6274691397437964
rs100622	synthetic	623	A	G	-0.11502089987411365	0.12249791856398169	0.8816497794548822	0.34775021599956746
rs100623	synthetic	624	A	G	-0.07454491751487172	0.16240706284117865	0.21068142772648898	0.6462338314867817
rs100624	synthetic	625	A	G	0.05407207140951276	0.11417373765838817	0.22429189320546117	0.6357889907806744
rs100625	synthetic	626	A	G	0.15205341302493736	0.13000171140268196	1.3680255435179585	0.24215141249580363
rs100626	synthetic	627	A	G	-0.004131512962880883	0.10493965636986667	0.001550025931835005	0.9685951039352287
rs100627	synthetic	628	A	G	0.12348825251446434	0.1064859313718707	1.3448282465251016	0.24618428867262857
rs100628	synthetic	629	A	G	-0.1860982524037019	0.4783693822954784	0.15134143212565143	0.6972567197228199
rs100629	synthetic	630	A	G	0.06182904575025044	0.18523615322853937	0.11141241305230082	0.7385418180782655
rs100630	synthetic	631	A	G	0.05238332662609912	0.1609210525773884	0.10596450673677418	0.7447861113350656
rs100631	synthetic	632	A	G	0.07479496659280994	0.10227771939888797	0.5347892565153435	0.46460028678331744
rs100632	synthetic	633	A	G	0.019564928023865644	0.10453514875629591	0.03502932961171286	0.8515342140983411
rs100633	synthetic	634	A	G	0.5237010792135325	0.25769359680850273	4.130091593338606	0.04212707061553513
rs100634	synthetic	635	A	G	-0.40873557572278346	0.1838505529656871	4.942594692909323	0.02620267378424464
rs100635	synthetic	636	A	G	0.2007924414714099	0.3140703457695767	0.40873408480246926	0.522612734169084
rs100636	synthetic	637	A	G	0.05583074281404149	0.16283079643202952	0.11756382779814177	0.731691883311625
rs100637	synthetic	638	A	G	0.06921328721878849	0.11471990132584668	0.36400003274254333	0.5462930687258372
rs100638	synthetic	639	A	G	-0.11701487086743241	0.10662685266427019	1.2043395121275624	0.2724560715483219
rs100639	synthetic	640	A	G	0.08955627833407741	0.11621332159850878	0.5938547658970678	0.4409323639829271
rs100640	synthetic	641	A	G	-0.01683906654132387	0.10402016612477777	0.026206012277501377	0.8713982174725139
rs100641	synthetic	642	A	G	-0.03847469220442871	0.11911887738524035	0.10432517567573026	0.7466997255094315
rs100642	synthetic	643	A	G	-0.11472103748595427	0.11890956384753441	0.9307918233335215	0.3346572547806674
rs100644	synthetic	645	A	G	-0.012523331446553336	0.1666211777698906	0.00564910113445253	0.9400870098747922
rs100645	synthetic	646	A	G	0.08868852030149214	0.11370749102445951	0.6083544153943257	0.4354080754059908
rs100646	synthetic	647	A	G	-0.047554161331760554	0.13226872932977327	0.12925956523401144	0.7192009855538259
rs100648	synthetic	649	A	G	-0.04001067891635145	0.10620360981390563	0.14192969989852164	0.7063701161026054
rs100649	synthetic	650	A	G	-0.2796107637706324	0.14213730823007464	3.8698274279132185	0.04916157607449237
rs100650	synthetic	651	A	G	0.18905019253942365	0.3371685112224504	0.3143838524089058	0.5750024548666588
rs100651	synthetic	652	A	G	-0.060560408927900586	0.11027579933919815	0.3015901610091371	0.5828872457953915
rs100652	synthetic	653	A	G	-0.08730682409876815	0.10903309465451573	0.641179610748142	0.4232839655922259
rs100653	synthetic	654	A	G	0.23379953553881752	0.26859043751449685	0.7577155409501869	0.38404438510773775
rs100654	synthetic	655	A	G	0.3858875679920902	0.19534808017797914	3.90214388853492	0.04822453141575993
rs100655	synthetic	656	A	G	0.099888534889304	0.14453050400900533	0.47765271654308883	0.48948746770182316
rs100656	synthetic	657	A	G	-0.1913428747758257	0.10494807950392056	3.324111616019074	0.06827088890790711
rs100657	synthetic	658	A	G	-0.16624816358945418	0.13907693119930103	1.4289055234449253	0.2319431406929091
rs100658	synthetic	659	A	G	0.017975839397685333	0.10596325889162965	0.028778472947457636	0.8652915398531241
rs100659	synthetic	660	A	G	0.012934321944447321	0.1107055087371182	0.01365050974109413	0.9069904939335275
rs100660	synthetic	661	A	G	-0.09737484837541867	0.11101448431913594	0.769368315591737	0.3804125399062438
rs100661	synthetic	662	A	G	-0.13854673102127413	0.11675545871121634	1.4081151704749106	0.23536953779620826
rs100662	synthetic	663	A	G	0.03171943233544436	0.11484716022823294	0.07627993084648713	0.7824035073779095
rs100663	synthetic	664	A	G	-0.02749196651179402	0.10866030855863042	0.06401323044541399	0.8002617526600471
rs100664	synthetic	665	A	G	0.04199914904976432	0.14461732022942023	0.08434131400248067	0.7714981878138568
rs100666	synthetic	667	A	G	-0.015743607888491842	0.11780687115108106	0.017859417339046245	0.8936879396363122
rs100667	synthetic	668	A	G	0.10642307785759632	0.340948047288984	0.09743056366026064	0.7549351217375982
rs100668	synthetic	669	A	G	0.08786317056776462	0.14441688210386433	0.37015005021529684	0.5429224892822386
rs100669	synthetic	670	A	G	0.17304599398481157	0.1236577949967526	1.9583039658797585	0.16169482245711223
rs100670	synthetic	671	A	G	-0.06375513783563182	0.11235766516830184	0.32197708659261376	0.5704219038984011
rs100671	synthetic	672	A	G	0.038201607352061316	0.1148759352358618	0.11058727398480976	0.7394765208516167
rs100672	synthetic	673	A	G	-0.09789804301769008	0.21090124258594645	0.21547145467401121	0.6425123207100525
rs100673	synthetic	674	A	G	-0.09256282042582838	0.1058251960198129	0.7650591178381508	0.38174990720771085
rs100674	synthetic	675	A	G	0.08601358111742931	0.12716433480987316	0.4575129712361099	0.49878858879164434
rs100675	synthetic	676	A	G	-0.2580915297914735	0.10612234347910693	5.914715230434648	0.015014929760789369
rs100676	synthetic	677	A	G	0.0279865837906979	0.12369749582512518	0.0511891552708704	0.8210068248329929
rs100677	synthetic	678	A	G	0.08928141040119325	0.09955894077570451	0.8041953354671265	0.369841985843376
rs100678	synthetic	679	A	G	-0.2878296155200053	0.15790188808609895	3.3227396128105973	0.0683278790217747
rs100679	synthetic	680	A	G	-0.05230644237771798	0.14325239970690667	0.13332345306980647	0.7150107533859479
rs100680	synthetic	681	A	G	-0.15850352453157246	0.10724507633999794	2.1843545025319013	0.13941950458957464
rs100681	synthetic	682	A	G	-0.0593470541094194	0.10616694487565108	0.3124781770086329	0.5761634434583613
rs100682	synthetic	683	A	G	-0.07671012221277701	0.11005904059252805	0.4857959658304318	0.48580864538583324
rs100683	synthetic	684	A	G	-0.18155349261708778	0.2040652070321054	0.7915371225241304	0.3736357377724421
rs100684	synthetic	685	A	G	-0.05246929520994825	0.14187910673730506	0.13676455923951428	0.7115189023532074
rs100685	synthetic	686	A	G	-0.07034518621334646	0.12033825994831085	0.3417128513563836	0.558842196354485
rs100686	synthetic	687	A	G	0.17805697129603923	0.12075863796806952	2.17411019090647	0.14035067249214195
rs100687	synthetic	688	A	G	-0.15992002405663944	0.11882130580005015	1.8114112109414127	0.17833903455045041
rs100688	synthetic	689	A	G	0.24220140175696891	0.18375931265667872	1.7372190743193259	0.18749157450208492
rs100689	synthetic	690	A	G	0.011522765899323351	0.10447171709927047	0.012165109199498012	0.9121749832645784
rs100690	synthetic	691	A	G	-0.27385162085406783	0.22586345224528365	1.470072344931452	0.22533427964916436
rs100691	synthetic	692	A	G	0.10573850854381966	0.13361922747955146	0.6262221826599546	0.4287444377257743
rs100692	synthetic	693	A	G	-0.3056644509167562	0.1991869627656043	2.354876016629589	0.12489181446660703
rs100693	synthetic	694	A	G	-0.1009130243210381	0.1064075658049962	0.8993928430705264	0.3429445644020827
rs100694	synthetic	695	A	G	0.04032572920745034	0.1141935906986748	0.12470417704307803	0.7239873953022603
rs100695	synthetic	696	A	G	0.04227112830236036	0.10693759390731107	0.15625246012798277	0.6926304877530904
rs100696	synthetic	697	A	G	-0.016797985526023337	0.12603631555652708	0.01776327370540474	0.8939727888001482
rs100697	synthetic	698	A	G	-0.01002495126976781	0.10515369151702716	0.009088987230838617	0.924047805975117
rs100698	synthetic	699	A	G	-0.0211785264639017	0.10473222534757748	0.04089129051019466	0.8397479042589109
rs100699	synthetic	700	A	G	0.13191892589218193	0.2844324904260251	0.215107625021066	0.6427932177796674
rs100700	synthetic	701	A	G	-0.05042285686342531	0.10736195015077928	0.22057389569532615	0.6386029861685776
rs100701	synthetic	702	A	G	0.13421065890189568	0.13975840113835283	0.9221852463534743	0.33690185137299666
rs100702	synthetic	703	A	G	-0.13445735773260709	0.14158035288279983	0.9019099209419729	0.34227010689460935
rs100703	synthetic	704	A	G	0.015559318049112843	0.13840850332356883	0.012637337139927554	0.9104936398078924
rs100704	synthetic	705	A	G	-0.17443391044544648	0.10299945267405132	2.8680848794938307	0.09035232643352296
rs100705	synthetic	706	A	G	0.23075298346738965	0.11050151275256026	4.3607200098730825	0.0367767582496253
rs100706	synthetic	707	A	G	0.08837557662720677	0.18195421901734674	0.23590669195681527	0.6271782762591556
rs100707	synthetic	708	A	G	-0.07421928651319958	0.16574584399856357	0.20051564110722964	0.6543049569307448
rs100708	synthetic	709	A	G	-0.04786993011117012	0.10827299352711339	0.19547233383900284	0.6584005399058082
rs100709	synthetic	710	A	G	0.034034815368589204	0.10062573820388326	0.11440068874787597	0.7351885824215627
rs100710	synthetic	711	A	G	-0.19488572565060314	0.11752172978252719	2.749943118688324	0.09725788836516408
rs100711	synthetic	712	A	G	-0.032827331404122535	0.1429620965454566	0.0527265483694819	0.8183850269953434
rs100712	synthetic	713	A	G	0.16086459617339655	0.1054632878498176	2.3265818362302007	0.12718087614038875
rs100713	synthetic	714	A	G	0.24541729263968406	0.14151526465928801	3.0074869101819304	0.08288069704183393
rs100714	synthetic	715	A	G	0.03532166133711015	0.10935998397276449	0.1043194691993098	0.7467064156642045
rs100715	synthetic	716	A	G	0.7553287294702988	0.33899257269838473	4.964684348399495	0.025870036426136587
rs100716	synthetic	717	A	G	-0.061777154804432015	0.11774517767639658	0.27527675907447624	0.5998138414479024
rs100717	synthetic	718	A	G	-0.13352910977804897	0.12079146208612557	1.2220231438237448	0.26896397437213176
rs100718	synthetic	719	A	G	-0.0939985894314662	0.11093807245440246	0.717928908979606	0.39682410594536677
rs100719	synthetic	720	A	G	-0.16061972319934747	0.10618775757916102	2.2879622096143115	0.1303810043707641
rs100721	synthetic	722	A	G	0.1274726097205548	0.10712868357560282	1.4158662115012344	0.23408500449528385
rs100722	synthetic	723	A	G	0.08200816501010436	0.16909133961273043	0.23521849077607518	0.6276811056874152
rs100723	synthetic	724	A	G	0.11763456075575868	0.1061619941191185	1.2278116084675101	0.2678330506169066
rs100724	synthetic	725	A	G	-0.056674125567778684	0.1438894579864829	0.15513568327043387	0.6936750460225164
rs100725	synthetic	726	A	G	0.07737262667736713	0.1033242149113895	0.5607515120199823	0.4539576053635128
rs100726	synthetic	727	A	G	0.08436621104021197	0.10588056882394027	0.634898876266934	0.4255640472225327
rs100727	synthetic	728	A	G	-0.06759158994599343	0.14523101767442823	0.2166040454801947	0.6416397377935856
rs100728	synthetic	729	A	G	0.055390696346188394	0.11193208874345402	0.24488626849305792	0.6206990555226191
rs100729	synthetic	730	A	G	0.18439721099046757	0.1305039695315372	1.9964629385186068	0.15766675963652974
rs100730	synthetic	731	A	G	-0.043466663492332316	0.10383384990153564	0.17524058575533297	0.6754957202425635
rs100731	synthetic	732	A	G	-0.09050243333352669	0.10893089883399527	0.6902689497634348	0.4060729160000365
rs100732	synthetic	733	A	G	-0.08965010533407522	0.11624592688747698	0.5947659794477027	0.4405820392731984
rs100733	synthetic	734	A	G	0.049555415906816176	0.1063586620032957	0.21708835128903514	0.6412674606591069
rs100734	synthetic	735	A	G	0.028898809574154936	0.1491599416267522	0.03753664880454272	0.8463765168423847
rs100735	synthetic	736	A	G	-0.07727859019726895	0.12722745229129429	0.36894082961629965	0.5435821734994708
rs100736	synthetic	737	A	G	0.03376222523065535	0.18870757294294102	0.03200983735976659	0.8580060680893554
rs100737	synthetic	738	A	G	0.005234824244027258	0.10983074448420481	0.002271728127288318	0.9619851018855462
rs100738	synthetic	739	A	G	-0.1167461159640393	0.19398452722127485	0.3622018801827798	0.5472859034591542
rs100739	synthetic	740	A	G	0.062466927280503806	0.12163395630237017	0.26374887843826256	0.6075562441412761
rs100740	synthetic	741	A	G	-0.19773166267941786	0.2343203630298574	0.7120858788019009	0.39875221919352133
rs100741	synthetic	742	A	G	-0.16794611026766193	0.1429989867907881	1.3793484110331724	0.24021216780743349
rs100742	synthetic	743	A	G	-0.005255521190004102	0.13439909699962396	0.0015291105382933192	0.9688075970340005
rs100743	synthetic	744	A	G	-0.07734914341994381	0.10727852773588714	0.5198588092900776	0.4709019161375093
rs100744	synthetic	745	A	G	-0.026772158257936964	0.11578245098684595	0.05346644262899777	0.8171375867003042
rs100746	synthetic	747	A	G	0.14325037405004185	0.17579434967218377	0.6640208332446275	0.41514401656255573
rs100747	synthetic	748	A	G	0.0089859559473417	0.14869583167697317	0.0036520017900928837	0.9518117365506681
rs100748	synthetic	749	A	G	0.08169981364336301	0.11774373610882181	0.48146697966473345	0.48775858547876305
rs100749	synthetic	750	A	G	0.2417769926374952	0.13392382689251792	3.2592242337628097	0.0710227188898807
rs100750	synthetic	751	A	G	-0.10532938393550964	0.33826805949813377	0.09695653891171542	0.7555129348460974
rs100751	synthetic	752	A	G	-0.0768222065226922	0.10322622518635152	0.5538516599040366	0.45674816479240177
rs100753	synthetic	754	A	G	-0.26190919876944496	0.12426506787039798	4.4422539400769425	0.03505993187747752
rs100754	synthetic	755	A	G	-0.2736735476613219	0.14425232256969184	3.5993163182465793	0.05780333830009239
rs100755	synthetic	756	A	G	-0.04329398256334357	0.1487006603186923	0.08476748179915486	0.77093770512281
rs100756	synthetic	757	A	G	0.031071038723656946	0.11529112832647295	0.07263062232559961	0.787544410716472
rs100757	synthetic	758	A	G	0.25413019581785595	0.2557612609784271	0.9872860787280507	0.32040658638762126
rs100758	synthetic	759	A	G	-0.10176867735208807	0.10536737460748795	0.9328588634184578	0.33412115141865745
rs100759	synthetic	760	A	G	0.04414767560439117	0.10813586638812132	0.16667718499730225	0.6830819417468597
rs100760	synthetic	761	A	G	-0.025109115258330136	0.11289092562650875	0.04947032375045335	0.8239875260500209
rs100761	synthetic	762	A	G	-0.05542768835326102	0.12490536649536275	0.19692068456268358	0.6572179464165364
rs100762	synthetic	763	A	G	0.02056422044511067	0.10416522558478973	0.03897435926259476	0.8434994687226435
rs100763	synthetic	764	A	G	-0.022309764461526244	0.13256961388295857	0.028320569842851816	0.866357370850974
rs100764	synthetic	765	A	G	-0.08463893538375078	0.13314869120305536	0.4040792787612928	0.5249900315202463
rs100765	synthetic	766	A	G	0.24150458331218969	0.1895765757460049	1.622861306357595	0.20269328038086729
rs100766	synthetic	767	A	G	0.02391832193869949	0.13155882902512706	0.03305380158394037	0.8557341556168472
rs100768	synthetic	769	A	G	0.05926194775642584	0.14492036806399589	0.1672218353890129	0.6825927458025363
rs100769	synthetic	770	A	G	0.004712687090484416	0.11237279168281289	0.001758793569612572	0.9665481450297594
rs100770	synthetic	771	A	G	0.09056016446417929	0.1134967198833623	0.6366603217291326	0.42492273672412084
rs100771	synthetic	772	A	G	-0.021241676539850506	0.11439815607381212	0.03447779903324984	0.8526941576199768
rs100772	synthetic	773	A	G	-0.08039628175016866	0.1027489220473151	0.6122339072255956	0.4339479423053504
rs100773	synthetic	774	A	G	-0.056918250311678104	0.12435099640453155	0.20950989701757444	0.6471518131236982
rs100774	synthetic	775	A	G	-0.02155527470942794	0.11222291516254895	0.036893005121969136	0.8476830506146901
rs100775	synthetic	776	A	G	0.03625339085658007	0.21915433481602853	0.027365106077270843	0.8686102496443207
rs100776	synthetic	777	A	G	0.03241985414441682	0.11488691353400476	0.07963078352200187	0.7777983862239727
rs100777	synthetic	778	A	G	-0.10952957936496649	0.11350144766401576	0.9312366031704323	0.3345418005531807
rs100778	synthetic	779	A	G	-0.03751223154258701	0.19220084994455486	0.03809212432279023	0.8452582687319904
rs100779	synthetic	780	A	G	-0.2827315032224321	0.18617126593741348	2.3063387755667923	0.12884722273260726
rs100780	synthetic	781	A	G	-0.011864923051805797	0.10493841093289683	0.012783827008542307	0.9099785574371727
rs100781	synthetic	782	A	G	-0.07360098798051709	0.12166859248943669	0.3659403678039259	0.5452254742542559
rs100782	synthetic	783	A	G	-0.18803968254020995	0.16303322759492553	1.3302913457248036	0.24875339369802357
rs100783	synthetic	784	A	G	-0.0423128712810701	0.11455686986256879	0.13642774997758333	0.7118584599625017
rs100784	synthetic	785	A	G	-0.018690529307242534	0.2477016627218617	0.005693579084988436	0.9398520567047127
rs100785	synthetic	786	A	G	-0.07872359010591574	0.13645950969468462	0.33281444675840277	0.5640065206600741
rs100786	synthetic	787	A	G	-0.07552798156682976	0.10397862792166944	0.5276277062403741	0.46760593207831813
rs100787	synthetic	788	A	G	-0.26536157003847943	0.12835447146828408	4.27419223185572	0.03869535179066315
rs100788	synthetic	789	A	G	0.037160771824856595	0.09832876261356568	0.14282633871470496	0.7054872603988782
rs100789	synthetic	790	A	G	-0.09134020123363056	0.1067129662063217	0.7326381754125962	0.39202938750548166
rs100790	synthetic	791	A	G	-0.03274194685477718	0.41996765148905535	0.00607823265176881	0.9378574683493326
rs100791	synthetic	792	A	G	-0.10066302300586864	0.18757374603671934	0.2880022186969061	0.5915036088498729
rs100792	synthetic	793	A	G	-0.0724425490386594	0.10524045270536188	0.47382943004387046	0.49123070674513714
rs100793	synthetic	794	A	G	-0.08155935228309512	0.18075743320324683	0.20358941992056298	0.6518390368971971
rs100794	synthetic	795	A	G	0.034461946250805765	0.15212635281713896	0.051318114907710585	0.8207853256980199
rs100795	synthetic	796	A	G	-0.02624380267833749	0.10666233667692228	0.06053845597925771	0.8056469041517182
rs100796	synthetic	797	A	G	-0.03531384556264359	0.2800268105820385	0.015903429898877833	0.8996458002462677
rs100797	synthetic	798	A	G	-0.09938037297342767	0.10361745976304386	0.919888866080764	0.33750415409493084
rs100798	synthetic	799	A	G	0.08673510454190173	0.10149945947400775	0.7302345105156782	0.3928071850711663
rs100799	synthetic	800	A	G	-0.06653977952082485	0.11144451243044477	0.3564883469156695	0.5504630156806423
rs100800	synthetic	801	A	G	0.360281932555847	0.2615878268045582	1.8969238961052326	0.16842303743589535
rs100801	synthetic	802	A	G	0.01227572655661037	0.10567322538642726	0.01349473887284308	0.9075203024541229
rs100802	synthetic	803	A	G	0.018004864283817715	0.11529769322565721	0.02438588196918666	0.8759070658267964
rs100803	synthetic	804	A	G	-0.10546785007411448	0.22134469367906975	0.2270397794401338	0.633727527792155
rs100804	synthetic	805	A	G	0.005073044829197171	0.28311070570175495	0.0003210885474834094	0.9857035164602148
rs100805	synthetic	806	A	G	-0.09690223042759007	0.17876338912477957	0.2938396428272687	0.5877704382960154
rs100806	synthetic	807	A	G	0.10727407839404171	0.17799913828270036	0.36320664425000126	0.546730718444097
rs100807	synthetic	808	A	G	-0.16060347929138938	0.18142068091511102	0.7836755797196846	0.376019368855679
rs100808	synthetic	809	A	G	0.061092624804250685	0.11662725611884882	0.2743957959158337	0.6003981617997028
rs100809	synthetic	810	A	G	-0.15092637459443584	0.14209236048593563	1.1282070832093822	0.2881580945894529
rs100810	synthetic	811	A	G	0.25237847550218356	0.22285818587173986	1.2824706755066075	0.2574401599473674
rs100811	synthetic	812	A	G	-0.04154370498756784	0.10629858400141845	0.1527409517537434	0.695929648056703
rs100812	synthetic	813	A	G	0.010544424091417579	0.1432436708433424	0.005418696731325723	0.9413192835613959
rs100813	synthetic	814	A	G	-0.15544521526608623	0.1272587646642418	1.492036031258991	0.22190082664104788
rs100814	synthetic	815	A	G	0.4216926741228136	0.16010283273991	6.937357580202852	0.008441372480852874
rs100815	synthetic	816	A	G	0.07484092097461406	0.15136661677011803	0.2444657589417861	0.6209991510746331
rs100816	synthetic	817	A	G	-0.006355130305335545	0.10578147225446165	0.0036093558783089853	0.9520935794114881
rs100817	synthetic	818	A	G	0.06433601599171	0.12097938593450945	0.2828040182176508	0.5948692260242885
rs100818	synthetic	819	A	G	-0.06224778018594134	0.11332986996535686	0.3016886394638697	0.5828257271030992
rs100819	synthetic	820	A	G	-0.059709654736294915	0.1079129317054172	0.30615555034225206	0.5800489310190539
rs100820	synthetic	821	A	G	-0.11779524361833404	0.10267664332331372	1.3161705972540028	0.25128046683185334
rs100821	synthetic	822	A	G	0.181681334180237	0.17323028594635279	1.099950081981096	0.2942770594831606
rs100822	synthetic	823	A	G	0.029416892587210145	0.10595572845979762	0.0770805324739355	0.7812934754169327
rs100824	synthetic	825	A	G	0.08428246916221022	0.18834884941579066	0.20023894922491708	0.6545280421936599
rs100825	synthetic	826	A	G	-0.05707942903525654	0.16537722179574202	0.11912635587334844	0.7299839652820839
rs100826	synthetic	827	A	G	0.376209352171528	0.3037568580835492	1.533935119940483	0.21552281283256758
rs100827	synthetic	828	A	G	0.01962528132547853	0.1685002224480888	0.013565344422417391	0.907279776637046
rs100828	synthetic	829	A	G	0.17757416047299646	0.12539643584348095	2.0053452557047553	0.15674560321540595
rs100829	synthetic	830	A	G	0.006849916068737186	0.15314421227209637	0.002000641732305509	0.9643236898012938
rs100831	synthetic	832	A	G	0.039998617479853185	0.10582418567926996	0.142863106878271	0.7054511251069124
rs100832	synthetic	833	A	G	-0.321252528363309	0.1670200232486866	3.6996107199691077	0.05442516438084528
rs100833	synthetic	834	A	G	0.053001240882328896	0.14356509320599295	0.13629325406691925	0.7119941864336334
rs100834	synthetic	835	A	G	0.02003413927814878	0.11801740038810783	0.028817034686910332	0.86520218172833
rs100835	synthetic	836	A	G	-0.11622857399246095	0.14199690289789982	0.6699896207772613	0.41305522572633535
rs100836	synthetic	837	A	G	0.030220290876655558	0.15477288427788263	0.03812479599213218	0.8451927605489509
rs100837	synthetic	838	A	G	-0.06280195567510709	0.10529468265270639	0.35574061869673324	0.5508813560907854
rs100838	synthetic	839	A	G	-0.06124959112386838	0.11219781254834296	0.29801464599768657	0.5851297446284895
rs100839	synthetic	840	A	G	0.009617491312211969	0.13756776485192013	0.00488753908215183	0.9442645481348466
rs100840	synthetic	841	A	G	-0.09755435499915256	0.10291863706095748	0.8984734975039261	0.34319135256078703
rs100841	synthetic	842	A	G	0.03433282008552672	0.12469638799560655	0.07580733126622867	0.7830617103840323
rs100842	synthetic	843	A	G	-0.07044350090962218	0.13044125039116633	0.2916432682421948	0.5891694047387859
rs100843	synthetic	844	A	G	-0.013155373833311933	0.10735778973384524	0.015015481534595903	0.9024732113024824
rs100844	synthetic	845	A	G	0.1573375201670106	0.10493626772858493	2.2480883477669122	0.1337795782793315
rs100845	synthetic	846	A	G	0.1904340399337867	0.17172204608658626	1.2298072601199292	0.2674445246605251
rs100846	synthetic	847	A	G	0.5274334114034939	0.2492434742993633	4.478037049646839	0.03433313240043001
rs100847	synthetic	848	A	G	0.2116133294475406	0.11333868555580436	3.4860185786183924	0.06188926330417818
rs100848	synthetic	849	A	G	-0.18994231532457143	0.2126815245315529	0.7975977601369922	0.3718125716327847
rs100849	synthetic	850	A	G	-0.01847420109819396	0.10872304096256435	0.028872750067418584	0.8650731824834537
rs100850	synthetic	851	A	G	-0.02138420455224243	0.11236300103333953	0.03621925726239976	0.8490634158477774
rs100851	synthetic	852	A	G	-0.07585966975365985	0.2895649816172978	0.06863249962502727	0.7933383635137199
rs100852	synthetic	853	A	G	-0.20247996924217934	0.10532220745690692	3.6959341638176744	0.054545230425136274
rs100853	synthetic	854	A	G	-0.005548472563837067	0.10720433938450001	0.0026786881462059387	0.958723079956551
rs100854	synthetic	855	A	G	-0.2451549044449762	0.1595118069139605	2.3620848959610634	0.12431594411689435
rs100855	synthetic	856	A	G	0.013928519987876553	0.1127619638582833	0.015257545777908525	0.9016941987897906
rs100856	synthetic	857	A	G	-0.035390629777525	0.1026814370371873	0.11879350760901428	0.730346729383594
rs100857	synthetic	858	A	G	-0.014545662688927593	0.1136463443826356	0.016381591173711428	0.8981564197448938
rs100858	synthetic	859	A	G	-0.04063926024513752	0.14293189154421898	0.08084130311974425	0.7761605240079762
rs100859	synthetic	860	A	G	0.00032054080875655827	0.11270821219576564	8.088268035352561e-06	0.9977308289017863
rs100860	synthetic	861	A	G	0.33516121269235327	0.15607060872528267	4.611744704293326	0.031753710971305464
rs100861	synthetic	862	A	G	-0.14536819352083186	0.10579455992411588	1.8880440140086356	0.16942270252414457
rs100862	synthetic	863	A	G	-0.07012552645305524	0.10512329741589073	0.44499416806281406	0.504721780508228
rs100863	synthetic	864	A	G	-0.08560929022065437	0.1063320755488444	0.6482062443463111	0.4207547249090984
rs100864	synthetic	865	A	G	-0.057045879134950586	0.10497960531129177	0.2952831625556789	0.5868546774450474
rs100865	synthetic	866	A	G	-0.06687167394568411	0.10937699333849012	0.37379408746321363	0.540943394082788
rs100866	synthetic	867	A	G	0.04307254874304735	0.10508611079060895	0.1680004727660207	0.6818949989538996
rs100867	synthetic	868	A	G	0.09554110051579373	0.13287891276017846	0.5169735777146509	0.4721355305083216
rs100868	synthetic	869	A	G	-0.08213956853975812	0.13825629122150168	0.35296775231566724	0.5524379461518432
rs100869	synthetic	870	A	G	0.10588289916799075	0.1031618760716241	1.053448199851001	0.30471426996499495
rs100870	synthetic	871	A	G	-0.02770935968370586	0.11008480805212915	0.06335752464234551	0.8012658403135049
rs100871	synthetic	872	A	G	0.35356663457383497	0.21497376190838413	2.7050272009687473	0.10003237583514338
rs100872	synthetic	873	A	G	0.01528407506765791	0.14509564378830053	0.011096079930799066	0.9161076649596751
rs100873	synthetic	874	A	G	-0.13382082421874444	0.10492362661270896	1.6266750830334769	0.2021635487443021
rs100874	synthetic	875	A	G	-0.09058397353574013	0.11623675608629512	0.6073174674883928	0.4357996224767303
rs100875	synthetic	876	A	G	0.05398613815430214	0.16914935597480232	0.10186472717329897	0.7496032610828522
rs100876	synthetic	877	A	G	0.12705975261784294	0.11544688277733198	1.211299642759732	0.27107488363837823
rs100877	synthetic	878	A	G	0.07598605521185998	0.1119338264707388	0.46083461898906686	0.49723417103570366
rs100878	synthetic	879	A	G	0.2245523390846513	0.16553861916905654	1.8400791746410803	0.17494166778037448
rs100879	synthetic	880	A	G	0.04146538624850479	0.13011269641286186	0.1015621944467352	0.749962933010728
rs100880	synthetic	881	A	G	0.09178448841072585	0.12283965862917569	0.5582919700735905	0.4549492535030377
rs100881	synthetic	882	A	G	0.9474260338481583	0.21220992528986896	19.93238392567952	8.022977300591826e-06
rs100882	synthetic	883	A	G	-0.12026566792831035	0.11984207761620437	1.007081634856934	0.31560300551245163
rs100883	synthetic	884	A	G	-0.19423724935864925	0.14723473753529698	1.7403815297518828	0.1870904916632124
rs100884	synthetic	885	A	G	-0.16759654766854548	0.12432345788383586	1.8172889037217672	0.17763632514136046
rs100885	synthetic	886	A	G	0.3395688241824031	0.1511896147493181	5.044425365569454	0.024705300322920818
rs100886	synthetic	887	A	G	0.14478050984727944	0.29011681275330725	0.24904303947175174	0.6177497101933189
rs100887	synthetic	888	A	G	0.05226808800983993	0.11039942550153307	0.22415044251539934	0.6358955246815365
rs100888	synthetic	889	A	G	0.04931930354399503	0.1899922080145733	0.06738485377997032	0.7951831924993945
rs100889	synthetic	890	A	G	-0.10441554463938987	0.14599956894355376	0.51147824832221	0.4744996329735649
rs100890	synthetic	891	A	G	0.046102090147096604	0.1329853568865862	0.1201803833426104	0.7288389315749904
rs100891	synthetic	892	A	G	0.1480994605212336	0.11472686354075957	1.6663902330075162	0.19674273140047924
rs100892	synthetic	893	A	G	-0.09950140932145342	0.11447903915261379	0.7554513695269287	0.3847557642815762
rs100894	synthetic	895	A	G	-0.003841273203423833	0.10820396795738808	0.0012602712211825977	0.9716808080482066
rs100895	synthetic	896	A	G	-0.12886665263229607	0.14648341687303085	0.7739344376271359	0.37900264786445115
rs100896	synthetic	897	A	G	0.2344394256299454	0.13967348737141835	2.8173016128165758	0.09325305379914918
rs100897	synthetic	898	A	G	0.5296290387453984	0.5199040251724559	1.0377606952044804	0.30834284743220247
rs100898	synthetic	899	A	G	0.01904161211135111	0.21298812331018663	0.007992757825586845	0.9287622553015399
rs100899	synthetic	900	A	G	0.14116475530417022	0.10365896360674026	1.8545512290248243	0.17325498598862632
rs100900	synthetic	901	A	G	-0.06248812606324905	0.11198090955859528	0.3113916913978962	0.5768274409384612
rs100901	synthetic	902	A	G	-0.09859264153623581	0.11089792324734327	0.7903913496267325	0.3739818162050853
rs100902	synthetic	903	A	G	0.07175651934581011	0.10328817756203826	0.48263798539913605	0.4872298412121311
rs100903	synthetic	904	A	G	0.38456133885313865	0.18606008359663284	4.271936797343025	0.03874674271515421
rs100904	synthetic	905	A	G	0.062197194450421836	0.12142824269328562	0.26236274771793966	0.6085015425143687
rs100905	synthetic	906	A	G	-0.03494972545655991	0.11067992513233509	0.09971255019853305	0.7521748580644606
rs100906	synthetic	907	A	G	0.32781790721200404	0.10155219141834117	10.420456565052701	0.0012462707997257915
rs100907	synthetic	908	A	G	-0.009222499679792604	0.1049265321250099	0.007725501100813997	0.9299602659450621
rs100908	synthetic	909	A	G	-0.008333746819503458	0.13469972441200131	0.003827781952077293	0.9506670980257567
rs100909	synthetic	910	A	G	-0.027173729627731614	0.10353135017271028	0.06888977152168907	0.7929601824300179
rs100910	synthetic	911	A	G	0.13451968795098998	0.10430435602613655	1.6632855333882302	0.1971603009967282
rs100911	synthetic	912	A	G	0.07645872993557472	0.12173172889387134	0.39449961073092843	0.529943647278956
rs100912	synthetic	913	A	G	-0.039493072479104586	0.15132366120040944	0.06811271063532745	0.7941047537737445
rs100913	synthetic	914	A	G	-0.08890654470002668	0.10285318813111616	0.7471915432778559	0.387366864078328
rs100914	synthetic	915	A	G	-0.062314987820126296	0.18351558219364628	0.11530260977569579	0.7341861129722923
rs100915	synthetic	916	A	G	-0.011020157110663314	0.10246800110659458	0.011566422273099607	0.9143548009402238
rs100916	synthetic	917	A	G	0.10941426599916276	0.10778031788333503	1.0305497972817799	0.31002957108633455
rs100917	synthetic	918	A	G	-0.12144991941453964	0.2025551409087013	0.3595074723336387	0.548779900049017
rs100918	synthetic	919	A	G	0.15277201043332975	0.10391829652809159	2.1612427514918546	0.1415301832857404
rs100919	synthetic	920	A	G	-0.0942265654854956	0.1826688767329023	0.2660832930302597	0.6059713167984095
rs100920	synthetic	921	A	G	0.06433554356108437	0.1989522488542562	0.1045693104216642	0.7464136960152687
rs100921	synthetic	922	A	G	-0.010695471554375141	0.10397215911277147	0.010581951057385025	0.9180672505750996
rs100922	synthetic	923	A	G	-0.15140689805335714	0.11100378940022756	1.8604401965724082	0.172574003867345
rs100923	synthetic	924	A	G	-0.09900752905772386	0.10256216595107268	0.9318844739468966	0.33437372400254906
rs100925	synthetic	926	A	G	0.06238186803199425	0.10446420606138028	0.3566003255866223	0.5504004168837715
rs100926	synthetic	927	A	G	-0.10752341231424599	0.11393289773010196	0.8906514731496017	0.34530082592790545
rs100927	synthetic	928	A	G	0.012248446090465529	0.10606457800391002	0.013335866931190765	0.9080638604042697
rs100928	synthetic	929	A	G	0.0607865776883123	0.11319018584424427	0.2884017160770018	0.5912465732366717
rs100929	synthetic	930	A	G	0.06737947920265731	0.3053517114470516	0.048691660217250604	0.8253557240918585
rs100930	synthetic	931	A	G	0.04241455500061357	0.11680816473984244	0.13185100026895816	0.7165205258011111
rs100931	synthetic	932	A	G	0.2789248725147424	0.11366574057620965	6.02164730457393	0.014131450464216802
rs100932	synthetic	933	A	G	0.0424007613659958	0.1277481902883501	0.11016351816109743	0.7399580494784085
rs100933	synthetic	934	A	G	0.03682007107047072	0.10715719984495731	0.11806645731861706	0.7311411079101606
rs100934	synthetic	935	A	G	-0.2450001344648112	0.1528427657513482	2.5694659672526474	0.10894450440761434
rs100935	synthetic	936	A	G	-0.10566475209648725	0.10258169596391815	1.0610125651968916	0.3029843559099037
rs100936	synthetic	937	A	G	-0.1254775751737229	0.1110410310656179	1.2769246284675067	0.2584716326169378
rs100937	synthetic	938	A	G	0.044178537348906026	0.19244119162402512	0.05270193871377094	0.8184266760228265
rs100938	synthetic	939	A	G	-0.04275912821213659	0.16042375250417137	0.0710428446059259	0.7898244078035458
rs100939	synthetic	940	A	G	-0.2606362306301914	0.2212956812316801	1.3871508602247746	0.23888684095784038
rs100940	synthetic	941	A	G	0.006957750073866526	0.1027544417484773	0.004584969393714039	0.9460145765500416
rs100941	synthetic	942	A	G	-0.01765210651457174	0.2442775452551148	0.005221869143246646	0.9423930060047463
rs100942	synthetic	943	A	G	0.10711498163088243	0.11527759898050352	0.8633971099545337	0.35278977746157114
rs100943	synthetic	944	A	G	0.24365689362167017	0.29806649352605313	0.6682378777212068	0.4136666384007355
rs100944	synthetic	945	A	G	0.04361739312581644	0.1296365999035007	0.11320461901748119	0.7365248088510545
rs100945	synthetic	946	A	G	0.2816626844817263	0.1906458532222172	2.182749521841706	0.13956493185626653
rs100946	synthetic	947	A	G	-0.012951471326653871	0.12502173582041526	0.010731666499907587	0.9174917421593038
rs100947	synthetic	948	A	G	-0.16483440122994344	0.1624580731424262	1.029468621786986	0.31028350580220604
rs100948	synthetic	949	A	G	-0.060889687339492085	0.11256128586724906	0.29262363214045856	0.5885441299096869
rs100949	synthetic	950	A	G	0.01794273870091485	0.17374845047832177	0.010664379339120733	0.9177498897058547
rs100950	synthetic	951	A	G	0.21238112750820184	0.12797117881590178	2.754276287768348	0.09699469800279625
rs100951	synthetic	952	A	G	-0.18731168634458203	0.11366856550770858	2.715494884868409	0.09937814582736419
rs100952	synthetic	953	A	G	0.0034757404183348457	0.12435544594466233	0.0007812050641338579	0.9777019931837128
rs100953	synthetic	954	A	G	0.019656475707757783	0.13690003644110466	0.02061598931746398	0.8858300091485014
rs100954	synthetic	955	A	G	0.10786274237006005	0.20794900173103179	0.2690476704298399	0.603971319479107
rs100955	synthetic	956	A	G	0.00586074836886128	0.10704864062322059	0.0029973940254406388	0.9563388606180454
rs100956	synthetic	957	A	G	-0.18321239448554297	0.12303075943465928	2.2175952970100545	0.1364454363724525
rs100957	synthetic	958	A	G	-0.0641748380477902	0.2588852706476427	0.06144900839544068	0.8042202097947455
rs100958	synthetic	959	A	G	0.14551363626100347	0.11668675303973582	1.5551213242882962	0.2123809843670764
rs100959	synthetic	960	A	G	0.07800011027806641	0.10300043206382051	0.5734721614958448	0.448882461388051
rs100960	synthetic	961	A	G	0.024260329147414193	0.11379670707639707	0.04545001044293846	0.8311787050080983
rs100961	synthetic	962	A	G	-0.01840244640493396	0.11578516246863026	0.02526069553536141	0.8737191896121462
rs100962	synthetic	963	A	G	0.23155659695593359	0.11445231235610023	4.093220814426451	0.04305552252489588
rs100963	synthetic	964	A	G	-0.1851162758736517	0.11154583392216426	2.7541177234811176	0.09700431526959012
rs100964	synthetic	965	A	G	0.09380744528871796	0.18134018700906468	0.26760024021229184	0.60494611302647
rs100965	synthetic	966	A	G	0.013926508898975246	0.15157882145186133	0.00844126374590651	0.9267962816924972
rs100966	synthetic	967	A	G	0.060561695677094345	0.10703199061793507	0.32016130961581357	0.5715107199147657
rs100967	synthetic	968	A	G	0.055837273866084156	0.12642970099545908	0.19505190291210828	0.6587448067229685
rs100968	synthetic	969	A	G	-0.10639888916380771	0.1067700249047276	0.9930600240678931	0.3189956262195593
rs100969	synthetic	970	A	G	-0.8634207201415778	0.48268850822327647	3.1997129161993847	0.07365119758926983
rs100970	synthetic	971	A	G	0.15162215368347753	0.10342286627499572	2.1492759694936128	0.14263714020445264
rs100971	synthetic	972	A	G	0.034227326121066784	0.1318078072112422	0.06743163276061873	0.7951136953793214
rs100972	synthetic	973	A	G	-0.22723554294778434	0.12528342918773122	3.2897679131476973	0.06971287550144921
rs100973	synthetic	974	A	G	0.0002599085275369579	0.10970247492238666	5.6131701451496795e-06	0.9981096433103942
rs100974	synthetic	975	A	G	0.14655848397656665	0.14446427472915718	1.0292029081863525	0.310345955148885
rs100975	synthetic	976	A	G	0.20194049576388076	0.1280803145357526	2.4858909046497604	0.11487128576203284
rs100976	synthetic	977	A	G	-0.9542996748662851	0.2360293294275511	16.346982837146985	5.274005822634335e-05
rs100977	synthetic	978	A	G	-0.02667164557795836	0.11945211681999819	0.04985536754212934	0.8233151362999536
rs100978	synthetic	979	A	G	-0.001459736014662227	0.13538073200162745	0.00011626123451610314	0.9913970160756178
rs100979	synthetic	980	A	G	-0.16840751067816587	0.10518419609923037	2.563432750508883	0.10936088992401441
rs100980	synthetic	981	A	G	0.1211632662998678	0.16322630412441663	0.551012753043761	0.4579041788429222
rs100981	synthetic	982	A	G	-0.06031247543098578	0.11647157266723134	0.26814791740705246	0.6045768793293003
rs100982	synthetic	983	A	G	0.03979889631262736	0.10926859055371986	0.1326634767349131	0.7156862831366069
rs100983	synthetic	984	A	G	0.17507043065306255	0.12317463681137378	2.020147215927442	0.15522409183424987
rs100984	synthetic	985	A	G	0.02296389582929066	0.11481266036503336	0.040004751381169074	0.8414712914442258
rs100985	synthetic	986	A	G	-0.23454670709491113	0.13323643447014014	3.098936491393693	0.07834345838446387
rs100986	synthetic	987	A	G	-0.04634520094743554	0.11146529213816343	0.1728742153395178	0.6775699329329372
rs100988	synthetic	989	A	G	0.05567489140659708	0.14918809505291603	0.13926770537764074	0.709010100130345
rs100989	synthetic	990	A	G	-0.05521631460061908	0.10388847371897142	0.28248806322363373	0.595075069947058
rs100990	synthetic	991	A	G	0.053769920495819204	0.13338262909039375	0.1625100566368018	0.6868560045843062
rs100992	synthetic	993	A	G	-0.019415191983011258	0.11884061857153484	0.026690307131285538	0.8702257962323612
rs100993	synthetic	994	A	G	-0.052584767357986846	0.14183045043685782	0.13746145909033208	0.7108178220279598
rs100994	synthetic	995	A	G	0.11960005975704491	0.24271699753702752	0.24280767532077596	0.622185577545261
rs100995	synthetic	996	A	G	-0.2862668770049561	0.18162113000424948	2.4843309704180783	0.11498523423395762
rs100996	synthetic	997	A	G	-0.06504824506004812	0.11039568963591465	0.34718978166626474	0.5557082536079069
rs100997	synthetic	998	A	G	-0.08503246347959278	0.16592454042288093	0.2626323838235913	0.6083174123814699
rs100998	synthetic	999	A	G	0.05464950552924212	0.10171012212528566	0.28869823052016746	0.59105594484396
rs100999	synthetic	1000	A	G	-0.14884559715812154	0.1231329418856508	1.4612464668002647	0.22673189895699147
rs101000	synthetic	1001	A	G	0.17609326062145808	0.2336173418582733	0.5681660951154518	0.450988582944303
rs101002	synthetic	1003	A	G	0.008929866201488123	0.11243994028963979	0.006307375560161874	0.9366993665780504
rs101003	synthetic	1004	A	G	0.015470242634498782	0.10144953560869673	0.023253810215688224	0.8787988993318668
rs101004	synthetic	1005	A	G	0.1479146481044015	0.16610271107960942	0.7929922217001973	0.3731968742271754
rs101005	synthetic	1006	A	G	-0.013895158911150828	0.10629313333589308	0.017088998705521413	0.895992936363965
rs101006	synthetic	1007	A	G	-0.0027545630941207206	0.10284638737830032	0.0007173438292107397	0.9786325929086206
rs101007	synthetic	1008	A	G	0.041672162061233614	0.11513640045034985	0.13099863522601485	0.7173988585824567
rs101008	synthetic	1009	A	G	0.14904551562581908	0.20566843140824542	0.5251732005488713	0.4686432455108316
rs101009	synthetic	1010	A	G	0.17994228495547004	0.12753868271964278	1.9905936199775192	0.1582788250089244
rs101010	synthetic	1011	A	G	-0.16591575533409356	0.2899583591917909	0.32741908463294156	0.5671827911821002
rs101011	synthetic	1012	A	G	-0.05047786867341431	0.11256018325615179	0.20110943034516449	0.653826832180305
rs101012	synthetic	1013	A	G	-0.0970588501284776	0.17800666577001817	0.29730194651349273	0.5855788227861296
rs101013	synthetic	1014	A	G	0.22706661622296928	0.12272929055567493	3.4230254544056713	0.06429308452161724
rs101014	synthetic	1015	A	G	0.18617977037797429	0.1710096848662276	1.185287125955257	0.2762822642602336
rs101015	synthetic	1016	A	G	-0.14628883348311236	0.11413918643032624	1.642679390526728	0.19995824116125405
rs101016	synthetic	1017	A	G	0.09309020770284462	0.13735758232375458	0.45930663853361725	0.49794819493637743
rs101017	synthetic	1018	A	G	0.019467516048017594	0.10909537676157285	0.03184259035520421	0.8583735723648952
rs101018	synthetic	1019	A	G	0.23918954527201136	0.14402786134059328	2.757981587577181	0.0967702591751193
rs101019	synthetic	1020	A	G	0.16773557358134522	0.17099891942200784	0.9621961708052915	0.3266341737181971
rs101020	synthetic	1021	A	G	0.08254751970179695	0.10271485970764652	0.6458646314496173	0.42159507345424074
rs101021	synthetic	1022	A	G	-0.009929822510249089	0.11984007471644549	0.006865605251225444	0.9339636965558564
rs101023	synthetic	1024	A	G	-0.016758019382435298	0.14007880164847	0.014312007041807316	0.9047740349866811
rs101024	synthetic	1025	A	G	-0.20434488118735838	0.1372584867881163	2.216404957866584	0.13655070100464672
rs101025	synthetic	1026	A	G	0.12080323245229149	0.12142652334218774	0.9897602076583737	0.3198009888951506
rs101026	synthetic	1027	A	G	-0.1472427336613917	0.14818131637098791	0.98737208935732	0.32038550809451233
rs101027	synthetic	1028	A	G	-0.0030472316180159935	0.12219927088820869	0.0006218329092772999	0.9801055514821841
rs101028	synthetic	1029	A	G	0.11852871243763494	0.10596137394871379	1.2512727065407547	0.2633095363935234
rs101029	synthetic	1030	A	G	0.09019748097487199	0.10420535521278716	0.7492189282997065	0.38672363540870236
rs101030	synthetic	1031	A	G	-0.11836306127886313	0.10962641905146545	1.1657405988991065	0.2802781643705186
rs101031	synthetic	1032	A	G	0.057625201500307054	0.15414923124569624	0.13974690157267802	0.7085327560901411
rs101032	synthetic	1033	A	G	-0.05643127862913846	0.10660393544330991	0.28021624312450005	0.596559518368256
rs101033	synthetic	1034	A	G	-0.03045037364694535	0.12172155778865207	0.06258211676773774	0.802460385187064
rs101034	synthetic	1035	A	G	0.059928202401993654	0.10394144222719111	0.33241837691053344	0.5642385181565481
rs101035	synthetic	1036	A	G	-0.027859909696345938	0.10221264132801655	0.07429339182349697	0.7851852042258374
rs101036	synthetic	1037	A	G	-0.018169634400078308	0.10754460199528382	0.028544020473034344	0.8658361610783522
rs101037	synthetic	1038	A	G	0.0336589007737564	0.14970178943702742	0.05055287672006603	0.8221040047248369
rs101038	synthetic	1039	A	G	0.029039198827539442	0.10572482619222286	0.07544236612594035	0.7835715197343818
rs101039	synthetic	1040	A	G	0.20002681855510462	0.10506361785454003	3.624697362601264	0.05692792498050893
rs101040	synthetic	1041	A	G	0.0924192558627314	0.13356689769088945	0.4787703610339387	0.4889798210698071
rs101041	synthetic	1042	A	G	0.07830608396455237	0.10748697120083439	0.5307369944314826	0.4662971764630174
rs101042	synthetic	1043	A	G	0.3209117525503516	0.20529463388626548	2.4435208506086448	0.11801107990316966
rs101043	synthetic	1044	A	G	-0.11628176930075973	0.12244410588506555	0.9018773787848612	0.3422788152274753
rs101044	synthetic	1045	A	G	0.053134544548304116	0.11654885610689508	0.20784419234217713	0.6484623766733739
rs101045	synthetic	1046	A	G	0.055257312972370735	0.10847656786379453	0.2594822487571018	0.6104760800926196
rs101046	synthetic	1047	A	G	0.051713263505941826	0.15685442998477017	0.10869518705694498	0.7416345646932687
rs101047	synthetic	1048	A	G	-0.16433811814073884	0.15517677272125466	1.1215617463061927	0.2895824179625651
rs101048	synthetic	1049	A	G	0.12727814645934177	0.13064054229178745	0.9491868987368628	0.3299263516193873
rs101049	synthetic	1050	A	G	-0.12692698566341776	0.18011208327991157	0.4966177448859717	0.4809900375759353
rs101050	synthetic	1051	A	G	0.029617523719316315	0.13265693949767016	0.04984682978332449	0.8233300159100887
rs101052	synthetic	1053	A	G	-0.0067160075946824495	0.11184797319731309	0.0036055051472299545	0.9521191105946166
rs101053	synthetic	1054	A	G	0.1080304751694551	0.14551553777276036	0.5511551062903403	0.4578461021049235
rs101054	synthetic	1055	A	G	-0.2223559876328515	0.11545536463352662	3.709107520454047	0.0541163196519301
rs101055	synthetic	1056	A	G	-0.019568177792099958	0.10868281086282881	0.03241746473935151	0.8571144876063729
rs101056	synthetic	1057	A	G	-0.017778627549986166	0.11595943352426917	0.023506301025976808	0.8781477845348088
rs101057	synthetic	1058	A	G	0.0767732986921164	0.10799624157768177	0.5053626241445495	0.47715326108219414
rs101058	synthetic	1059	A	G	-0.04299850848170896	0.16750677890837573	0.06589341373169201	0.7974125914963546
rs101059	synthetic	1060	A	G	0.04194000490982555	0.11626649224988682	0.13012112632589545	0.7183064840540792
rs101060	synthetic	1061	A	G	0.04673875216016938	0.24907957534425415	0.035210970336490253	0.8511542704058837
rs101061	synthetic	1062	A	G	-0.04398506822003065	0.1386664807892071	0.10061611685071233	0.7510915188092057
rs101062	synthetic	1063	A	G	0.07429061633345178	0.13189214318006068	0.3172707768632492	0.5732524428865289
rs101063	synthetic	1064	A	G	-0.04427177860525941	0.17164233792765865	0.0665280964334833	0.7964606148851999
rs101065	synthetic	1066	A	G	0.2459140210878368	0.15908575338484876	2.389483327323837	0.12215399547514676
rs101066	synthetic	1067	A	G	-0.10577623422928738	0.10860404844209466	0.9486023003017937	0.3300753250752303
rs101067	synthetic	1068	A	G	-0.16159939119343103	0.10617898364111106	2.316340031288459	0.12802093204178885
rs101068	synthetic	1069	A	G	0.10676117173696066	0.20143341856401104	0.2809076824516439	0.5961069058186561
rs101069	synthetic	1070	A	G	0.13711362572052452	0.1238989742333052	1.2246889759498345	0.26844239767430733
rs101072	synthetic	1073	A	G	0.055382769627679664	0.2275134346102615	0.05925639785590452	0.8076751173767144
rs101073	synthetic	1074	A	G	-0.0652868203120102	0.11410946216686085	0.3273465123766131	0.5672257510060243
rs101074	synthetic	1075	A	G	-0.08146347377617792	0.11320654467454296	0.5178247222775375	0.47177107141169394
rs101075	synthetic	1076	A	G	-0.07560073287006645	0.10335585296570171	0.5350345901912655	0.4644978699252532
rs101077	synthetic	1078	A	G	0.1408901845090292	0.10371977782163579	1.8451782221162194	0.174345238690697
rs101078	synthetic	1079	A	G	-0.06707796941867057	0.15550532202540218	0.18606697645080056	0.6662103992008266
rs101079	synthetic	1080	A	G	-0.07482389022556606	0.11082432224931711	0.4558378676189033	0.49957560262794254
rs101080	synthetic	1081	A	G	0.09517245019255231	0.10597756283712809	0.8064819370740152	0.36916241547853523
rs101081	synthetic	1082	A	G	0.15895220340151336	0.11296592039147871	1.979877019559455	0.1594033631062198
rs101082	synthetic	1083	A	G	-0.0058960943995019005	0.11042790527706073	0.002850829133063923	0.9574186579674163
rs101083	synthetic	1084	A	G	-0.042993683270235616	0.140544736830214	0.09357937325714337	0.7596751068493681
rs101084	synthetic	1085	A	G	0.1625629568808381	0.15444169294674484	1.1079344667489872	0.29253139071177064
rs101085	synthetic	1086	A	G	-0.014580765170584358	0.11047275428480231	0.01742008489906244	0.8949960223520896
rs101086	synthetic	1087	A	G	0.04234416839666963	0.26044454722788096	0.02643362214115663	0.8708458279055987
rs101087	synthetic	1088	A	G	0.1871904538844618	0.2222022890431576	0.7096926991905054	0.3995458471895007
rs101088	synthetic	1089	A	G	-0.08871702449287899	0.12608549634212418	0.4950894479134078	0.48166575952584556
rs101089	synthetic	1090	A	G	-0.11252756272743401	0.11328804615423865	0.9866194015265379	0.3205700283013564
rs101090	synthetic	1091	A	G	-0.11290440001193672	0.11200078471629472	1.016200965978265	0.31342184874490797
rs101091	synthetic	1092	A	G	-0.04882234356395249	0.11931576044796133	0.16743321558234575	0.682403138099929
rs101092	synthetic	1093	A	G	-0.1879444963905646	0.10759945765328259	3.050977893083794	0.0806885456804691
rs101093	synthetic	1094	A	G	0.2314927734810795	0.1342448665193175	2.9735791404693037	0.08463441366469909
rs101094	synthetic	1095	A	G	0.28275196233741434	0.11488506933415235	6.057369604806392	0.013848380202144843
rs101095	synthetic	1096	A	G	0.0022878790054749357	0.10246801356133194	0.0004985279039370696	0.9821865223176799
rs101096	synthetic	1097	A	G	-0.18198997859016736	0.16058653928006822	1.2843301265472793	0.2570954713309596
rs101097	synthetic	1098	A	G	-0.01232324932671797	0.17655218225160269	0.004871966469470841	0.9443532664226756
rs101098	synthetic	1099	A	G	0.15959476583441456	0.17088820960285772	0.8721939871354308	0.35034863554603335
rs101099	synthetic	1100	A	G	0.07216819582559614	0.10376938497955164	0.4836745218331073	0.48676260674194727
rs101100	synthetic	1101	A	G	-0.12824552724504257	0.12126469532580907	1.1184477362872218	0.2902529421190179
rs101101	synthetic	1102	A	G	-0.16590086233970705	0.18592294738479465	0.7962167248797196	0.3722269192131086
rs101102	synthetic	1103	A	G	-0.18010441588970527	0.2736945017059022	0.43302859573328684	0.5105065921591443
rs101103	synthetic	1104	A	G	-0.068608696392782	0.11662774958761477	0.3460625022613587	0.5563505600145132
rs101104	synthetic	1105	A	G	0.1533150873607534	0.17546022298459207	0.7635059673351975	0.3822335613232972
rs101105	synthetic	1106	A	G	-0.03050593754064287	0.12186996479227759	0.0626578346231168	0.8023433937195268
rs101106	synthetic	1107	A	G	-0.03308646391451882	0.109012554382359	0.09211867387946009	0.7615007836920192
rs101107	synthetic	1108	A	G	0.034577873750665025	0.11423042465801134	0.09162900824317238	0.7621163346553017
rs101108	synthetic	1109	A	G	0.11635364776913817	0.11282643887139777	1.0635018384962978	0.30241785352922584
rs101109	synthetic	1110	A	G	0.10129264799957724	0.10209034955585733	0.9844336890514036	0.3211066456332922
rs101110	synthetic	1111	A	G	-0.010097853503440233	0.10685431612875389	0.008930463365913527	0.9247110857169197
rs101111	synthetic	1112	A	G	-0.041197948093264374	0.1261465413586437	0.10665972922105174	0.7439795122398969
rs101112	synthetic	1113	A	G	0.0039574150785982795	0.15689515346942562	0.0006362153625785969	0.9798768442536453
rs101113	synthetic	1114	A	G	-0.17647061212065457	0.11766954396406874	2.2491407987213345	0.1336886133506157
rs101114	synthetic	1115	A	G	0.049584097864760895	0.10200020216779945	0.23631036284947465	0.626883758562072
rs101115	synthetic	1116	A	G	0.18242749804174843	0.2556482268345066	0.5092077843458205	0.4754820014071228
rs101116	synthetic	1117	A	G	0.04218584106578354	0.12369256832111868	0.11631780813869222	0.733062955081159
rs101117	synthetic	1118	A	G	-0.19602241539418291	0.20988710639044753	0.8722479394986513	0.3503337348380954
rs101118	synthetic	1119	A	G	0.1502057734810631	0.14934422664021618	1.0115710119426926	0.3145267671573179
rs101119	synthetic	1120	A	G	0.06872280499450176	0.11186419880047516	0.3774153172400511	0.5389897711249421
rs101120	synthetic	1121	A	G	0.04926921360571554	0.10921530869967563	0.20350928368662013	0.6519030404312454
rs101121	synthetic	1122	A	G	0.21220544874699862	0.10532732222492407	4.059111449729766	0.04393361109720528
rs101122	synthetic	1123	A	G	-0.10781709536627893	0.11181642872365397	0.9297453619145922	0.3349291013660997
rs101123	synthetic	1124	A	G	0.04344806226768987	0.10902894865874106	0.1588024417203667	0.6902614810124916
rs101124	synthetic	1125	A	G	-0.03683284405742514	0.10296025374673327	0.12797681577579043	0.7205390378757524
rs101125	synthetic	1126	A	G	-0.07327060147635643	0.10701255217321375	0.46880266272229987	0.4935385159437896
rs101126	synthetic	1127	A	G	-0.004790570001463669	0.10265805873419649	0.002177651036147807	0.9627799798550536
rs101127	synthetic	1128	A	G	-0.16558670205953024	0.11320875321332474	2.139394613953	0.1435585331751428
rs101128	synthetic	1129	A	G	0.22075163525260877	0.13923280634496346	2.5137651741412563	0.1128560041337742
rs101129	synthetic	1130	A	G	-0.2893556227924029	0.12352026707210614	5.487662681260188	0.019151129104887137
rs101130	synthetic	1131	A	G	0.42589930454462493	0.3764256691470197	1.2801339032206531	0.25787413974151474
rs101131	synthetic	1132	A	G	0.15268327549696978	0.1285140817917115	1.4115020110473093	0.23480721084184994
rs101132	synthetic	1133	A	G	0.2113799797409294	0.12896637896617466	2.686424821621224	0.1012066637602848
rs101133	synthetic	1134	A	G	0.08277961112063578	0.16004774959503656	0.2675146803786886	0.6050038391111385
rs101134	synthetic	1135	A	G	0.0764663347697656	0.15104270604423517	0.2562955302169539	0.6126766748330557
rs101135	synthetic	1136	A	G	0.05079350572060823	0.1793817525371902	0.0801788552845008	0.7770551778940356
rs101136	synthetic	1137	A	G	0.0009113030807402933	0.1082219253786499	7.090798831794519e-05	0.993281342363458
rs101137	synthetic	1138	A	G	-0.018573754363924916	0.13292986166902707	0.019523347744101013	0.8888765036222617
rs101138	synthetic	1139	A	G	-0.16678250906023176	0.1806116995096515	0.8527254945275042	0.35578245031997013
rs101140	synthetic	1141	A	G	-0.03240703977402205	0.1095462318422683	0.0875152701217561	0.7673600645011712
rs101141	synthetic	1142	A	G	0.07828787974796535	0.11910827052808241	0.43202136557352117	0.5109987582436144
rs101142	synthetic	1143	A	G	-0.6336962058110136	0.1100498760591484	33.157600766542984	8.49835278207739e-09
rs101143	synthetic	1144	A	G	-0.14531317283766432	0.15143106165767753	0.9208312230417447	0.33725681485996756
rs101144	synthetic	1145	A	G	-0.19627248856851803	0.10195592922909152	3.705901600057865	0.05422037098510172
rs101145	synthetic	1146	A	G	-0.34471196375668517	0.30909764260878886	1.2437163033687124	0.26475603176184315
rs101146	synthetic	1147	A	G	-0.18278869713063456	0.10716314936635901	2.9094288288765098	0.08806305748543636
rs101147	synthetic	1148	A	G	0.010262189748020794	0.11663584193299788	0.007741337889345264	0.9298886990516811
rs101148	synthetic	1149	A	G	-0.014442848686292807	0.1639208570548329	0.007763137714044907	0.929790305586696
rs101149	synthetic	1150	A	G	-0.03693394523227977	0.1181528012962184	0.09771547693009414	0.7545885682450211
rs101150	synthetic	1151	A	G	-0.011408812706946709	0.1849498255644606	0.00380516110658111	0.9508128987319667
rs101151	synthetic	1152	A	G	-0.18387119591495693	0.11928014006046267	2.376244478532228	0.12319338951882845
rs101153	synthetic	1154	A	G	-0.10348527304673175	0.11552474574644699	0.8024298152410955	0.3703678862246522
rs101154	synthetic	1155	A	G	0.017818583774445805	0.10377082618310521	0.029484639191378358	0.8636648023719847
rs101155	synthetic	1156	A	G	-0.0027526529012801997	0.1344367050768448	0.00041924431720070075	0.9836640908801971
rs101156	synthetic	1157	A	G	-0.18725954480912393	0.13832244708436672	1.832747347868492	0.17580338684737729
rs101157	synthetic	1158	A	G	-0.1766414389658994	0.10297794493359512	2.942366359723173	0.08628424185531071
rs101158	synthetic	1159	A	G	-0.2561212575393291	0.13651137144339223	3.520088573904615	0.06062920725517913
rs101159	synthetic	1160	A	G	-0.02709428218711552	0.18757980115179054	0.020863307403021895	0.8851519561403443
rs101160	synthetic	1161	A	G	-0.015247200264449113	0.21184241171099616	0.005180293725376627	0.942622394341109
rs101161	synthetic	1162	A	G	-0.16869909855538517	0.27308491718848	0.38161909343191064	0.536737996246148
rs101162	synthetic	1163	A	G	-0.02063682648955489	0.30181080869830174	0.004675372815814988	0.9454857707898751
rs101163	synthetic	1164	A	G	-0.0034405200633331893	0.14042514919797638	0.0006002862582348797	0.9804531934961976
rs101164	synthetic	1165	A	G	-0.013489244519327558	0.10456698104919349	0.016641256513197065	0.8973568621187403
rs101165	synthetic	1166	A	G	0.2718429824047236	0.1319981192520553	4.2413173183989565	0.03945154479376424
rs101166	synthetic	1167	A	G	0.17837723000405398	0.1241877431323804	2.063105142872647	0.1509023948663534
rs101167	synthetic	1168	A	G	0.2294766717829048	0.1126987165750214	4.1460940018176204	0.04173068143432709
rs101168	synthetic	1169	A	G	0.05651148411691507	0.10204041743396258	0.30671073222482576	0.5797056605619767
rs101169	synthetic	1170	A	G	0.05542281092916594	0.12123709416448937	0.2089806424254345	0.647567541762652
rs101170	synthetic	1171	A	G	0.1166134509216517	0.10911043432854127	1.1422593613684062	0.2851754188466754
rs101171	synthetic	1172	A	G	0.18255101742895136	0.1077685125886109	2.8693580059379546	0.09028087639229052
rs101172	synthetic	1173	A	G	-0.19463647357495964	0.10265523848984491	3.5948951019222752	0.057957286213897216
rs101173	synthetic	1174	A	G	-0.03550129379601775	0.10756735438747174	0.10892495435118621	0.7413713949310579
rs101174	synthetic	1175	A	G	-0.02387406742817448	0.1803611001123792	0.017521330472718893	0.8946930956144364
rs101175	synthetic	1176	A	G	0.036357903314274374	0.1146417936286585	0.10058001971275432	0.7511346949104378
rs101176	synthetic	1177	A	G	0.0016052300159141019	0.10618125992138924	0.00022854872104542638	0.9879381779631364
rs101177	synthetic	1178	A	G	0.15073702726278884	0.10272532507230842	2.153202343351818	0.14227287146692677
rs101178	synthetic	1179	A	G	-0.007599472494849692	0.13598851068628345	0.003122931511687747	0.9554348581532315
rs101179	synthetic	1180	A	G	-0.04963783797174071	0.1093767461611572	0.20595660073344493	0.6499552085279192
rs101180	synthetic	1181	A	G	0.36815228308068443	0.2170986182105162	2.8756821232702205	0.08992686355132455
rs101181	synthetic	1182	A	G	-0.1476569539645197	0.1199212664669112	1.5160565370206764	0.21821723350765845
rs101182	synthetic	1183	A	G	0.09710332261356357	0.11469990934240745	0.7167076363760327	0.39722599216491217
rs101183	synthetic	1184	A	G	0.038922206063155794	0.10727937670821756	0.13163228247694225	0.7167455998122554
rs101184	synthetic	1185	A	G	-0.19647096913343537	0.16433569259466121	1.4293315359027403	0.2318735631484561
rs101185	synthetic	1186	A	G	0.15880761782136246	0.10519594251367663	2.279001884276997	0.1311362428476796
rs101186	synthetic	1187	A	G	0.12375088244237212	0.23101293922033353	0.28696174027762483	0.5921741294537742
rs101187	synthetic	1188	A	G	0.0819333143608346	0.1502742756141455	0.2972704634521577	0.585598676637382
rs101188	synthetic	1189	A	G	0.18719416316618967	0.1297168778993259	2.0825317509054164	0.14899287513271975
rs101189	synthetic	1190	A	G	-0.14754516458625205	0.11419022166759754	1.6695219385931999	0.19632257907664097
rs101190	synthetic	1191	A	G	-0.16960409580954985	0.11391320593552832	2.216789840990984	0.1365166548931042
rs101191	synthetic	1192	A	G	0.04214403381098289	0.11214665920835278	0.14122107789659	0.707070100703586
rs101192	synthetic	1193	A	G	0.05625302256420373	0.10072262213234463	0.31191601867402774	0.5765068128706443
rs101193	synthetic	1194	A	G	-0.09741603301956456	0.11800088763430876	0.6815384026796066	0.40905748358379146
rs101194	synthetic	1195	A	G	0.18767468977712018	0.13955005618376834	1.8086368785523874	0.17867183565853487
rs101195	synthetic	1196	A	G	-0.12735772468039713	0.28367732583606	0.20155860064272157	0.6534657188923993
rs101196	synthetic	1197	A	G	0.21895345707319733	0.11267338479899623	3.776251677863406	0.05198499267286955
rs101197	synthetic	1198	A	G	-0.04011615774438048	0.17105400110235552	0.05500120272337837	0.8145787062045545
rs101198	synthetic	1199	A	G	0.0025529854603620512	0.10312531681383162	0.0006128667940713387	0.9802494702773931
rs101199	synthetic	1200	A	G	0.024126194320821095	0.15215585158564637	0.02514202910673686	0.8740136682723316
rs101200	synthetic	1201	A	G	0.16225585584559463	0.13407827947854098	1.4644815421100725	0.22621840447610747
rs101201	synthetic	1202	A	G	-0.17954692484486093	0.1035215047089933	3.008117460960793	0.0828484589331811
rs101202	synthetic	1203	A	G	0.201949771242257	0.10314053977556159	3.8337865665279276	0.050229336505283766
rs101203	synthetic	1204	A	G	0.0908792291322921	0.10557034765739438	0.7410463382223046	0.38932590472116746
rs101205	synthetic	1206	A	G	0.5162633816691531	0.39522573918485654	1.7062874751327657	0.19146776098184148
rs101206	synthetic	1207	A	G	0.10067704538359129	0.14194695463337376	0.5030472326898529	0.478164245929264
rs101207	synthetic	1208	A	G	0.0487826480756377	0.11584912714269184	0.17731489165642117	0.6736910077347038
rs101208	synthetic	1209	A	G	-0.07625154574798217	0.1725867118894305	0.1952012501026994	0.6586224641183738
rs101209	synthetic	1210	A	G	-0.0895068077720121	0.10479794628376687	0.7294685843555154	0.3930554952240809
rs101210	synthetic	1211	A	G	0.04978588410000225	0.11999891391925319	0.17213049464192348	0.678225269335747
rs101211	synthetic	1212	A	G	-0.09905982455190128	0.19618216191361756	0.2549623636629853	0.613602397247895
rs101212	synthetic	1213	A	G	0.04961844409594941	0.13113650973090285	0.14316572029413427	0.7051539220853269
rs101213	synthetic	1214	A	G	-0.19086019072662577	0.11138118106754895	2.936344923112827	0.08660650562393997
rs101214	synthetic	1215	A	G	-0.20414336743782893	0.20067553975503058	1.0348601633456802	0.3090198823047012
rs101215	synthetic	1216	A	G	0.04980693729264137	0.10898806238922454	0.20884390774507905	0.6476750500760868
rs101216	synthetic	1217	A	G	-0.12026136745600333	0.15379318416401178	0.6114741444228698	0.4342333080245875
rs101217	synthetic	1218	A	G	0.31617952524454324	0.2287124665933728	1.9111193543745573	0.16683897197101347
rs101218	synthetic	1219	A	G	-0.18848135152924653	0.11073403959966517	2.8971733914958544	0.08873502829028208
rs101219	synthetic	1220	A	G	0.36322480888360853	0.17759528530944735	4.183002685798677	0.04083129842738073
rs101220	synthetic	1221	A	G	-0.1134473582205797	0.10631873145302013	1.1385948157629042	0.28594944591054716
rs101221	synthetic	1222	A	G	0.17695348303773117	0.13110902604225597	1.8216001294217987	0.17712292697528428
rs101222	synthetic	1223	A	G	0.00992897437004878	0.11186685949269819	0.007877816985248573	0.9292749783493484
rs101223	synthetic	1224	A	G	-0.2460043559374987	0.1969505741174619	1.560167015530767	0.21164076766198495
rs101224	synthetic	1225	A	G	-0.05706409253882401	0.13552745165496263	0.1772847119216706	0.6737171757748194
rs101225	synthetic	1226	A	G	0.09651397717005955	0.13491815226373843	0.5117285593201639	0.47439153189629
rs101226	synthetic	1227	A	G	0.29801594642253937	0.23196769531768502	1.6505321611396553	0.19888651659599477
rs101227	synthetic	1228	A	G	-0.20560720919227418	0.27992711401327586	0.5394941541013601	0.46264244100785257
rs101228	synthetic	1229	A	G	-0.2471608766846015	0.3828726941737711	0.41672606520082395	0.5185752112677958
rs101229	synthetic	1230	A	G	0.06764061724550459	0.10729002916887148	0.3974627173341471	0.5284025329402671
rs101230	synthetic	1231	A	G	-0.054215517943293705	0.12588639481503713	0.18547681508547598	0.6667081948946033
rs101231	synthetic	1232	A	G	-0.27079749142931725	0.10389304945607548	6.793855196675724	0.00914721605894319
rs101232	synthetic	1233	A	G	0.11387585856815945	0.18425981107203304	0.38194610509934374	0.5365635497609285
rs101233	synthetic	1234	A	G	0.025112195547114535	0.12557089324694085	0.0399936831731429	0.8414929323739053
rs101234	synthetic	1235	A	G	0.022695868037952004	0.1073524694442848	0.044696088394344025	0.8325638475413886
rs101235	synthetic	1236	A	G	0.09095644468721978	0.16988132359994082	0.28666566593290693	0.5923652159985144
rs101236	synthetic	1237	A	G	0.21494981243101408	0.12460124571266433	2.975975643577358	0.08450915834626256
rs101237	synthetic	1238	A	G	0.11175700214546283	0.1145758069098774	0.9514010751536143	0.32936292193886463
rs101238	synthetic	1239	A	G	0.02119154304752117	0.11440963236548517	0.03430836179795899	0.8530524316750385
rs101239	synthetic	1240	A	G	-0.0905083574267974	0.1469792706209083	0.3791972601757422	0.5380331624778865
rs101240	synthetic	1241	A	G	-0.16879191103688507	0.12725321068698217	1.7594047618352397	0.1846987776354914
rs101241	synthetic	1242	A	G	-0.11218944565919033	0.14527408908154624	0.5963863328918583	0.43996013490926666
rs101242	synthetic	1243	A	G	-0.10394036931201675	0.10481098090331921	0.9834560134892202	0.32134705897418336
rs101244	synthetic	1245	A	G	0.04120318532809661	0.13851494171970585	0.08848473124030246	0.7661124169612799
rs101245	synthetic	1246	A	G	0.06640616685109606	0.170176442635376	0.15227126044640896	0.6963742412761375
rs101246	synthetic	1247	A	G	-0.25657550509657734	0.1757178776031132	2.1320554081759915	0.14424721766503504
rs101247	synthetic	1248	A	G	0.07746341337921737	0.11811375121367972	0.4301226716845657	0.5119287612609165
rs101248	synthetic	1249	A	G	0.0938220174579246	0.13828187278217732	0.46034033498031557	0.49746496013111474
rs101249	synthetic	1250	A	G	-0.0007067001085062069	0.11862411286495558	3.549150051255899e-05	0.9952466513199439
rs101250	synthetic	1251	A	G	0.18415634034237766	0.10724625663953523	2.9485538714289334	0.08595444133272369
rs101251	synthetic	1252	A	G	0.1227732583583451	0.17302376951909682	0.5034960006901232	0.4779680243797826
rs101252	synthetic	1253	A	G	-0.07038104855891071	0.10318017686026891	0.4652848691310821	0.4951643844921222
rs101253	synthetic	1254	A	G	0.07609110348961438	0.10454684876083745	0.5297193908520067	0.4667248572761562
rs101254	synthetic	1255	A	G	-0.10152099716414155	0.1549018083396714	0.42953521433140784	0.5122170996363603
rs101255	synthetic	1256	A	G	0.19648078124576293	0.1368219446266783	2.062189803885272	0.15099304768755772
rs101256	synthetic	1257	A	G	-0.04685080403573136	0.12382978153388897	0.14314753818135278	0.7051717689780997
rs101257	synthetic	1258	A	G	-0.16567851383718774	0.11019176752717964	2.2606539181542176	0.13269801766509062
rs101259	synthetic	1260	A	G	0.0406695817057492	0.10490542620519538	0.15029464473306156	0.6982539441516599
rs101260	synthetic	1261	A	G	-0.230689148987166	0.17058602730012595	1.8288050967140486	0.17626874671556872
rs101261	synthetic	1262	A	G	0.12941325213836483	0.14634212621791703	0.782021657926934	0.37652355723018316
rs101262	synthetic	1263	A	G	0.18909688475988945	0.11109632739484046	2.8971390752863404	0.08873691764688607
rs101263	synthetic	1264	A	G	0.016169980211096783	0.13716020391828995	0.013898333625987901	0.9061538707488369
rs101264	synthetic	1265	A	G	0.0811194518724534	0.20302090995694044	0.15964983533170302	0.6894791095847963
rs101265	synthetic	1266	A	G	0.1301161863867998	0.18939108311647387	0.47200173643124615	0.49206771475700406
rs101266	synthetic	1267	A	G	0.11456288227656994	0.10949381786317894	1.094734146582466	0.2954246503617281
rs101267	synthetic	1268	A	G	-0.019679870847371436	0.12153536691629542	0.026220389272251666	0.8713632530763026
rs101268	synthetic	1269	A	G	0.3775979205860703	0.24978596386425164	2.285194272296955	0.13061378627261624
rs101269	synthetic	1270	A	G	0.13169092281007536	0.10523986447535766	1.5658534792157006	0.21081021232466007
rs101270	synthetic	1271	A	G	0.19902353345397292	0.17508903989955926	1.292084576209418	0.2556641449550956
rs101271	synthetic	1272	A	G	-0.08830527963529555	0.12610058486138268	0.49038721444375183	0.4837546277957113
rs101272	synthetic	1273	A	G	0.3035884052118258	0.1527051632703642	3.952418452238018	0.046804056433344725
rs101273	synthetic	1274	A	G	-0.03478221150586812	0.20982802861148117	0.027478143207740408	0.8683416346177797
rs101274	synthetic	1275	A	G	0.08182464418292834	0.10374393566869855	0.6220750910908892	0.43027721287041665
rs101275	synthetic	1276	A	G	0.13418857517222904	0.1131614704887762	1.406157340906897	0.23569534537700387
rs101276	synthetic	1277	A	G	-0.014964196382215744	0.1094271483348158	0.018700647097676427	0.8912281619524097
rs101277	synthetic	1278	A	G	0.07502622591680246	0.282159077033784	0.07070304999236082	0.7903158775301293
rs101278	synthetic	1279	A	G	-0.0868160899312542	0.12063931857167581	0.5178723131185102	0.4717507064921035
rs101279	synthetic	1280	A	G	-0.09678236072364345	0.1319287036013243	0.538162996425621	0.46319503891918656
rs101280	synthetic	1281	A	G	0.05839911221700321	0.1575498562993303	0.13739675229939136	0.7108828317366294
rs101281	synthetic	1282	A	G	-0.07114213175503692	0.12319923517588675	0.3334553776333346	0.563631485555913
rs101282	synthetic	1283	A	G	0.2649103706304693	0.24469700500139627	1.1720350861258617	0.2789834793862304
rs101283	synthetic	1284	A	G	0.07007950563857906	0.13959460088941134	0.25202569225174376	0.6156523232985434
rs101284	synthetic	1285	A	G	0.08928447203708735	0.2062657393659082	0.18736897198053906	0.6651154803011619
rs101285	synthetic	1286	A	G	0.07703460623015676	0.13971532637858342	0.3040070357168293	0.5813812059649198
rs101286	synthetic	1287	A	G	0.2878500472802598	0.15013998051275815	3.6756986595855503	0.05521110993161697
rs101287	synthetic	1288	A	G	-0.09643734174590629	0.17852770029193937	0.29179593681766486	0.589071943750662
rs101289	synthetic	1290	A	G	0.1259344304471493	0.16347957184588463	0.5934197298019673	0.44109976886021585
rs101290	synthetic	1291	A	G	0.009997934365438117	0.10596209565499508	0.008902653793887348	0.924828054417237
rs101291	synthetic	1292	A	G	0.018443678411254782	0.18006689875857282	0.010491251844569047	0.9184179025796082
rs101292	synthetic	1293	A	G	0.08076607433913041	0.1319915148261525	0.37442593454149004	0.5406015835226665
rs101293	synthetic	1294	A	G	0.16555629604826413	0.11058873905634471	2.2411431144015497	0.134381603017132
rs101294	synthetic	1295	A	G	-0.0765644005942149	0.15044061810903925	0.2590141888704019	0.6107982304487684
rs101295	synthetic	1296	A	G	0.14868363905675572	0.15446608969773096	0.9265312225243976	0.3357659098382737
rs101296	synthetic	1297	A	G	0.0012725718511614067	0.22138764106547212	3.3041357317722696e-05	0.9954136561725558
rs101297	synthetic	1298	A	G	0.04947382437932479	0.1194054136953291	0.17167336935889352	0.6786288933588157
rs101298	synthetic	1299	A	G	-0.04871807684561299	0.10033090913451047	0.23578207050200853	0.627269262801927
rs101299	synthetic	1300	A	G	0.2893453222749872	0.3549657872767208	0.6644463783688115	0.4149945793436559
rs101300	synthetic	1301	A	G	0.12734461425661245	0.15181634205342665	0.7035972255473274	0.401577607814964
rs101301	synthetic	1302	A	G	0.04546241577623251	0.10888535904950157	0.17432755692706878	0.6762940644322099
rs101302	synthetic	1303	A	G	-0.20520163647953504	0.12684201822589206	2.617190605171514	0.10571145215382718
rs101303	synthetic	1304	A	G	0.017519098506244456	0.11759844295798302	0.02219322243749041	0.8815742290796446
rs101304	synthetic	1305	A	G	-0.09878649382076958	0.21241232121055983	0.21628964771904893	0.641881680802103
rs101305	synthetic	1306	A	G	0.10020693363187815	0.10670600166821713	0.8818969723292155	0.3476826399392676
rs101306	synthetic	1307	A	G	-0.19289200951064636	0.2469188003029461	0.6102673827052256	0.43468715359441157
rs101307	synthetic	1308	A	G	0.011579158572628288	0.18808609620369515	0.003790012285665581	0.9509107824888647
rs101308	synthetic	1309	A	G	-0.05624003567206006	0.1501176729468525	0.14035488342622382	0.7079284647662514
rs101309	synthetic	1310	A	G	-0.11625839401005589	0.10345407303681507	1.262854892832105	0.26111138935169387
rs101310	synthetic	1311	A	G	-0.09126357822141291	0.10898292132133261	0.7012584291658658	0.40236116663926136
rs101312	synthetic	1313	A	G	0.048240932599496626	0.15107919656170685	0.1019581758700844	0.7494922817670367
rs101313	synthetic	1314	A	G	0.14071419361229792	0.12301739514480246	1.3084066988397343	0.25268333392512443
rs101314	synthetic	1315	A	G	-0.1510485798503423	0.10804614281716327	1.9544058681715957	0.1621128665430204
rs101315	synthetic	1316	A	G	-0.0769272336342884	0.1260514155561013	0.3724472534145544	0.5416733180149966
rs101316	synthetic	1317	A	G	-0.1505864971054037	0.1482854641810407	1.0312759740686814	0.3098591663864186
rs101317	synthetic	1318	A	G	-0.2647639020742974	0.10934068172791736	5.863460333034878	0.015458374192144715
rs101318	synthetic	1319	A	G	-0.14640047033837222	0.28056464156861965	0.2722820855524781	0.6018050220910712
rs101319	synthetic	1320	A	G	-0.05538525563274145	0.130334097805711	0.18058107291988604	0.6708743505355768
rs101320	synthetic	1321	A	G	-0.03251203685825908	0.10352299498822531	0.09863128729114529	0.7534783664502702
rs101321	synthetic	1322	A	G	0.019327940234768394	0.1202708562440726	0.025825595372891752	0.8723269805494279
rs101322	synthetic	1323	A	G	-0.05452780637099397	0.14113896897680248	0.14925956513480543	0.6992439508457702
rs101323	synthetic	1324	A	G	-0.1496696056820319	0.16395709319438442	0.8333104130179041	0.3613170319735307
rs101324	synthetic	1325	A	G	-0.28500974408762797	0.25578366759956883	1.2415773918028439	0.2651672683934798
rs101325	synthetic	1326	A	G	0.07193065965396225	0.10421546482808675	0.47639121736166895	0.49006151011007004
rs101326	synthetic	1327	A	G	0.6624639753323538	0.255918711050399	6.700704303915492	0.009637483466634537
rs101327	synthetic	1328	A	G	0.14073901903729408	0.1076185896588384	1.7102297097088532	0.19095556955334755
rs101328	synthetic	1329	A	G	0.027588098167809195	0.1315439826783697	0.043984691694442676	0.8338820962763576
rs101329	synthetic	1330	A	G	-0.007435726856504002	0.19646242118526	0.0014324777077662047	0.9698088037428266
rs101330	synthetic	1331	A	G	-0.0014656107211783501	0.11080960196854259	0.00017493732315418238	0.9894471773947648
rs101331	synthetic	1332	A	G	0.15338142770932076	0.1116875114829372	1.8859766996316303	0.1696564088201309
rs101332	synthetic	1333	A	G	-0.020160686114491556	0.10997276377488471	0.033607819562562244	0.854543524777272
rs101333	synthetic	1334	A	G	0.1383966497708987	0.15915301018047798	0.7561734762013806	0.38452868273114493
rs101334	synthetic	1335	A	G	-0.05045130570504262	0.2265678786178837	0.04958475187066887	0.8237874179046006
rs101335	synthetic	1336	A	G	0.07169731614968755	0.12602606727528404	0.3236570191027659	0.5694181545106525
rs101336	synthetic	1337	A	G	0.11440900627822428	0.11324236717284912	1.0207104209551554	0.3123505545644631
rs101337	synthetic	1338	A	G	-0.024260654883142177	0.1019507935444744	0.05662703451008712	0.8119087402970298
rs101338	synthetic	1339	A	G	0.06282504749864373	0.10681238201668553	0.34595726136127036	0.556410596502501
rs101339	synthetic	1340	A	G	-0.023511599511321174	0.11740214315392353	0.04010627257655234	0.8412729388930322
rs101340	synthetic	1341	A	G	-0.11492315886127426	0.12586417982290843	0.8337019347724909	0.361204255634337
rs101341	synthetic	1342	A	G	0.03562519200295564	0.11040809022161793	0.10411483898444263	0.7469464535594423
rs101342	synthetic	1343	A	G	0.029596674248246035	0.1032579672892993	0.08215588574821761	0.7743968048539048
rs101343	synthetic	1344	A	G	-0.13949782788771983	0.1927092635232866	0.5239980939585124	0.4691411739113017
rs101344	synthetic	1345	A	G	0.07220358814110084	0.15259822828740868	0.22388169064957508	0.6360980491598727
rs101345	synthetic	1346	A	G	-0.19726642650100776	0.143304883362013	1.8948916182596938	0.16865122578287775
rs101346	synthetic	1347	A	G	0.09991203806704758	0.14545466894818676	0.47182429938523157	0.4921491005835572
rs101347	synthetic	1348	A	G	0.05017791851355377	0.10511126559067394	0.2278907791931975	0.6330922133809402
rs101348	synthetic	1349	A	G	0.026118647089075745	0.10227741696523818	0.06521415209435848	0.798436862725687
rs101349	synthetic	1350	A	G	0.1078028936210676	0.1042459297270038	1.069406014993547	0.3010796514810182
rs101350	synthetic	1351	A	G	0.035197536583229674	0.10929701435647513	0.10370696883915557	0.7474256765889444
rs101351	synthetic	1352	A	G	-0.04966831610226753	0.11222052130715834	0.1958909214752906	0.6580582218698265
rs101352	synthetic	1353	A	G	-0.05218545383062448	0.10106989753744101	0.26659701255971013	0.6056237143307014
rs101353	synthetic	1354	A	G	0.23348292490520525	0.11601343053530269	4.050360808299736	0.044161905084343235
rs101354	synthetic	1355	A	G	0.14015570894925172	0.19025909907900265	0.5426636270172905	0.4613309246665016
rs101355	synthetic	1356	A	G	-0.05963769610107474	0.11806979708949937	0.25513149945539765	0.6134847849307281
rs101356	synthetic	1357	A	G	-0.3131897897348454	0.15356636293763512	4.159326310804823	0.04140586974682299
rs101357	synthetic	1358	A	G	-0.15705207151902978	0.14566396469740137	1.1624735640709543	0.2809531351341409
rs101358	synthetic	1359	A	G	-0.23539579149901083	0.10607099532766766	4.924975789843342	0.026471173051812572
rs101359	synthetic	1360	A	G	-0.07734357318808174	0.12962743811162902	0.35600376285313373	0.5507340637665881
rs101360	synthetic	1361	A	G	0.15251062772358395	0.10148880827933586	2.2582078431178783	0.13290779144134185
rs101362	synthetic	1363	A	G	0.0018802289676187179	0.2881818351871901	4.256849276707654e-05	0.9947942762612069
rs101363	synthetic	1364	A	G	-0.00047653545347196673	0.12752040506948295	1.396468252336282e-05	0.9970183642699961
rs101364	synthetic	1365	A	G	0.08749582622854143	0.1113215744131354	0.6177546076297651	0.4318829136196256
rs101365	synthetic	1366	A	G	0.08106794210858838	0.1204745645408455	0.45280119774185956	0.5010077032764138
rs101366	synthetic	1367	A	G	0.03486577991878925	0.256576558622425	0.018465659256614968	0.8919095000452781
rs101367	synthetic	1368	A	G	0.029704091004869277	0.1180088719795053	0.06335825615735932	0.8012647170672876
rs101369	synthetic	1370	A	G	-0.0594359357438976	0.10749618418121451	0.30571173689803927	0.5803236345798178
rs101370	synthetic	1371	A	G	-0.5454610610913457	0.3761151245310872	2.103225847092999	0.14698874116584645
rs101372	synthetic	1373	A	G	0.09400182369495808	0.1201586576336163	0.6120155019907111	0.43402994572579956
rs101373	synthetic	1374	A	G	0.2520864646661335	0.1740581797475249	2.097539655896992	0.14753637512149065
rs101374	synthetic	1375	A	G	-0.039640736889846345	0.10955725488378473	0.13091854031821396	0.7174815595688672
rs101375	synthetic	1376	A	G	0.15821912238198965	0.10418940569182804	2.3060611582664925	0.12887024367788916
rs101376	synthetic	1377	A	G	0.0892231509147323	0.10508595625825394	0.7208846057877608	0.39585389565183093
rs101377	synthetic	1378	A	G	0.22955712739099352	0.11095728035340506	4.2802580855206624	0.03855749328457258
rs101378	synthetic	1379	A	G	0.11657999918117365	0.13911498005745757	0.7022638291814463	0.40202405880033054
rs101379	synthetic	1380	A	G	-0.0037035284645341817	0.11503617494179635	0.0010364837762556307	0.9743169677105834
rs101380	synthetic	1381	A	G	-0.12997750674174527	0.10626788055267114	1.496002661221994	0.22128744365346964
rs101381	synthetic	1382	A	G	0.005682349010749462	0.12451601537118552	0.0020825976810469105	0.9636007840260797
rs101382	synthetic	1383	A	G	-0.2631806159381926	0.12754615739329866	4.2576802191398295	0.039073244605572106
rs101383	synthetic	1384	A	G	-0.16539668013343894	0.11081283622472779	2.227785817524255	0.13554797247529943
rs101384	synthetic	1385	A	G	-0.17988420337945946	0.2577614986125908	0.4870235459183493	0.4852580452078106
rs101385	synthetic	1386	A	G	0.08700803319384207	0.10927561181983596	0.6339751129347733	0.4259009544575635
rs101386	synthetic	1387	A	G	0.08219875210155142	0.12284268992212051	0.44774610156331596	0.5034072426549792
rs101387	synthetic	1388	A	G	-0.012704660009889639	0.10957700032511562	0.013442723934319561	0.9076979054615624
rs101388	synthetic	1389	A	G	0.03288981479487695	0.10961732380736042	0.09002527689989724	0.7641450237423121
rs101389	synthetic	1390	A	G	0.05966901681633525	0.10662119129306807	0.313192030551981	0.5757280015211701
rs101390	synthetic	1391	A	G	-0.04657044215298843	0.10459963659774336	0.1982258875817919	0.6561566854086159
rs101391	synthetic	1392	A	G	-0.1426492729723176	0.12950507731716326	1.2132925590274104	0.2706810179992049
rs101392	synthetic	1393	A	G	0.24974783753845467	0.17378656447241578	2.0652426123854033	0.1506909450808922
rs101393	synthetic	1394	A	G	0.029755764967026203	0.14106408142705057	0.044494809216463586	0.8329357081300357
rs101394	synthetic	1395	A	G	-0.01603383099290604	0.10840987612862016	0.02187443814069526	0.8824216131263579
rs101395	synthetic	1396	A	G	0.12298848140633573	0.1042711105672326	1.3912362335267683	0.238196440311356
rs101396	synthetic	1397	A	G	-0.08540296310299639	0.19767599627929455	0.1866543026416212	0.6657159236851571
rs101397	synthetic	1398	A	G	0.1288590881396494	0.11839747220351486	1.1845277707454378	0.27643615534373533
rs101398	synthetic	1399	A	G	-0.08072352174069757	0.12606627743764418	0.410017453060016	0.5219606470054897
rs101399	synthetic	1400	A	G	0.09504966098958148	0.10978752538840897	0.7495405827771028	0.38662172396673156
rs101400	synthetic	1401	A	G	0.12189051879063507	0.2078051916854843	0.34405435855128147	0.5574982659598606
rs101401	synthetic	1402	A	G	0.030745275212615813	0.13084458780183142	0.05521349555488368	0.8142277326166407
rs101402	synthetic	1403	A	G	-0.03791101498156571	0.11787280941860762	0.10344358281726036	0.7477356923317817
rs101403	synthetic	1404	A	G	-0.19011344380617332	0.12494371227752256	2.3152444249184367	0.1281111612068495
rs101404	synthetic	1405	A	G	0.1929385360869326	0.49590158201741974	0.15137249542538905	0.6972271879374717
rs101405	synthetic	1406	A	G	-0.013654742119486432	0.11024751380638681	0.015340142579137739	0.9014298226351182
rs101406	synthetic	1407	A	G	-0.08927694852631753	0.12629210716806819	0.499719453699227	0.47962341773180284
rs101407	synthetic	1408	A	G	0.09262311612933653	0.15021067403597324	0.38022195102277884	0.5374844758623882
rs101408	synthetic	1409	A	G	0.015202208058861053	0.1054409491535845	0.0207871395068923	0.8853603405552746
rs101409	synthetic	1410	A	G	0.07014002651188053	0.1384714874096394	0.2565731090835367	0.6124843105652322
rs101410	synthetic	1411	A	G	-0.06930875421236118	0.10463651460470634	0.4387424491920108	0.5077300468783474
rs101412	synthetic	1413	A	G	-0.12494409719634782	0.1275147625489693	0.9600869213857464	0.32716497898250285
rs101413	synthetic	1414	A	G	-0.37507012128308564	0.22283712447304158	2.833021344371678	0.09234448072473785
rs101414	synthetic	1415	A	G	-0.05389155636933033	0.14989164034952718	0.12926668969231786	0.7191935749183016
rs101415	synthetic	1416	A	G	-0.29287537632342625	0.29115347078316023	1.0118631406386336	0.3144569015922044
rs101416	synthetic	1417	A	G	0.14613835888849744	0.1841153954926161	0.6300111585673603	0.4273512208922515
rs101417	synthetic	1418	A	G	0.0359795739509084	0.10577706846671664	0.11569883324246683	0.7337470999320868
rs101418	synthetic	1419	A	G	0.04601661321059755	0.10750891721121886	0.18320626792198513	0.668632181588011
rs101419	synthetic	1420	A	G	0.18746749895537862	0.11635111899402956	2.5960367849364387	0.10713131383342657
rs101420	synthetic	1421	A	G	-0.08492379739227407	0.10849473700100097	0.6126909539799451	0.43377641374093945
rs101421	synthetic	1422	A	G	-0.13059222163386197	0.13423249389523295	0.9464971319958233	0.33061252780230044
rs101422	synthetic	1423	A	G	0.07865299130211656	0.1283983874578555	0.3752419199507266	0.5401607456046421
rs101423	synthetic	1424	A	G	-0.14192293693216249	0.10754660393588454	1.7414530797699637	0.18695481721326734
rs101424	synthetic	1425	A	G	-0.08474694944294846	0.11197792254540946	0.572774053633239	0.4491586823060053
rs101425	synthetic	1426	A	G	0.09041632713110412	0.11505266262353576	0.6175901699660702	0.43194420598983174
rs101426	synthetic	1427	A	G	0.10859976629787112	0.1126747442383304	0.9289762679954178	0.33512908255491347
rs101427	synthetic	1428	A	G	-0.09402559574658766	0.10284359300130194	0.8358680123105016	0.36058120167127805
rs101428	synthetic	1429	A	G	0.09866134836815521	0.10448332331199311	0.8916617510121145	0.3450273861337092
rs101429	synthetic	1430	A	G	0.17089662631450944	0.11450827529713123	2.227374440816226	0.1355840735573899
rs101431	synthetic	1432	A	G	0.11368923494434918	0.10571241769512628	1.1566092919272173	0.2821698549932638
rs101432	synthetic	1433	A	G	-0.1159297735208291	0.11189258365615738	1.073463719182003	0.3001643822887165
rs101433	synthetic	1434	A	G	0.10378757598748703	0.2124835360399471	0.2385833694381086	0.6252311573329195
rs101434	synthetic	1435	A	G	0.08213122619548822	0.10880284589847611	0.569817920262801	0.4503312790856485
rs101435	synthetic	1436	A	G	-0.10263602565324761	0.14445428974103322	0.5048225738198477	0.4773887548144089
rs101436	synthetic	1437	A	G	-0.09019425653686523	0.11613542540801962	0.6031541716419054	0.437377091061269
rs101437	synthetic	1438	A	G	-0.2028767639867567	0.15407120675623484	1.7338904301969362	0.18791481527978374
rs101438	synthetic	1439	A	G	0.2379266542974365	0.1034125772628751	5.293458000535711	0.02140567469806795
rs101439	synthetic	1440	A	G	0.05344158808110012	0.15110361071540485	0.12508609251477393	0.7235823682214486
rs101440	synthetic	1441	A	G	0.19281075459964958	0.10578219457081109	3.322288655565583	0.06834662194129339
rs101441	synthetic	1442	A	G	-0.09990297378354579	0.12859812785059657	0.6035142648158619	0.4372403075894974
rs101442	synthetic	1443	A	G	-0.13428331366355128	0.110697436687404	1.4715294914271253	0.22510452938972553
rs101443	synthetic	1444	A	G	0.1753746846525663	0.11803567541716031	2.2075331159499547	0.1373381315575456
rs101444	synthetic	1445	A	G	-0.003674168177324343	0.15796177770657308	0.0005410208935913642	0.9814429934437163
rs101445	synthetic	1446	A	G	0.009393489163036405	0.1849072640433806	0.002580749976313981	0.9594840283362532
rs101446	synthetic	1447	A	G	-0.08881208309287425	0.10716823423526672	0.686771023549675	0.4072648515832151
rs101447	synthetic	1448	A	G	0.053504656370163786	0.11519652793222059	0.21572693809699897	0.6423152452837715
rs101448	synthetic	1449	A	G	0.019226166449527248	0.10809714647499406	0.03163420585186304	0.8588328673202922
rs101449	synthetic	1450	A	G	-0.13901565072900632	0.12366371663996996	1.263696562948696	0.2609525397708482
rs101450	synthetic	1451	A	G	0.041570503827397055	0.10229601451011157	0.16514033021763455	0.684467366419069
rs101451	synthetic	1452	A	G	-0.03529733871707979	0.13341727584937801	0.0699938346572148	0.7913457570381137
rs101452	synthetic	1453	A	G	-0.0038640761595755344	0.10835978270024153	0.0012716134250904529	0.9715537135498695
rs101453	synthetic	1454	A	G	-0.05510099701031418	0.12134767025116017	0.20618450706752198	0.6497745282046368
rs101454	synthetic	1455	A	G	-0.18534731449519382	0.34051865546882465	0.2962721137452357	0.5862289644960896
rs101455	synthetic	1456	A	G	-0.027774276743079425	0.11241346800980448	0.061044820995739095	0.804852114727718
rs101456	synthetic	1457	A	G	0.07827443781676614	0.10563545140567372	0.5490609146718423	0.45870165792568385
rs101457	synthetic	1458	A	G	0.1058259852475482	0.1124155312415813	0.8862005324486629	0.3465090086487502
rs101458	synthetic	1459	A	G	0.06341436152440483	0.10352891371589727	0.3751905870382967	0.5401884588875805
rs101459	synthetic	1460	A	G	0.0735074669741195	0.10312523338049284	0.5080810837878257	0.4759707221658961
rs101460	synthetic	1461	A	G	0.08277446502725117	0.13622213969487657	0.36923033123501703	0.5434241027114546
rs101461	synthetic	1462	A	G	-0.09542968263620362	0.10139489582386867	0.8857981570135165	0.3466185132875045
rs101462	synthetic	1463	A	G	-0.3274464635416477	0.12021748350032219	7.418999526217222	0.006453869162499709
rs101463	synthetic	1464	A	G	-0.2368729477188171	0.13505572773864366	3.0761316228184525	0.07944928458728627
rs101464	synthetic	1465	A	G	0.06791961557418677	0.10489686350712495	0.4192426263196648	0.5173152010991937
rs101465	synthetic	1466	A	G	-0.15551134591101373	0.10258832702819519	2.2978848670775562	0.1295503079350889
rs101466	synthetic	1467	A	G	-0.06870204066050445	0.1036399693479256	0.4394249606517773	0.5074001330016426
rs101467	synthetic	1468	A	G	0.1153331165337967	0.1019390230975133	1.2800505505119482	0.25788963649263047
rs101468	synthetic	1469	A	G	0.17634863937033132	0.23887171372106974	0.545022932071594	0.4603584829385452
rs101469	synthetic	1470	A	G	-0.23423990264955505	0.22829648389219273	1.0527453026086715	0.30487566520697124
rs101470	synthetic	1471	A	G	-0.18585854762099524	0.1839832822006132	1.0204890607433703	0.3124030306563745
rs101471	synthetic	1472	A	G	-0.008029079793278913	0.1259633724226474	0.004062964137214744	0.9491761514180513
rs101472	synthetic	1473	A	G	0.07390057000904092	0.10939450451476972	0.45635684111255825	0.49933154847157146
rs101473	synthetic	1474	A	G	0.015362649904373533	0.1251220682405711	0.015075247054863804	0.9022802844969507
rs101474	synthetic	1475	A	G	-0.08225335736070179	0.10202735183202527	0.6499411559286453	0.4201337186242322
rs101475	synthetic	1476	A	G	-0.07357116909532739	0.12845292729489213	0.32804037756170196	0.5668152694623865
rs101476	synthetic	1477	A	G	0.4283862821147902	0.17250155380722387	6.167158183604793	0.013014350170980444
rs101477	synthetic	1478	A	G	0.18286959830398153	0.11592335658523087	2.4885199477106443	0.11467952391125778
rs101478	synthetic	1479	A	G	-0.03722251795919471	0.11230241861982618	0.10985840188257673	0.740305400838089
rs101479	synthetic	1480	A	G	-0.009119966255846528	0.10628431224397544	0.007362886904047199	0.931619630326499
rs101480	synthetic	1481	A	G	-0.2749276040546762	0.12836604330713666	4.587080742573528	0.03221383643519099
rs101481	synthetic	1482	A	G	-0.03001628985917123	0.1493215603373883	0.040408151360149094	0.8406846646257796
rs101482	synthetic	1483	A	G	-0.08656732723124556	0.10565133912169695	0.6713639317981844	0.41257648217130827
rs101483	synthetic	1484	A	G	0.20643087332313462	0.23261046942434682	0.7875729370947739	0.37483502641664634
rs101484	synthetic	1485	A	G	0.006830802995480952	0.15371258646675368	0.0019748070078875503	0.9645546336955225
rs101485	synthetic	1486	A	G	-0.06876533442180804	0.10489113429338157	0.42979519414047046	0.5120894604617524
rs101486	synthetic	1487	A	G	-0.37669419371695634	0.1962232483214692	3.6853346509767726	0.054892954911831826
rs101487	synthetic	1488	A	G	0.08245549200743732	0.1018659419243497	0.6552109762432413	0.41825575746481203
rs101488	synthetic	1489	A	G	-0.12436784338047611	0.10126786926056897	1.5082483622088112	0.21940656542843265
rs101489	synthetic	1490	A	G	-0.15681902190387761	0.15250596596657692	1.0573622830809795	0.3038175588564561
rs101490	synthetic	1491	A	G	-0.057532398254332075	0.11956169910779053	0.23154787502939717	0.6303784701797963
rs101491	synthetic	1492	A	G	-0.07844269262795292	0.13899749126876565	0.31848652481293666	0.5725186107844744
rs101492	synthetic	1493	A	G	0.0015930839996289837	0.12971037491597442	0.00015084395900564446	0.9902007439829544
rs101493	synthetic	1494	A	G	-0.10918528462835468	0.1558227715249588	0.49098290585790694	0.48348918000818086
rs101494	synthetic	1495	A	G	-0.01975073604124703	0.10170103894986389	0.037715145774062694	0.8460162473947987
rs101495	synthetic	1496	A	G	0.23502850823594348	0.3396146159002833	0.4789259208372701	0.4889092335377856
rs101496	synthetic	1497	A	G	0.0711711095153235	0.132803542099442	0.2872024599477888	0.5920188623279273
rs101497	synthetic	1498	A	G	0.12184618987886449	0.11174711628212414	1.1889162348151128	0.2755482735999275
rs101498	synthetic	1499	A	G	0.056378303080574385	0.16259229833667463	0.1202331041490302	0.7287818067169102
rs101499	synthetic	1500	A	G	0.08429453015733786	0.11308333528486868	0.5556503220911742	0.4560181222143187
rs101500	synthetic	1501	A	G	0.07851019085945397	0.16661531296373075	0.22203540948199502	0.6374933957336921
rs101501	synthetic	1502	A	G	0.01028244429385348	0.10430278293298788	0.009718538030275555	0.9214696496283975
rs101502	synthetic	1503	A	G	-0.015040711063083656	0.12041144449581147	0.015602751945069743	0.9005940287775709
rs101503	synthetic	1504	A	G	0.11590405182734215	0.10427033437651938	1.2355937546939442	0.26632193765470996
rs101504	synthetic	1505	A	G	-0.014591442829676681	0.11079361773773667	0.017344707829431323	0.8952221325811621
rs101505	synthetic	1506	A	G	-0.07357910253039168	0.11437004172650378	0.4138895043658718	0.5200019190733149
rs101506	synthetic	1507	A	G	-0.059013701470515156	0.10326303664994724	0.32659980904191543	0.5676681364950487
rs101507	synthetic	1508	A	G	0.07202424011787854	0.1251262137544205	0.3313300022793696	0.5648769820708401
rs101508	synthetic	1509	A	G	-0.18393426200145332	0.2765251330058618	0.44244169608502204	0.5059463009662892
rs101509	synthetic	1510	A	G	-0.21919076005639243	0.2563620063143086	0.7310333022077631	0.3925484599589749
rs101510	synthetic	1511	A	G	0.03540745660858294	0.13130605160917785	0.07271432529638369	0.7874249609354984
rs101511	synthetic	1512	A	G	0.12312275561634263	0.17944696926423184	0.47076525078373244	0.4926353279284039
rs101512	synthetic	1513	A	G	0.19253642560506787	0.11927936608632429	2.6055245237313485	0.10649191847376861
rs101513	synthetic	1514	A	G	-0.028148149496635206	0.10799530536016921	0.06793443132442593	0.7943683324459697
rs101514	synthetic	1515	A	G	0.05813484538905291	0.12114262572320617	0.23029212030423768	0.6313073102540163
rs101515	synthetic	1516	A	G	-0.05876337315998827	0.1535546886386231	0.14644929026950942	0.7019519027015378
rs101516	synthetic	1517	A	G	0.4539200947323454	0.16066330309203786	7.982252017972676	0.004723814288179107
rs101517	synthetic	1518	A	G	0.007642582697001663	0.11852391700522955	0.004157845064944241	0.9485869532465462
rs101518	synthetic	1519	A	G	-0.11668952598008113	0.10448980416100673	1.2471420449754451	0.2640990340109914
rs101519	synthetic	1520	A	G	0.05159183427430794	0.10888942895393028	0.22448663872762437	0.6356423850288595
rs101520	synthetic	1521	A	G	0.11067172480690067	0.10326326536708945	1.1486339504671426	0.28383529427150384
rs101521	synthetic	1522	A	G	-0.03190365309186286	0.12230999310856976	0.06803884697568753	0.7942139134218832
rs101522	synthetic	1523	A	G	0.19198713005702747	0.10707216819340162	3.2150744845442594	0.07296287053566645
rs101523	synthetic	1524	A	G	0.07944847321165693	0.10874800795983058	0.5337384506892608	0.4650393638923962
rs101524	synthetic	1525	A	G	0.379841955179304	0.12344882024262403	9.467427274769047	0.0020915249799979
rs101525	synthetic	1526	A	G	0.09037765004907358	0.15811953735048198	0.32670141824892673	0.5676078985551584
rs101526	synthetic	1527	A	G	-0.15210405060660007	0.1245115027100116	1.4923222362059139	0.22185650109034016
rs101527	synthetic	1528	A	G	-0.1979974302027828	0.21743955150828143	0.829167020462892	0.3625135043419784
rs101529	synthetic	1530	A	G	0.0003752087133340713	0.1537182410355633	5.957924809434153e-06	0.9980524566235109
rs101530	synthetic	1531	A	G	0.0616238643926574	0.13744621046820285	0.20101678258248434	0.6539013771791495
rs101533	synthetic	1534	A	G	0.09309681599977782	0.12141864491138392	0.5878938169690845	0.4432347242586655
rs101534	synthetic	1535	A	G	0.03541766819067206	0.13956144935202408	0.06440342856426434	0.7996668342434833
rs101535	synthetic	1536	A	G	0.08816143940250236	0.11011302272120221	0.641032391679624	0.4233372002923582
rs101536	synthetic	1537	A	G	0.14440457294534575	0.12043074501016833	1.4377624833015328	0.23050176270889275
rs101537	synthetic	1538	A	G	-0.15395917350745186	0.12684085252300187	1.47330559239712	0.22482486905540203
rs101538	synthetic	1539	A	G	0.010989484427550754	0.22588639628867466	0.002366870420086168	0.9611978303834824
rs101539	synthetic	1540	A	G	0.2433910351073239	0.10657736765838396	5.2152985716914095	0.022389002197926867
rs101540	synthetic	1541	A	G	0.04714283201699186	0.1212068273364773	0.15127848616084105	0.6973165729629722
rs101541	synthetic	1542	A	G	-0.07831522248972574	0.13096891623120868	0.35756574353188547	0.5498612771300057
rs101542	synthetic	1543	A	G	-0.15408430206329624	0.1555363373118968	0.9814158232635617	0.32184951201505146
rs101543	synthetic	1544	A	G	-0.00048169991628507585	0.21475545754978712	5.031120544671558e-06	0.998210333705827
rs101544	synthetic	1545	A	G	0.13430515257801093	0.13938878244180813	0.928388388507406	0.3352820517520942
rs101545	synthetic	1546	A	G	0.17692863097422806	0.10586742318059063	2.7930039456893074	0.09467659745718415
rs101546	synthetic	1547	A	G	-0.21837172945926453	0.26205242728127115	0.6944107793554218	0.4046681508672252
rs101547	synthetic	1548	A	G	-0.006399971511519095	0.10591969540160892	0.0036509226780454063	0.9518188478718933
rs101548	synthetic	1549	A	G	-0.052117340019613156	0.10637530792337326	0.24003956077724228	0.6241775433525709
rs101549	synthetic	1550	A	G	0.03206720902138222	0.15905612311571454	0.04064634883414345	0.8402220985802306
rs101550	synthetic	1551	A	G	-0.1246051552501416	0.12765780321246445	0.9527463375266028	0.32902122455849986
rs101551	synthetic	1552	A	G	0.023255389521287733	0.20352481583134996	0.013056070772914966	0.9090291816387862
rs101552	synthetic	1553	A	G	-0.2615710948201071	0.10666592832774205	6.013510386678534	0.01419675733658408
rs101553	synthetic	1554	A	G	0.4269454468342587	0.3481797848893938	1.5036185242448237	0.22011543123901775
rs101554	synthetic	1555	A	G	0.6092973461671441	0.2934682700637658	4.310585553540347	0.03787592230923066
rs101555	synthetic	1556	A	G	-0.11228032631688961	0.2067933287089577	0.29480461932510127	0.5871579408497646
rs101556	synthetic	1557	A	G	0.10473921442333654	0.10593205134584524	0.9776060031131256	0.32279056096311504
rs101557	synthetic	1558	A	G	0.026555623544161897	0.10271549106032353	0.06684071905822084	0.7959934843053513
rs101558	synthetic	1559	A	G	0.036934494976672186	0.12971112589321676	0.08107927788712177	0.7758401002068985
rs101559	synthetic	1560	A	G	0.028403049752715667	0.11224727085305453	0.06402924311516034	0.8002373009212103
rs101560	synthetic	1561	A	G	-0.033448261860587206	0.10768926773310492	0.09647221753486068	0.7561049015570273
rs101561	synthetic	1562	A	G	0.00167960177635924	0.12521026111059008	0.00017994210975975626	0.9892972978098371
rs101562	synthetic	1563	A	G	-0.023666028516008616	0.10186765532503561	0.05397319739409149	0.8162884516382357
rs101563	synthetic	1564	A	G	0.028415697360370192	0.11935204004666325	0.05668353727037842	0.8118166832609989
rs101564	synthetic	1565	A	G	-0.06027097548948228	0.18392508775800614	0.10738274396420228	0.7431437484783521
rs101565	synthetic	1566	A	G	-0.08113865724463915	0.23610992919624357	0.11809380904234523	0.7311111738535641
rs101566	synthetic	1567	A	G	-0.02415275997816754	0.1561200427328306	0.023934050776705056	0.8770528337687928
rs101567	synthetic	1568	A	G	-0.07889834480385613	0.12315748167723983	0.41040645688447736	0.5217632759778297
rs101568	synthetic	1569	A	G	0.05372197921516084	0.10217400536069624	0.2764541868712954	0.5990347426237375
rs101569	synthetic	1570	A	G	0.041450671418213555	0.1272561724968391	0.10609756721722119	0.7446315081899872
rs101570	synthetic	1571	A	G	0.32296586071788946	0.12622512012727286	6.546688083460706	0.01050795789298087
rs101571	synthetic	1572	A	G	0.09266320253249145	0.10736095725599916	0.7449409720842184	0.3880826911201435
rs101572	synthetic	1573	A	G	0.0975059671366496	0.11899631994780974	0.6714216287281759	0.4125564012632341
rs101573	synthetic	1574	A	G	-0.08153138286594935	0.11678650688446572	0.4873761573573208	0.4851000809630036
rs101574	synthetic	1575	A	G	0.045522595670286915	0.11665082733056742	0.15229245509448802	0.6963541621592689
rs101575	synthetic	1576	A	G	0.08110878630880251	0.10893323258543235	0.5543895336293514	0.4565296592239392
rs101576	synthetic	1577	A	G	0.10360764773464146	0.1400850015159834	0.5470164027648103	0.4595393594520306
rs101577	synthetic	1578	A	G	0.02105604140745035	0.10659787200565365	0.03901722534469035	0.8434145414512428
rs101578	synthetic	1579	A	G	0.06445748995901314	0.19998315986268547	0.10388669422083406	0.7472143820462871
rs101580	synthetic	1581	A	G	0.043321871786628385	0.11238018002083575	0.1486055325828808	0.6998715388249216
rs101581	synthetic	1582	A	G	0.01700813613630538	0.11183569398278642	0.023128771877181445	0.8791226832489089
rs101582	synthetic	1583	A	G	-0.09362237442328829	0.16040342418983256	0.3406685426025748	0.5594435804470913
rs101583	synthetic	1584	A	G	-0.10780320040862439	0.1281608421304365	0.707542616738625	0.4002608125991074
rs101584	synthetic	1585	A	G	-0.18502710799735658	0.2788155757558374	0.4403891985916678	0.5069346655843776
rs101585	synthetic	1586	A	G	-0.14168187177138966	0.11225107545462853	1.5931165536230967	0.2068814297951328
rs101586	synthetic	1587	A	G	-0.004367860816877857	0.1042015143301061	0.001757071850201167	0.9665645128030481
rs101587	synthetic	1588	A	G	-0.19712235058842273	0.10577675743840616	3.4728916906766387	0.062382168687672386
rs101588	synthetic	1589	A	G	0.1542786181140907	0.12797402153753695	1.4533420689704397	0.2279924454487825
rs101589	synthetic	1590	A	G	0.12845909669571784	0.1297263974176608	0.9805573792327243	0.3220612369459412
rs101590	synthetic	1591	A	G	-0.1447553506126812	0.11333672215434816	1.6312779088955598	0.20152638688396646
rs101591	synthetic	1592	A	G	0.19820657863476437	0.1630183830674879	1.4783013298223882	0.22404048423753173
rs101592	synthetic	1593	A	G	0.17581459470087804	0.10984522191941784	2.5618134797093184	0.10947294219631637
rs101593	synthetic	1594	A	G	-0.09407113285324771	0.11204474569328775	0.7049036472269374	0.40114088697223904
rs101594	synthetic	1595	A	G	-0.08820630920699082	0.13234467562758623	0.4442079768340298	0.5050984055290704
rs101595	synthetic	1596	A	G	0.029906853941257694	0.12739875576777732	0.0551075478501753	0.814402801730135
rs101596	synthetic	1597	A	G	-0.05676772688415756	0.12249067526377927	0.21478153957939555	0.643045219576414
rs101597	synthetic	1598	A	G	0.08666931375148121	0.14532517867595304	0.35567143281880004	0.5509200944595922
rs101598	synthetic	1599	A	G	0.05145026019253846	0.1351746000590111	0.1448721696185047	0.7034846680529181
rs101599	synthetic	1600	A	G	-0.18508145008624668	0.16645550415194488	1.2363159323859572	0.26618224657970674
rs101600	synthetic	1601	A	G	-0.09052912359438749	0.10689551091822536	0.7172287622580372	0.39705443253216843
rs101601	synthetic	1602	A	G	-0.09358678860846852	0.10610463813938849	0.777965526217171	0.37776407723760697
rs101602	synthetic	1603	A	G	0.23402428349315707	0.1839625838835555	1.6183142066094878	0.20332700769524917
rs101603	synthetic	1604	A	G	0.11392107485727924	0.11558584520380746	0.971401660980692	0.32433085733336126
rs101604	synthetic	1605	A	G	0.07946207046509667	0.2833780189880286	0.07862984758008497	0.7791628570747718
rs101605	synthetic	1606	A	G	-0.07910680296030007	0.11908157175016644	0.4413046970562968	0.5064934049875418
rs101606	synthetic	1607	A	G	-0.08281488902877523	0.10275927866449852	0.6494934183201123	0.42029385394121965
rs101607	synthetic	1608	A	G	0.23513567066107688	0.24031446570752973	0.9573642533964948	0.3278518468321772
rs101608	synthetic	1609	A	G	-0.07460152844701852	0.13207202210029553	0.31906105472453755	0.5721724637516408
rs101609	synthetic	1610	A	G	0.2143188870915758	0.2542578962127917	0.7105129409843892	0.39927358050497386
rs101610	synthetic	1611	A	G	0.053514190854451166	0.13370711614552652	0.16018759558690931	0.688983860839411
rs101611	synthetic	1612	A	G	0.18627630834518213	0.10627182503389827	3.072408564506151	0.07963140966441352
rs101612	synthetic	1613	A	G	0.08244203678104427	0.10834353367074173	0.5790171577091603	0.4466978217784806
rs101613	synthetic	1614	A	G	-0.12062948415880141	0.14281117484714362	0.7134812384766387	0.3982905419170175
rs101614	synthetic	1615	A	G	0.023902829676159115	0.12887684326759702	0.034399240506770526	0.8528601556748598
rs101615	synthetic	1616	A	G	0.07817384327434054	0.10051011092550634	0.6049276323274423	0.4367040635448145
rs101616	synthetic	1617	A	G	-0.2741991723268456	0.20339866016199729	1.8173396564054132	0.17763027132453946
rs101617	synthetic	1618	A	G	0.08613968140527807	0.1072320364714993	0.6452936843480469	0.42180035290242657
rs101618	synthetic	1619	A	G	-0.05811887249882532	0.1235536747399837	0.22127025043124915	0.6380737511381172
rs101619	synthetic	1620	A	G	0.01644703597321806	0.38860569254740657	0.0017912531550791293	0.9662410518997583
rs101621	synthetic	1622	A	G	-0.0420974537493319	0.10797904705765962	0.15199618099842596	0.6966349887430193
rs101622	synthetic	1623	A	G	-0.11565386293821668	0.2436115414780789	0.22538477035281274	0.6349672712979264
rs101623	synthetic	1624	A	G	0.1174607841367507	0.11813445858553066	0.9886273047450643	0.32007810477712195
rs101624	synthetic	1625	A	G	-0.3128242083567733	0.14351481073361708	4.751243223769571	0.02927713517813744
rs101625	synthetic	1626	A	G	0.21331753082688923	0.12342899604091044	2.98688638377165	0.0839414262324916
rs101626	synthetic	1627	A	G	-0.0889842408795525	0.19144335552170505	0.21604568869692545	0.6420695654901656
rs101627	synthetic	1628	A	G	-0.014814104280774665	0.2027727201236248	0.0053374244493564205	0.9417602189481646
rs101628	synthetic	1629	A	G	-0.09302763174863192	0.11468596010077414	0.6579659522547264	0.41727895832663087
rs101629	synthetic	1630	A	G	0.05078661491978588	0.13957872660710435	0.13239148993510652	0.71596523354574
rs101630	synthetic	1631	A	G	0.24217784741106277	0.17472719735269165	1.9210904261397042	0.16573650226486838
rs101631	synthetic	1632	A	G	-0.011201023371660635	0.10972802549651696	0.010420301335823771	0.9186932732097877
rs101632	synthetic	1633	A	G	-0.17887413335287086	0.14029266122902673	1.6256429997721586	0.2023067435809419
rs101633	synthetic	1634	A	G	0.1663107390567733	0.12712688331049843	1.71145619346677	0.19079654580361824
rs101635	synthetic	1636	A	G	0.2799451136967441	0.11055961441859191	6.411398218267555	0.011339009178521023
rs101636	synthetic	1637	A	G	-0.07952571424793446	0.11370318417070177	0.4891813630307292	0.4842927070478005
rs101637	synthetic	1638	A	G	-0.1561884568517457	0.11949265482054591	1.7085018282527868	0.19117986605030302
rs101639	synthetic	1640	A	G	0.010662591071452654	0.10458665215165747	0.01039376718259911	0.918796499908037
rs101640	synthetic	1641	A	G	0.16106400219589156	0.10225710285998696	2.480904258416164	0.11523598329287178
rs101641	synthetic	1642	A	G	0.006633128257379818	0.1626433895222201	0.0016632746047606087	0.9674686818244984
rs101642	synthetic	1643	A	G	0.0030949486409715156	0.11462139542116592	0.0007290805464230461	0.9784585443740841
rs101643	synthetic	1644	A	G	-0.07414895555108707	0.10836395276684838	0.4682096920031336	0.4938119489012729
rs101644	synthetic	1645	A	G	-0.22749488320318312	0.10918028297323644	4.34165024723408	0.03719085935423003
rs101645	synthetic	1646	A	G	0.07401593724224786	0.1268293879834454	0.34057337426154305	0.5594984462806023
rs101646	synthetic	1647	A	G	-0.09897975237256375	0.12928517525083674	0.5861317794056987	0.4439188460402467
rs101647	synthetic	1648	A	G	0.016103103875114416	0.14214016517244096	0.012834695135776555	0.9098003964968426
rs101648	synthetic	1649	A	G	0.059255394567609664	0.10209562794062628	0.33685383762234544	0.5616509005311703
rs101649	synthetic	1650	A	G	0.09516068386513912	0.11281738091424036	0.7114806322358836	0.3989527156781305
rs101650	synthetic	1651	A	G	0.28892859893503126	0.218787095652584	1.7439645669845272	0.18663727292961513
rs101651	synthetic	1652	A	G	-0.058008043293180725	0.10934883034875653	0.2814155871127844	0.5957748884411729
rs101652	synthetic	1653	A	G	0.02349665897148173	0.1032111580691882	0.05182734066869246	0.8199135337076442
rs101653	synthetic	1654	A	G	0.06088917131761558	0.11044127980815946	0.3039605807817494	0.581410079998201
rs101654	synthetic	1655	A	G	-0.1165190900061938	0.17138248184911406	0.4622333888463232	0.4965820415827098
rs101655	synthetic	1656	A	G	-0.10656187786386392	0.11103234035431245	0.9210956732477339	0.3371874486272123
rs101656	synthetic	1657	A	G	0.07975725742588706	0.12804071058986863	0.3880112091514136	0.5333466513848408
rs101657	synthetic	1658	A	G	0.09380530527942801	0.10920633553162704	0.7378347976642256	0.39035535361134044
rs101658	synthetic	1659	A	G	-0.11519145028498241	0.16678108574204495	0.4770313252514697	0.48977009032562235
rs101659	synthetic	1660	A	G	-0.2707930993587174	0.1853522712498178	2.1344174447440647	0.14402516762874687
rs101660	synthetic	1661	A	G	-0.12995573669527993	0.11648110787776796	1.2447436680497195	0.2645587879991903
rs101661	synthetic	1662	A	G	-0.22101778917600035	0.1444089615714902	2.342427568418191	0.12589323014934264
rs101662	synthetic	1663	A	G	-0.11489681272928448	0.10145848533513772	1.2824463735949612	0.2574446685972208
rs101663	synthetic	1664	A	G	-0.04171620631480815	0.10453133074819744	0.1592636463891127	0.6898353662156544
rs101664	synthetic	1665	A	G	-0.23168948861559818	0.27524300049706846	0.7085656502720159	0.39992039284873615
rs101665	synthetic	1666	A	G	0.1439276793395716	0.16661277158604154	0.7462289064556071	0.3876728140797828
rs101666	synthetic	1667	A	G	0.3480241371739118	0.23435970212705176	2.205224740400183	0.13754384726090343
rs101669	synthetic	1670	A	G	0.018523301951146445	0.11017475282442266	0.028266539444728192	0.8664837166074365
rs101670	synthetic	1671	A	G	0.06188067441432091	0.10267515576691945	0.36322801367139435	0.5467189220870794
rs101671	synthetic	1672	A	G	-0.06722890198527612	0.10592443255481815	0.4028280872172675	0.5256323173533196
rs101672	synthetic	1673	A	G	-0.1984171159533049	0.12196293977420758	2.646686471840965	0.10376598548381928
rs101673	synthetic	1674	A	G	0.2079310063939864	0.13080976420530402	2.5267262109471433	0.11193223022352772
rs101674	synthetic	1675	A	G	0.09635125559580732	0.11427901364121833	0.710856257047461	0.3991597017939533
rs101675	synthetic	1676	A	G	0.197360181677799	0.10410619342415754	3.5938995834634286	0.05799201046457962
rs101676	synthetic	1677	A	G	-0.014146859657532623	0.11201131744292842	0.015951307226782035	0.8994956557232584
rs101677	synthetic	1678	A	G	-0.19033329606166755	0.12570265335208725	2.2926652429755707	0.12998654200467236
rs101678	synthetic	1679	A	G	0.11161722579573485	0.12083697858150017	0.8532233515405144	0.35564206371986107
rs101679	synthetic	1680	A	G	0.12506147573323795	0.15171828386171435	0.6794715151824268	0.4097687653634753
rs101680	synthetic	1681	A	G	0.19210369905303862	0.1333620764619186	2.07494580149324	0.14973525870145307
rs101681	synthetic	1682	A	G	-0.7478306735422429	0.4203083390836775	3.1657056817159885	0.07519993012192414
rs101682	synthetic	1683	A	G	0.07972861505146281	0.1099459107637233	0.5258601704169644	0.46835254885577593
rs101683	synthetic	1684	A	G	0.07606628372640493	0.22978559404855692	0.10958189389750563	0.7406206465708773
rs101684	synthetic	1685	A	G	-0.03481803194317392	0.18112531256741485	0.036953037512647814	0.8475606934531641
rs101685	synthetic	1686	A	G	-0.03293339751686104	0.13938487019498744	0.055826680174104144	0.8132179638560528
rs101686	synthetic	1687	A	G	0.04791720901504518	0.1107730842168077	0.18711755447039044	0.6653265583913806
rs101687	synthetic	1688	A	G	0.011798436835797609	0.10287243032269867	0.013153791199200368	0.9086908574016558
rs101688	synthetic	1689	A	G	0.0025064411843098346	0.13202384452107455	0.00036042116454251827	0.9848532618797103
rs101689	synthetic	1690	A	G	0.09500119956604516	0.1257472247509513	0.5707702918434296	0.4499529852049302
rs101691	synthetic	1692	A	G	0.03609404380528876	0.10975664378224226	0.10814574713897855	0.7422651325187988
rs101694	synthetic	1695	A	G	0.03465393316106278	0.11225462504283731	0.0953008073219332	0.7575434383697573
rs101695	synthetic	1696	A	G	-0.11124302098466225	0.10658317154271177	1.08935208827426	0.2966148097370057
rs101696	synthetic	1697	A	G	0.05163967221687543	0.15147150733795645	0.11622647311703901	0.7331637784959208
rs101697	synthetic	1698	A	G	-0.07535831332649838	0.10863005927125013	0.48124065141353234	0.4878608893281997
rs101698	synthetic	1699	A	G	0.26042564231170306	0.3061617587864493	0.7235450884134295	0.394983512190352
rs101699	synthetic	1700	A	G	-0.16555882708418632	0.1392275229241634	1.4140165384381882	0.23439076772671072
rs101700	synthetic	1701	A	G	0.041813063972361515	0.10610577686753415	0.15529087136682113	0.6935296341331649
rs101701	synthetic	1702	A	G	0.14776856179465353	0.11588085136868158	1.626075619593427	0.20224670586829252
rs101702	synthetic	1703	A	G	0.11761158139352183	0.1379852791470527	0.7264984063790864	0.39402055128080493
rs101703	synthetic	1704	A	G	-0.07592896005053898	0.19853476183523577	0.14626546120167566	0.7021300732296286
rs101704	synthetic	1705	A	G	0.035651550541926695	0.10878782802359119	0.10739800977832958	0.7431261357016505
rs101705	synthetic	1706	A	G	-0.3593253623291921	0.23117406117115502	2.416003389279429	0.12010099381776738
rs101706	synthetic	1707	A	G	-0.18881869844091603	0.24210574486770445	0.6082467675725598	0.43544869778916506
rs101707	synthetic	1708	A	G	-0.10801147196611839	0.10689454629174595	1.0210068897028592	0.31228029110334005
rs101708	synthetic	1709	A	G	0.07460089715034221	0.11189876239601824	0.44446496584559153	0.5049752419767981
rs101709	synthetic	1710	A	G	0.3598463626733734	0.14850109096533648	5.871849908504079	0.01538487660269338
rs101710	synthetic	1711	A	G	-0.17644974834427476	0.15692318401006497	1.264351603314289	0.2608289959236088
rs101711	synthetic	1712	A	G	0.06725582006482406	0.1005829162163919	0.4471068245873679	0.5037120889432041
rs101712	synthetic	1713	A	G	-0.010571256404222412	0.1178771773658041	0.00804254977923211	0.9285412996585728
rs101713	synthetic	1714	A	G	-0.06565454582652139	0.16540618419818098	0.15755279680872245	0.6914196642724861
rs101714	synthetic	1715	A	G	-0.022228365179741732	0.12286451986968551	0.032731210737405425	0.8564321829697275
rs101715	synthetic	1716	A	G	-0.21194751764181366	0.11133442802455894	3.624079401438031	0.056949070966921415
rs101716	synthetic	1717	A	G	0.10653219444778819	0.16610036350211063	0.41135859925073354	0.5212807383241043
rs101717	synthetic	1718	A	G	-0.101447993679089	0.12459812972899752	0.6629242074990417	0.41552948237435683
rs101718	synthetic	1719	A	G	-0.06330059974116899	0.11934651036719286	0.2813171439145845	0.5958392107703144
rs101719	synthetic	1720	A	G	0.08882636371583168	0.12407318545048027	0.5125401629839863	0.4740413016962294
rs101720	synthetic	1721	A	G	-0.06086035136278154	0.12802979118550498	0.22596794513492385	0.6345297886047889
rs101721	synthetic	1722	A	G	-0.1811119891534408	0.1904968429109628	0.9038967728019054	0.3417389876057544
rs101722	synthetic	1723	A	G	-0.12755964231741138	0.11007770529080538	1.3428510727747471	0.2465318009670647
rs101723	synthetic	1724	A	G	0.13226407556162553	0.10994409923999152	1.447237978210051	0.2289716598291179
rs101724	synthetic	1725	A	G	0.11293559678033785	0.16260913152342038	0.4823606165951112	0.4873549955623494
rs101725	synthetic	1726	A	G	0.021117888626821457	0.10957325975750302	0.03714426990569313	0.8471716118758505
rs101726	synthetic	1727	A	G	0.03494441288879734	0.11737276953962061	0.088638172134693	0.7659156292421493
rs101727	synthetic	1728	A	G	0.023327533755665382	0.17365852655406977	0.018044523967074153	0.8931417050312206
rs101728	synthetic	1729	A	G	-0.11041258513963711	0.11815226089178517	0.873279134898739	0.3500491022795368
rs101729	synthetic	1730	A	G	0.07713853034906556	0.12373495467428816	0.3886493212990302	0.533010231497763
rs101730	synthetic	1731	A	G	-0.13622956700553623	0.10179615107113897	1.7909358803240483	0.1808121768161036
rs101731	synthetic	1732	A	G	-0.023282950006949823	0.1005005112236903	0.05367097309468967	0.8167943605291541
rs101732	synthetic	1733	A	G	-0.04747568830025721	0.13798647956918797	0.118377583508691	0.730800836105552
rs101733	synthetic	1734	A	G	0.37803911886644903	0.2046497591927522	3.4123298762020915	0.06471102117519896
rs101734	synthetic	1735	A	G	0.004702750505338203	0.11235439567039633	0.001751958204866183	0.9666131738278043
rs101735	synthetic	1736	A	G	-0.186233935093787	0.11486804236535529	2.6285679030951274	0.10495634194560065
rs101736	synthetic	1737	A	G	-0.35415726748042264	0.1828758575430831	3.750417055801461	0.05279433706934114
rs101737	synthetic	1738	A	G	0.05100354435450471	0.1449676103582584	0.12378235881462314	0.7249678796264569
rs101738	synthetic	1739	A	G	0.1431824775951786	0.2412823516444392	0.35215076167570797	0.5528981538814506
rs101739	synthetic	1740	A	G	-0.06923455403744297	0.10964940342054394	0.39868808064904554	0.5277675654864831
rs101740	synthetic	1741	A	G	0.06279839819319748	0.1010175243492544	0.3864592356368841	0.5341664745197385
rs101741	synthetic	1742	A	G	-0.04828835606400775	0.256664870781889	0.03539581996952957	0.8507686546523354
rs101742	synthetic	1743	A	G	0.19665212636557358	0.12661884838442228	2.4121292495648516	0.12039850484298986
rs101743	synthetic	1744	A	G	0.2531655531860714	0.18895713370709014	1.7950751784126218	0.1803090239082807
rs101744	synthetic	1745	A	G	-0.16045903144820525	0.19784352031842256	0.6577860679518459	0.4173426342643787
rs101745	synthetic	1746	A	G	0.09935828954128642	0.12733581241408182	0.6088454796957575	0.43522283885406376
rs101746	synthetic	1747	A	G	-0.05387174715184744	0.1379527287777962	0.15249708086980152	0.6961603891432544
rs101747	synthetic	1748	A	G	0.1270658329854371	0.10756722603966365	1.3953965261080195	0.23749586541232814
rs101748	synthetic	1749	A	G	-0.24123124859052256	0.13502717412832896	3.1917199036478676	0.07401210516465526
rs101749	synthetic	1750	A	G	-0.05390149808872265	0.13288215044986984	0.16453881907813994	0.6850116543960871
rs101750	synthetic	1751	A	G	0.3055034495433006	0.21559083986367975	2.00803661696069	0.15646769940150945
rs101751	synthetic	1752	A	G	-0.08641230637110217	0.11225035763538406	0.5926192121196486	0.4414080692075981
rs101752	synthetic	1753	A	G	0.28897116054843797	0.13132693729665693	4.841738972184381	0.027778869126058994
rs101753	synthetic	1754	A	G	0.08192495530356148	0.11970623978173421	0.4683805458117427	0.4937331380671359
rs101754	synthetic	1755	A	G	-0.1064320508091466	0.16470092953752183	0.4175925677660781	0.5181407570392036
rs101755	synthetic	1756	A	G	0.04893861660546909	0.155054359408899	0.09961744873040525	0.7522891943255939
rs101756	synthetic	1757	A	G	-0.14432859999400902	0.12828435186445747	1.2657776680371196	0.260560283534316
rs101757	synthetic	1758	A	G	-0.03036344238315324	0.1518353406031138	0.03999044880854748	0.8414992568994837
rs101758	synthetic	1759	A	G	0.1316345011439117	0.10213070281705948	1.6612187441972712	0.19743885178707024
rs101759	synthetic	1760	A	G	0.20196190199473293	0.10598117435220678	3.6314615404859683	0.056697006007770355
rs101760	synthetic	1761	A	G	0.2743768175040833	0.22118828638567276	1.5387589103752322	0.2148026334271341
rs101761	synthetic	1762	A	G	0.008551375328046645	0.11341956646293591	0.0056845484334769126	0.9398996859191362
rs101762	synthetic	1763	A	G	-0.121688553904606	0.1370164907057511	0.7887761675398146	0.3744704422541191
rs101763	synthetic	1764	A	G	0.12369929598069414	0.10292679451700341	1.4443670106636497	0.22943396844143785
rs101764	synthetic	1765	A	G	0.004066415873476432	0.10650402614248664	0.001457778473208696	0.9695434770686484
rs101765	synthetic	1766	A	G	-0.42317069134443236	0.24942530532106003	2.8783933122359366	0.08977555748440959
rs101766	synthetic	1767	A	G	0.11028448871740605	0.10378124613669797	1.1292526178616322	0.287934812984967
rs101767	synthetic	1768	A	G	0.05870418862398493	0.15920367982258504	0.13596651813712757	0.7123242290919687
rs101768	synthetic	1769	A	G	0.1207520519469705	0.10499987751820732	1.3225480332766777	0.2501352698958833
rs101769	synthetic	1770	A	G	-0.04526957162748374	0.10514249783517386	0.18537714506525832	0.6667923582801136
rs101770	synthetic	1771	A	G	0.11657214479794174	0.11692816868309593	0.9939196538032373	0.3187862601869253
rs101771	synthetic	1772	A	G	0.15040391297059055	0.11720009262079906	1.6468815363700668	0.19938390264256015
rs101772	synthetic	1773	A	G	0.0013895051057685524	0.10668288776462632	0.0001696409781647145	0.9896081428872968
rs101773	synthetic	1774	A	G	-0.20672572077292342	0.16433592850371223	1.5824280907738046	0.20841129303075903
rs101774	synthetic	1775	A	G	0.053292195620982356	0.15635116704673135	0.1161782879470589	0.7332169872297944
rs101775	synthetic	1776	A	G	0.010792765213919376	0.15129130230497784	0.005089059592730681	0.9431290351657671
rs101776	synthetic	1777	A	G	-0.10802491171093172	0.12899089350853463	0.7013418230233525	0.4023331892759031
rs101777	synthetic	1778	A	G	0.07302566471713719	0.11424188201992821	0.4086018602855974	0.5226800001736198
rs101778	synthetic	1779	A	G	-0.0118302893056068	0.19112552414009035	0.0038313634483745835	0.9506440534963498
rs101779	synthetic	1780	A	G	0.014626792641175645	0.12065502858239334	0.014696277892307078	0.9035102838357075
rs101780	synthetic	1781	A	G	-0.2572476923685196	0.11824600622294852	4.732929252009575	0.029590448815825048
rs101781	synthetic	1782	A	G	0.00187709155524076	0.11473326157679728	0.0002676653981979142	0.9869468056656804
rs101782	synthetic	1783	A	G	0.07006795466603515	0.10238400555944423	0.4683544465885569	0.4937451756575867
rs101783	synthetic	1784	A	G	0.032417504138628726	0.12834455066922681	0.06379759131616558	0.8005913563744302
rs101784	synthetic	1785	A	G	-0.024350724766233223	0.10357240064714587	0.05527588423218477	0.8141247238090175
rs101785	synthetic	1786	A	G	0.13124617341833114	0.17415815925193287	0.5679180193106962	0.45108742811762814
rs101786	synthetic	1787	A	G	0.10370789600395126	0.1223458143861184	0.7185308425458629	0.39662624263328383
rs101787	synthetic	1788	A	G	-0.08499643479593633	0.34493129285405316	0.06072062407490961	0.8053605688875259
rs101788	synthetic	1789	A	G	0.15019914868745807	0.11020096269331675	1.8576511698525056	0.17289613386725813
rs101789	synthetic	1790	A	G	-0.18267962370039986	0.11594078701021134	2.4826055878942963	0.11511141347129294
rs101790	synthetic	1791	A	G	0.08778070215538218	0.16662194957723866	0.27754517232016407	0.5983147303010248
rs101791	synthetic	1792	A	G	0.04940838593412805	0.194236471955943	0.06470528748633443	0.7992079175998845
rs101792	synthetic	1793	A	G	-0.11316439187831488	0.18625985927294333	0.36913144853187985	0.5434780841158882
rs101794	synthetic	1795	A	G	0.03937273288686651	0.11238593265459837	0.12273465692834412	0.7260872534837376
rs101795	synthetic	1796	A	G	-0.012949731034501494	0.1011882959408075	0.016378002458472717	0.8981675150176373
rs101796	synthetic	1797	A	G	-0.01577275857574245	0.11072714401136413	0.020291171204097035	0.8867268753691411
rs101797	synthetic	1798	A	G	-0.2598987451570249	0.1887051932276163	1.8968835084592761	0.16842756879581522
rs101798	synthetic	1799	A	G	-0.02316118765343256	0.11452989134855478	0.04089629389111823	0.8397382334017818
rs101799	synthetic	1800	A	G	0.1241223300126091	0.10336250126475419	1.4420284161756178	0.22981138049348573
rs101800	synthetic	1801	A	G	0.09099468900594047	0.18144766619809916	0.25149497776733726	0.6160243793409879
rs101801	synthetic	1802	A	G	-0.32518592303012306	0.23154125637855721	1.9724531805305867	0.16018771128736597
rs101802	synthetic	1803	A	G	0.005236223770458075	0.11391985092099832	0.0021126987718416016	0.9633388612470125
rs101803	synthetic	1804	A	G	0.25919555756071727	0.30569490571769653	0.7189169192920081	0.39649940919340176
rs101804	synthetic	1805	A	G	-0.16457020021444602	0.1456879398591785	1.2760132698279623	0.2586416183840575
rs101805	synthetic	1806	A	G	-0.10514508944213984	0.11153981048831703	0.8886242997790624	0.34585038203939844
rs101806	synthetic	1807	A	G	0.08388204519156547	0.12637309540082273	0.4405840542512678	0.5068406918956234
rs101807	synthetic	1808	A	G	0.23276177008607257	0.10825169678881183	4.6233191879543165	0.031540149271263425
rs101808	synthetic	1809	A	G	-0.021934803177066985	0.11265876952665878	0.03790857649842602	0.8456268337903716
rs101809	synthetic	1810	A	G	0.09929525056666987	0.1542706647674143	0.41427645400175894	0.519806887978872
rs101810	synthetic	1811	A	G	-0.025150274456295585	0.148267694482569	0.028773479856482848	0.8653031147168608
rs101811	synthetic	1812	A	G	-0.019357054684117213	0.10602343636404701	0.033333030639608054	0.8551327910691107
rs101812	synthetic	1813	A	G	0.12372534834190052	0.1699361091535443	0.5300856279969701	0.4665708619255269
rs101813	synthetic	1814	A	G	-0.02120604109598275	0.1943616442720394	0.011904141169338864	0.9131183362686658
rs101814	synthetic	1815	A	G	0.0060215956493907576	0.10631802425665618	0.0032078155163208786	0.9548338977287437
rs101815	synthetic	1816	A	G	-0.20698728571082833	0.19837088596525784	1.088758285732148	0.29674649641858775
rs101816	synthetic	1817	A	G	0.00045881684925230197	0.11110783683378511	1.705255000497524e-05	0.9967051663478622
rs101817	synthetic	1818	A	G	0.10156256892819622	0.15948774600933313	0.4055204070325106	0.5242519716458328
rs101818	synthetic	1819	A	G	0.411651689528293	0.19665796274160285	4.381640405282581	0.03632801898295303
rs101819	synthetic	1820	A	G	-0.000864693365006983	0.10766973323759917	6.449662346575644e-05	0.9935922747388413
rs101820	synthetic	1821	A	G	0.07439817004348948	0.10699408577154237	0.48350944538095164	0.4868369677010981
rs101821	synthetic	1822	A	G	-0.004757364353647206	0.11274018697122434	0.0017806367270548171	0.9663411825692028
rs101822	synthetic	1823	A	G	-0.09927353695336535	0.11156417265531904	0.7918036373815658	0.373555301811176
rs101823	synthetic	1824	A	G	0.09555927597684076	0.10015160255318188	0.910395065802805	0.3400096178694491
rs101824	synthetic	1825	A	G	0.005620956450870799	0.116793461035815	0.0023162390768267068	0.9616147720044638
rs101825	synthetic	1826	A	G	-0.20979935473657849	0.10364414951969748	4.097497638322121	0.04294673236528219
rs101826	synthetic	1827	A	G	-0.04744030275973564	0.11717601985288104	0.1639145175255265	0.6855777913333609
rs101827	synthetic	1828	A	G	-0.15154420461032578	0.1058076990402532	2.051370591411387	0.1520692379280571
rs101828	synthetic	1829	A	G	0.1171982774065801	0.2448771813082584	0.22905818840655262	0.6322230485590397
rs101829	synthetic	1830	A	G	0.13332512326117632	0.20996344739116965	0.4032149239904632	0.5254335895116653
rs101830	synthetic	1831	A	G	0.1608993023238833	0.12809597208517334	1.577747041007069	0.20908551272570608
rs101831	synthetic	1832	A	G	-0.010920762984087538	0.11144781293395839	0.009602025671038029	0.9219402924583358
rs101832	synthetic	1833	A	G	0.09906135374601135	0.10462347052918355	0.8964999566993521	0.34372193822868113
rs101833	synthetic	1834	A	G	0.003724495967454907	0.16753691936817589	0.0004942127732729578	0.9822637715809901
rs101834	synthetic	1835	A	G	-0.10660915310696396	0.21671088800979385	0.24200677444831376	0.6227604588263291
rs101835	synthetic	1836	A	G	0.009474990563889226	0.10218704100441967	0.008597376085464374	0.926124389690999
rs101836	synthetic	1837	A	G	-0.3435710986442234	0.1772299851911491	3.758017904594483	0.052554842906132125
rs101837	synthetic	1838	A	G	-0.046369982720566146	0.10248167213607468	0.20472998859973732	0.6509297220885288
rs101838	synthetic	1839	A	G	-0.04677409820935246	0.1849882936302925	0.06393259808414348	0.8003849297265097
rs101839	synthetic	1840	A	G	-0.06260577547143778	0.10583931294621059	0.34989261385272996	0.5541739250531541
rs101840	synthetic	1841	A	G	0.07548693325632069	0.10236944620578095	0.5437544902279077	0.46088089557298506
rs101842	synthetic	1843	A	G	-0.05843684131893726	0.10285342452707395	0.3228018043671984	0.5699287083530534
rs101843	synthetic	1844	A	G	0.24071732540818214	0.13359029583113613	3.246869813687774	0.07155999605658166
rs101844	synthetic	1845	A	G	-0.10858298998234053	0.14258295647156152	0.5799470738812311	0.4463330670273431
rs101845	synthetic	1846	A	G	0.14654156422269674	0.11774243490619905	1.5490149899919012	0.21328091394476442
rs101846	synthetic	1847	A	G	0.12637112084913577	0.18501812210937538	0.4665166385158443	0.49459405762250686
rs101847	synthetic	1848	A	G	0.1384411884332713	0.12023583546359301	1.325753513327112	0.24956207946147574
rs101848	synthetic	1849	A	G	0.11053498593878695	0.16978531850291012	0.4238373770624083	0.5150284518836814
rs101849	synthetic	1850	A	G	-0.018992063830086496	0.1511104426637356	0.015796299769810434	0.8999825969130313
rs101850	synthetic	1851	A	G	-0.21476800305610255	0.15850721487595262	1.835866461092342	0.17543619700965377
rs101851	synthetic	1852	A	G	-0.13464751202058595	0.15163603446307472	0.788482083408309	0.3745595051096262
rs101852	synthetic	1853	A	G	-0.17189804139893397	0.14897404728357372	1.3314370052387616	0.248549733901488
rs101853	synthetic	1854	A	G	-0.013870224674542523	0.1309709896932807	0.011215451801872901	0.9156592898525908
rs101854	synthetic	1855	A	G	0.0694676174265305	0.13780994337357555	0.25409943489389936	0.6142032170823641
rs101855	synthetic	1856	A	G	0.025957431879552805	0.10269949812404164	0.06388322073138247	0.8004604012549354
rs101856	synthetic	1857	A	G	0.01585431208374543	0.10613693851510086	0.022313191504292892	0.88125694285235
rs101857	synthetic	1858	A	G	-0.016503556437451834	0.14887171939969546	0.012289399907523552	0.9117292956655952
rs101858	synthetic	1859	A	G	-0.12275421151007303	0.12091229026273079	1.0306991245716146	0.30999451997692756
rs101859	synthetic	1860	A	G	-0.1634320777196403	0.10863661188104745	2.2631960623421095	0.1324803968425595
rs101860	synthetic	1861	A	G	-0.027262382201439395	0.12443246876589716	0.048002092410111226	0.8265769817366606
rs101861	synthetic	1862	A	G	-0.19648503324695496	0.1187452496946565	2.737955966468443	0.09799003544742196
rs101862	synthetic	1863	A	G	-0.2088732362665332	0.10951191340332285	3.6378338295834127	0.05648037481733391
rs101863	synthetic	1864	A	G	-0.20052871377821832	0.16703263130130022	1.4412870714827763	0.2299311778327057
rs101864	synthetic	1865	A	G	-0.19588872081406822	0.11858762934785712	2.7286013262137976	0.0985655709650295
rs101865	synthetic	1866	A	G	0.19413880133951722	0.11198189474929669	3.0055853460285515	0.08297800017881984
rs101866	synthetic	1867	A	G	0.07529803110586747	0.10514332814625627	0.512865872881843	0.4739008664735245
rs101867	synthetic	1868	A	G	0.19549156331289125	0.11343301716932676	2.970141031216851	0.08481446006747907
rs101869	synthetic	1870	A	G	-0.17806847770107634	0.112847338858979	2.4899547097854233	0.11457502162184396
rs101870	synthetic	1871	A	G	0.2470979956372565	0.28864612490058583	0.7328363151234185	0.39196537046578694
rs101871	synthetic	1872	A	G	0.15521944508590155	0.317502114997219	0.23900060907270315	0.6249288610739314
rs101872	synthetic	1873	A	G	0.07299204730769744	0.12804200076843125	0.3249721821329915	0.5686347561362592
rs101873	synthetic	1874	A	G	0.0239032223534299	0.1744472744886956	0.018775198000705418	0.8910129166986782
rs101874	synthetic	1875	A	G	0.009471532148724465	0.1557234969453625	0.00369940756193714	0.9515003677625771
rs101875	synthetic	1876	A	G	0.03435572495220593	0.10797102240134307	0.10124738303126465	0.7503378297607793
rs101876	synthetic	1877	A	G	-0.14057638900103958	0.13502332214189414	1.0839448547461565	0.2978167382826148
rs101877	synthetic	1878	A	G	-0.20707516429073944	0.20866454325402126	0.9848241981062363	0.32101068448834136
rs101878	synthetic	1879	A	G	-0.3368120173953785	0.14386124733026326	5.481349753279355	0.01922041215599854
rs101879	synthetic	1880	A	G	0.08835147277594582	0.11575327435798476	0.5825873051549595	0.4452999631636043
rs101880	synthetic	1881	A	G	-0.16691168040145424	0.10780512936349908	2.3971466786377054	0.12155678454589514
rs101881	synthetic	1882	A	G	0.11935858629978964	0.1303331939967996	0.8386818719297033	0.3597740283910802
rs101882	synthetic	1883	A	G	0.03773665123056344	0.10697436688849855	0.12444208137039284	0.7242657554661986
rs101883	synthetic	1884	A	G	0.10279607279515221	0.13900463815234518	0.5468830503525973	0.4595940822902608
rs101884	synthetic	1885	A	G	0.06825496420994069	0.12808041643981638	0.2839899848712097	0.5940978851775677
rs101885	synthetic	1886	A	G	-0.0715608838393104	0.2268456352198469	0.09951545591705838	0.752411882458011
rs101886	synthetic	1887	A	G	0.10522465207782411	0.17311730900612757	0.3694485884260056	0.5433049881835317
rs101887	synthetic	1888	A	G	-0.072733307817572	0.10451255904089472	0.48431700146753615	0.4864733720774246
rs101888	synthetic	1889	A	G	0.027116154841144303	0.10849142517301645	0.06246911910683474	0.8026351175314432
rs101889	synthetic	1890	A	G	-0.13720235312358078	0.10742778402124366	1.6311349189433664	0.2015461451648322
rs101890	synthetic	1891	A	G	-0.04780652125694611	0.11971765474870952	0.15946224865454567	0.6896520945249762
rs101891	synthetic	1892	A	G	-0.041910727803234564	0.13777777405849836	0.09253202730633796	0.7609825528930758
rs101892	synthetic	1893	A	G	-0.0744913644704204	0.21561087065088688	0.11936322719409262	0.7297261496664138
rs101893	synthetic	1894	A	G	0.05883666665579859	0.14735458308914412	0.15942955146007298	0.6896822586436903
rs101894	synthetic	1895	A	G	0.06146380299344317	0.16837241425639882	0.13325913133110515	0.7150765075285609
rs101895	synthetic	1896	A	G	-0.09739410814032845	0.1389492930574344	0.491306700318913	0.48334499371598705
rs101896	synthetic	1897	A	G	0.12786541081666364	0.12549397913935298	1.038150641185127	0.3082519742145367
rs101897	synthetic	1898	A	G	0.3852144502163202	0.3227872965076559	1.4242042296619803	0.2327126451639337
rs101898	synthetic	1899	A	G	0.04079285732574913	0.13930065206531128	0.08575549421585776	0.7696441538487168
rs101899	synthetic	1900	A	G	-0.10830512126295479	0.13395483828119656	0.6537040522010565	0.41879148894721063
rs101900	synthetic	1901	A	G	0.15420681490909233	0.12397011664746604	1.5472949724383063	0.21353522087318227
rs101901	synthetic	1902	A	G	-0.012933911931292133	0.15325882231459048	0.007122112524196541	0.9327442831563314
rs101902	synthetic	1903	A	G	0.196722507965591	0.14807691747617008	1.7649539344790066	0.1840078042857599
rs101903	synthetic	1904	A	G	0.01241245329248832	0.19445135082633155	0.0040746782921125616	0.9491030369534414
rs101904	synthetic	1905	A	G	0.23820790568783348	0.13546981314161663	3.091913091506976	0.07868225168826119
rs101905	synthetic	1906	A	G	0.12839231629540765	0.13804078526286154	0.8650938518457054	0.3523171283310528
rs101907	synthetic	1908	A	G	-0.14630975554172349	0.2008999021589807	0.5303799754575794	0.46644715372778467
rs101908	synthetic	1909	A	G	-0.18159937115270247	0.10749512750902973	2.8539812936625566	0.09114796273383305
rs101909	synthetic	1910	A	G	-0.08680929915960771	0.10414128004317982	0.6948429847013424	0.4045219708177511
rs101910	synthetic	1911	A	G	-0.014721859662533155	0.12716608932975018	0.013402404311265919	0.9078358149781645
rs101911	synthetic	1912	A	G	0.39784473374056295	0.20025595542717134	3.946902029824368	0.04695774095188369
rs101912	synthetic	1913	A	G	0.04187021447062527	0.11482995186888537	0.13295357063975505	0.7153891187493001
rs101913	synthetic	1914	A	G	-0.07173980468813926	0.19343466280573696	0.13754720773006066	0.7107316987736849
rs101914	synthetic	1915	A	G	-0.045492691461575224	0.11314155143267698	0.1616735608844647	0.687620360948866
rs101915	synthetic	1916	A	G	-0.10893945208856877	0.11671851132768792	0.871145893592022	0.35063827211225196
rs101916	synthetic	1917	A	G	0.08361189105062097	0.12281267916659344	0.46349993834174735	0.4959927988951299
rs101917	synthetic	1918	A	G	0.016657625393037525	0.10647538358223664	0.024475284894177683	0.8756816470829609
rs101918	synthetic	1919	A	G	0.46343928243677984	0.13812232961193352	11.257913222910545	0.0007928429207856476
rs101919	synthetic	1920	A	G	0.012917920921449161	0.2235820418464358	0.0033381927321672147	0.9539261830602669
rs101920	synthetic	1921	A	G	-0.22204402372430396	0.11203167378996341	3.928226565878276	0.0474819917463746
rs101921	synthetic	1922	A	G	0.08863697693478555	0.12063777711217172	0.539837709956607	0.4624999924821158
rs101922	synthetic	1923	A	G	0.21051784469093784	0.14268899259076867	2.1766915256709067	0.14011538300070556
rs101923	synthetic	1924	A	G	0.06544932525156659	0.12922999852791628	0.25649781410090616	0.6125364776338345
rs101924	synthetic	1925	A	G	0.23608925625073499	0.13714790453815862	2.963289588303429	0.08517449161454242
rs101925	synthetic	1926	A	G	0.18780692583704808	0.11108322343416444	2.8584214379190898	0.09089666031253689
rs101926	synthetic	1927	A	G	0.05817488648262756	0.11431536589920699	0.2589774006151121	0.6108235661354249
rs101927	synthetic	1928	A	G	0.12324369586547881	0.12012148257043447	1.0526598526033226	0.3048952932886618
rs101928	synthetic	1929	A	G	0.18225684789189497	0.09976965072642006	3.337112180702383	0.06773338885200128
rs101929	synthetic	1930	A	G	0.0066872364898273775	0.12159950972182186	0.003024333751634007	0.9561432893869123
rs101930	synthetic	1931	A	G	-0.0843394350875821	0.10829007426595239	0.6065743931360328	0.43608053476178343
rs101931	synthetic	1932	A	G	0.1450717529184352	0.10889857675329226	1.7746851277351974	0.1828033188134134
rs101932	synthetic	1933	A	G	-0.20441975570895984	0.11749929861757115	3.0267404548466255	0.08190240086801152
rs101934	synthetic	1935	A	G	0.0068826835056438945	0.1382723098391346	0.002477679702868487	0.9603006558380703
rs101935	synthetic	1936	A	G	-0.12997174922167062	0.12296347385923043	1.1172379515683835	0.29051397266383994
rs101936	synthetic	1937	A	G	0.5045134573688858	0.396566444299	1.6185032785324236	0.20330061036495928
rs101937	synthetic	1938	A	G	0.191172482419681	0.10339478044087229	3.418641249661904	0.06446405084428453
rs101938	synthetic	1939	A	G	0.017421414993506044	0.1061886248968303	0.026916021004285876	0.8696831009665574
rs101939	synthetic	1940	A	G	0.06748048812230836	0.11102627671827112	0.3694067943306565	0.5433277937082095
rs101940	synthetic	1941	A	G	0.05476043777267716	0.10439847119798609	0.27513481261816175	0.5999079102617546
rs101941	synthetic	1942	A	G	0.03902176139248864	0.11816156746811514	0.10905893468600862	0.7412180792254173
rs101942	synthetic	1943	A	G	0.18401230178304742	0.10637025251088465	2.992632136832546	0.08364410820837705
rs101943	synthetic	1944	A	G	-0.27516836749994283	0.16982498271758809	2.625390179815652	0.10516665037829297
rs101944	synthetic	1945	A	G	0.18503905671972756	0.1023658545264401	3.267507396545286	0.07066491662339379
rs101945	synthetic	1946	A	G	-0.023376464025892177	0.13405237937229622	0.030409451382553115	0.8615644270333697
rs101946	synthetic	1947	A	G	0.007968668154205398	0.10967254670518456	0.0052792913032471064	0.9420776889789252
rs101947	synthetic	1948	A	G	-0.04005652917947768	0.14742214284508154	0.07382801511967658	0.7858426187195122
rs101948	synthetic	1949	A	G	0.09587685333394488	0.17312556659085057	0.3066938933574122	0.5797160661075773
rs101949	synthetic	1950	A	G	0.07988075107128544	0.11513263193177276	0.48137930300779475	0.48779821244824617
rs101950	synthetic	1951	A	G	0.03119967585932106	0.11597949926383347	0.07236652280428561	0.7879217832400582
rs101951	synthetic	1952	A	G	-0.05211916822313383	0.10454732948250924	0.24852441751367912	0.6181160021228153
rs101952	synthetic	1953	A	G	0.027559203732561852	0.12155922805191419	0.051399330690437346	0.8206459808158392
rs101953	synthetic	1954	A	G	0.11025483138764858	0.10361649708560296	1.132237269785263	0.2872986278897991
rs101954	synthetic	1955	A	G	-0.36016425528123325	0.3848586892658457	0.8757872630297177	0.34935811608816036
rs101955	synthetic	1956	A	G	-0.015769635096515248	0.16429572791539213	0.009212780974026415	0.9235338893785632
rs101956	synthetic	1957	A	G	0.0667307822273688	0.1983633113670237	0.11316958736438996	0.7365640637586155
rs101957	synthetic	1958	A	G	-0.5521283705365579	0.2866589990091814	3.7097869309585474	0.05409429589030069
rs101958	synthetic	1959	A	G	0.10475019096635549	0.11759416595394602	0.7934838546252866	0.37304875896287626
rs101961	synthetic	1962	A	G	0.12466988937295181	0.10029877341680209	1.5450121686967497	0.21387329304951522
rs101962	synthetic	1963	A	G	0.15114919679866992	0.1088145219706561	1.92946973320601	0.1648164704189433
rs101963	synthetic	1964	A	G	0.005799377472764327	0.1451644427659087	0.001596034415295152	0.9681326702080267
rs101964	synthetic	1965	A	G	0.060957853409900446	0.17814604010919852	0.11708654314871522	0.7322161053932825
rs101965	synthetic	1966	A	G	-0.09651664909732514	0.18833112024520507	0.2626396503554397	0.6083124518361827
rs101966	synthetic	1967	A	G	-0.20141426862978792	0.17545585947706857	1.3177854698182607	0.2509898766343434
rs101967	synthetic	1968	A	G	-0.10272160044849249	0.1155328631277625	0.7905193088954677	0.3739431440872668
rs101968	synthetic	1969	A	G	-0.03600418667209546	0.1363042879987726	0.0697729318588845	0.7916676781658095
rs101969	synthetic	1970	A	G	0.11432906433546233	0.11457215267028877	0.9957610911853892	0.3183383782259601
rs101970	synthetic	1971	A	G	-0.0420448611229449	0.15170234900753649	0.07681415075778396	0.7816621209166155
rs101971	synthetic	1972	A	G	0.2367586909022475	0.23236480581102506	1.0381764183103914	0.30824596832531226
rs101972	synthetic	1973	A	G	-0.08349742566291896	0.103922301042681	0.6455481829313959	0.421708831526696
rs101973	synthetic	1974	A	G	0.10120592625703449	0.11110503564021812	0.8297445373904421	0.3623464090770042
rs101974	synthetic	1975	A	G	-0.03622874955070493	0.1683581806127398	0.046306103830012144	0.8296203324951524
rs101975	synthetic	1976	A	G	0.16403953025625082	0.10448683345461086	2.4647558063339865	0.11642579523997867
rs101976	synthetic	1977	A	G	-0.031707668062488724	0.30432489565998405	0.010855595255340585	0.9170184205111803
rs101977	synthetic	1978	A	G	-0.11008164686681074	0.11000972552289938	1.0013079726118987	0.31699422362793206
rs101978	synthetic	1979	A	G	-0.18493408328926422	0.23588349273433945	0.6146654724133196	0.43303656559381265
rs101979	synthetic	1980	A	G	-0.05880286620093421	0.10670805598248516	0.3036704789986275	0.5815904576755715
rs101980	synthetic	1981	A	G	0.051173725750505626	0.11858159722485291	0.18623421950832308	0.6660695015116704
rs101981	synthetic	1982	A	G	-0.09373578115176376	0.14271759326135897	0.4313758015688935	0.5113146344732749
rs101982	synthetic	1983	A	G	0.03423887757365823	0.10271751375208577	0.11110920506953596	0.7388848382981753
rs101983	synthetic	1984	A	G	-0.050440822318181866	0.10843760728098954	0.21637369618416782	0.6418169808475029
rs101985	synthetic	1986	A	G	-0.07083323634823822	0.10658672509180087	0.4416395237516952	0.5063321867882817
rs101986	synthetic	1987	A	G	0.42414494627369304	0.25403529365084365	2.7876643229064344	0.09499259190349571
rs101987	synthetic	1988	A	G	-0.037202064982136206	0.13280332340616138	0.07847226845207257	0.7793785200792905
rs101988	synthetic	1989	A	G	-0.05031759091742543	0.10591450704815972	0.22569855650469073	0.6347317909167098
rs101989	synthetic	1990	A	G	-0.17118064333552932	0.1082958675244436	2.4985355847673154	0.11395221333670424
rs101990	synthetic	1991	A	G	0.09050072731280734	0.10270420378449857	0.776475395769784	0.3782212612647934
rs101991	synthetic	1992	A	G	0.3248872617991395	0.30484994901523965	1.1357771162223527	0.2865464157483207
rs101992	synthetic	1993	A	G	0.06064295870347746	0.11085082677440082	0.29928358022884144	0.5843319005345953
rs101993	synthetic	1994	A	G	0.030171127100778624	0.15982901163313362	0.035634596137855426	0.8502720823844991
rs101994	synthetic	1995	A	G	-0.12657254388130407	0.13691099210950883	0.8546777192259374	0.3552323929355522
rs101995	synthetic	1996	A	G	-0.17083445295627728	0.10583261835707505	2.6056245696877482	0.1064851985471477
rs101996	synthetic	1997	A	G	-0.07540994052607722	0.11031060895537813	0.46732889294127966	0.4942185759930422
rs101997	synthetic	1998	A	G	-0.04588640824334617	0.11207313489341521	0.16763515063575538	0.6822221331299739
rs101998	synthetic	1999	A	G	-0.05997448148491722	0.12658604100979343	0.22447158280307983	0.6356537164533532
rs101999	synthetic	2000	A	G	0.3647161068298668	0.19974434749379036	3.333963879194377	0.06786313684193315
rs102000	synthetic	2001	A	G	0.17524852167867633	0.17911630372272738	0.9572789062732165	0.32787340889411115
rs102001	synthetic	2002	A	G	0.13936120591845297	0.10992638853918246	1.607236812969122	0.20488065639616793
rs102002	synthetic	2003	A	G	-0.04262400402701913	0.13819170051702342	0.09513592961739176	0.7577466905757221
rs102003	synthetic	2004	A	G	0.06579804835496425	0.10257946859970721	0.41143869556646256	0.5212401821391088
rs102004	synthetic	2005	A	G	-0.10056744986186748	0.11143350142427609	0.814485432890324	0.3667974452286391
rs102005	synthetic	2006	A	G	-0.0665467248515061	0.12716154935494098	0.27386829044556715	0.6007486151174696
rs102006	synthetic	2007	A	G	-0.23505952426274052	0.335673609581309	0.4903670817227944	0.4837636033935131
rs102007	synthetic	2008	A	G	-0.05233514561720574	0.10893310702606525	0.23081662791625515	0.6309189712484481
rs102008	synthetic	2009	A	G	0.027626812431971664	0.11325490984021423	0.05950418084028467	0.8072813258469682
rs102009	synthetic	2010	A	G	-0.17380742284297293	0.1235884426722778	1.9777933875789098	0.1596230619221197
rs102010	synthetic	2011	A	G	-0.002216673944364373	0.13007561030579207	0.0002904102150313532	0.9864035670449939
rs102011	synthetic	2012	A	G	0.05949435686987484	0.23777717346367278	0.06260531832128059	0.8024245285374463
rs102012	synthetic	2013	A	G	-0.011380992579482324	0.11443724941012898	0.009890664240338215	0.9207795412895013
rs102013	synthetic	2014	A	G	-0.035230762190462526	0.11253584216804549	0.09800818511008445	0.7542331105178326
rs102014	synthetic	2015	A	G	0.17467558235762176	0.11816840298132282	2.185051449207663	0.13935640722811485
rs102015	synthetic	2016	A	G	0.11965729258689732	0.25242663830403106	0.22470253759138087	0.6354799458825637
rs102016	synthetic	2017	A	G	-0.07633211095091891	0.11577325964636595	0.4347083910604991	0.5096876102537674
rs102017	synthetic	2018	A	G	0.07050697307785855	0.1206964419365367	0.34125200039690584	0.5591074335623929
rs102018	synthetic	2019	A	G	-0.21273029957412493	0.10424038028708815	4.164728829112765	0.041274019407587
rs102019	synthetic	2020	A	G	-0.008566133858215792	0.121431727553633	0.0049762863852317015	0.9437616372953977
rs102020	synthetic	2021	A	G	-0.024418513275718125	0.17567792135276442	0.01931986415248108	0.8894533777376502
rs102021	synthetic	2022	A	G	0.1087698561211458	0.11166707746146971	0.948782811284876	0.33002931584356243
rs102022	synthetic	2023	A	G	0.026537135654054186	0.11173095840067926	0.05641064180561309	0.8122617473354651
rs102023	synthetic	2024	A	G	-0.14259265570677596	0.11170224618971811	1.6295605508895332	0.2017638413093179
rs102024	synthetic	2025	A	G	-0.0432175874200983	0.14724714709702383	0.08614444157803286	0.7691371461744578
rs102025	synthetic	2026	A	G	-0.04837401008899177	0.12131884931133352	0.15898919733762584	0.6900888480450944
rs102026	synthetic	2027	A	G	0.15803391592222935	0.10955481424694954	2.080835121769278	0.14915855046991836
rs102027	synthetic	2028	A	G	-0.11289341261386167	0.11335991234719575	0.9917865169134225	0.3193061258265619
rs102028	synthetic	2029	A	G	-0.10320159682801533	0.13658889372565358	0.5708763598917894	0.4499108843341636
rs102029	synthetic	2030	A	G	0.055204043068087766	0.11801744439701539	0.21880102897189388	0.6399549965281062
rs102030	synthetic	2031	A	G	0.571745803850972	0.24074616544623545	5.64010533329486	0.017554152446226497
rs102031	synthetic	2032	A	G	0.23644245837951866	0.14750045549689275	2.5695922249395666	0.10893580929980774
rs102032	synthetic	2033	A	G	0.06779490449792266	0.10964819167814625	0.38228843437623283	0.5363810425287284
rs102033	synthetic	2034	A	G	-0.1639118112542027	0.10275834271803033	2.5444054430359966	0.11068557005568938
rs102034	synthetic	2035	A	G	-0.001536536323820985	0.15076778696246107	0.00010386483671924552	0.9918685721118436
rs102035	synthetic	2036	A	G	-0.02076973408728852	0.13127694878090806	0.025031387571713318	0.8742888750827034
rs102036	synthetic	2037	A	G	-0.14767328806020086	0.11039591530650777	1.7893606419342327	0.18100408174581392
rs102037	synthetic	2038	A	G	-0.02735508018539921	0.10971938083948772	0.0621597541333374	0.8031143605679761
rs102038	synthetic	2039	A	G	0.02366974093113115	0.47939214839801536	0.002437839870141999	0.9606208605595161
rs102039	synthetic	2040	A	G	-0.12070802205447498	0.11521021575673597	1.0977167400964318	0.2947677309736526
rs102040	synthetic	2041	A	G	-0.03275610453055557	0.09899864231806135	0.10947778938336027	0.7407394500907251
rs102041	synthetic	2042	A	G	0.02363139750227053	0.10222875478559182	0.05343584350967168	0.817188995058097
rs102042	synthetic	2043	A	G	-0.022442484092121042	0.11769945871667677	0.03635740858714205	0.8487792957855638
rs102043	synthetic	2044	A	G	-0.019036921698092384	0.11927375888637617	0.02547438070215523	0.873190698400529
rs102044	synthetic	2045	A	G	-0.007067259178386503	0.10742701755105495	0.004327877897654723	0.9475477177675018
rs102045	synthetic	2046	A	G	-0.004931010121794037	0.1146243164891605	0.0018506243409490736	0.9656864808997473
rs102046	synthetic	2047	A	G	-0.031979251379356456	0.1874619616522842	0.029101158020694483	0.8645456776794778
rs102047	synthetic	2048	A	G	0.13552812762443384	0.10460356535545659	1.6786722139917047	0.19510097749104696
rs102048	synthetic	2049	A	G	-0.17412012762600682	0.1825951877419077	0.9093253499452507	0.34029348660631253
rs102049	synthetic	2050	A	G	0.11717992758746763	0.18634028607533823	0.3954512337353512	0.5294478293324625
rs102050	synthetic	2051	A	G	0.11438996672389228	0.12567959423309072	0.8284118975614104	0.3627321476925024
rs102051	synthetic	2052	A	G	0.13986332089402537	0.17599977700582362	0.6315146597867347	0.4268002705324119
rs102052	synthetic	2053	A	G	-0.16395137238258464	0.23295059460611653	0.49533893500602466	0.48155534474458483
rs102053	synthetic	2054	A	G	0.17670680726590846	0.14994065448950666	1.3888896956887828	0.23859269293708543
rs102054	synthetic	2055	A	G	0.038071270791817706	0.16498168020369178	0.05325045249544414	0.8175007951780053
rs102055	synthetic	2056	A	G	0.06532189432634192	0.10052948925981457	0.4222120161907842	0.5158353498633137
rs102056	synthetic	2057	A	G	0.018478973837314738	0.10195074980508899	0.03285298631799234	0.8561682673180098
rs102057	synthetic	2058	A	G	0.6072836214496959	0.20032354885760995	9.190076483233712	0.002433307223558178
rs102058	synthetic	2059	A	G	0.07400645886977797	0.1282383290515966	0.3330454826189261	0.5638712765990161
rs102059	synthetic	2060	A	G	0.04136863292307782	0.14924267173559688	0.07683450688516744	0.7816339258160251
rs102060	synthetic	2061	A	G	0.032949389453317955	0.125758198913746	0.06864708898697458	0.7933168973994624
rs102061	synthetic	2062	A	G	0.005405767122777877	0.12590756504700545	0.0018433636322585736	0.9657538181655428
rs102062	synthetic	2063	A	G	0.015823024655950025	0.11019386735678034	0.02061883669847319	0.8858221791523158
rs102063	synthetic	2064	A	G	0.05178819860614518	0.10781619069401603	0.23072446237640296	0.6309871701318992
rs102064	synthetic	2065	A	G	0.04599240405231213	0.10917578613914986	0.1774678003451553	0.6735584649821815
rs102065	synthetic	2066	A	G	-0.003955417573566769	0.10779976080234244	0.0013463224355914267	0.9707303747719677
rs102066	synthetic	2067	A	G	0.09465365558465047	0.24352002136951742	0.15107946432656733	0.6975059106295489
rs102067	synthetic	2068	A	G	-0.1622756910414909	0.3083686104995698	0.2769278326407868	0.5987219305098721
rs102068	synthetic	2069	A	G	0.07365752158816634	0.14067634262931433	0.27415240864086365	0.6005598050897109
rs102070	synthetic	2071	A	G	0.04871682432388432	0.11189675036263767	0.1895496524615225	0.6632917024024081
rs102071	synthetic	2072	A	G	-0.03001694918432073	0.10356785645226921	0.08400074243341447	0.7719472017995556
rs102072	synthetic	2073	A	G	-0.0011556494827368775	0.10993659836573841	0.00011050137153882944	0.9916128212787424
rs102073	synthetic	2074	A	G	0.015589760117909001	0.10815296004520614	0.02077791881472811	0.8853855934706621
rs102074	synthetic	2075	A	G	-0.14451818867411578	0.13615727341486386	1.1265833474114686	0.2885052921286844
rs102075	synthetic	2076	A	G	-0.03920807661695836	0.13579359626836257	0.0833666780378652	0.7727857964874266
rs102076	synthetic	2077	A	G	-0.02990305539161963	0.11348692248927016	0.06942877337309078	0.79217030767567
rs102077	synthetic	2078	A	G	-0.1950610521544591	0.12835939409643699	2.309328993419319	0.12859955412601273
rs102078	synthetic	2079	A	G	0.44847023947945486	0.30482615831684584	2.1645259234714254	0.14122817225238085
rs102079	synthetic	2080	A	G	0.0991064731619249	0.18380001790584097	0.29074546151356173	0.5897432166291647
rs102080	synthetic	2081	A	G	0.16928517271573026	0.10749291833089586	2.4801510656993133	0.1152911788864829
rs102081	synthetic	2082	A	G	0.12119357014657095	0.15417586626004404	0.6179116222490426	0.4318244004249312
rs102082	synthetic	2083	A	G	-0.1532947138146714	0.10495709862674457	2.133195821646415	0.14413996172816698
rs102083	synthetic	2084	A	G	0.07944508558104502	0.11080514724670025	0.5140604641530746	0.4733863755122507
rs102085	synthetic	2086	A	G	0.09166390972912329	0.10523568258670433	0.7587010929901739	0.3837353181694859
rs102086	synthetic	2087	A	G	-0.006263666892950604	0.3112405889213722	0.00040500916425707074	0.9839437851134183
rs102087	synthetic	2088	A	G	-0.1483838857597478	0.12947760470107653	1.313361153912207	0.2517870007151993
rs102088	synthetic	2089	A	G	0.09395103681362178	0.10336147690951039	0.8262010487676509	0.3633733406593368
rs102089	synthetic	2090	A	G	0.03334177439719832	0.1040991258018749	0.10258485579656726	0.7487494831751829
rs102090	synthetic	2091	A	G	0.031455494146745026	0.14016779758947734	0.050361252802672285	0.8224358551503318
rs102091	synthetic	2092	A	G	0.14856518883322561	0.12567269667597802	1.3975013951221982	0.23714236685329582
rs102092	synthetic	2093	A	G	0.10989769754929045	0.15390605432182816	0.509877418905987	0.47519192531314924
rs102093	synthetic	2094	A	G	-0.21757708101060044	0.14781534868874413	2.1666423492908606	0.14103387126038688
rs102094	synthetic	2095	A	G	0.17670655089387413	0.10660954152615812	2.7473446775043517	0.09741608722302622
rs102095	synthetic	2096	A	G	0.0970064381045739	0.1064529312385522	0.8303971841902978	0.3621577042053339
rs102096	synthetic	2097	A	G	-0.14258826367613348	0.10610787794819264	1.805811035833782	0.17901155359514606
rs102097	synthetic	2098	A	G	-0.21196613045247759	0.12055014642197677	3.091700803411012	0.07869251652805205
rs102098	synthetic	2099	A	G	-0.19953187821044605	0.15328223496995802	1.6944975022475663	0.19300915889506445
rs102099	synthetic	2100	A	G	-0.0424279383767341	0.1112255529280566	0.14551062697211967	0.7028630209794228
rs102100	synthetic	2101	A	G	0.29665931184440253	0.24783219034854367	1.432849378062969	0.23129998084410838
rs102101	synthetic	2102	A	G	0.22603914576359957	0.12359998450189026	3.3444944694978083	0.067430188376668
rs102102	synthetic	2103	A	G	0.06595603749018576	0.16593779383811186	0.15798595828478482	0.691017605572932
rs102103	synthetic	2104	A	G	0.18687070535065586	0.15223140498936544	1.5068635872399205	0.21961829960218307
rs102104	synthetic	2105	A	G	0.09368540765176234	0.10713080624115108	0.7647423743368856	0.3818484713969741
rs102105	synthetic	2106	A	G	0.002632270568731191	0.10812535648384089	0.0005926604566450953	0.9805777231380459
rs102107	synthetic	2108	A	G	-0.1434089060817269	0.11411086559202613	1.5794222310092192	0.20884393607924046
rs102109	synthetic	2110	A	G	0.11488298737921933	0.10348442839036211	1.232427641526672	0.2669354385871501
rs102110	synthetic	2111	A	G	0.19043831402485026	0.10880850945604556	3.063253467822563	0.08008117604595061
rs102111	synthetic	2112	A	G	0.13460301465240604	0.16518315108485593	0.6640152907141339	0.415145963439583
rs102112	synthetic	2113	A	G	-0.11539525153820104	0.10035363707419939	1.3222380242304477	0.2501907899858797
rs102113	synthetic	2114	A	G	0.6492068740755386	0.12281678634669795	27.941567153710064	1.250346798395448e-07
rs102114	synthetic	2115	A	G	-0.01260699032444611	0.10613328830786917	0.01410975909541433	0.9054460834223225
rs102115	synthetic	2116	A	G	0.0031061283767047504	0.15586680563186642	0.00039712893625006555	0.9841007337055999
rs102116	synthetic	2117	A	G	0.11872609267097067	0.10523267948659529	1.2728906397666298	0.2592250975283365
rs102117	synthetic	2118	A	G	0.22962012891457284	0.1261967351975641	3.3107293110099354	0.06882893946881326
rs102118	synthetic	2119	A	G	0.20892547208448844	0.10831594352907924	3.720471739479524	0.05374918341185237
rs102119	synthetic	2120	A	G	-0.044452139022970454	0.1238944543739269	0.12873054059308184	0.719751905845493
rs102120	synthetic	2121	A	G	0.005890424307479474	0.12674640359187558	0.002159841437166104	0.9629323815567924
rs102122	synthetic	2123	A	G	-0.07940841412284487	0.12050960219609891	0.4341999207127916	0.5099352744477843
rs102123	synthetic	2124	A	G	0.15226153790477645	0.12412343772313401	1.5047793870149717	0.21993743711034705
rs102124	synthetic	2125	A	G	0.17237372516321994	0.1711105976489992	1.0148183653730174	0.3137512685505044
rs102125	synthetic	2126	A	G	-0.04067617727146243	0.13094169458150723	0.0964993412505392	0.7560717063046548
rs102126	synthetic	2127	A	G	-0.11680989275984566	0.12334976404372067	0.8967731656933745	0.3436484200595281
rs102127	synthetic	2128	A	G	0.11846124702337468	0.1601294841829385	0.5472805209294795	0.4594310056958859
rs102128	synthetic	2129	A	G	0.06173032854053301	0.10368156952359087	0.3544818886844311	0.5515869409037635
rs102129	synthetic	2130	A	G	-0.03405577698682527	0.10696083112556919	0.10137527577186084	0.7501854499253701
rs102130	synthetic	2131	A	G	0.011346402339201242	0.10258511009618616	0.01223341478359723	0.9119297660872537
rs102131	synthetic	2132	A	G	-0.1006934258785836	0.17490742991584837	0.3314253453174223	0.5648209960394208
rs102132	synthetic	2133	A	G	0.3773874378549256	0.2118030074319619	3.1747580597607463	0.07478428676286515
rs102133	synthetic	2134	A	G	0.4183580874173283	0.263564590084657	2.5195455433095937	0.11244298578671812
rs102134	synthetic	2135	A	G	0.1994115772314207	0.11725089126311253	2.892467126628822	0.08899454994560535
rs102135	synthetic	2136	A	G	-0.02852398335229173	0.12472798916090472	0.05229889428618699	0.8191102446471764
rs102136	synthetic	2137	A	G	0.13875184701818627	0.12306955905981339	1.2710898678079137	0.2595623209914655
rs102137	synthetic	2138	A	G	0.5009045126642029	0.3841674586067267	1.7000775770341439	0.19227783204052815
rs102138	synthetic	2139	A	G	0.09477346612475122	0.10373195840991223	0.8347345202370137	0.3609070561261529
rs102139	synthetic	2140	A	G	-0.20986117643793203	0.11854267900895596	3.1341135746051445	0.07667005482139139
rs102140	synthetic	2141	A	G	-0.052202475852208496	0.20151617250336568	0.06710616041925985	0.7955977675091187
rs102141	synthetic	2142	A	G	-0.012695401266184469	0.11143825371559987	0.012978493045727646	0.90929868288756
rs102142	synthetic	2143	A	G	-0.11872332094076224	0.11664434536463374	1.035964067851334	0.3087619842311958
rs102143	synthetic	2144	A	G	0.0641580868754778	0.10908857865765674	0.3458949679960782	0.5564461386187747
rs102144	synthetic	2145	A	G	0.1277037336860116	0.11584324434901981	1.2152503808252848	0.27029478470210283
rs102145	synthetic	2146	A	G	0.15522707071373681	0.22597965331194525	0.47184162178498235	0.492141154250589
rs102147	synthetic	2148	A	G	0.16988465905163558	0.11515742143094597	2.176328565163979	0.14014844019199765
rs102148	synthetic	2149	A	G	-0.06445355255368392	0.14961065705329238	0.18559602013720827	0.6666075709291883
rs102149	synthetic	2150	A	G	-0.074625180681027	0.10506694602478023	0.5044737508547021	0.4775409629409051
rs102150	synthetic	2151	A	G	0.11960221950778692	0.10412981957504572	1.3192534738512944	0.25072607273142966
rs102151	synthetic	2152	A	G	0.10473030971276247	0.1194940357484738	0.7681611123867348	0.3807865287486527
rs102152	synthetic	2153	A	G	0.10941356579910215	0.13665186765976006	0.641078482947587	0.4233205325220111
rs102153	synthetic	2154	A	G	-0.1732526427561654	0.17966545434651912	0.9298878557636241	0.33489206738306915
rs102154	synthetic	2155	A	G	-0.04082925827374486	0.10852216098562398	0.14154877470066113	0.7067461496099768
rs102155	synthetic	2156	A	G	0.0760168314065955	0.10403580002757308	0.5338926028014158	0.46497491026300986
rs102156	synthetic	2157	A	G	0.12090513503214549	0.1258558255208698	0.9228749280070744	0.3367212406126542
rs102157	synthetic	2158	A	G	-0.18849622326824333	0.1083656467107166	3.0256734321946395	0.08195629009020093
rs102158	synthetic	2159	A	G	0.010074478121695435	0.10433004550294597	0.00932451651608879	0.923073015050762
rs102159	synthetic	2160	A	G	0.30476129723032114	0.10924560326125791	7.782366734776592	0.005275863420826142
rs102160	synthetic	2161	A	G	-0.10811667273796151	0.11454788096599158	0.8908636214016724	0.34524338198709903
rs102161	synthetic	2162	A	G	0.10397654032664069	0.14807845017980353	0.49304550626972926	0.48257191008518563
rs102162	synthetic	2163	A	G	0.1772689691608112	0.12243347923588052	2.096356098110205	0.14765065224125634
rs102163	synthetic	2164	A	G	-0.014338936030208315	0.13502349095612903	0.011277561134037222	0.9154269539233472
rs102164	synthetic	2165	A	G	0.0869124574081866	0.11186185829517113	0.6036705643279455	0.4371809566804278
rs102165	synthetic	2166	A	G	0.025763655338373954	0.11666851168323718	0.048764934568333154	0.8252264860870542
rs102166	synthetic	2167	A	G	-0.10498594241480391	0.2552259818667983	0.16920474417209733	0.680819545839989
rs102167	synthetic	2168	A	G	-0.19705345389728715	0.17780053621680103	1.2282929810543777	0.2677392696238689
rs102168	synthetic	2169	A	G	0.16848078295011823	0.13292717378982108	1.6064721530574184	0.2049884185108385
rs102169	synthetic	2170	A	G	0.012969612548876366	0.15431028264893148	0.007064220895800092	0.9330175370724503
rs102170	synthetic	2171	A	G	0.08941792044591644	0.10057136027644002	0.7904974666729551	0.37394974489277233
rs102171	synthetic	2172	A	G	-0.3262591938034283	0.12214575134486758	7.134586156230477	0.007561109126829772
rs102172	synthetic	2173	A	G	0.11731804692198464	0.10589938964272279	1.2272773937129728	0.26793717427713215
rs102173	synthetic	2174	A	G	-0.040663005003763256	0.11159205436254784	0.1327799174165422	0.7155669602632453
rs102174	synthetic	2175	A	G	-0.12581009841837668	0.10368422265485139	1.472331664079708	0.224978169685327
rs102175	synthetic	2176	A	G	-0.13491667182026135	0.1242301189835279	1.179444300989303	0.27746915385646964
rs102176	synthetic	2177	A	G	-0.05570589289735264	0.1171152431516451	0.22624314581341953	0.6343235804731863
rs102177	synthetic	2178	A	G	-0.29861583343810655	0.10604788689248251	7.929058546357279	0.004864710219826972
rs102178	synthetic	2179	A	G	-0.18440710790331447	0.44750456684870193	0.1698088692707838	0.680281727470373
rs102179	synthetic	2180	A	G	-0.2996339091065208	0.18177970758483078	2.717009266136583	0.09928388448122011
rs102180	synthetic	2181	A	G	0.11404278445792708	0.11398451382402817	1.0010226920546474	0.3170631727992959
rs102181	synthetic	2182	A	G	0.09151856538844268	0.12278648294766062	0.5555424986343263	0.45606183388187593
rs102182	synthetic	2183	A	G	0.1268221393500345	0.143526034436978	0.7807801770889016	0.3769026400774105
rs102183	synthetic	2184	A	G	-0.2662453257769208	0.13773664963446328	3.736499722945468	0.05323585611885755
rs102184	synthetic	2185	A	G	-0.2172720382866927	0.12958891523152818	2.811071993191215	0.0936157997736772
rs102185	synthetic	2186	A	G	0.15786346758978964	0.1361662101317887	1.34407832082326	0.24631602669371286
rs102186	synthetic	2187	A	G	-0.102552586201821	0.19209760716259344	0.28500292924664106	0.5934407120134833
rs102187	synthetic	2188	A	G	0.01401670729905025	0.12181905356042574	0.013239194625533914	0.9083962178211655
rs102188	synthetic	2189	A	G	-0.10751370816121317	0.14493091026610916	0.5503077666928069	0.45819196810358154
rs102189	synthetic	2190	A	G	0.11999841239578263	0.14600010453185389	0.6755300411941229	0.4111302010921669
rs102190	synthetic	2191	A	G	0.28667062749438726	0.1249168437343461	5.26652790070197	0.021739331769103788
rs102191	synthetic	2192	A	G	0.2786424947222047	0.1680043525982074	2.750765904621664	0.09720785373449123
rs102192	synthetic	2193	A	G	-0.12819522013966123	0.1165041721715592	1.2107673701324326	0.2711801994406085
rs102193	synthetic	2194	A	G	0.2046362469553673	0.12269283246947048	2.7818053571780417	0.0953406421445592
rs102194	synthetic	2195	A	G	-0.1513995998191211	0.1141625226021523	1.758742835127141	0.18478140043857905
rs102195	synthetic	2196	A	G	-0.051379839349721866	0.10453199513571922	0.24159447870016418	0.6230568627297233
rs102196	synthetic	2197	A	G	-0.00016063468562364753	0.10700157730448903	2.253711371730411e-06	0.9988021869333611
rs102197	synthetic	2198	A	G	-0.1389330092574578	0.1255724832950246	1.2241141534507793	0.2685547563137478
rs102199	synthetic	2200	A	G	-0.09134534163987623	0.10358130414445177	0.7776963477940025	0.3778466057211757
rs102200	synthetic	2201	A	G	-0.034300182585055204	0.10642620856103781	0.1038713275856016	0.7472324399737806
rs102201	synthetic	2202	A	G	-0.28730953000169485	0.40619160658387193	0.5003088362900636	0.4793644536338709
rs102202	synthetic	2203	A	G	0.12702117550339992	0.1013513427510437	1.5706999918625402	0.2101053870465333
rs102203	synthetic	2204	A	G	0.09716312811378187	0.12122835475574958	0.6423837614601792	0.42284891856533824
rs102204	synthetic	2205	A	G	0.08428379361743077	0.14429640695251597	0.3411749336743113	0.5591518118266758
rs102205	synthetic	2206	A	G	-0.07494019651366117	0.13823371807414445	0.2939014145849431	0.5877311910819616
rs102206	synthetic	2207	A	G	0.16838480002842307	0.18972140750355476	0.7877222180671405	0.37478976657263896
rs102207	synthetic	2208	A	G	0.029148626105865955	0.12719299063103756	0.05251819862635462	0.8187379591568925
rs102208	synthetic	2209	A	G	0.007097345155399623	0.10984146400640468	0.004175026409288702	0.9484809838733922
rs102209	synthetic	2210	A	G	-0.12749238493418452	0.1592239391355516	0.6411383610363378	0.42329888055635145
rs102210	synthetic	2211	A	G	0.09625827414261072	0.10477845163210137	0.8439800653542807	0.3582609455506244
rs102211	synthetic	2212	A	G	-0.08399186781126819	0.10787069447843613	0.6062720245886883	0.4361949214933166
rs102212	synthetic	2213	A	G	0.07393224623446808	0.11905894199631394	0.3856059838736869	0.5346181738372038
rs102213	synthetic	2214	A	G	-0.006195245728946359	0.2869339435774865	0.0004661795511895056	0.9827740600452571
rs102214	synthetic	2215	A	G	0.1668719477291062	0.1488497813356667	1.2568118537152297	0.2622554269974119
rs102215	synthetic	2216	A	G	0.2345869704198825	0.3172223253233263	0.5468651960288179	0.4596014098198029
rs102216	synthetic	2217	A	G	-0.010367918578806274	0.1182006713526909	0.007693842105691272	0.9301035557687012
rs102218	synthetic	2219	A	G	0.009125477884201942	0.17426359043925327	0.0027421923710883897	0.9582371074893876
rs102219	synthetic	2220	A	G	-0.002743113288869054	0.13561747160587456	0.0004091251725683109	0.9838624147482119
rs102220	synthetic	2221	A	G	-0.05602073900449337	0.10029874793422143	0.3119655542604746	0.5764765399576528
rs102221	synthetic	2222	A	G	-0.16919734821219742	0.10467175974353332	2.612931672244529	0.10599564740225649
rs102222	synthetic	2223	A	G	0.03211910640972392	0.10405925108134699	0.09527205139593739	0.757578873229056
rs102223	synthetic	2224	A	G	-0.1421820313784971	0.22881170372136495	0.3861294797068024	0.534340960588012
rs102224	synthetic	2225	A	G	0.1080919722460336	0.1571791577145755	0.4729301129302903	0.4916422590447258
rs102225	synthetic	2226	A	G	0.05035752282330053	0.13320427702940887	0.14291979250548628	0.7053954255911778
rs102226	synthetic	2227	A	G	0.2665455489997639	0.16139155196025126	2.727603717876416	0.09862716517174931
rs102227	synthetic	2228	A	G	0.004211758727444198	0.1217956645579695	0.001195813109212087	0.9724142263986192
rs102228	synthetic	2229	A	G	0.020480230697229918	0.19828890224493148	0.010667751043061688	0.9177369345907133
rs102229	synthetic	2230	A	G	0.14587753226058767	0.11398764082067643	1.637801578769071	0.20062736730954409
rs102230	synthetic	2231	A	G	0.16721695467895575	0.11345756513078413	2.1721694510330303	0.14052786374822512
rs102231	synthetic	2232	A	G	-0.04291503582214848	0.1119048542637424	0.1470689889495927	0.7013522221233496
rs102232	synthetic	2233	A	G	0.21345430056447565	0.16148000337415377	1.7473194801177052	0.18621406620326442
rs102233	synthetic	2234	A	G	-0.19775586746562038	0.26594428216196797	0.5529392781624193	0.4571191875996006
rs102234	synthetic	2235	A	G	-0.16809026283522968	0.10569966000710257	2.5289365419678145	0.11177552561259359
rs102235	synthetic	2236	A	G	-0.06687024378803884	0.12007800039362845	0.31012652913330646	0.5776025523958032
rs102236	synthetic	2237	A	G	0.17725933915656814	0.10871366589519289	2.6585814512431547	0.10299254954743321
rs102237	synthetic	2238	A	G	0.016944800838853656	0.11015291385066736	0.023663607736127634	0.8777439355461581
rs102238	synthetic	2239	A	G	-0.054323765309664915	0.12306748193244756	0.1948467199655343	0.6589129803099634
rs102239	synthetic	2240	A	G	-0.01622327588319187	0.13264737634353627	0.014958215246403296	0.9026584363823642
rs102240	synthetic	2241	A	G	-0.12091913259408982	0.10197706865149138	1.4059989565734905	0.23572172639603836
rs102241	synthetic	2242	A	G	0.016150069441970456	0.14392330417522747	0.012591763155034887	0.9106545013211726
rs102242	synthetic	2243	A	G	-0.14074068967241182	0.20794019754687765	0.4581022715704034	0.49851221706415694
rs102243	synthetic	2244	A	G	0.05715510156031134	0.12830032549065684	0.19845154542046586	0.6559736276856832
rs102244	synthetic	2245	A	G	-0.23928390196294	0.11746691629960515	4.14950056624569	0.04164680590726792
rs102245	synthetic	2246	A	G	0.1950568721626299	0.24591321611280503	0.6291566224275698	0.4276648391449651
rs102246	synthetic	2247	A	G	-0.0035842106295655716	0.13022270423400373	0.0007575540553662	0.9780420372311114
rs102249	synthetic	2250	A	G	-0.23884257849584442	0.11379208802597345	4.405542234417681	0.03582233487636724
rs102250	synthetic	2251	A	G	-0.016235581010860235	0.10287822767186426	0.024905124798811667	0.8746037005435197
rs102251	synthetic	2252	A	G	-0.14945565925689178	0.154044874819763	0.9413046887274301	0.33194253483150726
rs102252	synthetic	2253	A	G	-0.10140267171018985	0.22407029052032365	0.2048001361299053	0.650873896879893
rs102253	synthetic	2254	A	G	-0.13004895345354542	0.14957467385295503	0.755957872649402	0.3845964638359194
rs102254	synthetic	2255	A	G	-0.04504055422308826	0.1996245056769019	0.050907262556023535	0.8214920229582625
rs102255	synthetic	2256	A	G	0.10386982487702603	0.14902118751399365	0.4858282438206218	0.48579415467710063
rs102256	synthetic	2257	A	G	0.0271079459707367	0.10925802904835417	0.06155828317187015	0.8040497490977543
rs102257	synthetic	2258	A	G	0.005041261441558987	0.10322211101901793	0.0023852448564435397	0.9610476267410507
rs102258	synthetic	2259	A	G	-0.007374482116988777	0.12013111301788389	0.0037683571077702636	0.9510510485398492
rs102259	synthetic	2260	A	G	-0.02176068677694651	0.10495204749749054	0.042989596052781576	0.8357448637721585
rs102260	synthetic	2261	A	G	-0.031461046724783864	0.12071011978493082	0.06792958692232379	0.7943754998481063
rs102261	synthetic	2262	A	G	0.0024872407697613943	0.13196094104831146	0.00035525880270848053	0.9849621145772075
rs102262	synthetic	2263	A	G	-0.07982633351976408	0.1923407197749913	0.1722462956545231	0.6781231212445222
rs102263	synthetic	2264	A	G	-0.2455280489462573	0.16099749577658115	2.32575510977676	0.1272484580188596
rs102264	synthetic	2265	A	G	0.0483846249817318	0.1122710324193812	0.18572883127570056	0.6664955068363951
rs102265	synthetic	2266	A	G	-0.11266249773017933	0.19499067100649298	0.333834397315707	0.5634099315804493
rs102266	synthetic	2267	A	G	-0.10120884953172894	0.23732214470068103	0.18186974061719438	0.6697713146389586
rs102267	synthetic	2268	A	G	0.2683036468403568	0.12110406190009039	4.908352354182563	0.026727124422909407
rs102268	synthetic	2269	A	G	-0.13989703673887346	0.13752562079487562	1.0347842332852584	0.30903763164263137
rs102269	synthetic	2270	A	G	-0.0009444404825381047	0.10707946734680712	7.779233089911737e-05	0.992962752540025
rs102270	synthetic	2271	A	G	0.10868252803565333	0.12367572243510905	0.7722369037712591	0.3795259366052708
rs102271	synthetic	2272	A	G	-0.22450817141055007	0.10173961053299702	4.86949768455398	0.027335456195380796
rs102273	synthetic	2274	A	G	-0.039630512224809386	0.11764714690827514	0.11347405439652683	0.736223117324506
rs102274	synthetic	2275	A	G	-0.08107874892235345	0.11867360157543741	0.46677311297059776	0.4944754451691551
rs102275	synthetic	2276	A	G	0.157663774631203	0.18115918359369373	0.7574310942769519	0.38413365266218813
rs102276	synthetic	2277	A	G	0.15585068734826307	0.10770154916929287	2.0939848902692395	0.14787990236485551
rs102277	synthetic	2278	A	G	-0.19297526155564557	0.141490733855901	1.8601470519698284	0.1726078293180927
rs102278	synthetic	2279	A	G	0.17700208747028	0.3964927083126692	0.19929039446158603	0.6552942298226125
rs102279	synthetic	2280	A	G	0.16168250083980892	0.11594176441805537	1.9446713932069697	0.1631622179466193
rs102280	synthetic	2281	A	G	0.1967813965460933	0.12588381622383654	2.443589646037008	0.11800590565465789
rs102281	synthetic	2282	A	G	0.06258925941523838	0.11049645894181098	0.3208506361004511	0.5710968917379673
rs102282	synthetic	2283	A	G	0.27356427041009423	0.13821914867710916	3.9172593125389237	0.047792734591806975
rs102283	synthetic	2284	A	G	0.03188070798943027	0.10185249857164529	0.09797438370479959	0.754274128336589
rs102284	synthetic	2285	A	G	-0.023956915391230484	0.11539543311230528	0.0431007229731935	0.8355357319412042
rs102285	synthetic	2286	A	G	-0.07362815500623249	0.21012411948667226	0.1227823730234203	0.7260361568279021
rs102286	synthetic	2287	A	G	0.018699174257511202	0.10519095514919637	0.0316000711499947	0.8589082513485364
rs102287	synthetic	2288	A	G	0.15568305578120117	0.1457218753937242	1.1413877080732835	0.2853592887019011
rs102288	synthetic	2289	A	G	-0.13300022519105986	0.10760591659745301	1.5276802011677084	0.21646093932727822
rs102289	synthetic	2290	A	G	-0.02674105747101188	0.11258444517003126	0.05641575062880202	0.812253404943037
rs102290	synthetic	2291	A	G	-0.036524437141356426	0.10419232276705845	0.1228840805031165	0.7259272808316526
rs102291	synthetic	2292	A	G	-0.20892228370359267	0.12793211142099517	2.6669224885521645	0.1024539621177832
rs102292	synthetic	2293	A	G	-0.17181982280551228	0.11881985667016272	2.0910695856922903	0.1481623071332986
rs102293	synthetic	2294	A	G	-0.18590777735033562	0.10180767208984917	3.3345259618125067	0.06783995278740385
rs102294	synthetic	2295	A	G	0.2166662021060824	0.15960359483383496	1.8428797738485887	0.17461379489357481
rs102295	synthetic	2296	A	G	-0.10491599155391247	0.10934577380875404	0.9206178141574475	0.3373128067231655
rs102296	synthetic	2297	A	G	-0.23145273005011147	0.1072037307078589	4.661275983394805	0.03085025706723513
rs102297	synthetic	2298	A	G	-0.020856619560564265	0.14760685090100292	0.019965252582889635	0.8876341723449575
rs102298	synthetic	2299	A	G	0.13591731566360638	0.12620534862510452	1.1598292463779636	0.28150095604182135
rs102299	synthetic	2300	A	G	-0.1258012690662197	0.11170726666810492	1.2682567833051708	0.26009396105103577
rs102300	synthetic	2301	A	G	-0.12502141765250768	0.13950525899654098	0.8031333844176096	0.3701581872174141
rs102301	synthetic	2302	A	G	-0.034874248734691866	0.1119095559049327	0.09711255420938215	0.7553225890397953
rs102302	synthetic	2303	A	G	-0.07884220542534635	0.15116126756366957	0.2720423252120256	0.6019650420834652
rs102303	synthetic	2304	A	G	0.11684494323654694	0.13451630790227725	0.7545186284086552	0.3850493663781023
rs102304	synthetic	2305	A	G	-0.14026715777424595	0.10417761834516791	1.8128553175301756	0.17816608695074643
rs102305	synthetic	2306	A	G	-0.20529145501917656	0.12106794598566042	2.8753015403237803	0.08994812526201812
rs102306	synthetic	2307	A	G	-0.016802445270108147	0.10573397784601402	0.025253166170895007	0.8737378531351632
rs102307	synthetic	2308	A	G	0.07029491086644636	0.19850812827155925	0.12539816470159576	0.7232519271520368
rs102308	synthetic	2309	A	G	0.42018760550385587	0.1812597863477147	5.37382535106665	0.020441100851785087
rs102309	synthetic	2310	A	G	-0.006579504163232534	0.12250209542344274	0.0028846909842429225	0.957166757759294
rs102310	synthetic	2311	A	G	-0.22009709220174878	0.14266043993474653	2.380244070564939	0.12287834747263249
rs102311	synthetic	2312	A	G	0.025344874222495258	0.1404016674400723	0.032586352372025174	0.8567467854670071
rs102312	synthetic	2313	A	G	-0.10696149622855178	0.09889172353112438	1.169863111138824	0.27942936926603723
rs102313	synthetic	2314	A	G	0.13582854066413397	0.10569593933708975	1.6514501312039591	0.1987616753619867
rs102314	synthetic	2315	A	G	0.018530530300421108	0.2166301728165024	0.007317080004905535	0.9318321504663094
rs102316	synthetic	2317	A	G	-0.011898482755600365	0.11876543442916705	0.01003697974385663	0.9201976702240101
rs102317	synthetic	2318	A	G	0.10630339919017182	0.18523795085053657	0.3293323306460043	0.5660525006982562
rs102318	synthetic	2319	A	G	0.16202623759142856	0.3223102414760063	0.25271003254867686	0.6151732915600112
rs102319	synthetic	2320	A	G	-0.1333357207926886	0.12167534353217714	1.2008475153517364	0.27315235306900804
rs102320	synthetic	2321	A	G	-0.0658658996151158	0.13053544875964113	0.25460347256758054	0.6138521223615685
rs102321	synthetic	2322	A	G	-0.027844428467129787	0.1087691908795657	0.06553371985397027	0.7979542761062205
rs102322	synthetic	2323	A	G	0.024190122690178006	0.10402362004368636	0.05407695332803034	0.8161151135609418
rs102323	synthetic	2324	A	G	-0.09356076829322006	0.13792523470049783	0.4601507090834097	0.4975535475168965
rs102324	synthetic	2325	A	G	0.1639137017267748	0.1155193568249487	2.013357941359089	0.15591987743836677
rs102325	synthetic	2326	A	G	-0.05593980468835546	0.1660589650625476	0.113479454011709	0.7362170753587569
rs102326	synthetic	2327	A	G	0.11464653751315712	0.15695471641669384	0.5335475681214926	0.46511919493796916
rs102327	synthetic	2328	A	G	0.009544154625770756	0.10614701033242119	0.008084616065449786	0.9283551639929681
rs102328	synthetic	2329	A	G	0.12436765979248968	0.1260351143625173	0.9737148762036952	0.3237554437651426
rs102329	synthetic	2330	A	G	0.17215153691253363	0.11044262402203997	2.4296760653360674	0.11905749908554716
rs102330	synthetic	2331	A	G	0.21847666845835298	0.20093410861642352	1.1822322440765949	0.27690202315700607
rs102331	synthetic	2332	A	G	0.015818816092518152	0.18462669477367813	0.007341063220765734	0.931720797534029
rs102332	synthetic	2333	A	G	-0.029307931783331874	0.11137247336652845	0.06924917675572868	0.7924331303546596
rs102333	synthetic	2334	A	G	0.027796371805575433	0.15370208683618858	0.03270519149402236	0.8564886383532629
rs102334	synthetic	2335	A	G	-0.01317923650042983	0.21463556881928855	0.003770310482213036	0.9510383794688159
rs102335	synthetic	2336	A	G	0.10265947222660443	0.10164486462248207	1.0200634130881583	0.3125039678580006
rs102336	synthetic	2337	A	G	-0.33773977054390336	0.2145095272008863	2.4789698037515095	0.11537780308679625
rs102337	synthetic	2338	A	G	0.22369515897029044	0.1135882568653408	3.8783437677432486	0.04891278659762362
rs102338	synthetic	2339	A	G	0.2341770151588759	0.10587722943297011	4.8919656145609585	0.02698195022044162
rs102340	synthetic	2341	A	G	0.052455325574264765	0.11123081953540916	0.22239698725206514	0.63721957247246
rs102341	synthetic	2342	A	G	-0.22821526420662627	0.1706110626773242	1.7892663799851922	0.18101557277078914
rs102342	synthetic	2343	A	G	0.9175072104435472	0.38819831718790554	5.5861381894618205	0.01810316527068477
rs102343	synthetic	2344	A	G	0.038929031696792044	0.10518373267309135	0.13697775547133767	0.711304212033669
rs102344	synthetic	2345	A	G	-0.01826620002430137	0.13038620784587113	0.019626059411838606	0.8885864808928509
rs102345	synthetic	2346	A	G	0.08683078028295041	0.12650249387046536	0.47113919209526184	0.49246355325787583
rs102346	synthetic	2347	A	G	-0.01722164372558532	0.11092556821417159	0.024103820074388587	0.8766210389925548
rs102347	synthetic	2348	A	G	-0.16222533104446704	0.14206953449178852	1.3038733933173767	0.25350691408171444
rs102348	synthetic	2349	A	G	0.10651405218814308	0.16516711603515324	0.41587866670314927	0.5190007062872561
rs102349	synthetic	2350	A	G	-0.0663505905390485	0.10306109570976428	0.41447665493581676	0.5197060328807022
rs102350	synthetic	2351	A	G	-0.17428630375105347	0.2777441282848685	0.3937646692387747	0.5303271401209901
rs102351	synthetic	2352	A	G	0.006702538093073918	0.10900697666982541	0.003780680634197237	0.9509711764983947
rs102352	synthetic	2353	A	G	0.019305617878643568	0.115242463667859	0.02806353291652308	0.8669595442538552
rs102353	synthetic	2354	A	G	-0.2567531228123705	0.134971530493553	3.618654534664553	0.05713506253949712
rs102354	synthetic	2355	A	G	0.34266916942691256	0.14277818415723914	5.760051350801031	0.016394592699299153
rs102355	synthetic	2356	A	G	0.05754627067115847	0.13073266980725232	0.19376088410878417	0.6598047270799582
rs102356	synthetic	2357	A	G	-0.057004179694915724	0.11147213403002564	0.2615054655189083	0.6090877613268241
rs102357	synthetic	2358	A	G	-0.1804086144135649	0.12023095198798069	2.251551941958886	0.13348047507510494
rs102358	synthetic	2359	A	G	0.20718080248909462	0.12483048346080124	2.7545947588472126	0.09697538518308552
rs102360	synthetic	2361	A	G	-0.24642083831136294	0.14686737410285527	2.8151672486661483	0.09337716377416377
rs102362	synthetic	2363	A	G	0.09471670361037322	0.10597504301325762	0.7988145138802081	0.3714480468832869
rs102364	synthetic	2365	A	G	0.07401509406957041	0.1266796602947794	0.3413711464754496	0.5590388374588904
rs102365	synthetic	2366	A	G	0.11135515294990084	0.10555657483921628	1.1128844097249868	0.29145580029596296
rs102366	synthetic	2367	A	G	-0.3206492724514966	0.16364456224702942	3.839346954946497	0.05006301662241407
rs102367	synthetic	2368	A	G	-0.018862707424166708	0.23134427436049634	0.006647992888819083	0.9350163127552862
rs102368	synthetic	2369	A	G	-0.1622031153503322	0.1093170092424429	2.201622725492215	0.13786553856723424
rs102369	synthetic	2370	A	G	0.2769259424517899	0.21486578698494557	1.6610884098522656	0.19745643301202787
rs102370	synthetic	2371	A	G	-0.5286423510663343	0.5190974395351805	1.037113129041247	0.3084938334786347
rs102371	synthetic	2372	A	G	0.14919017101319568	0.3178549469970983	0.2203040460940357	0.6388083481133442
rs102372	synthetic	2373	A	G	0.20909604822582564	0.15872008735833992	1.7355129649246241	0.18770836949729988
rs102373	synthetic	2374	A	G	-0.11504704159086371	0.13985796073660564	0.676669384733333	0.41073597418894914
rs102374	synthetic	2375	A	G	-0.4413263845329748	0.3111356373244929	2.0119642937275017	0.1560631404029801
rs102375	synthetic	2376	A	G	-0.23773613215159725	0.18063441529593627	1.7321655226748087	0.18813457641708775
rs102376	synthetic	2377	A	G	-0.002519987047990796	0.21018458233552467	0.00014374571424664436	0.9904340719613416
rs102377	synthetic	2378	A	G	-0.11603872138420787	0.10907014565030486	1.1318635733061135	0.28737818418747485
rs102378	synthetic	2379	A	G	-0.1292478891632491	0.13263576864427803	0.9495669731981162	0.3298295450482235
rs102379	synthetic	2380	A	G	0.0771036701606943	0.105597565165287	0.5331412590122449	0.46528919477036823
rs102380	synthetic	2381	A	G	0.0350035272274336	0.1764210831560411	0.03936612349747423	0.8427250917830934
rs102381	synthetic	2382	A	G	0.1767753301063828	0.16850805843722194	1.1005301996219452	0.2941497771017224
rs102382	synthetic	2383	A	G	0.09652431830304188	0.13486674616818062	0.5122284860764819	0.4741757495702641
rs102383	synthetic	2384	A	G	-0.28751000938845234	0.19662967229093642	2.13800062024264	0.14368905523626932
rs102384	synthetic	2385	A	G	-0.03937406393108056	0.13097934871668906	0.09036803335843838	0.7637097978242482
rs102385	synthetic	2386	A	G	0.09430151733075323	0.10847297990780064	0.7557779538600478	0.38465303941403217
rs102387	synthetic	2388	A	G	-0.5136131322237374	0.48493276126792334	1.1217838623695329	0.2895346662683515
rs102388	synthetic	2389	A	G	-0.2697504450324834	0.12930114701813322	4.3523076314213425	0.03695883516256001
rs102389	synthetic	2390	A	G	-0.022397941854481886	0.12747074114258788	0.0308741638009288	0.8605214216360786
rs102390	synthetic	2391	A	G	-0.23064372666692365	0.16389894008524758	1.9803000715159993	0.15935879843510856
rs102391	synthetic	2392	A	G	-0.04322662873434683	0.1289757873706805	0.11232756807241341	0.7375096351983567
rs102392	synthetic	2393	A	G	-0.1129318718164633	0.11528637514302367	0.9595709343097881	0.32729500425616026
rs102393	synthetic	2394	A	G	0.03575776531102656	0.15016412221897535	0.05670330537697255	0.8117844875523621
rs102394	synthetic	2395	A	G	0.179114724864612	0.10971427048140987	2.665240114044693	0.10256234579446341
rs102395	synthetic	2396	A	G	-0.0861353412678856	0.22296558568422722	0.14924063425700293	0.6992620940611398
rs102396	synthetic	2397	A	G	0.13764434724515032	0.19404203773642204	0.5031820123765804	0.47810530037065846
rs102397	synthetic	2398	A	G	0.047073106166105674	0.15186665770267113	0.09607731178041803	0.7565887860888285
rs102398	synthetic	2399	A	G	0.07456362326518888	0.1272627677371202	0.343282195208479	0.5579407758607898
rs102399	synthetic	2400	A	G	-0.11644531265687688	0.11053032449152503	1.1098930517269285	0.2921051978940176
rs102400	synthetic	2401	A	G	0.10389315660840885	0.1648701730234044	0.3970906818864095	0.5285955876125383
rs102401	synthetic	2402	A	G	-0.06906580378438168	0.11391562841950764	0.367586472288991	0.5443227956580051
rs102402	synthetic	2403	A	G	0.027730470970433282	0.10319690924340127	0.07220730076615658	0.7881496529369493
rs102403	synthetic	2404	A	G	-0.12103090849179159	0.11927826150867595	1.0296034407944705	0.31025182621543523
rs102404	synthetic	2405	A	G	0.07142052601621933	0.11657236015946017	0.37536598070936383	0.5400937792412621
rs102405	synthetic	2406	A	G	0.04404553706246354	0.10005399839813793	0.19379158829899537	0.659779470212748
rs102406	synthetic	2407	A	G	-0.04507251517208989	0.14340902749278536	0.09878036026572629	0.7532981875506368
rs102407	synthetic	2408	A	G	-0.35264574584639596	0.18465998781265533	3.6469658200020705	0.056171455332376
rs102408	synthetic	2409	A	G	-0.14181304744070283	0.23439548473867436	0.36604450916947395	0.5451682838678797
rs102409	synthetic	2410	A	G	0.20504975317224383	0.12153463367342199	2.8465471977364527	0.09157040675205053
rs102410	synthetic	2411	A	G	0.00408349159379287	0.12053792903156933	0.001147666964443971	0.9729750476260142
rs102411	synthetic	2412	A	G	-0.12459854737943446	0.11338343603410465	1.207610082736266	0.27180595591749346
rs102412	synthetic	2413	A	G	-0.046968527664656076	0.2572330075703755	0.03333960897082719	0.8551186550186742
rs102413	synthetic	2414	A	G	-0.28516760953616344	0.12179862926548202	5.481704099102953	0.01921651643217709
rs102414	synthetic	2415	A	G	-0.06375600351942139	0.14734822907622094	0.18722003869879164	0.6652404972316202
rs102415	synthetic	2416	A	G	0.08859978697116334	0.17670291759003484	0.25140731780638564	0.6160858804017486
rs102416	synthetic	2417	A	G	0.008281999201605352	0.11656492944438947	0.005048176819943009	0.9433575455123062
rs102417	synthetic	2418	A	G	-0.06550181347924228	0.1047297656900954	0.39117076035431964	0.5316846415991493
rs102418	synthetic	2419	A	G	0.02104175275342145	0.10567347503019026	0.03964896435755086	0.8421685036285655
rs102419	synthetic	2420	A	G	-0.04180527013621041	0.10358403261677124	0.1628832548898961	0.6865157285953702
rs102420	synthetic	2421	A	G	-0.09817941010548076	0.12010635125894259	0.6682037206403342	0.4136785735681783
rs102421	synthetic	2422	A	G	0.18651368414952238	0.10840105305399299	2.9604272902704913	0.0853253896047957
rs102422	synthetic	2423	A	G	-0.16646823221527277	0.12288292534606929	1.8351841599827146	0.17551644362136457
rs102423	synthetic	2424	A	G	0.07751343695070356	0.13052697216158884	0.3526577727501504	0.5526124715683216
rs102424	synthetic	2425	A	G	-0.049301490921113814	0.12660395014327921	0.15164412635613558	0.6969690977482526
rs102425	synthetic	2426	A	G	-0.07159266752309505	0.15147105037236763	0.22339724592463875	0.6364634903127477
rs102426	synthetic	2427	A	G	0.2356637758918632	0.1196175138982726	3.8814689813348653	0.0488218228679908
rs102427	synthetic	2428	A	G	-0.11907023710134709	0.10815812710189317	1.2119595362752287	0.2709443877050144
rs102428	synthetic	2429	A	G	-0.016228130917959667	0.10775348052096889	0.022681636761435146	0.8802879174124497
rs102429	synthetic	2430	A	G	-0.07374154216597939	0.12771782491039424	0.3333660768892126	0.5636837102783977
rs102430	synthetic	2431	A	G	-0.060253422755344704	0.14814761788981776	0.16541469919644944	0.6842194823187212
rs102431	synthetic	2432	A	G	-0.056380219426324575	0.16377393936757367	0.11851243802369048	0.7306535040720311
rs102432	synthetic	2433	A	G	0.25576332692977544	0.12679360539474657	4.068945216011953	0.04367854086521625
rs102433	synthetic	2434	A	G	0.026801459099242537	0.12823866132744235	0.04367962735605689	0.8344508021562826
rs102434	synthetic	2435	A	G	0.20094805980587516	0.13375435566122962	2.2571050246471938	0.133002489552983
rs102435	synthetic	2436	A	G	-0.026206627976671462	0.10512968202363356	0.062140048159743395	0.8031449303303654
rs102436	synthetic	2437	A	G	-0.15310063107159386	0.2317451237843526	0.43644824558974665	0.5088417365187397
rs102437	synthetic	2438	A	G	0.052077155120402355	0.10977434697320794	0.22505713113310338	0.6352133621559654
rs102438	synthetic	2439	A	G	0.13270397729462804	0.10672043950099658	1.5462249205920262	0.21369361124975803
rs102439	synthetic	2440	A	G	-0.06713458681357469	0.2552134344371505	0.06919673082848311	0.7925099487454477
rs102440	synthetic	2441	A	G	-0.16712094835779312	0.21180358365170476	0.622580014147513	0.4300901493700704
rs102441	synthetic	2442	A	G	-0.09767629369421836	0.1212579562364694	0.6488702399310213	0.42051688803147
rs102442	synthetic	2443	A	G	-0.12316622048301056	0.1022387263387801	1.4512838699842212	0.22832205640291625
rs102443	synthetic	2444	A	G	0.12633662793923547	0.12625568570749493	1.0012826064383047	0.3170003535567304
rs102444	synthetic	2445	A	G	0.07534046127780245	0.13616904035961439	0.3061257034597369	0.5800673969397461
rs102445	synthetic	2446	A	G	-0.5509789638751988	0.2689222375128733	4.197750324721589	0.040477644110501365
rs102446	synthetic	2447	A	G	-0.10758950693842029	0.12857680632591154	0.7001878427708959	0.40272058355530194
rs102447	synthetic	2448	A	G	0.11298086995302278	0.11418953372502864	0.9789426044319472	0.322459999583759
rs102448	synthetic	2449	A	G	-0.032654092318622534	0.10934816666347884	0.08917686904357555	0.7652262157061551
rs102449	synthetic	2450	A	G	-0.03120024033797751	0.11770283709799383	0.0702654798664975	0.7909506334019962
rs102450	synthetic	2451	A	G	0.3878450163518743	0.20322843466696341	3.6420632728775066	0.056337076527173846
rs102451	synthetic	2452	A	G	0.055959361514862103	0.10431437337377049	0.2877777377009554	0.5916481401364037
rs102452	synthetic	2453	A	G	-0.22098231276708846	0.11473416672175	3.7096206236318965	0.05409968602840114
rs102453	synthetic	2454	A	G	-0.09516685707565496	0.20595511493243276	0.21351396677571216	0.6440270244290078
rs102454	synthetic	2455	A	G	0.30953437194566674	0.29434961419516953	1.1058362489222928	0.2929888498634199
rs102455	synthetic	2456	A	G	0.17901480143163284	0.13891237807553133	1.6607183709797582	0.19750635876715994
rs102456	synthetic	2457	A	G	0.09054999955576495	0.16578629614096685	0.2983181293267807	0.584938728705102
rs102457	synthetic	2458	A	G	0.0850470877589187	0.11848454879577487	0.515223253220783	0.472886449779508
rs102458	synthetic	2459	A	G	-0.11147536042646024	0.1320012053469027	0.7131846325506572	0.39838861401734593
rs102459	synthetic	2460	A	G	0.0643874046660204	0.10483111933465197	0.37724317704572635	0.5390823466361434
rs102461	synthetic	2462	A	G	-0.22399327899821223	0.114537126755759	3.8245241362240012	0.05050768807596575
rs102462	synthetic	2463	A	G	0.016347727682020637	0.3027957031107711	0.002914844381854982	0.9569436901507262
rs102463	synthetic	2464	A	G	-0.18992888360478608	0.106657091015055	3.1710461455956485	0.0749544214384579
rs102464	synthetic	2465	A	G	-0.019658340004939948	0.1340314614980066	0.021511969724899584	0.8833928196952471
rs102465	synthetic	2466	A	G	0.14065900953623514	0.11646354312264208	1.4586634915088643	0.22714289297818205
rs102467	synthetic	2468	A	G	0.1177330041874135	0.171367714398731	0.47199613595295736	0.4920702832087276
rs102468	synthetic	2469	A	G	-1.0262391277853928	0.4037467542414053	6.460692190167813	0.011028667516241354
rs102469	synthetic	2470	A	G	0.10542740320035991	0.11665213677057261	0.816811083563372	0.3661141828369777
rs102470	synthetic	2471	A	G	0.24063884017948395	0.10341371644451158	5.414709474760072	0.019967775918241722
rs102471	synthetic	2472	A	G	-0.04376339241839093	0.11247726067188357	0.1513883649082253	0.6972121022144497
rs102472	synthetic	2473	A	G	-0.31301378104611577	0.18686266219170522	2.8059624412864985	0.09391447060997044
rs102474	synthetic	2475	A	G	-0.01790315383494884	0.10818844145016239	0.02738402974881244	0.8685652408348584
rs102475	synthetic	2476	A	G	0.1114295008283286	0.155720849601766	0.5120434805242837	0.47425558455917516
rs102476	synthetic	2477	A	G	-0.06830515125662084	0.10298233036533783	0.4399278785941352	0.5071572673420952
rs102477	synthetic	2478	A	G	-0.004411689988309065	0.12766061278463808	0.0011942524034395717	0.9724322267806643
rs102478	synthetic	2479	A	G	-0.18500569799820654	0.15139349350651468	1.4933299917153797	0.22170051079502914
rs102479	synthetic	2480	A	G	0.04572668929759866	0.136121527076276	0.11284592799560175	0.7369270623311505
rs102480	synthetic	2481	A	G	0.15278724308950464	0.21929076678615245	0.4854376947526863	0.48596953373907714
rs102481	synthetic	2482	A	G	0.025132241301116503	0.19623406357752024	0.016402635995399085	0.8980913800703845
rs102482	synthetic	2483	A	G	-0.14887107840542455	0.11868666602354609	1.5733190741162182	0.2097256576742397
rs102483	synthetic	2484	A	G	0.10162593668748675	0.11095687241765953	0.8388816793840315	0.3597168070393886
rs102484	synthetic	2485	A	G	-0.03737649371329599	0.11011981569686616	0.11520363006213334	0.7342959131459527
rs102485	synthetic	2486	A	G	0.056389944594798305	0.15612218884514803	0.13045900827341492	0.7179565974046875
rs102486	synthetic	2487	A	G	-0.12192410155275382	0.11026181992931346	1.2227250651415198	0.26882651914054
rs102487	synthetic	2488	A	G	0.09840740583234055	0.11243115094235315	0.7660943397706708	0.381428018058942
rs102488	synthetic	2489	A	G	-0.27721868140077466	0.13260246663242847	4.370607245633872	0.03656395967071908
rs102489	synthetic	2490	A	G	-0.33592861036041605	0.14947288880620865	5.050904192250715	0.024613090968218617
rs102490	synthetic	2491	A	G	-0.06092725687628234	0.11161925586103086	0.29795110814723086	0.5851697520692288
rs102491	synthetic	2492	A	G	-0.20882548176596127	0.13007467609237341	2.577397944382461	0.10839972314716298
rs102492	synthetic	2493	A	G	-0.030106047550506932	0.19650447871625454	0.02347267469662647	0.8782342917048477
rs102493	synthetic	2494	A	G	-0.06820180910438187	0.13703311968514714	0.24770838035797577	0.618693319523022
rs102494	synthetic	2495	A	G	0.17273993805302496	0.11912670741476951	2.1026512339174053	0.14704397752661952
rs102495	synthetic	2496	A	G	0.3329679332925323	0.12769946935593718	6.7987118647406275	0.009122366500779817
rs102496	synthetic	2497	A	G	-0.19668166909508175	0.17104185628199695	1.3222785959359542	0.250183523064964
rs102497	synthetic	2498	A	G	-0.08359139256409966	0.11073055103746397	0.5698862758301143	0.450304110872769
rs102498	synthetic	2499	A	G	-0.04415929518903917	0.10634666333585896	0.17242352904709835	0.6779668615581933
rs102499	synthetic	2500	A	G	-0.009582764506930339	0.12016517513269964	0.0063595206783561556	0.9364387936780324
rs102500	synthetic	2501	A	G	0.042096673608162834	0.11130266005448806	0.1430488835765346	0.7052686273022442
rs102501	synthetic	2502	A	G	-0.2164420813378393	0.1280059359857157	2.8590594367129034	0.09086061282782777
rs102502	synthetic	2503	A	G	0.04756122811856772	0.11508401829672456	0.17079536705095022	0.6794059051081511
rs102503	synthetic	2504	A	G	0.005601230802779876	0.10698867352592872	0.00274088826087392	0.958247030232065
rs102504	synthetic	2505	A	G	-0.21558490161317279	0.3354497288176252	0.4130301867567523	0.5204354953600506
rs102505	synthetic	2506	A	G	-0.10841655980722208	0.1517329468677711	0.5105419818158659	0.4749043303912881
rs102506	synthetic	2507	A	G	0.2314511583286499	0.17496195357768457	1.7499735261933245	0.1858800605265091
rs102507	synthetic	2508	A	G	0.037121500909884794	0.11071749022466551	0.11241353107964658	0.7374129200578488
rs102508	synthetic	2509	A	G	-0.2158748521932647	0.11482329921173201	3.534630852203229	0.06009971093959547
rs102509	synthetic	2510	A	G	0.032427324174767506	0.1223073921653976	0.0702937664157329	0.7909095360065185
rs102510	synthetic	2511	A	G	-0.09305291247501957	0.10638620585392705	0.7650490855213825	0.381753028510073
rs102511	synthetic	2512	A	G	-0.1582561553745683	0.10550537470876307	2.2499457844561266	0.13361908387395927
rs102512	synthetic	2513	A	G	-0.17848058807383455	0.1345616534993573	1.7592977457925651	0.1847121326512609
rs102513	synthetic	2514	A	G	0.18573877983732973	0.11936100438496024	2.4214764366202224	0.11968208229799673
rs102514	synthetic	2515	A	G	0.027059595791315394	0.14681647738104275	0.033969801610118845	0.8537710663913296
rs102516	synthetic	2517	A	G	-0.16731732111867828	0.14234166072512888	1.3817126958482553	0.2398096282652084
rs102517	synthetic	2518	A	G	-0.14625596388394568	0.18039827079799128	0.6572981774738094	0.41751541175911366
rs102518	synthetic	2519	A	G	0.41329017031214516	0.2780975445104337	2.208593775369042	0.13724372430203247
rs102519	synthetic	2520	A	G	0.09491515343541865	0.1376220619362621	0.4756581993023811	0.4903955840394211
rs102521	synthetic	2522	A	G	-0.15060870189509942	0.14574327333001105	1.0678815715174863	0.3014244393002735
rs102522	synthetic	2523	A	G	0.01786399158314396	0.13438914994025877	0.01766967644691841	0.8942508483624907
rs102523	synthetic	2524	A	G	0.015791060802515352	0.1274304897505507	0.01535592234014443	0.9013793970014778
rs102525	synthetic	2526	A	G	0.15224986695112394	0.1037643115412563	2.1528700977135604	0.1423036549538805
rs102526	synthetic	2527	A	G	0.03914974983283844	0.1024131297773169	0.1461324634308819	0.7022590571561556
rs102527	synthetic	2528	A	G	-0.10995154422209144	0.11625204611829411	0.8945434815484249	0.3442490301874723
rs102528	synthetic	2529	A	G	0.01214078295975561	0.1184851208059005	0.010499430890280726	0.9183862189162156
rs102529	synthetic	2530	A	G	-0.0478896126974725	0.1118230039886762	0.18340887194212155	0.6684599300096737
rs102530	synthetic	2531	A	G	-0.029517039069034832	0.10524768114013536	0.07865394463299757	0.7791298983697403
rs102531	synthetic	2532	A	G	0.19062828095417306	0.10916059520035207	3.0495999582957607	0.08075703241102289
rs102534	synthetic	2535	A	G	-0.05443054651678833	0.19568304899581906	0.0773711365698685	0.7808920902515736
rs102535	synthetic	2536	A	G	0.1412085310548917	0.14617028637538096	0.9332621976017601	0.33401667731054324
rs102536	synthetic	2537	A	G	-0.08592279985176647	0.11789694743653295	0.5311433147249467	0.4661265825169313
rs102537	synthetic	2538	A	G	0.13823421652695403	0.10581099489494977	1.7067484418385088	0.19140778760126195
rs102538	synthetic	2539	A	G	0.007715631076610593	0.19160087538765486	0.0016216156588321217	0.9678784375177842
rs102539	synthetic	2540	A	G	-0.19239349509271453	0.23484683044069835	0.6711372779540274	0.41265538100724397
rs102540	synthetic	2541	A	G	-0.1655762736140005	0.11490022948319108	2.0766074918440545	0.14957228380471027
rs102541	synthetic	2542	A	G	-0.08720469224340502	0.13207213568951265	0.43597070317872244	0.5090736643167568
rs102542	synthetic	2543	A	G	-0.3207417061914319	0.28094433037488636	1.3033778189099179	0.2535971467491729
rs102543	synthetic	2544	A	G	0.0024586744015021953	0.11167520221922521	0.00048471732645895114	0.9824349556919214
rs102544	synthetic	2545	A	G	-0.14032147835691217	0.10075134278015596	1.9397538259764884	0.1636952657852613
rs102545	synthetic	2546	A	G	-0.22988572063317936	0.10668089313369912	4.6435561974078485	0.031170347116864325
rs102546	synthetic	2547	A	G	0.030274216620861515	0.11432797799011984	0.07011981845370985	0.7911624044998814
rs102547	synthetic	2548	A	G	-0.006397006042772042	0.11573056037905713	0.003055324973356801	0.9559193835149835
rs102548	synthetic	2549	A	G	0.09742671916171862	0.10528764455990311	0.8562514815390667	0.3547898183299081
rs102549	synthetic	2550	A	G	0.26184512032381857	0.23006786796813533	1.2953198891446158	0.2550698725955116
rs102550	synthetic	2551	A	G	0.0718416675944658	0.1009784702494448	0.5061686403697309	0.47680214264883214
rs102551	synthetic	2552	A	G	0.23254399233228196	0.10672994432569782	4.747201679511671	0.02934597911719975
rs102552	synthetic	2553	A	G	-0.05803092567376766	0.10773426369355824	0.29014246790751763	0.5901292479657483
rs102553	synthetic	2554	A	G	0.17119422019754804	0.10220164343512637	2.8058369960596763	0.09392181633642945
rs102554	synthetic	2555	A	G	-0.1487060142183321	0.12464924065452108	1.4232388571590695	0.2328710379045332
rs102555	synthetic	2556	A	G	-0.08099324238549	0.13577893025481488	0.35582200719761414	0.5508357917995954
rs102556	synthetic	2557	A	G	0.46466275553577047	0.25629421882714554	3.286987912840138	0.06983101684987382
rs102557	synthetic	2558	A	G	0.1415610439934447	0.10656014113974564	1.7648099334132226	0.1840256971019783
rs102558	synthetic	2559	A	G	-0.08957892978111805	0.13571516050201426	0.43566734571822907	0.5092210905481473
rs102559	synthetic	2560	A	G	-0.0767202251916475	0.10813751489174125	0.503346401560723	0.47803342123401027
rs102560	synthetic	2561	A	G	0.4314117810328934	0.1222732828938022	12.448609851482006	0.00041830303921035623
rs102561	synthetic	2562	A	G	0.17555064114603722	0.16429944364578375	1.1416491410076215	0.2853041252638468
rs102562	synthetic	2563	A	G	0.07703831475186429	0.10165736984361622	0.5742960238291918	0.4485568232113859
rs102563	synthetic	2564	A	G	0.13797426715385694	0.13821436930334124	0.996528673519071	0.3181519276687058
rs102564	synthetic	2565	A	G	-0.03875158320098462	0.12984055492858332	0.08907548071602187	0.7653557968791067
rs102565	synthetic	2566	A	G	-0.12683023288702486	0.19584014921436677	0.4194132216301724	0.5172299805431066
rs102566	synthetic	2567	A	G	0.09463321559034239	0.10876342604443147	0.7570445479628134	0.3842550092497834
rs102567	synthetic	2568	A	G	-0.07258800326072554	0.1060861055050872	0.4681798166596584	0.49382573186147194
rs102568	synthetic	2569	A	G	0.06439228028262137	0.1107702662055988	0.33792569111759135	0.5610290063986008
rs102569	synthetic	2570	A	G	-0.1057090089924054	0.10030398383184971	1.1106766400583823	0.2919349093063728
rs102570	synthetic	2571	A	G	-0.025281703669162808	0.2034619264364516	0.01543996703492422	0.9011112667720236
rs102571	synthetic	2572	A	G	0.03162935379933547	0.13303184057398557	0.05652875735790004	0.8120689738790255
rs102572	synthetic	2573	A	G	0.05698415721992945	0.13443530322463304	0.17967249430800653	0.6716548449229602
rs102573	synthetic	2574	A	G	0.08224198325461544	0.1335217839132992	0.37938739479435374	0.5379312747313765
rs102574	synthetic	2575	A	G	-0.11282514124766953	0.2151457210479663	0.2750086447214874	0.5999915485020693
rs102575	synthetic	2576	A	G	-0.07344556717321946	0.19837620326367525	0.1370730353430884	0.711208325853397
rs102576	synthetic	2577	A	G	-0.051019965971295114	0.11077488155204007	0.21212787458498158	0.645104685547565
rs102577	synthetic	2578	A	G	0.07661581704256866	0.3013452034294378	0.06464103602740434	0.799305503579906
rs102578	synthetic	2579	A	G	0.09980103194021327	0.10741645491090615	0.863233793327846	0.3528353170542987
rs102579	synthetic	2580	A	G	0.06988569531338854	0.11574737716294049	0.3645476168976932	0.5459913891287848
rs102580	synthetic	2581	A	G	0.27159365636978394	0.1613833435343143	2.8321863538790906	0.09239249900166095
rs102581	synthetic	2582	A	G	-0.10406270916088275	0.13971734765714203	0.5547401391025172	0.4563873181045657
rs102582	synthetic	2583	A	G	-0.5638902641655903	0.17210350104345135	10.735191164844794	0.001051171426381268
rs102583	synthetic	2584	A	G	-0.08739472796063766	0.1459194416679802	0.3587105511129219	0.5492232359076974
rs102584	synthetic	2585	A	G	-0.04375023583617935	0.12529512948252766	0.12192490288105916	0.7269560822026016
rs102585	synthetic	2586	A	G	-0.07831011263769755	0.10392130265431923	0.567840720829924	0.4511182344176148
rs102586	synthetic	2587	A	G	0.20318026800552139	0.1180547297373701	2.9620765303146626	0.08523840776233474
rs102587	synthetic	2588	A	G	0.2613198272363596	0.1142798348306047	5.228841973570315	0.022215318297824586
rs102588	synthetic	2589	A	G	-0.043736285009634474	0.11084914973323845	0.15567506278933485	0.6931700059530127
rs102589	synthetic	2590	A	G	0.05408892115845551	0.1067869937212232	0.25655466602140975	0.6124970876916287
rs102590	synthetic	2591	A	G	-0.13982310138327353	0.10841562643983939	1.663313431939757	0.19715654413162126
rs102591	synthetic	2592	A	G	-0.009811718511770207	0.17521395262833137	0.0031358319929896293	0.9553430021804081
rs102592	synthetic	2593	A	G	-0.004008138531642982	0.10633533988138617	0.0014207910078848749	0.9699321530571218
rs102593	synthetic	2594	A	G	-0.36834003640099644	0.1302484626844775	7.997470398326216	0.004684274537661989
rs102594	synthetic	2595	A	G	0.09748679977628874	0.2377690055975479	0.1681051989291693	0.6818012966796168
rs102595	synthetic	2596	A	G	0.0075435510976060655	0.10869930193116221	0.0048161295748675986	0.944672550337715
rs102596	synthetic	2597	A	G	0.0035448867272570832	0.2191105459701244	0.00026174486042291733	0.9870919631238432
rs102597	synthetic	2598	A	G	0.07044883257945901	0.14420004089382474	0.23868044252299458	0.6251607972431699
rs102598	synthetic	2599	A	G	-0.1635939473661713	0.13148871601947443	1.5479520163445872	0.21343803354662316
rs102599	synthetic	2600	A	G	-0.11527114653315093	0.19498837936867092	0.3494811582021027	0.5544069808476902
rs102600	synthetic	2601	A	G	0.08833379905363664	0.17936417764921925	0.24253945450653452	0.6223779732764751
rs102601	synthetic	2602	A	G	0.10715687211532439	0.13542070025040734	0.6261378331716398	0.4287755312292152
rs102602	synthetic	2603	A	G	0.230686434487333	0.1657523049202624	1.9369792150781393	0.16399690191535543
rs102603	synthetic	2604	A	G	-0.09180680190999164	0.11413220412406866	0.6470432472158001	0.4211717835596338
rs102604	synthetic	2605	A	G	0.010124704582963771	0.10448175582118076	0.009390393594547582	0.9228025978873363
rs102605	synthetic	2606	A	G	0.045019907173139424	0.13899464898586258	0.1049090678385085	0.7460162476311991
rs102606	synthetic	2607	A	G	0.1467051046574496	0.10865871934556089	1.8228934600742155	0.1769692459681912
rs102607	synthetic	2608	A	G	-0.15770629757955196	0.1338847976267198	1.387508138538142	0.23882636647820304
rs102608	synthetic	2609	A	G	0.02286992693502869	0.11908340505042647	0.03688307024000828	0.8477033097015426
rs102609	synthetic	2610	A	G	-0.05945776686238457	0.10618674031617656	0.31352820003736215	0.5755231679056019
rs102610	synthetic	2611	A	G	-0.0467475355517329	0.12173055835142906	0.14747493487728677	0.7009601746741893
rs102611	synthetic	2612	A	G	0.03884248747129686	0.1314556134672977	0.08730835309513932	0.7676273282656348
rs102612	synthetic	2613	A	G	-0.012556292093472867	0.11590630250229722	0.011735692365363445	0.9137328150691956
rs102613	synthetic	2614	A	G	-0.16454342076214698	0.11253515985049266	2.1378861769949453	0.1436997766888191
rs102614	synthetic	2615	A	G	-0.10775811529064548	0.10675941331289325	1.0187969046265934	0.31280455681312364
rs102615	synthetic	2616	A	G	-0.030918409888720248	0.12332650884252455	0.06285233630534556	0.8020432135439237
rs102616	synthetic	2617	A	G	0.13214871699597783	0.3829162487138682	0.11910179606908909	0.7300107130860521
rs102617	synthetic	2618	A	G	-0.008294498639964912	0.10635132855933283	0.006082672603563758	0.9378348219052192
rs102618	synthetic	2619	A	G	-0.04487556289668773	0.19807489182435556	0.05132878255688372	0.8207670162129727
rs102619	synthetic	2620	A	G	0.026105689936281103	0.12586657667942894	0.04301793015968034	0.8356915145341124
rs102620	synthetic	2621	A	G	0.10907782071736112	0.10478334615699486	1.0836483618533326	0.29788282391015725
rs102621	synthetic	2622	A	G	-0.25448885357561285	0.1651156497651889	2.3755329285367606	0.12324953111660411
rs102622	synthetic	2623	A	G	-0.13894674495656592	0.1050278240028691	1.7502013679280932	0.1858514196166931
rs102623	synthetic	2624	A	G	-0.23365507570181632	0.16356355842797635	2.040691420705103	0.1531400244381961
rs102624	synthetic	2625	A	G	0.19639802666597664	0.1490591599745684	1.7360287007364634	0.18764280430817507
rs102625	synthetic	2626	A	G	0.0058306644490077825	0.10667632174498501	0.0029874457834151063	0.9564113034626587
rs102626	synthetic	2627	A	G	-0.6746124521631647	0.3273529584845399	4.246940396771154	0.0393211112528359
rs102627	synthetic	2628	A	G	-0.12237735313499029	0.12880773554241554	0.9026475771573114	0.34207278904058386
rs102628	synthetic	2629	A	G	-0.057775641021212076	0.20574292900806287	0.0788569015632919	0.7788525201930004
rs102629	synthetic	2630	A	G	0.013150424747475385	0.2564021042593393	0.002630488398124015	0.9590958013271085
rs102630	synthetic	2631	A	G	-0.02294485748848877	0.1150216693095508	0.039793432011836286	0.8418850093146574
rs102631	synthetic	2632	A	G	-0.03376876439861267	0.10575034498153676	0.1019686699413632	0.7494798225486976
rs102632	synthetic	2633	A	G	0.2962863231788711	0.2585372887175232	1.3133389638566617	0.25179100650230757
rs102633	synthetic	2634	A	G	-0.12631035182044437	0.3772882813232472	0.11208080909750541	0.7377874873276876
rs102634	synthetic	2635	A	G	-0.2502699664368333	0.1340132855881733	3.487560586656722	0.06183163483072457
rs102635	synthetic	2636	A	G	-0.12945092254670157	0.1014609074204815	1.627844120992815	0.2020014963897743
rs102636	synthetic	2637	A	G	0.1452846354066459	0.2741350453126094	0.2808731710699434	0.5961294798624377
rs102637	synthetic	2638	A	G	0.02015510190731742	0.1174750514439425	0.029435994218356135	0.8637762144150344
rs102638	synthetic	2639	A	G	0.05921997708426918	0.12362521044712661	0.2294681330215068	0.631918480537647
rs102639	synthetic	2640	A	G	-0.056349145221882196	0.11374884482474094	0.24540345635702623	0.6203304052713874
rs102640	synthetic	2641	A	G	-0.05659486987287771	0.1132244252658587	0.24984685191738806	0.6171829343611246
rs102641	synthetic	2642	A	G	0.027072843318854456	0.13851722059685256	0.03819972200037568	0.8450426404476948
rs102642	synthetic	2643	A	G	-0.037673094429385406	0.10615128148009502	0.12595404097338544	0.722664475783882
rs102643	synthetic	2644	A	G	-0.10025283100372599	0.14688791440067048	0.46582325063811414	0.4949149701713743
rs102644	synthetic	2645	A	G	-0.1639795544355694	0.10728891260914754	2.335983208700223	0.12641515036361517
rs102645	synthetic	2646	A	G	0.315772511501095	0.10837807702141765	8.48918036075847	0.0035726472233789963
rs102646	synthetic	2647	A	G	-0.06709310752232027	0.12323035070843047	0.29642883405676873	0.5861299312861472
rs102647	synthetic	2648	A	G	-0.01385537743629	0.1455649884592599	0.009059888677252803	0.9241691172735536
rs102648	synthetic	2649	A	G	0.09302618418298965	0.10655610459372211	0.7621733219688078	0.38264924175288484
rs102649	synthetic	2650	A	G	0.15965588443801623	0.16132171547113777	0.9794543440861476	0.3223335569500284
rs102650	synthetic	2651	A	G	-0.03206139400164794	0.13175237539525467	0.05921720353070166	0.8077374871777343
rs102651	synthetic	2652	A	G	0.14546422639013912	0.15890226367983934	0.8380158542986628	0.35996485471092465
rs102652	synthetic	2653	A	G	0.2781267681621865	0.20366456619946768	1.864896035111211	0.17206078951557388
rs102653	synthetic	2654	A	G	-0.10062782236060742	0.11168765756801727	0.8117565166526014	0.36760144510599124
rs102654	synthetic	2655	A	G	-0.11833804672557675	0.17506733316857725	0.45691830909820264	0.49906773821267647
rs102655	synthetic	2656	A	G	-0.027765147091816184	0.16192852444323855	0.0294004000784666	0.8638577960644515
rs102656	synthetic	2657	A	G	0.24350480944789193	0.19524008736274162	1.5555253750587938	0.21232159598587258
rs102657	synthetic	2658	A	G	-0.5294565658974344	0.17646673081305472	9.001916841531175	0.0026969658534471384
rs102658	synthetic	2659	A	G	-0.04399571192827896	0.10262909181508573	0.18377216340092123	0.6681513455750496
rs102659	synthetic	2660	A	G	-0.15951826619379517	0.11283641050835373	1.998583589013308	0.1574462758638054
rs102660	synthetic	2661	A	G	-0.083533187528034	0.12078499986793197	0.47829088173167295	0.48919749853849903
rs102661	synthetic	2662	A	G	-0.07524361881904161	0.11848607752437929	0.40327816142096523	0.5254011155644127
rs102662	synthetic	2663	A	G	-0.024900780654691847	0.14032392306074457	0.03148926253275301	0.8591532541004407
rs102663	synthetic	2664	A	G	0.16433636944969873	0.10103680925836725	2.6455022239521386	0.10384333506194565
rs102664	synthetic	2665	A	G	0.010972181115837384	0.1060275820457193	0.010708982792207335	0.9175786766895591
rs102665	synthetic	2666	A	G	-0.6854204772978449	0.32314346744645855	4.499076611564211	0.033913161832180946
rs102666	synthetic	2667	A	G	-0.11190960858021863	0.1300121996865099	0.7409118503140069	0.38936893644678605
rs102667	synthetic	2668	A	G	0.10390955201324026	0.2214167984223366	0.2202367609999445	0.6388595775697056
rs102668	synthetic	2669	A	G	-0.18951004091894125	0.16221825606054555	1.364787368821651	0.242709508854619
rs102669	synthetic	2670	A	G	-0.04541541848271902	0.1060908226534815	0.183252963512464	0.6685924715504852
rs102670	synthetic	2671	A	G	-0.06479050901346327	0.11240000120804805	0.33226925064189683	0.5643259164351235
rs102671	synthetic	2672	A	G	-0.10413721634118189	0.11108547495539292	0.8788148290359689	0.34852649372672406
rs102672	synthetic	2673	A	G	-0.02270101955660117	0.12376765515731014	0.03364158115716191	0.8544712973229766
rs102673	synthetic	2674	A	G	0.0921993941753459	0.11574753763204444	0.6345014417197855	0.42570894709319695
rs102674	synthetic	2675	A	G	0.03795248787172526	0.1334560682725033	0.08087305486130311	0.7761177420740072
rs102675	synthetic	2676	A	G	0.029597236100067162	0.1306957621386265	0.051283694282109694	0.8208444173960896
rs102677	synthetic	2678	A	G	-0.0396393478668489	0.14764055842817422	0.07208445904389127	0.7883256413024613
rs102678	synthetic	2679	A	G	-0.008146425086211549	0.11283966118861163	0.005212074194456947	0.9424469657876164
rs102679	synthetic	2680	A	G	-0.018072730162336747	0.10906971553948794	0.02745612021732298	0.8683939242151315
rs102680	synthetic	2681	A	G	-0.012150330140253254	0.1593293592867104	0.005815466220768793	0.9392128816470746
rs102681	synthetic	2682	A	G	-0.1488026583941718	0.15281623209335782	0.9481616934575994	0.33018766422326196
rs102682	synthetic	2683	A	G	0.11319952552631855	0.1245769100977735	0.8256844457949306	0.3635233923231882
rs102683	synthetic	2684	A	G	0.09362553422868265	0.10607092257905062	0.7791048808889639	0.3774150388817117
rs102684	synthetic	2685	A	G	0.15443990662430637	0.2188172070885746	0.4981453947010958	0.4803161550752931
rs102685	synthetic	2686	A	G	0.021447057826644005	0.10958205624031758	0.03830509595710244	0.8448317739139738
rs102686	synthetic	2687	A	G	0.09128943826918956	0.11751842562371247	0.6034331158878868	0.437271126766408
rs102687	synthetic	2688	A	G	0.025103284744018683	0.13722552778473224	0.03346503510685122	0.8548494043730877
rs102688	synthetic	2689	A	G	0.10787754408212544	0.11216749961390934	0.9249708021045109	0.3361731779323064
rs102689	synthetic	2690	A	G	-0.08283478877109762	0.109534898786126	0.5719005519605236	0.44950467454841914
rs102690	synthetic	2691	A	G	-0.02503224062510311	0.15423240796323356	0.026341965191819052	0.8710679767479597
rs102691	synthetic	2692	A	G	0.08762176625506725	0.13060599999031014	0.45008832647577984	0.5022930125132885
rs102692	synthetic	2693	A	G	0.1808960474811581	0.12103974724350364	2.233583225306947	0.13504035305485515
rs102693	synthetic	2694	A	G	0.021027945223033206	0.31718457648280335	0.004395108006649165	0.9471424776415425
rs102694	synthetic	2695	A	G	-0.1178968320237362	0.1022480658171119	1.3295175303022644	0.24889106777113654
rs102695	synthetic	2696	A	G	-0.11715522508888075	0.1068917892532196	1.2012534059297795	0.27307130668954127
rs102696	synthetic	2697	A	G	-0.19640015669650945	0.11247969294197399	3.0488454903035884	0.08079455787021082
rs102697	synthetic	2698	A	G	0.0954638564913141	0.10670240617975227	0.8004413641169564	0.37096144166935574
rs102698	synthetic	2699	A	G	-0.03701738106392249	0.10588930835923697	0.122210115943799	0.7266496933967794
rs102699	synthetic	2700	A	G	0.06507422230889719	0.12060309131497192	0.29113947436705023	0.5894912520036493
rs102700	synthetic	2701	A	G	0.16433041584765348	0.10588550714488584	2.4085899308508	0.1206710170855207
rs102701	synthetic	2702	A	G	0.08555108586308553	0.12225113862624497	0.4897170525296743	0.4840535479746232
rs102702	synthetic	2703	A	G	0.17829603685417675	0.13469185008189616	1.752268860102113	0.18559175911081566
rs102703	synthetic	2704	A	G	0.03364256595748751	0.16994013888453313	0.03919099479012515	0.8430707609795541
rs102704	synthetic	2705	A	G	0.008920553744776386	0.11265862376184484	0.006269815267291068	0.9368877302480674
rs102705	synthetic	2706	A	G	-0.009876664827643872	0.11221268417401893	0.007747056615383998	0.9298628740992191
rs102706	synthetic	2707	A	G	-0.03754587949187734	0.10180276311049648	0.13602083370020215	0.7122693326311524
rs102707	synthetic	2708	A	G	0.05778449239485005	0.11699369596987967	0.2439482365535136	0.6213689208012605
rs102708	synthetic	2709	A	G	-0.04041163620956985	0.11069139022653714	0.1332861997456238	0.7150488341265979
rs102709	synthetic	2710	A	G	0.12875052884306903	0.13155075056716828	0.9578806109885003	0.3277214345737551
rs102710	synthetic	2711	A	G	-0.050454809935899535	0.1676761042642126	0.09054465092178644	0.7634858833574498
rs102711	synthetic	2712	A	G	-0.016010930084889158	0.10985645469528474	0.021241342594951765	0.8841234065206998
rs102712	synthetic	2713	A	G	0.27183807022028017	0.14569861148130506	3.4810457500948075	0.06207549965046142
rs102713	synthetic	2714	A	G	0.2364674120684994	0.15868818542425273	2.2205134529459207	0.13618776085863074
rs102714	synthetic	2715	A	G	0.10942923292120728	0.12290654522919885	0.7927142901490752	0.3732806436678954
rs102715	synthetic	2716	A	G	-0.14400270228245277	0.1289721945448252	1.2466630984799223	0.26419076569299443
rs102716	synthetic	2717	A	G	-0.20489515647181814	0.19359399456046733	1.1201588704655359	0.2898842475981882
rs102717	synthetic	2718	A	G	0.2305339285848913	0.1309926127676822	3.0972487993139635	0.07842472531052684
rs102718	synthetic	2719	A	G	0.052203143063822545	0.12926006640501522	0.16310397842853658	0.6863146898193819
rs102719	synthetic	2720	A	G	0.1175382671912778	0.10407454485996752	1.275467882313348	0.2587434096539942
rs102720	synthetic	2721	A	G	-0.2571552983260893	0.23731896247604903	1.1741567295739437	0.27854878776802305
rs102721	synthetic	2722	A	G	0.0854083146914389	0.24281951478153618	0.12371806837828944	0.7250364144733723
rs102722	synthetic	2723	A	G	0.0019189484579181302	0.10791519054578026	0.0003161997018388468	0.9858127604207191
rs102723	synthetic	2724	A	G	0.17622346635618769	0.1070105723149281	2.7119027144996504	0.09960212832786075
rs102725	synthetic	2726	A	G	-0.02126248180408547	0.17368603223452467	0.014986427664897339	0.9025671397701673
rs102726	synthetic	2727	A	G	-0.034003606075471815	0.10762070305012972	0.09982936370626483	0.752034500412553
rs102727	synthetic	2728	A	G	-0.047622507249978234	0.12743624369504306	0.139649244239502	0.7086299602105721
rs102728	synthetic	2729	A	G	-0.19800562953356363	0.10463533730389792	3.580950507043498	0.058445700613476724
rs102729	synthetic	2730	A	G	-0.05781699114822015	0.1329502519074215	0.18911790339825427	0.66365179499879
rs102730	synthetic	2731	A	G	0.0832981176494576	0.10336487116269044	0.6494181760290713	0.4203207736119571
rs102733	synthetic	2734	A	G	-0.04569004070849863	0.12339147477404781	0.1371111521068245	0.711169977147526
rs102734	synthetic	2735	A	G	-0.1394319866694107	0.11863505881381305	1.3813340932734532	0.2398740334033937
rs102735	synthetic	2736	A	G	0.04063048562580364	0.10375584981074927	0.153348256510779	0.6953559613835398
rs102736	synthetic	2737	A	G	0.18246962826088303	0.1096711682570326	2.7681921646392014	0.09615470342877325
rs102737	synthetic	2738	A	G	-0.1141106345213021	0.14450785435284666	0.6235472026254685	0.4297321695923443
rs102738	synthetic	2739	A	G	-0.13628888402454994	0.10425486984764369	1.7089453311361813	0.19112226558400613
rs102739	synthetic	2740	A	G	-0.04410660398088807	0.16131822028266588	0.07475502591102036	0.7845352585331149
rs102740	synthetic	2741	A	G	0.02729203119852193	0.11637379324841678	0.05499982872263785	0.8145809800997367
rs102741	synthetic	2742	A	G	-0.13306856298273925	0.11913354940948237	1.2476212739443124	0.26400728783527994
rs102743	synthetic	2744	A	G	0.13597112794085997	0.13725755420345567	0.9813431348176639	0.32186743263860995
rs102744	synthetic	2745	A	G	-0.046985938220251995	0.10524214839035463	0.19932253248147389	0.6552682348334182
rs102745	synthetic	2746	A	G	-0.16165144455297167	0.10286997966782671	2.469345574344777	0.11608624915066243
rs102746	synthetic	2747	A	G	0.13365283514282733	0.10691794697230614	1.5626263009800585	0.2112810932825338
rs102747	synthetic	2748	A	G	-0.22819774363833562	0.12974489728020946	3.093443004534926	0.07860831789848068
rs102748	synthetic	2749	A	G	0.09405517280935509	0.10860414732488562	0.7500194932417719	0.38647005916606003
rs102749	synthetic	2750	A	G	0.06987635475181071	0.11000828112411884	0.4034685840974524	0.5253033504964019
rs102750	synthetic	2751	A	G	-0.07937786319508541	0.11801149720944167	0.4524287210586658	0.501183844345624
rs102751	synthetic	2752	A	G	0.048885096155844285	0.1342101945980164	0.13267281239568043	0.715676714208781
rs102752	synthetic	2753	A	G	-0.03673911277890411	0.11122132474766923	0.10911418199728887	0.7411548893132889
rs102754	synthetic	2755	A	G	-0.24318067459749781	0.10576495431824831	5.286576796635957	0.02149042350203988
rs102755	synthetic	2756	A	G	0.0055917010840308735	0.1057415026878286	0.002796384838447193	0.9578268384496581
rs102756	synthetic	2757	A	G	-0.06328562363198614	0.1220956216854812	0.2686642911624801	0.6042291875294532
rs102757	synthetic	2758	A	G	-0.1562779016916378	0.17052843053641828	0.8398496639321296	0.3594397705460023
rs102758	synthetic	2759	A	G	-0.12791107168538524	0.1043526075762988	1.5024833353615417	0.22028965524923513
rs102759	synthetic	2760	A	G	0.032923174589521355	0.10600264452633855	0.0964650536000334	0.7561136699645528
rs102760	synthetic	2761	A	G	0.13151807728111212	0.10995587720565451	1.4306520021977924	0.23165806086289548
rs102761	synthetic	2762	A	G	0.0924992991560695	0.11218986609002732	0.6797819443470794	0.4096618209035324
rs102763	synthetic	2764	A	G	0.03852383967463581	0.11960828791114678	0.1037376930528294	0.7473895412866804
rs102764	synthetic	2765	A	G	-0.1257590906038495	0.29411046579881556	0.18283436109388676	0.6689486659650112
rs102765	synthetic	2766	A	G	-0.04826098417017217	0.11485614859951439	0.1765565563982331	0.6743493363422512
rs102766	synthetic	2767	A	G	-0.16405078941849385	0.12383638395009679	1.7549313210025463	0.185257995716552
rs102767	synthetic	2768	A	G	0.023947647542744713	0.13497376444526984	0.031479439721058156	0.8591749942121942
rs102768	synthetic	2769	A	G	0.09313492796948511	0.14061445767549627	0.43869755467819266	0.5077517610258331
rs102769	synthetic	2770	A	G	-0.04640959314687778	0.10767480317478881	0.18577503388721622	0.6664565328884653
rs102770	synthetic	2771	A	G	0.17365661162096913	0.11074196823237159	2.458997966726528	0.11685330598603019
rs102771	synthetic	2772	A	G	0.08913706483448824	0.10947012362770422	0.6630181867869583	0.41549642772766016
rs102772	synthetic	2773	A	G	-0.04570284683577771	0.11481607078867444	0.15844595097158293	0.6905913404258441
rs102773	synthetic	2774	A	G	0.166384409477986	0.11083011078890882	2.253770679480287	0.13328926581965686
rs102775	synthetic	2776	A	G	0.48767968546501256	0.2791299234759818	3.052506078299786	0.08061266437010076
rs102776	synthetic	2777	A	G	0.033359776724499954	0.13420279243088368	0.06179070715491184	0.8036877179325798
rs102777	synthetic	2778	A	G	-0.13997236189640955	0.1251121095221434	1.251658601689697	0.2632359296496265
rs102778	synthetic	2779	A	G	-0.1101321781623638	0.119567067802115	0.8484090634277813	0.3570027959129429
rs102779	synthetic	2780	A	G	-0.42721033584345514	0.2495457255422971	2.9307800881248864	0.08690549101178185
rs102780	synthetic	2781	A	G	0.21512831117188838	0.1511690570534064	2.0252065698522506	0.1547078853219106
rs102781	synthetic	2782	A	G	0.04784355305357959	0.10485620611169608	0.20818937866485426	0.6481902668460437
rs102782	synthetic	2783	A	G	0.015876614553033366	0.17248257413044024	0.008472768737422146	0.9266601859240401
rs102783	synthetic	2784	A	G	0.17445907054379248	0.13308080742646838	1.7185265832045555	0.1898828165692245
rs102784	synthetic	2785	A	G	0.10571398018692445	0.11336589438938768	0.8695609166862441	0.35107689413157805
rs102785	synthetic	2786	A	G	-0.1409907098181576	0.1280521856102256	1.2122913408032738	0.27087880204414416
rs102786	synthetic	2787	A	G	-0.054208010246009686	0.10574666852217486	0.26278074804792134	0.6082161477487967
rs102787	synthetic	2788	A	G	0.23009163480038758	0.10715339111502033	4.610943703959409	0.031768545997800705
rs102789	synthetic	2790	A	G	0.45595056643916404	0.1280880026120571	12.671225284918407	0.00037132611022303426
rs102790	synthetic	2791	A	G	-0.08005316763073858	0.10548461605247858	0.5759420522230901	0.447907317207489
rs102791	synthetic	2792	A	G	0.05197482034616606	0.10488026515396541	0.2455830792007181	0.6202024837361695
rs102792	synthetic	2793	A	G	-0.1706664699616773	0.13345878269572456	1.6353175324967915	0.20096913384928453
rs102793	synthetic	2794	A	G	0.12861161947384758	0.13843852353364658	0.863070944268809	0.3528807342621688
rs102794	synthetic	2795	A	G	-0.04169151127136212	0.11371682390314679	0.1344144110326372	0.7138982280736403
rs102795	synthetic	2796	A	G	0.10443869218763338	0.13870448508640856	0.5669461895375011	0.4514749775072304
rs102796	synthetic	2797	A	G	-0.026260231269545253	0.208369114599832	0.015882921900738846	0.8997101840830455
rs102797	synthetic	2798	A	G	0.03954081747456093	0.1846857093567749	0.045837899055679525	0.8304707347476887
rs102799	synthetic	2800	A	G	0.25727795604100034	0.14675053193639218	3.0735889440928617	0.07957361904152757
rs102800	synthetic	2801	A	G	0.041429729633062976	0.13990888988073685	0.08768666987770539	0.7671389365950034
rs102801	synthetic	2802	A	G	-0.09905824801976998	0.14024583352258063	0.498886037533404	0.479989996956942
rs102802	synthetic	2803	A	G	0.008648905107721656	0.10533958133460793	0.00674122912668457	0.9345632263189262
rs102803	synthetic	2804	A	G	0.03780478704454872	0.13241625298048587	0.08151002067356965	0.775261412053511
rs102804	synthetic	2805	A	G	-0.015015557231871552	0.11414013904167886	0.017306375113330334	0.8953373117987362
rs102805	synthetic	2806	A	G	0.0827084297359511	0.23990035914032348	0.11886055531079068	0.7302736098553793
rs102806	synthetic	2807	A	G	0.08708891957305034	0.12057977430244894	0.5216471898804876	0.4701398822645134
rs102807	synthetic	2808	A	G	0.06022893820757519	0.22813200988680044	0.06970083172248652	0.7917728675066453
rs102808	synthetic	2809	A	G	0.07134372647799705	0.16492193764542426	0.1871348712462681	0.6653120146599163
rs102809	synthetic	2810	A	G	-0.00118981430961272	0.10722749832468034	0.00012312493889948153	0.9911467207392745
rs102810	synthetic	2811	A	G	-0.09852850926057952	0.1130435365389009	0.7596829024410047	0.3834277757305956
rs102811	synthetic	2812	A	G	0.021971261584268546	0.14216571131288616	0.02388472606817561	0.8771785810374736
rs102812	synthetic	2813	A	G	0.0312466583149207	0.10893289179127562	0.08227901637396386	0.7742323900618031
rs102813	synthetic	2814	A	G	0.03172003131062784	0.1520031266685492	0.0435473941225821	0.8346979573464386
rs102814	synthetic	2815	A	G	-0.07997337537845935	0.25877997056785873	0.09550575330453491	0.7572910604656913
rs102815	synthetic	2816	A	G	0.09697695587414809	0.1857573163604501	0.2725494051183986	0.6016267142677303
rs102816	synthetic	2817	A	G	-0.0999267257212409	0.1817101521880921	0.3024161151791518	0.5823716833618549
rs102817	synthetic	2818	A	G	0.044954824038615136	0.12271153171192901	0.13420906476491978	0.7141072416549563
rs102818	synthetic	2819	A	G	-0.007778073841714451	0.11994305248549816	0.004205270428964305	0.9482949784083566
rs102819	synthetic	2820	A	G	-0.11488816647061022	0.11189257050447507	1.0542608880653586	0.30452780291445375
rs102820	synthetic	2821	A	G	-0.09181176104062498	0.10994495622733194	0.6973423066007033	0.403678161290396
rs102821	synthetic	2822	A	G	0.1858840940851328	0.11212728582144127	2.748285453300138	0.09735877833267642
rs102823	synthetic	2824	A	G	-0.23777737704049134	0.10935487847768494	4.727861431282843	0.02967776414063336
rs102824	synthetic	2825	A	G	-0.1039489858104676	0.1286071961223378	0.653295960877699	0.41893674656375324
rs102825	synthetic	2826	A	G	0.14128554432460086	0.1643067643492005	0.7394087263482119	0.38985034999056034
rs102826	synthetic	2827	A	G	-0.020680622220959788	0.12095609478193255	0.029232885755133983	0.864242422666633
rs102827	synthetic	2828	A	G	-0.09125102433341474	0.12583187848565427	0.5258890602514881	0.46834033024600974
rs102828	synthetic	2829	A	G	0.0603347114868906	0.10641909805748126	0.3214366054808295	0.57074557410828
rs102829	synthetic	2830	A	G	-0.039251118598509036	0.11143778417392214	0.1240621033736008	0.7246698991523445
rs102830	synthetic	2831	A	G	-0.07160690526814005	0.11285130382579957	0.40262120766022086	0.5257386515604553
rs102831	synthetic	2832	A	G	0.20080720716839176	0.14850971759848022	1.8283058443341311	0.17632778182435987
rs102832	synthetic	2833	A	G	-0.29496085330470895	0.27594225291651864	1.1425950821590167	0.28510464071165725
rs102833	synthetic	2834	A	G	-0.11706601683283004	0.11950853687291285	0.9595416370341842	0.32730238902788483
rs102834	synthetic	2835	A	G	-0.0018976047447269424	0.14503717334120966	0.00017117993649985776	0.9895611152770913
rs102835	synthetic	2836	A	G	-0.023173065376453347	0.1239465828111611	0.03495407856791154	0.8516919177537402
rs102836	synthetic	2837	A	G	0.1249800775967516	0.13913528290004204	0.8068764297338895	0.3690453495768874
rs102838	synthetic	2839	A	G	0.1336541098605215	0.15031561489590448	0.7905993267361059	0.3739189637759608
rs102839	synthetic	2840	A	G	-0.0964324113075159	0.11825626623136712	0.6649633778631607	0.4148131335377927
rs102840	synthetic	2841	A	G	0.09114724798409635	0.11231434462344132	0.6585923268120409	0.4170573451144025
rs102841	synthetic	2842	A	G	0.015114387509219528	0.1791763484640726	0.007115734608566826	0.9327743325578659
rs102842	synthetic	2843	A	G	0.16286380469888348	0.25481189526163334	0.40851664473271726	0.5227233596364378
rs102843	synthetic	2844	A	G	-0.05301882589312782	0.19641705051902664	0.07286212641967578	0.787214218725587
rs102844	synthetic	2845	A	G	-0.47191733357089727	0.3227172621685736	2.1383927124662514	0.1436523294615512
rs102845	synthetic	2846	A	G	-0.06469349102547406	0.14087664112170126	0.21088379001627455	0.6460755786821646
rs102846	synthetic	2847	A	G	-0.03264550607943491	0.17992459882900624	0.03292044711459714	0.8560222817006007
rs102847	synthetic	2848	A	G	0.10756975917838063	0.10167976755906248	1.11920928187619	0.29008877971610353
rs102848	synthetic	2849	A	G	-0.14055623175095944	0.10129394769240291	1.9254543063367635	0.16525662580433198
rs102849	synthetic	2850	A	G	0.2525942025946655	0.3092072712699367	0.6673403133764649	0.4139804344531761
rs102850	synthetic	2851	A	G	-0.03625543544492046	0.1139158336794218	0.1012926808478903	0.7502838468427426
rs102851	synthetic	2852	A	G	-0.0992892652557409	0.13120709847988551	0.5726508776337966	0.44920744693357884
rs102852	synthetic	2853	A	G	-0.06210731343651819	0.104024508219532	0.35646274266123495	0.5504773309540951
rs102853	synthetic	2854	A	G	0.1618261845744943	0.12670707967618727	1.6311572341493377	0.20154306151065268
rs102854	synthetic	2855	A	G	-0.2082834948265304	0.17584027882790274	1.403049472649018	0.23621365613832185
rs102855	synthetic	2856	A	G	-0.07790980775410898	0.10775285756348865	0.522789279023862	0.46965427419208294
rs102856	synthetic	2857	A	G	0.048104197672672384	0.13888112762571841	0.11997188508658145	0.7290649844249999
rs102857	synthetic	2858	A	G	0.42543292838706737	0.2706269995927446	2.4712686342821915	0.11594430840608938
rs102858	synthetic	2859	A	G	-0.002499553334747443	0.1285888872591964	0.00037784870640634126	0.9844914325783107
rs102859	synthetic	2860	A	G	0.02016838415601338	0.1304810591188926	0.023891711586213938	0.8771607642442281
rs102860	synthetic	2861	A	G	0.04329243666548959	0.12366991347781613	0.12254509889964554	0.7262903514239141
rs102861	synthetic	2862	A	G	0.20410342588206123	0.1152234331073347	3.1377545418385924	0.07649905956472566
rs102862	synthetic	2863	A	G	0.02155283149486363	0.12744342119308374	0.028600513066191727	0.8657047218825396
rs102863	synthetic	2864	A	G	0.04338293264503233	0.11242440195813348	0.14890752357433773	0.6995815615066034
rs102864	synthetic	2865	A	G	0.24523459647781964	0.12220936863592652	4.0267482228740255	0.04478418229737714
rs102865	synthetic	2866	A	G	0.07525307600968754	0.13935524152894802	0.2916096533284186	0.5891908683465228
rs102866	synthetic	2867	A	G	-0.14313439700116767	0.11534067014020839	1.5400083823815949	0.21461655746398006
rs102867	synthetic	2868	A	G	0.11136441809215393	0.10453148828483495	1.1350072526190953	0.28670979753350634
rs102868	synthetic	2869	A	G	0.09448878646807274	0.10370413617644537	0.830172582273837	0.36222262979283515
rs102869	synthetic	2870	A	G	0.158971800833381	0.127532369299458	1.5538150788920704	0.2125731144912799
rs102870	synthetic	2871	A	G	-0.22994701162351164	0.13545707540861768	2.8817224529392123	0.08959014238920843
rs102871	synthetic	2872	A	G	-0.032153392053258026	0.12398019095696468	0.06725878072935883	0.7953706210363325
rs102872	synthetic	2873	A	G	0.02404952675354593	0.1094327102469138	0.04829684474549439	0.8260538433694504
rs102873	synthetic	2874	A	G	0.05728480871985464	0.10592969203699798	0.2924445384987329	0.5886582544475707
rs102874	synthetic	2875	A	G	0.07472517358670003	0.19430820492063974	0.1478943509819102	0.7005557680061447
rs102875	synthetic	2876	A	G	0.07457980081981763	0.11224603711975481	0.44146919460079354	0.5064141888271914
rs102876	synthetic	2877	A	G	-0.11711918513972198	0.10601872495035349	1.2203683354010089	0.26928837816284423
rs102877	synthetic	2878	A	G	-0.09305313807047898	0.18501131297565798	0.25296793568886505	0.6149929725947618
rs102878	synthetic	2879	A	G	-0.16198118200775585	0.1682874885642443	0.9264574307414918	0.33578515453186
rs102879	synthetic	2880	A	G	0.07441813940090476	0.14415523323363194	0.2664997396048893	0.605689500395961
rs102880	synthetic	2881	A	G	-0.11567600593273682	0.10685922653305864	1.1718243467867369	0.27902670325069096
rs102881	synthetic	2882	A	G	0.2541799096454163	0.21857498309075182	1.352326426971984	0.24487181914699443
rs102882	synthetic	2883	A	G	0.1360097450333825	0.10831703953827515	1.5766906410766943	0.2092380246319544
rs102883	synthetic	2884	A	G	0.13001214574339467	0.10804258678283382	1.4480311509910555	0.2288441338826867
rs102884	synthetic	2885	A	G	0.028795082619442202	0.14222779342630143	0.040989036834635305	0.839559085234215
rs102885	synthetic	2886	A	G	0.007979249234893047	0.10277577909050777	0.006027573377419481	0.938116452839432
rs102886	synthetic	2887	A	G	-0.006690749071467766	0.12996021085165885	0.0026505052598426006	0.9589406017139731
rs102888	synthetic	2889	A	G	0.05625886852377368	0.1483069289324211	0.14389943976688968	0.7044348084018881
rs102889	synthetic	2890	A	G	-0.004772423036019859	0.13117258660882103	0.0013237065004626741	0.9709771466311814
rs102890	synthetic	2891	A	G	0.033413810011776214	0.24907402071227658	0.01799679355864362	0.8932822796275296
rs102891	synthetic	2892	A	G	0.028960573521620212	0.1274601658682673	0.05162562919633405	0.8202583216995047
rs102892	synthetic	2893	A	G	-0.18945144417340015	0.10861384453161953	3.042464136592154	0.08111270453056536
rs102893	synthetic	2894	A	G	-0.06012830824357721	0.11001364283886086	0.29872039751241236	0.584685730775193
rs102894	synthetic	2895	A	G	0.05563151074987481	0.13578473331654334	0.1678571405406398	0.6820232987726275
rs102895	synthetic	2896	A	G	-0.23128699801009697	0.192358468240294	1.4457054500996007	0.2292183013791919
rs102896	synthetic	2897	A	G	0.1032270132148465	0.1714632395925287	0.3624471367574448	0.5471502895893049
rs102897	synthetic	2898	A	G	-0.2907861695220823	0.1715667974766989	2.8726386797219416	0.09009704174148545
rs102898	synthetic	2899	A	G	-0.004944247762181631	0.20395488602555525	0.0005876682442867466	0.9806596807791076
rs102899	synthetic	2900	A	G	0.0976191067895363	0.15306308713632683	0.4067510871275932	0.5236231484663462
rs102900	synthetic	2901	A	G	-0.3170765528815718	0.14216259296585915	4.9745933373000435	0.025722250081574353
rs102901	synthetic	2902	A	G	0.20622221527308723	0.1473794281357458	1.9579300032590696	0.16173487399939424
rs102902	synthetic	2903	A	G	-0.18251763162321802	0.19994828721555463	0.8332479863617547	0.3613350182220171
rs102903	synthetic	2904	A	G	0.22052565466279686	0.21595784356353726	1.0427501851918084	0.30718271313504714
rs102904	synthetic	2905	A	G	0.008824092606171965	0.13759521963931384	0.004112760528921087	0.9488660711285009
rs102905	synthetic	2906	A	G	-0.08281587750280422	0.10900842249932602	0.577174461138492	0.4474219780216121
rs102906	synthetic	2907	A	G	-0.044881391750678575	0.12050891744349722	0.13870568492428517	0.7095711419560291
rs102907	synthetic	2908	A	G	-0.05522814156179447	0.1994555946511629	0.07667052084085281	0.7818611759353692
rs102908	synthetic	2909	A	G	0.15516195001849722	0.12475825912492777	1.546791746477252	0.2136096916128987
rs102909	synthetic	2910	A	G	0.11284274913525745	0.16971904558006132	0.442065023508514	0.5061274368167815
rs102910	synthetic	2911	A	G	0.05351372071065258	0.1174049342022883	0.20775792375055135	0.6485304246902206
rs102911	synthetic	2912	A	G	-0.08842493144550428	0.11855133489713703	0.5563352350505258	0.4557406122340577
rs102912	synthetic	2913	A	G	0.09799898734049257	0.10405039142137044	0.8870656031757719	0.34627374229628294
rs102913	synthetic	2914	A	G	0.09254063015256314	0.17969301657179365	0.26521770102773495	0.6065579719451879
rs102914	synthetic	2915	A	G	-0.0060568875669808064	0.14689773369119072	0.0017000779426880354	0.9671109418982426
rs102915	synthetic	2916	A	G	-0.11801706381710675	0.3358997534413271	0.12344407247623362	0.7253287239807535
rs102916	synthetic	2917	A	G	-0.1119161652617605	0.12255703677716724	0.8338907146399426	0.36114989566736055
rs102918	synthetic	2919	A	G	0.11801035959642986	0.18648056088748355	0.40047290112750245	0.5268451320769876
rs102919	synthetic	2920	A	G	0.09481321261947526	0.10537022969497936	0.8096584842131049	0.3682212391981098
rs102920	synthetic	2921	A	G	0.2760961425536376	0.20375025968186974	1.8362184048737362	0.17539482082343394
rs102921	synthetic	2922	A	G	-0.17367637932039262	0.10240556786281212	2.87630126983765	0.08989228585442179
rs102922	synthetic	2923	A	G	-0.03739331035438328	0.10163608753757904	0.1353605003121943	0.7129375747299826
rs102923	synthetic	2924	A	G	0.1549741225415139	0.1465795798298637	1.1178188456099116	0.2903885980804343
rs102924	synthetic	2925	A	G	-0.16010605879715017	0.10524470266002174	2.314275421523909	0.12819102292814058
rs102925	synthetic	2926	A	G	-0.2142494876368809	0.1122225927109343	3.6448443577411087	0.05624306052249272
rs102926	synthetic	2927	A	G	-0.04278523300637314	0.13751713195556814	0.09679973995723387	0.7557044060865455
rs102927	synthetic	2928	A	G	-0.0029973039756996884	0.11204825411264734	0.0007155687922401283	0.9786590393425473
rs102928	synthetic	2929	A	G	-0.01726449358186579	0.11667493665436496	0.021895382675280992	0.8823657460224947
rs102929	synthetic	2930	A	G	-0.09260597374965458	0.15138965120527378	0.37418435787254695	0.54073222251831
rs102930	synthetic	2931	A	G	0.0002602511862887261	0.10466834230443044	6.182366448981389e-06	0.9980161127525567
rs102931	synthetic	2932	A	G	0.056125246661423205	0.1383330076013024	0.16461328685408969	0.6849442081325235
rs102932	synthetic	2933	A	G	-0.08210624659239851	0.11396924042587273	0.5190116314194421	0.47126359664116846
rs102933	synthetic	2934	A	G	0.03397698602287418	0.18717473561911513	0.03295150434213414	0.8559551255895179
rs102934	synthetic	2935	A	G	-0.037215884193396755	0.12808125616857927	0.08442781049031439	0.7713843063139336
rs102935	synthetic	2936	A	G	-0.14099462774971844	0.1109741957234077	1.6142140316750468	0.20390044936689622
rs102936	synthetic	2937	A	G	-0.05276964030582021	0.10904522294835099	0.2341827913446982	0.6284395476957403
rs102937	synthetic	2938	A	G	-0.16679507748575412	0.16679265734338397	1.0000290199816544	0.31730348597881225
rs102938	synthetic	2939	A	G	0.03287637773305962	0.12376101289945575	0.07056676574069987	0.7905133506218573
rs102939	synthetic	2940	A	G	0.026164379376256628	0.10123616885175027	0.06679584869935416	0.7960604592788698
rs102940	synthetic	2941	A	G	-0.06663522632474594	0.19170535793320567	0.12082011705334211	0.7281467031222466
rs102941	synthetic	2942	A	G	-0.10017865505691814	0.15278369756463497	0.42992862421456013	0.5120239733275502
rs102942	synthetic	2943	A	G	-0.2568438117598523	0.17435277729830798	2.1701036312242796	0.14071675101165476
rs102943	synthetic	2944	A	G	0.05351589107223108	0.12471650791904217	0.18412706821164013	0.6678502333311676
rs102944	synthetic	2945	A	G	0.12625348440559725	0.13423762297213856	0.8845822878988124	0.34694969170099865
rs102945	synthetic	2946	A	G	0.19849156728698966	0.1976047637505397	1.008995667938915	0.3151435661508977
rs102946	synthetic	2947	A	G	0.12072697532061862	0.12078187834872914	0.9990910797148406	0.31753053995866243
rs102947	synthetic	2948	A	G	0.18340997505143142	0.15799774524693283	1.3475476314635841	0.24570730111790193
rs102948	synthetic	2949	A	G	-0.09041638265639998	0.12196133791530486	0.5496040142004159	0.45847953885425996
rs102949	synthetic	2950	A	G	-0.18124125445627473	0.10306712057369213	3.0922445490430746	0.07866622749028852
rs102950	synthetic	2951	A	G	0.10368919795482173	0.101848376155728	1.0364749543304717	0.30864272379566116
rs102951	synthetic	2952	A	G	0.17517341392430358	0.11567000643688512	2.29347953058823	0.12991837963553476
rs102952	synthetic	2953	A	G	-0.0759126971184279	0.1355016297029204	0.31386277232754434	0.5753194506532309
rs102953	synthetic	2954	A	G	0.07653770817964652	0.10736663469718963	0.5081737479894307	0.47593049705275003
rs102954	synthetic	2955	A	G	0.03555508384802548	0.12956103223039442	0.07531034123920981	0.7837562680908616
rs102955	synthetic	2956	A	G	0.15945445542461978	0.1027314177707543	2.4091661574982672	0.12062660360793277
rs102956	synthetic	2957	A	G	0.04013961934025944	0.12827877986993133	0.09791221112835125	0.7543495947063755
rs102957	synthetic	2958	A	G	-0.25452054925441686	0.11171604071941107	5.19056497930603	0.022709832261689503
rs102958	synthetic	2959	A	G	-0.09700078419264374	0.10214060027491656	0.9018902228296367	0.34227537810502506
rs102959	synthetic	2960	A	G	-0.20818843755391248	0.13142375776913315	2.5093743256358403	0.11317085555185423
rs102961	synthetic	2962	A	G	0.22841039889182532	0.16339245157393528	1.9541944087259941	0.1621355793411637
rs102962	synthetic	2963	A	G	0.2136267634178553	0.10307907639993343	4.295070375926845	0.03822301412789927
rs102963	synthetic	2964	A	G	0.0030696042519750078	0.12253584393507234	0.0006275357658600446	0.9800145522578945
rs102964	synthetic	2965	A	G	-0.08800990380696842	0.11797035900897168	0.5565667923200961	0.4556468510209155
rs102965	synthetic	2966	A	G	-0.07481140010267517	0.10825382259184774	0.47758324677673714	0.48951905061184053
rs102966	synthetic	2967	A	G	-0.19189860509979584	0.1356099413194437	2.002444922923018	0.15704571304574513
rs102967	synthetic	2968	A	G	-0.03538412619760952	0.11394809449911456	0.09642792388604846	0.756159121166469
rs102968	synthetic	2969	A	G	-0.08470619611212055	0.13460600696168082	0.39600573571592834	0.5291593044997369
rs102969	synthetic	2970	A	G	0.06820322294136844	0.10308417069281368	0.4377496753145181	0.5082105957556246
rs102970	synthetic	2971	A	G	0.033390194235385584	0.10745663174245397	0.09655426097040185	0.7560045086836062
rs102971	synthetic	2972	A	G	0.2687093986458636	0.2063112499252572	1.696367305431549	0.19276374039165245
rs102973	synthetic	2974	A	G	0.11140548687593935	0.11452051540096798	0.9463386421651173	0.3306530187521973
rs102974	synthetic	2975	A	G	-0.08549503234343475	0.12259705039976462	0.4863195392567827	0.4855736833768445
rs102975	synthetic	2976	A	G	-0.16077485847095432	0.12726968856887727	1.5958288388949515	0.20649532814685867
rs102977	synthetic	2978	A	G	0.02432219876202336	0.11397706429658525	0.04553766240390868	0.831018448154228
rs102978	synthetic	2979	A	G	-0.06531389655598416	0.14974566540564047	0.19024036396271357	0.662716639957434
rs102979	synthetic	2980	A	G	0.11860658834424286	0.10269450398543593	1.333899852292863	0.24811261327895273
rs102980	synthetic	2981	A	G	0.04169659574770606	0.26325666364424943	0.02508663737984663	0.8741513704167043
rs102981	synthetic	2982	A	G	-0.1157852086849683	0.10225779268631485	1.2820747224141416	0.25751363190837584
rs102982	synthetic	2983	A	G	-0.06449668836676299	0.1794540871941383	0.12917192261659918	0.7192921674991306
rs102983	synthetic	2984	A	G	0.18250678867285375	0.1393200545855006	1.7160533090820922	0.19020186441752418
rs102984	synthetic	2985	A	G	-0.07168790436597065	0.22469259343550244	0.10179214263579012	0.7496895009123276
rs102985	synthetic	2986	A	G	-0.11549510072544177	0.12805899166190085	0.813405244406856	0.3671154005120011
rs102986	synthetic	2987	A	G	-0.14339067554809004	0.14231587126509632	1.015161525778855	0.3136694646323817
rs102987	synthetic	2988	A	G	-0.028103941911029537	0.1016634012451872	0.07641967872953984	0.7822092970880175
rs102988	synthetic	2989	A	G	0.07132282275045754	0.1173788716144199	0.3692131711271302	0.543433469936547
rs102989	synthetic	2990	A	G	-0.14312059295489843	0.17271749829317584	0.6866439153876968	0.4073082607037646
rs102990	synthetic	2991	A	G	0.08396249298321615	0.13429708704042448	0.3908746132491974	0.5318400258836729
rs102991	synthetic	2992	A	G	-0.3813029121547102	0.19195114163151084	3.9460160325964884	0.04698247390335808
rs102992	synthetic	2993	A	G	0.07962013302425085	0.10694122544032482	0.5543135372734502	0.45656052195115604
rs102993	synthetic	2994	A	G	0.221005524822401	0.10231725592820319	4.665610640591693	0.030772478890757606
rs102994	synthetic	2995	A	G	-0.06673818191234368	0.12823809726568966	0.2708411266348915	0.6027680948256434
rs102995	synthetic	2996	A	G	0.27335693321681287	0.28576616797255755	0.9150368090818628	0.33878152762769465
rs102996	synthetic	2997	A	G	-0.4472526478595614	0.2349333417046763	3.62423648825731	0.05694369482957326
rs102997	synthetic	2998	A	G	-0.04934581149914361	0.14166814410305026	0.12132664313680612	0.7276000686023132
rs102998	synthetic	2999	A	G	0.0041885585083824275	0.12343439114352799	0.0011514811007595415	0.9729301949533788
rs102999	synthetic	3000	A	G	0.5520895947548494	0.41540211046287073	1.7663701901659514	0.18383193527427144
rs103000	synthetic	3001	A	G	-0.19306593399439775	0.15869008679928118	1.4801703668069133	0.2237478687388816
rs103001	synthetic	3002	A	G	-0.09068855900787479	0.10621175993158248	0.7290541595927202	0.3931899440675425
rs103002	synthetic	3003	A	G	-0.14724702961952119	0.10667321696082978	1.9053830632482538	0.16747701860163594
rs103003	synthetic	3004	A	G	-0.08243042706307217	0.1457054921747146	0.32005399703043697	0.571575196525923
rs103004	synthetic	3005	A	G	-0.010894322083652968	0.1037102564951018	0.011034610418420916	0.9163395031422318
rs103005	synthetic	3006	A	G	0.16405289936061984	0.1395404670137982	1.3821891393736208	0.23972860898859447
rs103006	synthetic	3007	A	G	-0.11057944248301145	0.11081308726874456	0.9957875287778882	0.3183319539843328
rs103007	synthetic	3008	A	G	-0.0276374158886008	0.11822125696055402	0.05465170589955167	0.8151580727017337
rs103008	synthetic	3009	A	G	-0.006701386497356554	0.10363296105122105	0.004181513643201632	0.9484410295201579
rs103009	synthetic	3010	A	G	-0.1282762253095261	0.21299737292079757	0.3626969050282442	0.5470122452242125
rs103010	synthetic	3011	A	G	0.17859884176398885	0.18951266971136793	0.8881386638726706	0.34598221121211103
rs103011	synthetic	3012	A	G	-0.1402094575367569	0.11453747964957339	1.49850906082061	0.2209009098391034
rs103012	synthetic	3013	A	G	0.23217403510630158	0.3242888719108202	0.5125818294180181	0.47402333275799835
rs103013	synthetic	3014	A	G	0.21119513383337765	0.10434110851452329	4.096914702362726	0.042961543556544544
rs103014	synthetic	3015	A	G	0.006543538901465247	0.10250361410553296	0.004075182109071007	0.9490998947239466
rs103015	synthetic	3016	A	G	0.0821191291678074	0.12231290510842804	0.4507586895789686	0.50197488482966
rs103016	synthetic	3017	A	G	-0.08586457025261705	0.12322870792429626	0.4855167435415055	0.4859340278150126
rs103017	synthetic	3018	A	G	-0.13571639395711674	0.10819102041619977	1.5735559506202017	0.20969135407524533
rs103018	synthetic	3019	A	G	-0.24555433465164236	0.14803786533998545	2.7513737006006926	0.09717091092930319
rs103019	synthetic	3020	A	G	-0.15863451118911884	0.11854256795172219	1.7907983577243618	0.18082892125521075
rs103020	synthetic	3021	A	G	0.5333088167069628	0.2888034900166809	3.4099864465731855	0.06480297875164392
rs103021	synthetic	3022	A	G	-0.008831278904952647	0.15288090962999254	0.0033368807391360635	0.9539352279615638
rs103022	synthetic	3023	A	G	0.08141750197300347	0.12279996094256647	0.43958117885921255	0.5073246717711173
rs103023	synthetic	3024	A	G	-0.20587259464053684	0.1226005689572595	2.819759735580265	0.09311033994028159
rs103024	synthetic	3025	A	G	-0.023074147804437298	0.12462470490441203	0.03428017691064461	0.8531121171555716
rs103025	synthetic	3026	A	G	-0.12477808089074824	0.11406658652930887	1.1966295214277682	0.2739963704812414
rs103026	synthetic	3027	A	G	0.1518754595676692	0.10717772813002628	2.0080111326436847	0.1564703282271634
rs103027	synthetic	3028	A	G	-0.010334303726969267	0.10927952445734113	0.008943033340705538	0.9246582759628712
rs103028	synthetic	3029	A	G	-0.3552983211074288	0.15679316007753627	5.134901111466751	0.02344942289077303
rs103029	synthetic	3030	A	G	-0.2902713541676245	0.11344700135279485	6.546698129315524	0.010507898560893642
rs103030	synthetic	3031	A	G	-0.10852889336989645	0.10691886733246828	1.0303435357697297	0.31007799466188196
rs103031	synthetic	3032	A	G	-0.03384660969532866	0.11745484031343084	0.08304022345495096	0.7732189032726823
rs103032	synthetic	3033	A	G	0.04586313500430908	0.12104087255711554	0.14356989549498758	0.7047575326225006
rs103033	synthetic	3034	A	G	-0.17302776369009534	0.28949878090735404	0.3572219287476318	0.5500531678688778
rs103034	synthetic	3035	A	G	-0.09398890088007	0.11732234473894128	0.6417881203362283	0.4230640337103778
rs103035	synthetic	3036	A	G	0.10186353117448642	0.10864531304946776	0.8790538153190107	0.348460962746027
rs103036	synthetic	3037	A	G	-0.0636347354132854	0.10207815356332411	0.3886179656071086	0.5330267536087112
rs103037	synthetic	3038	A	G	-0.08648894332269204	0.14770636379554522	0.3428646955314235	0.558180314308621
rs103038	synthetic	3039	A	G	0.0017179345177387678	0.11361381453936727	0.00022863932485931568	0.9879357875417076
rs103039	synthetic	3040	A	G	-0.009117520117166721	0.10493630040406594	0.007549217932212372	0.930761940561814
rs103040	synthetic	3041	A	G	0.11872672638956834	0.1092454403541922	1.1811100024806125	0.2771301369362771
rs103041	synthetic	3042	A	G	-0.33938422894351117	0.19769748584763203	2.9470060077176083	0.08603681587151565
rs103042	synthetic	3043	A	G	-0.01661636679541502	0.13105468998975292	0.016075593135802042	0.899106957055424
rs103043	synthetic	3044	A	G	-0.08022781546196066	0.18302329183022736	0.19214859324951683	0.6611343461194962
rs103044	synthetic	3045	A	G	0.06858925476344982	0.18170503248296277	0.14248798898765355	0.7058200360777448
rs103045	synthetic	3046	A	G	-0.21596006406718163	0.1419015473823337	2.316181735832606	0.12803396416319726
rs103046	synthetic	3047	A	G	-0.019483580168463487	0.2079162637917586	0.008781336121881601	0.9253404926887395
rs103047	synthetic	3048	A	G	0.09831607677737637	0.11923662548442276	0.6798760256326348	0.4096294175109594
rs103048	synthetic	3049	A	G	-0.0676624147591963	0.11015969311299076	0.3772676364036581	0.5390691908316371
rs103049	synthetic	3050	A	G	-0.08808344245550212	0.18868243213339503	0.21793431971256055	0.6406183906789812
rs103050	synthetic	3051	A	G	0.13587093354173158	0.14413064989780183	0.8886698148988212	0.3458380301371674
rs103051	synthetic	3052	A	G	0.07039080114093646	0.1382959535873462	0.25906746152151167	0.6107615461460538
rs103052	synthetic	3053	A	G	0.06214971939293778	0.11789693604209918	0.277890248454008	0.5980873684521498
rs103053	synthetic	3054	A	G	-0.06852059130780905	0.11986814965940505	0.3267642992172826	0.5675706264654707
rs103054	synthetic	3055	A	G	-0.12720277308910732	0.12038176960358817	1.1165333824571173	0.2906661327260428
rs103055	synthetic	3056	A	G	0.1934944675457944	0.11745613741985807	2.7138489675166184	0.09948070533355495
rs103056	synthetic	3057	A	G	-0.14454667652831704	0.14757323784883275	0.9594028608723395	0.3273373724248129
rs103057	synthetic	3058	A	G	0.12130047731889501	0.1367737451788963	0.7865376957245073	0.37514910780828525
rs103058	synthetic	3059	A	G	0.3348354785408494	0.14409477883212185	5.399660417342767	0.020140669936972114
rs103059	synthetic	3060	A	G	0.0818724988290621	0.1545753966014687	0.28054036160832496	0.5963472631819164
rs103060	synthetic	3061	A	G	-0.09528190636500136	0.1178397351527965	0.6537886247443453	0.41876139524571787
rs103061	synthetic	3062	A	G	-0.002626312907294755	0.10287179156287947	0.0006517789487137582	0.9796322502234472
rs103064	synthetic	3065	A	G	0.5195800305260987	0.2960101276800456	3.08100044969541	0.07921178751989151
rs103065	synthetic	3066	A	G	0.15948072062827504	0.12804534046736546	1.5512750955431889	0.21294730093169678
rs103066	synthetic	3067	A	G	0.1398295900625612	0.10348709325541607	1.825684765371806	0.17663809095756525
rs103067	synthetic	3068	A	G	-0.09233735962558429	0.12925669515838437	0.510327307869589	0.4749972013358066
rs103068	synthetic	3069	A	G	-0.17884810475640248	0.1605213672465084	1.241374969522281	0.2652062281341199
rs103069	synthetic	3070	A	G	0.002103728527536873	0.17629058159725797	0.00014240366651165605	0.9904788295569278
rs103070	synthetic	3071	A	G	0.03197254266922102	0.10757304173655911	0.0883379778209398	0.7663008018360344
rs103071	synthetic	3072	A	G	0.17842227105583547	0.11139595785682072	2.565424639668473	0.10922322561971923
rs103072	synthetic	3073	A	G	0.012919569133789862	0.10386698302425057	0.01547180654017338	0.901009881874265
rs103073	synthetic	3074	A	G	0.46990377990474486	0.3678626723393728	1.6317229958709225	0.20146489956833297
rs103074	synthetic	3075	A	G	0.07825187567344905	0.10656271725688654	0.5392360767523815	0.46274949352552097
rs103075	synthetic	3076	A	G	0.08975668192951101	0.11427360985530591	0.6169382332058692	0.4321873383664826
rs103076	synthetic	3077	A	G	-0.05934264172045877	0.11301568236509946	0.27571241871714924	0.5995253200608623
rs103077	synthetic	3078	A	G	-0.013874850700144527	0.10955383547736443	0.016039892880883026	0.8992184512628736
rs103078	synthetic	3079	A	G	0.07657237681009471	0.10990025391045205	0.4854526364391561	0.4859628221321072
rs103079	synthetic	3080	A	G	-0.14232295075844373	0.11363586738904825	1.568624580150053	0.21040687047867399
rs103080	synthetic	3081	A	G	-0.11969928505600831	0.20197780025584566	0.3512172490635875	0.5534248824300301
rs103082	synthetic	3083	A	G	0.020312145181442275	0.10850060148470343	0.03504671303157002	0.8514978085905551
rs103083	synthetic	3084	A	G	0.17009759040281325	0.11881153603362167	2.04964714371444	0.1522414704024423
rs103084	synthetic	3085	A	G	-0.0029302476070011928	0.11496249432039318	0.000649675192564575	0.979665140298578
rs103085	synthetic	3086	A	G	0.2050807070494292	0.19394194176282115	1.1181656153665098	0.2903137875108578
rs103086	synthetic	3087	A	G	-0.1596463844820005	0.13682808810107172	1.3613432985244078	0.2433048118658708
rs103087	synthetic	3088	A	G	0.08865186869538508	0.12191159172614571	0.5287931075972006	0.46711470446539416
rs103088	synthetic	3089	A	G	-0.07624344949665449	0.12354625993631561	0.3808429043146155	0.53715247314071
rs103089	synthetic	3090	A	G	-0.01111048426890888	0.14348219736271176	0.00599611480434915	0.9382778292860952
rs103090	synthetic	3091	A	G	-0.06884622084490478	0.18717822749653598	0.13528497027953218	0.7130141272339243
rs103091	synthetic	3092	A	G	-0.1085187612029008	0.12976832499410687	0.6993140551095469	0.4030142776891451
rs103092	synthetic	3093	A	G	-0.11406277110726236	0.13740468060737066	0.6891040190502132	0.4064693043201074
rs103093	synthetic	3094	A	G	0.18884088574882954	0.10880095569554514	3.012497098250189	0.08262491491699521
rs103094	synthetic	3095	A	G	0.04485930986307826	0.16382222779117994	0.07498243172473328	0.7842158812711729
rs103095	synthetic	3096	A	G	-0.08605084919757594	0.1482832055404193	0.33676456603282745	0.561702755953023
rs103096	synthetic	3097	A	G	0.093732365900993	0.11233253967390093	0.6962544804256419	0.40404511239986685
rs103097	synthetic	3098	A	G	-0.02430716050813551	0.16569961838060357	0.02151916626871908	0.8833734561182206
rs103098	synthetic	3099	A	G	0.1474441661777653	0.11929533421119988	1.5275951511586412	0.21647372877948143
rs103099	synthetic	3100	A	G	0.028556514802853594	0.13113135992676828	0.04742390094546342	0.8276080910450471
rs103100	synthetic	3101	A	G	-0.19333309563810966	0.20460583169454788	0.8928456644484576	0.3447073231509916
rs103101	synthetic	3102	A	G	0.025400112793969885	0.10816042245132132	0.0551486061870063	0.8143349354422218
rs103102	synthetic	3103	A	G	-0.08527586528391522	0.1082420195546336	0.620669631395098	0.4307985555851741
rs103103	synthetic	3104	A	G	-0.6089795074955942	0.3532898347202085	2.9712765410354685	0.08475495009978465
rs103104	synthetic	3105	A	G	0.1316771050972858	0.11053052715045192	1.419240701578886	0.23352842029003035
rs103105	synthetic	3106	A	G	-0.03323755463043075	0.2016695806421274	0.027162975249173545	0.8690920065615857
rs103106	synthetic	3107	A	G	0.046756005708859155	0.13237216358636236	0.12476175385930707	0.7239262896094687
rs103107	synthetic	3108	A	G	-0.10481219851271516	0.10161167189699047	1.0639873560388162	0.3023075201016642
rs103108	synthetic	3109	A	G	0.13049399015737687	0.19563076556317868	0.4449453914279889	0.5047451329706589
rs103109	synthetic	3110	A	G	-0.1421838636993982	0.11306334157636376	1.5814555489769404	0.20855115795054305
rs103111	synthetic	3112	A	G	-0.1565845855293075	0.11352917560169205	1.9023176866909377	0.16781912544121166
rs103112	synthetic	3113	A	G	0.008398885175096148	0.13295641788116586	0.003990475751385083	0.9496309643459984
rs103113	synthetic	3114	A	G	0.16377106581429113	0.27897379697438357	0.3446255910310684	0.5571713344281768
rs103114	synthetic	3115	A	G	0.15423615997336101	0.2329524513101996	0.43836698505687505	0.5079116970020913
rs103116	synthetic	3117	A	G	0.044155406101573084	0.10697335937061524	0.17037916978361914	0.6797750471573833
rs103117	synthetic	3118	A	G	-0.020494698204541258	0.1279369861943667	0.025662019063554354	0.8727284980179586
rs103118	synthetic	3119	A	G	0.07353085946615703	0.11144855128821295	0.4353017664600914	0.509398853386958
rs103119	synthetic	3120	A	G	0.07611662601130595	0.10173538448018246	0.5597769314098082	0.4543501342465125
rs103120	synthetic	3121	A	G	-0.1552940036125954	0.12522675349778659	1.5378540824248237	0.21493750351429228
rs103121	synthetic	3122	A	G	0.030273590023355924	0.13173772792965002	0.052808947585198426	0.818245650183074
rs103122	synthetic	3123	A	G	-0.165542071168723	0.11434031993472753	2.096128789778242	0.14767261118283698
rs103123	synthetic	3124	A	G	-0.011918638658283654	0.11377624768613603	0.010973624446873196	0.9165701636855254
rs103124	synthetic	3125	A	G	0.0012898159963192742	0.14484081220672132	7.93000780081133e-05	0.9928948847178037
rs103125	synthetic	3126	A	G	-0.023567492858047948	0.15131394813758028	0.02425877363063597	0.876228284208336
rs103126	synthetic	3127	A	G	0.21851766476921755	0.1175439773571734	3.4559888888518167	0.06302302539860949
rs103127	synthetic	3128	A	G	-0.033109254797664564	0.16443200627819127	0.040543954006727126	0.84042077026054
rs103128	synthetic	3129	A	G	-0.10344627793193815	0.13071291507993363	0.6263148916371151	0.4287102666167544
rs103130	synthetic	3131	A	G	-0.005610449991333532	0.10446975477573725	0.0028841260735120717	0.9571709479632641
rs103131	synthetic	3132	A	G	0.07811987487145365	0.11793406851253281	0.4387776679805402	0.5077130137115324
rs103132	synthetic	3133	A	G	-0.03822577212427659	0.10272819674304733	0.13846282993635214	0.7098139745620795
rs103133	synthetic	3134	A	G	0.06465670509600674	0.10332844863917251	0.39155008305138006	0.5314857357177253
rs103134	synthetic	3135	A	G	-0.05509146892600504	0.22597403350759884	0.059436281293347	0.8073891493285974
rs103135	synthetic	3136	A	G	0.11564737867956228	0.14073771990599973	0.67522818969967	0.4112347387764881
rs103136	synthetic	3137	A	G	0.07292401379425968	0.1225566527806385	0.3540522402842208	0.5518281700531311
rs103137	synthetic	3138	A	G	-0.09953441744877986	0.12200087380596986	0.6656112834098474	0.41458591076803575
rs103138	synthetic	3139	A	G	-0.2757388625165152	0.2622168301044477	1.1057955386812028	0.2929977346593252
rs103139	synthetic	3140	A	G	-0.006145838901786404	0.11580999479343473	0.0028162438738481466	0.9576774932202525
rs103140	synthetic	3141	A	G	-0.23495187376261834	0.14904934447734894	2.484835740906123	0.1149483486369082
rs103141	synthetic	3142	A	G	-0.2080227569981032	0.11032814490551629	3.5550774298526893	0.05936353838823572
rs103142	synthetic	3143	A	G	-0.17271192943056024	0.1507452357549984	1.312675806877867	0.2519107568830996
rs103143	synthetic	3144	A	G	-0.2258755890217609	0.19878882816634091	1.291084445556133	0.2558481973177118
rs103144	synthetic	3145	A	G	0.161940021472275	0.13504314544975857	1.4380145983621548	0.23046089194865454
rs103145	synthetic	3146	A	G	0.030873696731614542	0.12110032700557254	0.06499600088486701	0.7987670216460743
rs103146	synthetic	3147	A	G	0.2456441640820073	0.1338398839853859	3.368540696550422	0.0664525935723433
rs103148	synthetic	3149	A	G	-0.08333452858307665	0.10473314768235144	0.6331136159227477	0.4262155140645737
rs103149	synthetic	3150	A	G	-0.09943343112694146	0.12970596504972975	0.587685469469959	0.44331553154008296
rs103150	synthetic	3151	A	G	0.0009371879955986045	0.11078268389651932	7.156648203524619e-05	0.9932502184739755
rs103151	synthetic	3152	A	G	0.11943599273651885	0.2238053876137259	0.28479304129897787	0.5935767587333474
rs103152	synthetic	3153	A	G	0.025280245847691982	0.12017888677244784	0.04424928245862978	0.8333905069499672
rs103153	synthetic	3154	A	G	-0.04499343390124629	0.1392417647728187	0.10441412218228976	0.7465954725770898
rs103154	synthetic	3155	A	G	-0.07789669312457079	0.11654977950166888	0.4466991543289479	0.5039066557399141
rs103155	synthetic	3156	A	G	0.1867612957960409	0.11819597234099836	2.496711729416658	0.11408427747623358
rs103156	synthetic	3157	A	G	-0.03243203404447152	0.11404380043216755	0.08087327149130313	0.7761174502203994
rs103157	synthetic	3158	A	G	-0.15136917047378695	0.13877668158083073	1.1897120625848965	0.2753876443652147
rs103158	synthetic	3159	A	G	-0.16264129834380503	0.21212844583970863	0.5878463756191351	0.4432531223194931
rs103159	synthetic	3160	A	G	0.07822764062524026	0.10863722520956456	0.5185171617014592	0.4714749048870792
rs103160	synthetic	3161	A	G	0.09856498398025963	0.11436474413188656	0.7427813417773564	0.3887713693158946
rs103161	synthetic	3162	A	G	0.09367627238418995	0.12384024598487639	0.5721838419679396	0.4493924184590352
rs103162	synthetic	3163	A	G	-0.06111061288012779	0.1271844501253109	0.2308687998091292	0.6308803735226614
rs103163	synthetic	3164	A	G	-0.11601585940673974	0.11639827630222005	0.9934399596266903	0.31890306922775064
rs103164	synthetic	3165	A	G	0.04684960036667188	0.1300801832886442	0.1297147912019092	0.7187279365741913
rs103165	synthetic	3166	A	G	-0.1228717020440586	0.11663353943187493	1.1098309659789325	0.2921186957260005
rs103166	synthetic	3167	A	G	-0.09054305595633476	0.10379358614687878	0.7609730248899805	0.3830241884568071
rs103167	synthetic	3168	A	G	0.061561959617697525	0.16886493433998037	0.1329064079125888	0.7154374059592529
rs103168	synthetic	3169	A	G	-0.0887255565834064	0.10032673582200138	0.782103266584684	0.37649865702793683
rs103169	synthetic	3170	A	G	-0.06710575772052066	0.10888740214425686	0.3798081644172891	0.5377059213784658
rs103170	synthetic	3171	A	G	-0.08555533730538814	0.10587036398069871	0.653048450530493	0.4190248829090615
rs103171	synthetic	3172	A	G	-0.1462004740997678	0.11537952636601458	1.6056099773856223	0.2051100035481489
rs103172	synthetic	3173	A	G	-0.09561326590241799	0.11625508391779708	0.6764137039236751	0.41082439445897834
rs103173	synthetic	3174	A	G	-0.016734604699298404	0.10831911897422686	0.023868255497138363	0.8772206003329195
rs103174	synthetic	3175	A	G	0.15201800410343913	0.1081333505131758	1.9763812853058675	0.15977215045998486
rs103175	synthetic	3176	A	G	-0.022765773412337487	0.10883585811017589	0.04375430667355139	0.8343113926413578
rs103176	synthetic	3177	A	G	-0.7445038852673579	0.3770794316404439	3.8982370908401474	0.04833680370891471
rs103177	synthetic	3178	A	G	-0.1371876419530773	0.10917739208070314	1.5789360856511852	0.20891400833746324
rs103178	synthetic	3179	A	G	-0.08466883618204064	0.22310001864834886	0.1440283439753859	0.7043086869321514
rs103179	synthetic	3180	A	G	-0.01147653107745853	0.11022115621769225	0.010841549304341464	0.9170719285713501
rs103180	synthetic	3181	A	G	0.04365674433053503	0.1508605951169689	0.08374349028715439	0.7722870209174143
rs103181	synthetic	3182	A	G	-0.0457443699064931	0.15050311787512033	0.09238135027897797	0.761171313456534
rs103182	synthetic	3183	A	G	-0.383056724880198	0.2087697237459933	3.3665971328095963	0.06653104346276568
rs103183	synthetic	3184	A	G	0.037599633887247574	0.10373521476219798	0.13137562996047858	0.7170099809813302
rs103184	synthetic	3185	A	G	-0.014827192346329884	0.12144676628846265	0.014905478826589682	0.9028293283712354
rs103185	synthetic	3186	A	G	0.03528287283536987	0.13154246345334297	0.07194422476716943	0.7885267436243707
rs103186	synthetic	3187	A	G	0.09899193539340632	0.1324735219607739	0.5583949283130092	0.4549076741505327
rs103187	synthetic	3188	A	G	-0.052783246794695426	0.12223954526399425	0.1864527317369627	0.6658855239892081
rs103188	synthetic	3189	A	G	-0.011045545422927792	0.10730193183040385	0.010596422107249624	0.9180114447648107
rs103189	synthetic	3190	A	G	-0.04182273042979027	0.10334794528734503	0.16376499341675801	0.6857135708644582
rs103190	synthetic	3191	A	G	-0.3527821114213423	0.17743011481526635	3.9532879000795123	0.046779882512121736
rs103191	synthetic	3192	A	G	-0.20349646392746376	0.22370709422171797	0.82747374089659	0.3630040417991466
rs103192	synthetic	3193	A	G	-0.1985815641792417	0.10341571205456682	3.68726882258022	0.054829328210726495
rs103193	synthetic	3194	A	G	-0.11943967451593707	0.11451896635127841	1.08778329124533	0.2969628822217475
rs103194	synthetic	3195	A	G	-0.19857232025455343	0.13136783544263803	2.2848586215172926	0.1306420458018926
rs103195	synthetic	3196	A	G	-0.16434735070018103	0.2012325564382604	0.6670047493098548	0.41409784085194645
rs103196	synthetic	3197	A	G	-0.036120661208960674	0.12117230161919464	0.08885966446388888	0.7656318924014096
rs103198	synthetic	3199	A	G	0.02838618847870265	0.10630528096084987	0.0713024552701862	0.7894497616560425
rs103199	synthetic	3200	A	G	-0.0065523013092963385	0.12016559770107811	0.002973222555383763	0.9565150871020425
rs103200	synthetic	3201	A	G	0.13584203212007878	0.10925780409390622	1.5458359541387003	0.21375122112720607
rs103202	synthetic	3203	A	G	0.05504441040864828	0.126259542830727	0.19006319414036954	0.6628640267942558
rs103203	synthetic	3204	A	G	0.014831333301024785	0.11943047779120876	0.015421621866188286	0.9011697305529569
rs103204	synthetic	3205	A	G	0.28699551969822595	0.3714176012590688	0.597070030032314	0.4396981310407231
rs103206	synthetic	3207	A	G	0.21983917470056938	0.2058046753218426	1.141036920072504	0.28543332768887525
rs103207	synthetic	3208	A	G	-0.15490001934690278	0.19612573175164996	0.6237833667604583	0.42964482801475323
rs103208	synthetic	3209	A	G	0.2314986634499273	0.1030979153709385	5.041934599233976	0.024740845300365598
rs103209	synthetic	3210	A	G	-0.38022793219549744	0.18064493892962188	4.4303336901426915	0.03530560482985666
rs103210	synthetic	3211	A	G	-0.04567299546239132	0.12650929399025895	0.130338922774827	0.7180808907266132
rs103211	synthetic	3212	A	G	0.00014486346690522725	0.11142495393729993	1.690257309837087e-06	0.9989626714032845
rs103212	synthetic	3213	A	G	0.024529475266801642	0.1533079947176924	0.025600409346437907	0.872880066542448
rs103213	synthetic	3214	A	G	0.2978210737592494	0.14816692771330575	4.0402505559391235	0.044427225212130626
rs103214	synthetic	3215	A	G	0.09150184022886203	0.13546435053873362	0.4562570818432481	0.49937844589481206
rs103215	synthetic	3216	A	G	-0.04555389269463816	0.10037566082279864	0.20596534513835235	0.6499482738866351
rs103216	synthetic	3217	A	G	0.09742605575808984	0.11558396362222774	0.7104852642240438	0.39928276299853205
rs103217	synthetic	3218	A	G	-0.15454234994347998	0.10180503842749825	2.304392638465591	0.12900869941670468
rs103218	synthetic	3219	A	G	0.3423877086916831	0.1320168936071786	6.726316710335927	0.009500057316747515
rs103219	synthetic	3220	A	G	0.16332012745046182	0.16611906702432924	0.9665858957423444	0.3255331251184048
rs103220	synthetic	3221	A	G	-0.2021815605164185	0.13044286713092904	2.4023839432103955	0.1211505020890666
rs103221	synthetic	3222	A	G	-0.05096940125778399	0.14301071196948692	0.12702287152311384	0.7215390213541337
rs103222	synthetic	3223	A	G	-0.10188753654374935	0.10356553693032314	0.9678579052622109	0.32521499275964133
rs103223	synthetic	3224	A	G	-0.16073741237350753	0.13917750586774524	1.3338157649982525	0.2481275220599458
rs103224	synthetic	3225	A	G	-0.18541997368199523	0.2048142616317325	0.8195824344157341	0.36530228047314073
rs103225	synthetic	3226	A	G	0.37315007246996984	0.13238403034638388	7.945035884236502	0.004821946192328606
rs103226	synthetic	3227	A	G	-0.11662882565448536	0.4507337604444271	0.06695324467807291	0.79582563027923
rs103227	synthetic	3228	A	G	0.2976779182938384	0.15282546245436254	3.794039102744483	0.05143538793086153
rs103228	synthetic	3229	A	G	-0.0001404605786116305	0.1064016085250745	1.742659424404236e-06	0.9989467142829999
rs103229	synthetic	3230	A	G	-0.06139232644499797	0.10035052353101134	0.37427334377765353	0.5406840942879206
rs103230	synthetic	3231	A	G	-0.05082392977976299	0.24443013485476703	0.04323415645417013	0.8352849921965675
rs103231	synthetic	3232	A	G	-0.02055161665916068	0.1224847574596492	0.0281532079456295	0.8667491372250586
rs103232	synthetic	3233	A	G	0.0952655097440019	0.12841148258100504	0.5503813015038804	0.45816193640328484
rs103233	synthetic	3234	A	G	-0.19997552944672922	0.10207071051762724	3.838410642142036	0.05009098239974653
rs103234	synthetic	3235	A	G	0.09166591369202183	0.1414435666895416	0.42000005291800185	0.5169370178594398
rs103235	synthetic	3236	A	G	-0.003498043834531314	0.10170522265411222	0.0011829434529017913	0.9725630118041704
rs103236	synthetic	3237	A	G	0.25170757218369305	0.11736673202221477	4.5994143630896165	0.031982879624319414
rs103237	synthetic	3238	A	G	-0.08445033922837619	0.10764413066229984	0.6154915393051673	0.4327276090174903
rs103238	synthetic	3239	A	G	-0.04348003107177231	0.18506689260331488	0.055197858100666	0.8142535609562614
rs103239	synthetic	3240	A	G	-0.14195702880810054	0.1068586366692017	1.7647961339356508	0.18402741185856752
rs103240	synthetic	3241	A	G	-0.0039544900870223275	0.1379576022417982	0.000821655387680931	0.977132144199045
rs103241	synthetic	3242	A	G	0.20718729646170406	0.1449495924924993	2.043112352061013	0.15289653405299514
rs103242	synthetic	3243	A	G	0.008689646319665812	0.10741072635216996	0.0065449885927676916	0.9355206021555293
rs103243	synthetic	3244	A	G	-0.01862540079306391	0.10533665169856331	0.0312645538026265	0.8596514638703145
rs103244	synthetic	3245	A	G	-0.07524466233672215	0.18055542529220545	0.17367220175134976	0.6768686159139267
rs103245	synthetic	3246	A	G	0.008734264449410532	0.16321949383059858	0.0028635753851358383	0.9573236627123174
rs103246	synthetic	3247	A	G	-0.43169023007725926	0.18014605791658883	5.742419473604712	0.016559965913354423
rs103247	synthetic	3248	A	G	-0.12018234617820617	0.10530043235088796	1.3026299140940198	0.2537333977997612
rs103248	synthetic	3249	A	G	-0.4198723655165282	0.248640153970778	2.8516226241371054	0.09128176495638216
rs103249	synthetic	3250	A	G	-0.06744075829921359	0.10817930588936285	0.3886480638860586	0.5330108940428002
rs103250	synthetic	3251	A	G	-0.21131486418123008	0.1327150983671876	2.5352420376269476	0.11132981395654129
rs103251	synthetic	3252	A	G	0.10957635920100019	0.10291970362530174	1.1335395537081652	0.2870216031064365
rs103252	synthetic	3253	A	G	0.027245861091870962	0.10708770521588996	0.06473242128674093	0.7991667219116135
rs103253	synthetic	3254	A	G	-0.028926477897772616	0.10781061279847463	0.07198932222634526	0.78846204891845
rs103254	synthetic	3255	A	G	-0.043400462158798954	0.12565812107711574	0.11929097419417614	0.7298047609449567
rs103255	synthetic	3256	A	G	0.08920532951651983	0.1387247187513532	0.4134984611014386	0.5201991444448006
rs103256	synthetic	3257	A	G	-0.05506797366065306	0.12110239573674819	0.20677247326872467	0.6493089539979784
rs103257	synthetic	3258	A	G	0.21955332634595198	0.1176906501719756	3.480135217501908	0.06210966441910765
rs103258	synthetic	3259	A	G	0.14825893570829388	0.10302035223968888	2.071074375818081	0.1501157388857335
rs103259	synthetic	3260	A	G	0.0629997326283144	0.10852481438269228	0.33699178126516965	0.5615707909070169
rs103260	synthetic	3261	A	G	0.093350028438021	0.10931287815773774	0.7292664776653098	0.39312105499048045
rs103261	synthetic	3262	A	G	0.27953487233512203	0.11774219456724304	5.636476962432239	0.01759051954929364
rs103262	synthetic	3263	A	G	-0.0009452097656104318	0.13516392377053418	4.8902923019000045e-05	0.9944203888813764
rs103263	synthetic	3264	A	G	-0.0985697062793676	0.14464566941229223	0.4643827226422529	0.4955827934513555
rs103264	synthetic	3265	A	G	-0.06854615936055115	0.1150904980319781	0.3547213379104904	0.5514525863484439
rs103265	synthetic	3266	A	G	0.043962967962573325	0.12672621391083755	0.1203486126847742	0.7286566981590842
rs103266	synthetic	3267	A	G	0.20268535368809726	0.1392813247851776	2.1176732774137896	0.14560760225376845
rs103267	synthetic	3268	A	G	0.015551850312538716	0.11577949058101417	0.01804267250378662	0.8931471543909637
rs103268	synthetic	3269	A	G	-0.06751081023781394	0.1342791384038146	0.2527723398366035	0.6151297174170647
rs103269	synthetic	3270	A	G	0.08824217468493661	0.11755895705216302	0.5634312826805938	0.45288102095743843
rs103270	synthetic	3271	A	G	0.12029405864917503	0.118379773493479	1.0326029147575806	0.30954810098185553
rs103271	synthetic	3272	A	G	0.045047251764330436	0.13532822143769344	0.11080512635022322	0.7392293662667953
rs103272	synthetic	3273	A	G	0.029438666157599262	0.12965041433289248	0.051557095024734864	0.820375629215655
rs103273	synthetic	3274	A	G	-0.07575310949373636	0.11682517581567325	0.42046324924956824	0.516705982381396
rs103274	synthetic	3275	A	G	0.2635566785506809	0.150647630130974	3.0607188860174963	0.08020617689791089
rs103275	synthetic	3276	A	G	-0.2594815270755128	0.1536031513736349	2.8537284073289624	0.09116229823165752
rs103276	synthetic	3277	A	G	0.02308838532606276	0.12118200371635929	0.03630035441879889	0.8488965646580307
rs103277	synthetic	3278	A	G	0.2717445394590921	0.13360162102888132	4.137120749161947	0.04195246915029899
rs103278	synthetic	3279	A	G	-0.12895285815367855	0.10865039625124392	1.4086377270368304	0.23528266997290848
rs103279	synthetic	3280	A	G	0.14405866036506498	0.21404387766798766	0.4529738419850515	0.5009260969706921
rs103280	synthetic	3281	A	G	0.14505731059119858	0.11130322479756612	1.6984929468057632	0.19248518478455667
rs103281	synthetic	3282	A	G	-0.18476288353146503	0.14676435749019673	1.5848503778861087	0.20806341679715856
rs103283	synthetic	3284	A	G	-0.1486205694092364	0.10848558040620784	1.8767819073839882	0.17070035616486529
rs103284	synthetic	3285	A	G	-0.029007263894067582	0.10512503574295505	0.07613795695427968	0.7826010073645313
rs103285	synthetic	3286	A	G	0.10075379625135654	0.10879853962783742	0.8575840703487486	0.3544156565863533
rs103286	synthetic	3287	A	G	0.055407431520877466	0.12672818353172738	0.19115674065426422	0.6619556111535946
rs103287	synthetic	3288	A	G	0.17821639317407056	0.12009568651804874	2.202117467008722	0.13782130392067168
rs103288	synthetic	3289	A	G	-0.0472927247095815	0.1068680129371703	0.19583630365932694	0.6581028631122889
rs103289	synthetic	3290	A	G	-0.08991458954779526	0.14654915460169182	0.376438207953365	0.5395156385043225
rs103290	synthetic	3291	A	G	-0.1928951648432278	0.11737659491871298	2.700720681945915	0.10030289753115992
rs103291	synthetic	3292	A	G	-0.16328267730922083	0.18531346754780426	0.7763655579628195	0.3782549912277866
rs103292	synthetic	3293	A	G	-0.03365369814459655	0.10558205360483369	0.10159805180831752	0.7499202724865588
rs103293	synthetic	3294	A	G	-0.21854117877650592	0.22868815734688444	0.9132279862716034	0.3392593872260021
rs103294	synthetic	3295	A	G	-0.0789978462064633	0.11052525808688916	0.5108665017934535	0.4747639944986578
rs103295	synthetic	3296	A	G	-0.06780768154694573	0.11168620772341883	0.3686028604718581	0.5437668154868851
rs103296	synthetic	3297	A	G	-0.1702831979125777	0.22441901611236545	0.5757371944843143	0.4479880722564872
rs103297	synthetic	3298	A	G	-0.11043465391138611	0.11543037987237492	0.9153148306434806	0.33870815934161974
rs103298	synthetic	3299	A	G	-0.0422617087837282	0.10239607695901887	0.17034424666165635	0.6798060458629547
rs103299	synthetic	3300	A	G	0.08129795897027696	0.1019133458613312	0.6363516363905118	0.42503501851021375
rs103300	synthetic	3301	A	G	0.056118980774955925	0.10388347944028829	0.29182774213091894	0.5890516439322314
rs103301	synthetic	3302	A	G	0.27639427642139713	0.2260289259942162	1.4953059036823773	0.22139504035071186
rs103302	synthetic	3303	A	G	-0.2337990334855283	0.14560726815639896	2.578216095266632	0.10834370166515865
rs103303	synthetic	3304	A	G	-0.0830610689673352	0.10380879499793445	0.6402163077547561	0.42363247985746066
rs103304	synthetic	3305	A	G	0.2126041937057343	0.10970392834699699	3.7557726509014295	0.052625468406251666
rs103305	synthetic	3306	A	G	0.2042240072619766	0.20139841109349485	1.0282566038632435	0.3105684932788009
rs103306	synthetic	3307	A	G	-0.09036343520433243	0.10365769936559953	0.759945300397641	0.3833456412893774
rs103307	synthetic	3308	A	G	-0.5084508240519439	0.2200452671326574	5.339171206429131	0.020851384276117123
rs103308	synthetic	3309	A	G	-0.013992964730705925	0.10497483809787794	0.017768429848406073	0.8939574925774557
rs103309	synthetic	3310	A	G	-0.014367559506366425	0.10916969286629576	0.01732055612342712	0.8952946866737399
rs103310	synthetic	3311	A	G	-0.03010303422903563	0.12799116862128262	0.055317244172884486	0.8140564689756216
rs103311	synthetic	3312	A	G	-0.10197944039400147	0.12815040896390154	0.6332646651723699	0.42616033597811687
rs103312	synthetic	3313	A	G	0.05535526561361466	0.11448452417524843	0.23378912800163676	0.6287283700358682
rs103313	synthetic	3314	A	G	0.03321181836362736	0.15834853812750568	0.04399032712513966	0.8338716100138194
rs103314	synthetic	3315	A	G	0.06453197789356636	0.1140344250135208	0.3202417855190458	0.5714623769444842
rs103315	synthetic	3316	A	G	-0.012743383939917302	0.10448527767922297	0.014875080801231228	0.9029279723732161
rs103316	synthetic	3317	A	G	0.09195672848049817	0.14230132120127298	0.4175891052380832	0.5181424918382757
rs103317	synthetic	3318	A	G	0.18489536266394205	0.10934759020117973	2.8591280390292764	0.09085673766164135
rs103318	synthetic	3319	A	G	0.22599071859637612	0.15609870049023902	2.095958266580258	0.14768908686166032
rs103319	synthetic	3320	A	G	0.19864596729087966	0.20268138244139017	0.9605761293159072	0.32704176510440197
rs103320	synthetic	3321	A	G	-0.0689055190473805	0.14446818394285524	0.22749067014712404	0.6333907333603288
rs103321	synthetic	3322	A	G	-0.0767176845981059	0.12818739348580846	0.35817918201428367	0.5495192142288587
rs103322	synthetic	3323	A	G	-0.07924708708817368	0.10655716649241513	0.5530969816013004	0.45705502304478873
rs103323	synthetic	3324	A	G	-0.5703957402973138	0.5080408026779023	1.260536309836161	0.2615495988712064
rs103324	synthetic	3325	A	G	0.03908636343148891	0.11765070055082676	0.11037265679831217	0.7397202696221612
rs103325	synthetic	3326	A	G	-0.193282378326682	0.1063760612765341	3.3013890769920606	0.0692213237669491
rs103326	synthetic	3327	A	G	-0.049959521788274126	0.11264856906983738	0.19669131618494745	0.6574048805383879
rs103327	synthetic	3328	A	G	-0.31034511563253797	0.29404567020269307	1.1139360306722756	0.2912279404701341
rs103328	synthetic	3329	A	G	0.248151652272515	0.13370237824482506	3.444737061944126	0.06345351727908455
rs103329	synthetic	3330	A	G	-0.16116577425312545	0.1158330916563256	1.9358885076509795	0.16411564976313864
rs103330	synthetic	3331	A	G	0.1812528859999063	0.11608412762296826	2.437946532609705	0.11843117087441288
rs103331	synthetic	3332	A	G	0.23517687669369275	0.11239194252585126	4.378434748989627	0.03639640622716242
rs103332	synthetic	3333	A	G	-0.0932395351715406	0.12256037028506768	0.578762082588706	0.44679795449655224
rs103333	synthetic	3334	A	G	-0.10233671427471266	0.10682559307593441	0.9177244719099161	0.33807316181863395
rs103334	synthetic	3335	A	G	-0.5143301795918445	0.28013143545519664	3.371012192748316	0.06635297693876882
rs103336	synthetic	3337	A	G	0.01875616269777336	0.10594977851645046	0.03133919785650922	0.8594857636582615
rs103337	synthetic	3338	A	G	0.01415028746065675	0.10878901615356974	0.01691844433406533	0.8965103167959204
rs103338	synthetic	3339	A	G	-0.03763018792503457	0.11377994797783031	0.10938085470763989	0.7408501277866312
rs103339	synthetic	3340	A	G	-0.038545516005154136	0.1083960576408847	0.12645055894085377	0.7221409872815235
rs103340	synthetic	3341	A	G	0.2087182310877093	0.2087459569462593	0.9997343755283535	0.3173747897461862
rs103341	synthetic	3342	A	G	0.08055637994675757	0.16697025455367503	0.232767136893032	0.6294795859353822
rs103342	synthetic	3343	A	G	-0.30931495244661805	0.1694474064847721	3.3322070354809123	0.067935655487738
rs103343	synthetic	3344	A	G	-0.21620626906495036	0.10770060617455865	4.029955677476152	0.04469911523273898
rs103344	synthetic	3345	A	G	-0.14566324435567438	0.11029656099077884	1.74411860369346	0.18661781744465114
rs103345	synthetic	3346	A	G	0.2141351105457528	0.10686585380132513	4.015113663550828	0.04509418370594984
rs103346	synthetic	3347	A	G	0.1671611474546384	0.11381860158491977	2.156970455171679	0.1419242688807903
rs103347	synthetic	3348	A	G	-0.328659708371994	0.1628649527445011	4.07228022979682	0.04359239080829548
rs103348	synthetic	3349	A	G	0.0548179032792243	0.11992722741288524	0.2089340649189427	0.6476041587794306
rs103349	synthetic	3350	A	G	0.23286502920987975	0.207368809132249	1.2610191392990253	0.26145826956340423
rs103350	synthetic	3351	A	G	-0.41443891584803866	0.1781221934614083	5.413585357046197	0.019980637359957944
rs103351	synthetic	3352	A	G	0.30294316589456105	0.19737305927587012	2.355844244630994	0.12481429708389619
rs103352	synthetic	3353	A	G	0.021978812748179994	0.10448648540805712	0.04424744679391939	0.8333939121795868
rs103353	synthetic	3354	A	G	-0.04197128443080616	0.15316511746473663	0.07509046319654188	0.7840643402189239
rs103354	synthetic	3355	A	G	0.06539242176508332	0.11799451008704281	0.3071363650457121	0.5794427654566956
rs103355	synthetic	3356	A	G	-0.03768013705712241	0.10444002772265061	0.13016403134215296	0.7182620262167673
rs103356	synthetic	3357	A	G	0.04659316870760841	0.1100772270812512	0.17916349763660921	0.672093105098159
rs103357	synthetic	3358	A	G	-0.08660746068587802	0.1412934800427775	0.37572177634994913	0.5399018098253634
rs103358	synthetic	3359	A	G	0.046123894688772545	0.13051818766056278	0.12488488389648401	0.7237956661478654
rs103359	synthetic	3360	A	G	-0.06760877420968955	0.19985810870744644	0.11443597583980007	0.735149278805916
rs103360	synthetic	3361	A	G	-0.045590687493263775	0.1218445792579393	0.14000381089084318	0.7082772237794126
rs103361	synthetic	3362	A	G	0.008931172191086176	0.11730896653079993	0.005796348746357634	0.9393126849556364
rs103362	synthetic	3363	A	G	-0.03382914089422424	0.10510422750883817	0.10359566163426731	0.7475566364947042
rs103363	synthetic	3364	A	G	-0.07334085010201606	0.10468461676768838	0.49082439982406334	0.48355978889444806
rs103364	synthetic	3365	A	G	0.01687841152621119	0.10433690536128382	0.026169006819547574	0.8714882588710133
rs103365	synthetic	3366	A	G	-0.24865292243772183	0.11691467452406527	4.523234314554086	0.033437562710614176
rs103366	synthetic	3367	A	G	0.0507874112339802	0.10453329507540922	0.23604938423807995	0.6270741326126902
rs103367	synthetic	3368	A	G	-0.07599321120020235	0.10342403536663893	0.5398916806867379	0.4624776209480047
rs103368	synthetic	3369	A	G	-0.049769291999094	0.11316468574897162	0.19341986766619673	0.6600854035047816
rs103369	synthetic	3370	A	G	0.1093318993110927	0.12081612284952964	0.8189247492250734	0.3654947315342282
rs103370	synthetic	3371	A	G	-0.1517795214172867	0.13432370513990843	1.27679458680452	0.25849587941891544
rs103371	synthetic	3372	A	G	0.1946915066175883	0.11964412954155339	2.6479587969549625	0.10368295339967035
rs103372	synthetic	3373	A	G	-0.021030137750347563	0.13916352814076483	0.02283670140616232	0.8798824992489277
rs103373	synthetic	3374	A	G	0.08101570028453936	0.15283709375065455	0.28098351363367424	0.5960573105536366
rs103374	synthetic	3375	A	G	-0.11607122695245091	0.12176071197289323	0.9087298473228909	0.3404516523346752
rs103375	synthetic	3376	A	G	-0.09823491763435464	0.11805780732250913	0.6923765414028146	0.4053572053372839
rs103376	synthetic	3377	A	G	0.26163935028031166	0.1829208831775333	2.0458771171301975	0.15261899825799474
rs103377	synthetic	3378	A	G	0.18731531698159617	0.15029813090422253	1.5532430663358396	0.21265731435503543
rs103378	synthetic	3379	A	G	-0.10075520573183966	0.16009172870095642	0.39609302959286624	0.5291139084411689
rs103379	synthetic	3380	A	G	-0.14154895430114603	0.10804802010944115	1.716246656902138	0.19017690039922958
rs103381	synthetic	3382	A	G	-0.09584905303946578	0.10548687104159252	0.8256173904438022	0.3635428753960209
rs103382	synthetic	3383	A	G	0.10862856712402674	0.17421985675471777	0.3887700471848714	0.532946626600935
rs103383	synthetic	3384	A	G	0.0016451332682283595	0.1470052992753266	0.00012523801876608665	0.9910710767318449
rs103384	synthetic	3385	A	G	-0.325419202027398	0.20768111771811168	2.4552308178106395	0.1171339493022631
rs103385	synthetic	3386	A	G	-0.1686739772449284	0.12185308056862273	1.916121945236472	0.16628480580507327
rs103386	synthetic	3387	A	G	0.18127531953140658	0.11557533170447833	2.4600677152165873	0.1167737478358795
rs103387	synthetic	3388	A	G	-0.22276265518159102	0.1811652897100932	1.5119407969114922	0.2188431766811976
rs103388	synthetic	3389	A	G	-0.06633739795759157	0.13281407632506467	0.24947593138111518	0.6174443322071173
rs103389	synthetic	3390	A	G	0.12391582004257659	0.11266712101692145	1.2096482923587997	0.27140178787631775
rs103390	synthetic	3391	A	G	-0.048926553861346825	0.1159921229334714	0.1779230687021753	0.6731642315741913
rs103391	synthetic	3392	A	G	0.10444963341923684	0.10637708309776532	0.9640902370593377	0.32615849249015877
rs103392	synthetic	3393	A	G	-0.04625691064754058	0.17774765491288202	0.06772445038519281	0.7946792548245877
rs103393	synthetic	3394	A	G	0.01021219407196794	0.10113461036340389	0.01019620380741727	0.9195693106290352
rs103394	synthetic	3395	A	G	0.028752169907355185	0.12341454070293557	0.05427609447898068	0.8157829121917947
rs103395	synthetic	3396	A	G	-0.25373681776530055	0.15712184537771717	2.607917420148876	0.10633131886515607
rs103396	synthetic	3397	A	G	-0.018651384345637727	0.14826482191730633	0.015825079580099613	0.8998920050099325
rs103397	synthetic	3398	A	G	0.008355527772125696	0.1513914368591772	0.0030461069837047173	0.9559858622984305
rs103398	synthetic	3399	A	G	-0.1319737606984541	0.11084300369392946	1.417616021264963	0.2337961931284905
rs103399	synthetic	3400	A	G	0.02355978641327025	0.10452985583473812	0.050799799129349385	0.8216773622731628
rs103400	synthetic	3401	A	G	0.02675551038529859	0.12924157143956755	0.04285702496310173	0.8359947208989978
rs103401	synthetic	3402	A	G	0.09843296355537047	0.12396260303314809	0.6305212779106205	0.4271641702144726
rs103402	synthetic	3403	A	G	-0.15763599332050637	0.16955533509523119	0.8643464577030849	0.35252521793694347
rs103404	synthetic	3405	A	G	0.029524122685494588	0.11459309446115713	0.06637997862364205	0.7966823458878892
rs103405	synthetic	3406	A	G	0.12737684489261375	0.10961411741851623	1.3503551085137904	0.24521604585849766
rs103406	synthetic	3407	A	G	0.006361100652621295	0.11325425532939075	0.003154681198008169	0.9552091293123193
rs103407	synthetic	3408	A	G	0.05234113642660123	0.11240895073482046	0.2168125950607326	0.6414793674741368
rs103408	synthetic	3409	A	G	-0.04883937609497081	0.1190694963392125	0.16824384365082556	0.6816772986788605
rs103409	synthetic	3410	A	G	-0.07444713236944829	0.11872968354272415	0.39316724299566264	0.5306392451561537
rs103410	synthetic	3411	A	G	-0.0446183733636019	0.1084070429475833	0.16939963499942517	0.6806459230645081
rs103411	synthetic	3412	A	G	0.1423526868008122	0.15334496423302563	0.8617718427388875	0.353243328609553
rs103412	synthetic	3413	A	G	0.10370230615485417	0.1154343892255145	0.807061090854025	0.3689905690592614
rs103413	synthetic	3414	A	G	0.3020905197186294	0.10675405654733985	8.007656204633472	0.004657998674752913
rs103414	synthetic	3415	A	G	-0.05048444555949404	0.1092140283139275	0.21367727163621728	0.6439003376436944
rs103415	synthetic	3416	A	G	-0.20492758846535297	0.12496082860441317	2.689385544569575	0.10101876247338071
rs103416	synthetic	3417	A	G	-0.11435485875424117	0.13424774777727302	0.7255965794433129	0.3943142429166798
rs103417	synthetic	3418	A	G	0.07793974967238476	0.11628915139559574	0.4491998582315299	0.5027151740170012
rs103418	synthetic	3419	A	G	-0.0566603493425706	0.14021017705001937	0.16330497680642853	0.6861317546509837
rs103419	synthetic	3420	A	G	0.13417293120091864	0.1297018410068032	1.0701324516751431	0.30091553002710125
rs103420	synthetic	3421	A	G	0.007489904207644148	0.11924815119980374	0.003945020074895326	0.9499182846755159
rs103421	synthetic	3422	A	G	0.0949234628738605	0.12742610366741502	0.5549199504055944	0.45631434425492035
rs103422	synthetic	3423	A	G	-0.15868277578296228	0.10099083290063898	2.4688554882771103	0.11612245299344504
rs103423	synthetic	3424	A	G	0.0154818774361793	0.11909611551065614	0.01689865178095548	0.8965705293571483
rs103424	synthetic	3425	A	G	-0.06102194831282107	0.10806135148747224	0.31888298725705705	0.5722797031734695
rs103425	synthetic	3426	A	G	0.04694222834352047	0.11407550045146211	0.16933340365960955	0.6807049136022636
rs103426	synthetic	3427	A	G	0.001985206628688513	0.13142349198194025	0.00022817361784875813	0.987948079443956
rs103427	synthetic	3428	A	G	-0.052725159809056205	0.1400368516857772	0.1417591605328444	0.7065383941486214
rs103428	synthetic	3429	A	G	-0.07628582074390067	0.10681702162060387	0.5100429129587974	0.4751202799827925
rs103429	synthetic	3430	A	G	-0.20778097347604582	0.15842274896218958	1.720190177474825	0.1896685667875062
rs103430	synthetic	3431	A	G	-0.19160935575701965	0.14533489802742205	1.738175406718912	0.18737018091876376
rs103431	synthetic	3432	A	G	0.1211191679024775	0.10402897906981597	1.355554815989305	0.24430935888933702
rs103432	synthetic	3433	A	G	-0.18009580854604926	0.10618390745049582	2.876668415931665	0.0898717885294302
rs103433	synthetic	3434	A	G	-0.20411512772134574	0.10626476144342892	3.689536770390233	0.05475482113797135
rs103434	synthetic	3435	A	G	-0.02595877842644222	0.10590614932012477	0.0600794775878901	0.8063703670337271
rs103435	synthetic	3436	A	G	-0.057520669831524866	0.10444610235656718	0.3032937031046269	0.5818248947903999
rs103436	synthetic	3437	A	G	0.007041386506478298	0.1140107346685297	0.0038143881011323114	0.9507533745430308
rs103437	synthetic	3438	A	G	0.18915322723770403	0.126096332920996	2.2502076521349097	0.13359647414527387
rs103439	synthetic	3440	A	G	-0.23637649081632317	0.14565438635994002	2.6336704207535586	0.10461961000347623
rs103440	synthetic	3441	A	G	0.011295607217742703	0.14974740936945116	0.005689846219872088	0.9398717398703026
rs103441	synthetic	3442	A	G	0.0029310342921907867	0.10915249681246368	0.0007210650573734139	0.9785772560661958
rs103442	synthetic	3443	A	G	0.005339244569610245	0.10633812259674197	0.0025210511203006807	0.9599549870498162
rs103443	synthetic	3444	A	G	0.243837265707765	0.11554717661899715	4.453295187170499	0.034833969716313244
rs103444	synthetic	3445	A	G	-0.3856081068022481	0.2748972068289838	1.9676672496692622	0.16069568809519988
rs103445	synthetic	3446	A	G	-0.1784337940820082	0.1290167726084641	1.912766129225361	0.16665631603330372
rs103446	synthetic	3447	A	G	0.20645581413650818	0.2508912952879744	0.6771471397230993	0.41057083063017497
rs103447	synthetic	3448	A	G	-0.19623597064211024	0.11677481174357714	2.8239622312878887	0.09286690081622502
rs103448	synthetic	3449	A	G	0.004171738747970743	0.1019194882221223	0.001675404733093224	0.9673503391637657
rs103449	synthetic	3450	A	G	-0.04355276521879644	0.1290789814280091	0.11384669012001773	0.7358065270401646
rs103450	synthetic	3451	A	G	-0.12452267252454316	0.2759572363967165	0.20361665189832862	0.6518172906015702
rs103451	synthetic	3452	A	G	-0.11759883334511513	0.14954807215649352	0.6183642719890102	0.4316557829040475
rs103452	synthetic	3453	A	G	-0.09064637257717299	0.2636903456702593	0.11817140521869256	0.7310262727511518
rs103453	synthetic	3454	A	G	-0.10853592066804084	0.1466541256571807	0.5477197724867608	0.45925089349950243
rs103454	synthetic	3455	A	G	-0.04796033769359816	0.11035944917805438	0.18886236176951143	0.6638651552440331
rs103455	synthetic	3456	A	G	0.13367067204420977	0.1045568411995124	1.634433874590206	0.20109087660475827
rs103456	synthetic	3457	A	G	-0.1901583354615998	0.1466393313831261	1.6816274612417441	0.19470834149938615
rs103457	synthetic	3458	A	G	-0.010356082450134219	0.1980327143257624	0.0027347467730344057	0.9582937915746683
rs103458	synthetic	3459	A	G	-0.10695007306534268	0.2896232633782178	0.13636260393559574	0.7119241925549548
rs103459	synthetic	3460	A	G	0.10752119984815044	0.19573097134226292	0.3017651629264845	0.582777932539584
rs103460	synthetic	3461	A	G	0.01260833457963862	0.1396567321124751	0.008150639758612015	0.928064002799133
rs103461	synthetic	3462	A	G	-0.0031565418971957145	0.12081571206896456	0.0006826157122023032	0.9791561089432022
rs103462	synthetic	3463	A	G	-0.0057661209484522035	0.10655812765467557	0.0029281568322913018	0.9568455761543395
rs103463	synthetic	3464	A	G	-0.0729795159983412	0.1814684704649378	0.16173335666562094	0.687565645811103
rs103464	synthetic	3465	A	G	-0.16346416511804993	0.2600839371840141	0.3950190675267811	0.5296728948127855
rs103465	synthetic	3466	A	G	0.29356257774451333	0.4203192022087533	0.4878012656865001	0.48490975224169364
rs103466	synthetic	3467	A	G	0.013314771866405499	0.11170556812459748	0.014207504949397343	0.9051206786568065
rs103467	synthetic	3468	A	G	0.028436067999762466	0.21411265160729212	0.01763820672746516	0.8943445071720422
rs103468	synthetic	3469	A	G	0.01573530362760255	0.14479268146767682	0.011810194033117071	0.9134604962709382
rs103469	synthetic	3470	A	G	0.025864044482492785	0.10311458135860907	0.06291478419573751	0.8019469405896765
rs103470	synthetic	3471	A	G	0.010501212420668208	0.11811574389897815	0.007904298052564802	0.9291565202994353
rs103471	synthetic	3472	A	G	-0.008934085586791771	0.12284178662385006	0.005289418973577967	0.9420222549823998
rs103472	synthetic	3473	A	G	0.15998715712610673	0.12476440978925676	1.6443293539361967	0.19973249698866746
rs103473	synthetic	3474	A	G	-0.03751612012610059	0.17231065010181792	0.04740362934543308	0.8276443612581094
rs103474	synthetic	3475	A	G	-0.2152329125449804	0.11109231750342959	3.753611420870272	0.052693545799740074
rs103475	synthetic	3476	A	G	-0.02035765070736786	0.10362068848295676	0.03859778387983925	0.8442476435970327
rs103476	synthetic	3477	A	G	0.213422652292201	0.34861232202929116	0.3747965273765342	0.5404012881530134
rs103477	synthetic	3478	A	G	0.03562029159722286	0.14454037206239664	0.0607318630711185	0.8053429181504337
rs103478	synthetic	3479	A	G	-0.1377762111863737	0.11836473123965498	1.35488939201359	0.24442516208383203
rs103479	synthetic	3480	A	G	0.34594479377571696	0.20168470505336178	2.942169368566067	0.08629476414718448
rs103480	synthetic	3481	A	G	-0.09577927872890729	0.11179209922781783	0.7340419862227606	0.3915761527089069
rs103481	synthetic	3482	A	G	0.07835445221741608	0.10571435667008115	0.549363011494283	0.4585780841340782
rs103482	synthetic	3483	A	G	0.19161115461202802	0.10521652470653155	3.3164516467681353	0.06858971960801562
rs103483	synthetic	3484	A	G	-0.054843744079158	0.10226125262364627	0.28762853865966725	0.5917442415687248
rs103484	synthetic	3485	A	G	0.06554239200301035	0.11574611849986384	0.32065033810283927	0.5712170774759364
rs103485	synthetic	3486	A	G	0.33082920794478915	0.20560118156049478	2.5891456264829515	0.10759836206213315
rs103486	synthetic	3487	A	G	0.02936547409173504	0.1350283856978558	0.04729594227025756	0.8278371727145017
rs103487	synthetic	3488	A	G	-0.1608277891385549	0.11051763460696823	2.117673594002365	0.14560757214944545
rs103488	synthetic	3489	A	G	0.04705997342611988	0.24302594156777355	0.037497135001116774	0.8464563896224273
rs103489	synthetic	3490	A	G	-0.0757862520216526	0.13859109252682736	0.29902687535218814	0.5844931265669826
rs103490	synthetic	3491	A	G	-0.1148474133146794	0.2697512743128205	0.18126561392235863	0.6702878405035876
rs103491	synthetic	3492	A	G	-0.008822982719888878	0.12188927907591689	0.005239620595070696	0.9422953438076941
rs103492	synthetic	3493	A	G	-0.21756888603938354	0.17211760890439975	1.5978756110479149	0.2062045276048258
rs103493	synthetic	3494	A	G	0.047295932009367055	0.13289456599100194	0.12665814692355265	0.7219224664513516
rs103494	synthetic	3495	A	G	-0.1853794541683749	0.20653860120789	0.8056023702695371	0.3694236137011936
rs103495	synthetic	3496	A	G	-0.04895902139908737	0.11128482179791338	0.1935501835722837	0.659978111074716
rs103496	synthetic	3497	A	G	-0.0460033150841263	0.13059424105268452	0.12408812035866267	0.7246422053793398
rs103497	synthetic	3498	A	G	-0.04612841886836998	0.11425604738900243	0.16299667514057706	0.6864124037169839
rs103498	synthetic	3499	A	G	-0.07270846345401098	0.1088796151738918	0.4459403590364111	0.5042691445358929
rs103499	synthetic	3500	A	G	-0.047620157829514696	0.1592550430134284	0.08941188966438472	0.7649261516019239
rs103500	synthetic	3501	A	G	0.08354549741769056	0.11813639716184213	0.500125103576649	0.4794451579221366
rs103501	synthetic	3502	A	G	0.04276702227538534	0.13860707089064922	0.0952022590505677	0.7576649001093807
rs103502	synthetic	3503	A	G	0.4726697312103995	0.24584447454331884	3.696533787792158	0.05452562924046989
rs103503	synthetic	3504	A	G	0.22927748029754866	0.10632399013551998	4.65007831965491	0.03105213065452974
rs103504	synthetic	3505	A	G	-0.002538380420107043	0.13174129834487122	0.0003712526308209005	0.9846273775907277
rs103505	synthetic	3506	A	G	-0.13550505304282107	0.15897485223186275	0.7265309521627201	0.3940099582083252
rs103506	synthetic	3507	A	G	-0.05579097502993645	0.11474665762684844	0.23640018634713073	0.6268182657730719
rs103507	synthetic	3508	A	G	-0.05908931075861082	0.13088188221781286	0.2038256258423787	0.6516504711493676
rs103508	synthetic	3509	A	G	-0.016475578240347462	0.11015243052743048	0.02237140000054091	0.8811033110685393
rs103509	synthetic	3510	A	G	-0.12215410525248288	0.1461405958909582	0.6986736850081182	0.403229714473052
rs103510	synthetic	3511	A	G	0.16474431173549228	0.14080294819081435	1.368980808479498	0.24198707209671777
rs103511	synthetic	3512	A	G	-0.00964180237595118	0.1072808482462918	0.008077408627056736	0.9283870208818626
rs103512	synthetic	3513	A	G	-0.06674063506922695	0.12080787561576402	0.30520396748224154	0.5806382439650897
rs103513	synthetic	3514	A	G	0.017497776228845102	0.12447979688442452	0.019759137093026975	0.8882118632603796
rs103514	synthetic	3515	A	G	-0.10832058789915243	0.13601871250224812	0.6341977509001093	0.4258197191286125
rs103515	synthetic	3516	A	G	0.1941307411205901	0.10821054546669433	3.218469905485206	0.07281166056528818
rs103516	synthetic	3517	A	G	-0.19300580120986952	0.23867019782099036	0.6539496920372729	0.4187040910902512
rs103517	synthetic	3518	A	G	0.03725243448133394	0.13379405916793619	0.07752390830382812	0.7806814061090506
rs103518	synthetic	3519	A	G	-0.14909244881592068	0.12821522074711128	1.3521725872287533	0.24489866102802735
rs103519	synthetic	3520	A	G	0.07171794943401667	0.13371125179171053	0.2876867222011837	0.5917067608242405
rs103520	synthetic	3521	A	G	-0.22647127423600338	0.12102070338604534	3.501925492652617	0.06129752186833952
rs103521	synthetic	3522	A	G	0.12986479579625282	0.12214149075053311	1.1304632312235459	0.28767655240983764
rs103522	synthetic	3523	A	G	-0.27055392189859245	0.11233392828049861	5.80077172153637	0.016019142133477528
rs103523	synthetic	3524	A	G	0.18477988821556926	0.1275351962353851	2.0991781180114693	0.14737833994182126
rs103524	synthetic	3525	A	G	-0.10579206151747336	0.16773161276311704	0.3978105665676948	0.5282221430344498
rs103525	synthetic	3526	A	G	-0.21378467139769425	0.14105074417208624	2.2972187987487582	0.12960588417415012
rs103526	synthetic	3527	A	G	0.04759033504198124	0.10856456511762473	0.19215926572138387	0.6611255229473261
rs103527	synthetic	3528	A	G	0.0641661375242839	0.11323310547474463	0.32111822833067466	0.5709364044241206
rs103528	synthetic	3529	A	G	-0.1547655070617805	0.1048735188748152	2.1777933592144003	0.14001508541379457
rs103529	synthetic	3530	A	G	-0.05649230271366286	0.1287704505322984	0.19246250092848424	0.660874953555511
rs103530	synthetic	3531	A	G	-0.07812590127960096	0.1202040510535465	0.42242719796316874	0.5157283977449424
rs103531	synthetic	3532	A	G	0.06826051522262748	0.1111519530369264	0.37714202433987826	0.5391367592585171
rs103532	synthetic	3533	A	G	-0.19652334049231154	0.10515604976074783	3.492687651770256	0.06164043484474823
rs103533	synthetic	3534	A	G	-0.12041330139727634	0.28718224604823445	0.1758060238821921	0.6750025310869059
rs103534	synthetic	3535	A	G	-0.03045574600594346	0.13466222205307873	0.0511501522677005	0.8210738735595734
rs103535	synthetic	3536	A	G	-0.12545476492129726	0.10425187081134794	1.4481268555453533	0.2288287523298171
rs103536	synthetic	3537	A	G	0.09002043788308695	0.11210635605060314	0.6447951610995182	0.4219797151617908
rs103537	synthetic	3538	A	G	0.03777742813132981	0.13786716889093828	0.07508324970848775	0.7840744552801941
rs103538	synthetic	3539	A	G	-0.00926035975535733	0.1415888534681305	0.004277574555397499	0.9478530007427407
rs103539	synthetic	3540	A	G	-0.13781451299585565	0.12609502153104027	1.1945216601809556	0.27441937764303254
rs103540	synthetic	3541	A	G	-0.16183018277526628	0.22596968417653787	0.5128834579968266	0.4738932862792512
rs103541	synthetic	3542	A	G	0.1933470332259364	0.1450968243485877	1.7756575416872298	0.1826834606649152
rs103542	synthetic	3543	A	G	-0.06591406819193875	0.11525541021350146	0.3270646389732838	0.5673926685715142
rs103543	synthetic	3544	A	G	-0.008985824575450062	0.10141467300124202	0.007850806663866897	0.92939601082098
rs103544	synthetic	3545	A	G	0.022446353621011102	0.10262875273515619	0.047835850431182145	0.826872777342735
rs103545	synthetic	3546	A	G	0.0020745210305803154	0.11747508422887779	0.0003118488548359024	0.9859106951395309
rs103546	synthetic	3547	A	G	-0.13810016714785853	0.1446606381684948	0.9113551564178709	0.33975511136641817
rs103547	synthetic	3548	A	G	-0.006369787957476555	0.12573760478430104	0.0025663718604922495	0.9595969523743347
rs103548	synthetic	3549	A	G	0.0445257925108142	0.1311937717871225	0.11518525289282237	0.7343163050963426
rs103549	synthetic	3550	A	G	0.01318777287434712	0.11457195341657087	0.013249097081623067	0.9083621169800218
rs103550	synthetic	3551	A	G	-0.12814936559572274	0.15536925736836532	0.6803035563468175	0.40948221519420847
rs103551	synthetic	3552	A	G	-0.10669929342635999	0.17787880718081392	0.35981119361850294	0.5486111124219554
rs103552	synthetic	3553	A	G	0.019251013634862674	0.5088517465869518	0.001431280202506766	0.9698214197934563
rs103553	synthetic	3554	A	G	0.24148257843955712	0.16140116750708486	2.238506011453535	0.13461098457759027
rs103554	synthetic	3555	A	G	0.049278683159617816	0.11715634971906717	0.1769239082631964	0.67403022222569
rs103555	synthetic	3556	A	G	0.11029651716123647	0.21982584804327968	0.25174803148888675	0.6158469154424802
rs103556	synthetic	3557	A	G	0.03402175645322048	0.108312739425782	0.09866301494941672	0.7534400058975516
rs103557	synthetic	3558	A	G	-0.10247754007525352	0.13266814653627673	0.5966560656748849	0.4398567402920772
rs103558	synthetic	3559	A	G	0.18804054172223447	0.1732222772527376	1.1784075053667113	0.2776804343886699
rs103559	synthetic	3560	A	G	0.10129848485091755	0.12358037217206867	0.6719034971211033	0.41238874751240673
rs103560	synthetic	3561	A	G	0.003433322653582722	0.11921686808149648	0.000829380502132163	0.9770249247282603
rs103561	synthetic	3562	A	G	-0.10816918804815397	0.11679516239693047	0.8577434884613715	0.35437093163553013
rs103562	synthetic	3563	A	G	0.1944822959123583	0.16284781823658884	1.4262519681683523	0.232377094502689
rs103563	synthetic	3564	A	G	-0.11628620522267588	0.11163481061376536	1.0850684024808457	0.29756648032410316
rs103564	synthetic	3565	A	G	0.13421531100220443	0.29201316163838514	0.2112512421414489	0.6457884560356149
rs103565	synthetic	3566	A	G	0.2868558195955312	0.11368452489578733	6.3668501412958785	0.011627180078450441
rs103566	synthetic	3567	A	G	-0.07778416431211926	0.10579043349488328	0.5406168613690217	0.46217719150039516
rs103567	synthetic	3568	A	G	0.1398627335631046	0.22541369205754633	0.38498467273898995	0.5349475229968198
rs103568	synthetic	3569	A	G	-0.11273209953044151	0.13345526521703002	0.7135489401506134	0.39826816140288257
rs103569	synthetic	3570	A	G	0.03606708318404377	0.10954732661128617	0.10839730278764957	0.741976213435173
rs103570	synthetic	3571	A	G	-0.10357262874416069	0.10602960993481984	0.9541917794974825	0.3286546061144637
rs103571	synthetic	3572	A	G	0.13849940196858768	0.10770039329952648	1.653717102332575	0.1984537677414546
rs103573	synthetic	3574	A	G	-0.13903064042898358	0.11154376043699409	1.5535687732992014	0.21260936565651234
rs103574	synthetic	3575	A	G	0.1988678475542022	0.13146298444212182	2.2883485340732523	0.13034855151712077
rs103575	synthetic	3576	A	G	-0.2479463341327448	0.2325741202604836	1.1365606337224579	0.28638025769301095
rs103576	synthetic	3577	A	G	-0.09052569471238794	0.1033203379402979	0.7676656299531002	0.3809401785322035
rs103577	synthetic	3578	A	G	0.6869865211357394	0.3968453626245223	2.9967727638830373	0.08343055400570652
rs103578	synthetic	3579	A	G	0.04192807011553803	0.13249955622761952	0.10013384631126342	0.7516690723416494
rs103579	synthetic	3580	A	G	-0.20607984756729825	0.12163435270908034	2.8705066162779524	0.09021646701658773
rs103580	synthetic	3581	A	G	-0.1655773041159366	0.10975102416252568	2.276063903228845	0.1313849377244165
rs103581	synthetic	3582	A	G	0.051475121528484685	0.1096967530371574	0.22019487948671246	0.638891470095528
rs103582	synthetic	3583	A	G	0.14703488872382836	0.11210336981737098	1.7202971075725642	0.1896548051888384
rs103583	synthetic	3584	A	G	0.0852285247981842	0.12028983828148034	0.5020096444655634	0.47861843031145057
rs103584	synthetic	3585	A	G	-0.03707789579701475	0.13286923316387664	0.07787199519052615	0.7802022011159515
rs103585	synthetic	3586	A	G	-0.11889271768513507	0.12475810883436662	0.9081821111665874	0.3405972186307944
rs103586	synthetic	3587	A	G	-0.041721027261974436	0.10177952240286187	0.16803090600070703	0.6818677657260968
rs103587	synthetic	3588	A	G	-0.05559405199948497	0.12467550277081756	0.19883571779198098	0.6556622668295302
rs103588	synthetic	3589	A	G	-0.21719583462078357	0.1476885477886502	2.1627650556506435	0.14139006006627244
rs103589	synthetic	3590	A	G	-0.14918247991281877	0.10951953290492213	1.8554637706620503	0.17314926038558937
rs103590	synthetic	3591	A	G	-0.14770411328953362	0.15418204803436514	0.9177355585066026	0.33807024393273005
rs103591	synthetic	3592	A	G	0.07391349102479133	0.10997072633930594	0.45174488414639036	0.501507499353657
rs103592	synthetic	3593	A	G	0.06464795088656183	0.10309563069333738	0.39321403258573917	0.53061478960471
rs103593	synthetic	3594	A	G	-0.10155808307208107	0.12354535255645024	0.6757346105162865	0.41105937656752467
rs103594	synthetic	3595	A	G	0.02968626186877712	0.11292231807687	0.06911168136020991	0.792634588258925
rs103595	synthetic	3596	A	G	0.013671490468382631	0.11878809235912456	0.013246035422058449	0.9083726589613468
rs103596	synthetic	3597	A	G	-0.15498406779971344	0.113389685778037	1.868215656329443	0.17167958257621446
rs103597	synthetic	3598	A	G	0.0031882715683709977	0.12454772680210548	0.0006552982406051777	0.9795773482172627
rs103598	synthetic	3599	A	G	-0.0027236517359427405	0.1411804325491249	0.0003721809445734695	0.9846081724218733
rs103599	synthetic	3600	A	G	-0.03428482210399852	0.10407523643895956	0.1085198009062279	0.7418356552545662
rs103600	synthetic	3601	A	G	0.05685152270001646	0.158869312667055	0.12805724942059873	0.7204549147508125
rs103601	synthetic	3602	A	G	-0.10464304315532887	0.11956020472957381	0.766032899297297	0.3814471114733473
rs103602	synthetic	3603	A	G	0.041078430367426234	0.1113217048934238	0.13616578159984363	0.7121228954574093
rs103603	synthetic	3604	A	G	-0.09413088670233181	0.15906422205640736	0.35020253691527675	0.5539985012298034
rs103605	synthetic	3606	A	G	-0.18376504403467317	0.11198161740034475	2.692975077231026	0.10079146514917485
rs103606	synthetic	3607	A	G	-0.35939753152459064	0.13177283178548235	7.438723597277371	0.006383514800408635
rs103607	synthetic	3608	A	G	0.03832797561916322	0.11471457287583374	0.11163350954239269	0.7382920177977182
rs103608	synthetic	3609	A	G	0.2091536334224683	0.16765268400265235	1.5563590879424396	0.21219911708148856
rs103609	synthetic	3610	A	G	0.02048969975347057	0.10483230019671869	0.03820154775199341	0.845038984320408
rs103610	synthetic	3611	A	G	-0.3434507635306675	0.1755217582055236	3.82883852627969	0.05037783113271181
rs103611	synthetic	3612	A	G	0.7375006076196371	0.4854884378408724	2.3076342815376267	0.128739855634719
rs103612	synthetic	3613	A	G	0.06796582117279247	0.10264748880874526	0.43841406509579683	0.5078889134724239
rs103613	synthetic	3614	A	G	-0.0739198625004647	0.12518360543815193	0.34868028279789465	0.5548611422956193
rs103614	synthetic	3615	A	G	0.07184608607193858	0.12808101501110858	0.3146564997726316	0.574836729137791
rs103615	synthetic	3616	A	G	-0.12340138838453751	0.1059449626281718	1.3566863881946187	0.24411258595728488
rs103616	synthetic	3617	A	G	-0.12488671952394682	0.10416715130845938	1.4373778254640817	0.2305641370164666
rs103617	synthetic	3618	A	G	0.28723420058205423	0.17001797590503998	2.854188263387013	0.09113623195578167
rs103618	synthetic	3619	A	G	0.08138472068470194	0.13569691693621777	0.35970443590130907	0.5486704300547038
rs103619	synthetic	3620	A	G	0.020145866154339435	0.18854055026568364	0.011417272009456914	0.9149066827144038
rs103620	synthetic	3621	A	G	0.011218963142997074	0.13668967530501802	0.006736495418650538	0.9345861537251051
rs103621	synthetic	3622	A	G	0.14399672783412837	0.18432673226499033	0.6102792427609032	0.43468268968432555
rs103622	synthetic	3623	A	G	0.08689825724070947	0.11067233009626384	0.6165155372091446	0.4323450890422027
rs103623	synthetic	3624	A	G	-0.014744572542340215	0.13652644974286343	0.011663550637511991	0.9139973424788466
rs103624	synthetic	3625	A	G	0.09505866409299867	0.10414015095792561	0.8331956761709879	0.36135009068506463
rs103625	synthetic	3626	A	G	-0.10805409684575241	0.10500543622711266	1.0589096557322328	0.3034639989602517
rs103626	synthetic	3627	A	G	-0.2715905545140902	0.25486927720605407	1.1355188524024142	0.286601211759296
rs103627	synthetic	3628	A	G	0.294051039851618	0.11132791546448134	6.97649495462075	0.00825872021708942
rs103629	synthetic	3630	A	G	-0.03257532080793501	0.10946789054742774	0.08855312753164886	0.766024675894488
rs103630	synthetic	3631	A	G	-0.02176527952791421	0.10401209681450219	0.043788573266727256	0.8342474661691538
rs103631	synthetic	3632	A	G	-0.049327303642570215	0.17966427303956006	0.07537916180679691	0.7836599426688424
rs103632	synthetic	3633	A	G	0.2513373738848848	0.12200088415007658	4.244125229224864	0.03938635554655091
rs103633	synthetic	3634	A	G	-0.0814804353954841	0.13240134817313015	0.37872316271314443	0.5382873713788507
rs103634	synthetic	3635	A	G	0.055143284500679415	0.10323622044719159	0.28531267671805216	0.5932400551613171
rs103635	synthetic	3636	A	G	-0.08924937788231568	0.22973978764681607	0.1509169308239802	0.6976606419579633
rs103636	synthetic	3637	A	G	0.04965875326945211	0.1103422701067099	0.20253859583631909	0.6526795204815956
rs103637	synthetic	3638	A	G	-0.08416062135988608	0.1514169169674161	0.30893639050355237	0.5783335931110978
rs103638	synthetic	3639	A	G	-0.07245624590596211	0.1340466178497533	0.2921729031631582	0.5888314359192907
rs103639	synthetic	3640	A	G	0.01859541439454005	0.114714900065441	0.026276774838377828	0.8712262200201236
rs103640	synthetic	3641	A	G	0.09232236464975223	0.10368387758557518	0.7928506339187623	0.37323954593903996
rs103641	synthetic	3642	A	G	0.1250949297481487	0.1227117558437163	1.0392189907192528	0.3080031835805597
rs103642	synthetic	3643	A	G	0.038639465859313576	0.11319097310746451	0.11653024010052265	0.7328286252844152
rs103643	synthetic	3644	A	G	0.21384022642646597	0.10284915208070493	4.322921806403978	0.03760230431090416
rs103644	synthetic	3645	A	G	-0.005033455846789875	0.10824097485587199	0.002162465247202572	0.9629098894366357
rs103645	synthetic	3646	A	G	0.26413613531326335	0.2558396179626123	1.0659087875897892	0.30187138572012184
rs103646	synthetic	3647	A	G	0.031202574979547315	0.10513498126713779	0.0880818418862545	0.7666300076313147
rs103647	synthetic	3648	A	G	0.06178523263161487	0.21939060464552113	0.07931098110160183	0.7782333280203666
rs103648	synthetic	3649	A	G	-0.045416070200788736	0.10836000082859237	0.17566332772696658	0.6751269061503777
rs103649	synthetic	3650	A	G	0.10083102268477616	0.15823983714249742	0.40602865975091107	0.5239921145441064
rs103650	synthetic	3651	A	G	0.22769798245324888	0.1092912923908726	4.340574770999329	0.037214358375128806
rs103651	synthetic	3652	A	G	0.07958270575340504	0.1668077775487636	0.2276170598864837	0.6332963996129934
rs103652	synthetic	3653	A	G	-0.26605219939429836	0.12501215129337212	4.5292808306395465	0.0333196171591946
rs103653	synthetic	3654	A	G	-0.009092673761732445	0.17240983494276027	0.0027813724351735676	0.9579400889884749
rs103655	synthetic	3656	A	G	0.04700249294078687	0.1188924719876061	0.15629067682521278	0.6925948188878613
rs103656	synthetic	3657	A	G	-0.13979766779197875	0.1057404965967149	1.7479023293575877	0.18614065623338916
rs103657	synthetic	3658	A	G	-0.07144845552939079	0.13172213004377267	0.2942172965683051	0.5875305761462832
rs103658	synthetic	3659	A	G	-0.18263629286254138	0.15539362615192684	1.381362825172077	0.23986914500310882
rs103659	synthetic	3660	A	G	-0.04829150497612889	0.10657717563798838	0.2053114008983981	0.6504673667495176
rs103660	synthetic	3661	A	G	0.11838936959601935	0.23289837102058525	0.25840000289538334	0.611221511034788
rs103661	synthetic	3662	A	G	-0.08863827676926737	0.1507272039598862	0.3458273388093261	0.5564847300196258
rs103662	synthetic	3663	A	G	-0.006741766511146407	0.1052641386529924	0.004101913829008806	0.9489334518583191
rs103663	synthetic	3664	A	G	-0.16860195122214847	0.12952880845345868	1.6943083529047693	0.19303400576208457
rs103664	synthetic	3665	A	G	-0.007930968440530971	0.10283760526724128	0.005947692864025377	0.9385270590835455
rs103665	synthetic	3666	A	G	0.016086281184384852	0.12935261154492433	0.015465391165405223	0.9010303014938893
rs103666	synthetic	3667	A	G	-0.04703519293217175	0.10389170809628019	0.20496706688752536	0.6507410953947048
rs103667	synthetic	3668	A	G	0.07839947653640397	0.22254160866591274	0.12410917245212053	0.7246197988725469
rs103668	synthetic	3669	A	G	-0.1038908437398478	0.10917033042542496	0.9056185238684659	0.3412796322755978
rs103669	synthetic	3670	A	G	-0.0036270100159049175	0.10622124554750409	0.0011659360496203178	0.9727608820651249
rs103670	synthetic	3671	A	G	0.05690749885377041	0.23074644399558	0.06082315764183914	0.8051996050383641
rs103671	synthetic	3672	A	G	0.5155787210446292	0.1573450924762878	10.737015144965989	0.0010501358272715549
rs103672	synthetic	3673	A	G	0.06416647802394325	0.11692725558265378	0.30115140374712845	0.5831614928754176
rs103673	synthetic	3674	A	G	0.05961159435445223	0.11895088581129609	0.25114591234126593	0.6162693586926591
rs103674	synthetic	3675	A	G	0.06138190835529023	0.14729971800134078	0.17365086145238387	0.6768873463819562
rs103675	synthetic	3676	A	G	-0.013163602817105907	0.11631366809766189	0.0128081980968467	0.9098931552307331
rs103676	synthetic	3677	A	G	-0.24547822078481432	0.10484501950890779	5.481890092911504	0.019214471918781298
rs103677	synthetic	3678	A	G	-0.07152604045120065	0.11133202591444401	0.4127510092937849	0.5205764939856601
rs103678	synthetic	3679	A	G	-0.1567786145127264	0.11284524189378228	1.9302214641821158	0.16473421763798965
rs103679	synthetic	3680	A	G	0.1460114006554365	0.11044103711653826	1.7478838979802953	0.18614297715382383
rs103680	synthetic	3681	A	G	-0.07383321238711935	0.15828188794643874	0.217591078749156	0.6408815573594323
rs103681	synthetic	3682	A	G	0.13222369932819109	0.09912851744099811	1.7791861341479667	0.18224929623793185
rs103682	synthetic	3683	A	G	0.09094337267201451	0.10884437637523837	0.6981200666615168	0.40341610097385294
rs103683	synthetic	3684	A	G	0.0725269346028389	0.10576620415373136	0.47022401759496857	0.49288412803471104
rs103684	synthetic	3685	A	G	0.007100607126760902	0.10569147732158243	0.004513474896141129	0.9464364960748161
rs103685	synthetic	3686	A	G	0.04016933842721916	0.11423753130099372	0.12364362794069232	0.7251157944206789
rs103686	synthetic	3687	A	G	-0.20321868805445634	0.19244058639578537	1.1151516810970903	0.2909648227468765
rs103687	synthetic	3688	A	G	-0.05090504187841	0.13178120149349262	0.14921575216777785	0.6992859428856855
rs103688	synthetic	3689	A	G	0.1267284908566858	0.1606578112936534	0.6222212429092912	0.43022305399731975
rs103689	synthetic	3690	A	G	0.11464812191578308	0.13496881055347879	0.7215510258837278	0.3956356153790762
rs103690	synthetic	3691	A	G	-0.0670094253222315	0.15502754500423022	0.18683319794712439	0.6655654934633678
rs103691	synthetic	3692	A	G	0.04393794726642717	0.13210627221672436	0.11061974449209233	0.7394396657646316
rs103692	synthetic	3693	A	G	0.14291330638976937	0.13354431411777393	1.145234783816008	0.284548902532927
rs103693	synthetic	3694	A	G	-0.047517908654614166	0.11305574533183887	0.17665639424192284	0.6742625697895746
rs103694	synthetic	3695	A	G	0.03559639267779725	0.10809416287983623	0.10844449056049145	0.7419220582864621
rs103695	synthetic	3696	A	G	-0.17645907507713227	0.3246329411127448	0.29546281023851456	0.5867409129153435
rs103696	synthetic	3697	A	G	-0.0075006604264029695	0.12394024668804624	0.003662471856900665	0.9517427937488029
rs103697	synthetic	3698	A	G	-0.1966393569999001	0.10828065324918254	3.2979127104683923	0.06936797700058119
rs103698	synthetic	3699	A	G	-0.21249950333373535	0.14786200469744512	2.0653927994741537	0.15067610038895518
rs103699	synthetic	3700	A	G	-0.00036083487462890054	0.21692597030840646	2.766902866740239e-06	0.9986727986405268
rs103700	synthetic	3701	A	G	-0.16664853058339246	0.14711021444775882	1.2832678683690115	0.257292313546802
rs103701	synthetic	3702	A	G	0.03620197526662633	0.12166619022788676	0.0885369825350924	0.7660453839133801
rs103702	synthetic	3703	A	G	-0.021928779303907703	0.18851109589268225	0.01353178463473952	0.9073940225516798
rs103704	synthetic	3705	A	G	0.011786729435132341	0.15865526141030067	0.005519219556992934	0.9407784800697659
rs103705	synthetic	3706	A	G	0.045886948232884125	0.15537225900721108	0.08722307441243426	0.7677375784263498
rs103707	synthetic	3708	A	G	0.09934337317437363	0.10702572400799776	0.8615915988681955	0.3532936769689644
rs103708	synthetic	3709	A	G	0.004720474030938529	0.12420896907812452	0.0014443262722729218	0.969684259332069
rs103709	synthetic	3710	A	G	0.0887179869981429	0.11738741969494144	0.5711895395435864	0.4497866119028896
rs103711	synthetic	3712	A	G	-0.11481575182001935	0.14839395866156102	0.5986465814566088	0.43909488297898025
rs103712	synthetic	3713	A	G	0.058992276993151294	0.10850595529642612	0.2955855294759725	0.5866632249127561
rs103713	synthetic	3714	A	G	-0.04198142273857239	0.14715085447486886	0.08139331345674161	0.7754180405626501
rs103714	synthetic	3715	A	G	-0.05226872644793807	0.2641341382541124	0.039159286092855246	0.8431334333931051
rs103715	synthetic	3716	A	G	-0.06590330067398134	0.1056681209929466	0.3889791856191042	0.5328364736654283
rs103716	synthetic	3717	A	G	-0.04859389357290471	0.10774055576647738	0.20342530388484786	0.6519701300382359
rs103717	synthetic	3718	A	G	-0.010307982547973216	0.11446763930691999	0.008109272537275785	0.9282462904591575
rs103718	synthetic	3719	A	G	0.012288481798894049	0.28725768590847406	0.001830008664569125	0.9658780226622077
rs103719	synthetic	3720	A	G	0.041080286806166814	0.10966246493595992	0.14033012982937612	0.7079530389316555
rs103720	synthetic	3721	A	G	-0.03591523566458769	0.11568969433540437	0.09637582166768181	0.7562229166816059
rs103721	synthetic	3722	A	G	-0.14837836909458044	0.11354106005615178	1.7077932676431626	0.19127193323439545
rs103722	synthetic	3723	A	G	-0.22237101040224524	0.13492684246114506	2.716186738280517	0.0993350698972814
rs103724	synthetic	3725	A	G	-0.09869010636269965	0.11097286988293854	0.7908854739707866	0.3738325118688285
rs103725	synthetic	3726	A	G	-0.26045723220596656	0.10208804280330559	6.509132119942809	0.010732187527431188
rs103726	synthetic	3727	A	G	0.16144360009992134	0.1489868132969641	1.1742106225459044	0.27853775705884254
rs103727	synthetic	3728	A	G	0.1266684285860714	0.15736095921803925	0.647951914231264	0.42084587671383034
rs103728	synthetic	3729	A	G	-0.10868540551585297	0.14528722234899338	0.5596127729062621	0.4544163043178501
rs103729	synthetic	3730	A	G	-0.14928052451392157	0.15630453464195884	0.9121434611129833	0.33954633437737397
rs103730	synthetic	3731	A	G	-0.048185428578272155	0.12400705625852014	0.15098668706308277	0.6975942225199036
rs103731	synthetic	3732	A	G	-0.06289220354885162	0.12191868715047956	0.2661050201977748	0.6059566067569103
rs103732	synthetic	3733	A	G	0.04358175443707974	0.14231551195960254	0.09377885799339788	0.7594269900046144
rs103734	synthetic	3735	A	G	-0.08066520241286508	0.15468389230291313	0.27194574780616315	0.6020295247751715
rs103735	synthetic	3736	A	G	0.1551687073717855	0.11432158050441124	1.8422639110143488	0.17468583468725116
rs103736	synthetic	3737	A	G	0.047670675467251546	0.1880639604880305	0.06425271089817662	0.7998963990880126
rs103737	synthetic	3738	A	G	0.09774696953339711	0.15716975151303417	0.386784151419913	0.5339946504730952
rs103738	synthetic	3739	A	G	-0.18176870583067575	0.10475347840880436	3.010934613919983	0.08270459191670113
rs103739	synthetic	3740	A	G	-0.13740744311024247	0.33308516348854605	0.17018055656256095	0.6799513911999834
rs103740	synthetic	3741	A	G	-0.01036868897558877	0.10648475061362689	0.009481408504801525	0.9224305633894915
rs103741	synthetic	3742	A	G	-0.07879197510442569	0.11602423981740155	0.46117580144839293	0.49707497294857306
rs103742	synthetic	3743	A	G	-0.04421496602185995	0.10841010364592185	0.16634090958123093	0.6833844445116721
rs103743	synthetic	3744	A	G	-0.006693993266915887	0.11866989263774468	0.003181921370692184	0.9550163680760472
rs103744	synthetic	3745	A	G	0.07465020752960214	0.10756507690763874	0.4816365697772239	0.4876819514842964
rs103745	synthetic	3746	A	G	-0.016998598981069743	0.10719009887521151	0.025148779543753386	0.8739968975260175
rs103746	synthetic	3747	A	G	0.010807353658260951	0.13748390269436278	0.006179239431278956	0.9373443140226981
rs103747	synthetic	3748	A	G	0.005658073938038992	0.12118625243246185	0.0021798696544303017	0.9627610383351599
rs103748	synthetic	3749	A	G	0.06565482832002818	0.10273226190246569	0.40843188572871797	0.5227664931167485
rs103749	synthetic	3750	A	G	-0.0204658503317932	0.12669766270401858	0.02609290188400549	0.8716736423829115
rs103750	synthetic	3751	A	G	-0.010139891093622375	0.10293503885681594	0.009703761535894001	0.9215291798411598
rs103751	synthetic	3752	A	G	-0.05510511325798668	0.11649660670848962	0.22374701374123332	0.6361995941669959
rs103752	synthetic	3753	A	G	-0.022161599096884192	0.10903140395561328	0.04131416500615748	0.8389327076404427
rs103753	synthetic	3754	A	G	-0.022785695563989718	0.1311746738298647	0.03017342396967301	0.8620973147475457
rs103754	synthetic	3755	A	G	0.03212850469280559	0.15002394246596745	0.04586272744301822	0.8304255250961772
rs103755	synthetic	3756	A	G	-0.274181563693923	0.2171533139190309	1.5942028275380298	0.20672669327129484
rs103756	synthetic	3757	A	G	0.2459550245235977	0.14214650859499425	2.9939118142116525	0.08357804544548052
rs103757	synthetic	3758	A	G	-0.08818503220143185	0.1151586247406286	0.5864038542722151	0.4438131048903272
rs103758	synthetic	3759	A	G	-0.06645132876589466	0.11416733175707557	0.3387845815030836	0.56053162602241
rs103759	synthetic	3760	A	G	0.10588858973677667	0.10554601422276914	1.0065020261167115	0.3157423061458085
rs103760	synthetic	3761	A	G	-0.04959929933472521	0.1161783051927679	0.18226404715927333	0.6694347307644886
rs103761	synthetic	3762	A	G	0.02792535114432915	0.11461540234586712	0.059362381964546684	0.8075065745537178
rs103762	synthetic	3763	A	G	-0.005065951951863258	0.10669071708444793	0.0022545966875503008	0.9621286030442469
rs103763	synthetic	3764	A	G	-0.03890457903127567	0.12328429145708955	0.09958317155596765	0.7523304189591815
rs103764	synthetic	3765	A	G	-0.01389196375300532	0.11140052362265379	0.015550802960303268	0.9007587941791322
rs103765	synthetic	3766	A	G	0.044160619878641394	0.11272946892666678	0.15346007276112222	0.6952504777376383
rs103766	synthetic	3767	A	G	0.1117050308895729	0.10699781518793453	1.089922570870663	0.29648836529408484
rs103767	synthetic	3768	A	G	0.015226094975741514	0.1090621995538878	0.019490750603352355	0.8889687093544039
rs103768	synthetic	3769	A	G	-0.016302694233389727	0.17780801597052243	0.008406516976207687	0.9269466786866053
rs103769	synthetic	3770	A	G	0.1443161915092427	0.10150157154681536	2.0215504577756636	0.15508072326394615
rs103770	synthetic	3771	A	G	-0.0530192808140851	0.12112093567755361	0.19161487954182502	0.6615759522900491
rs103771	synthetic	3772	A	G	-0.2799774834400252	0.10604427062133981	6.970626170701515	0.0082858497096938
rs103772	synthetic	3773	A	G	0.19716914848627193	0.11172509260642177	3.1144149475142577	0.07760234304539651
rs103773	synthetic	3774	A	G	-0.019416840914755932	0.13962683335564136	0.019338347834828434	0.8894008491856921
rs103774	synthetic	3775	A	G	0.005307044118227979	0.10767050976228335	0.002429471773166683	0.9606884500060473
rs103775	synthetic	3776	A	G	-0.032548899661232186	0.1539544059863763	0.04469802954583538	0.8325602655529579
rs103776	synthetic	3777	A	G	-0.27491831891903395	0.16368187502858147	2.8210200733670097	0.09303725926088201
rs103777	synthetic	3778	A	G	0.12189951838891912	0.14349539357757404	0.7216523995100727	0.3956024265102971
rs103778	synthetic	3779	A	G	0.1187458503169918	0.11782543683642406	1.0156843630503023	0.3135448821914819
rs103779	synthetic	3780	A	G	0.5752356437185908	0.46521928460975315	1.528889715069674	0.2162791552154363
rs103780	synthetic	3781	A	G	-0.004738144432925826	0.10723650111691599	0.001952231515214823	0.9647576847005142
rs103781	synthetic	3782	A	G	-0.026552315272977543	0.14308625462990557	0.03443570354752525	0.8527830831083635
rs103782	synthetic	3783	A	G	-0.044427483657405786	0.11053125198972999	0.16155977994412637	0.6877245067824127
rs103783	synthetic	3784	A	G	-0.18859987090883792	0.14178748621265852	1.769322403069357	0.183465959225065
rs103785	synthetic	3786	A	G	-0.03522375737942655	0.2848771807616672	0.015288188772155134	0.9015960320041289
rs103786	synthetic	3787	A	G	0.05206726006670137	0.12529450740818043	0.17268928157001567	0.6777327343920954
rs103787	synthetic	3788	A	G	-0.17556684314283325	0.11358146374402911	2.389296670694837	0.12216858229158539
rs103788	synthetic	3789	A	G	0.10749214695399686	0.1236230328545158	0.7560572572107443	0.3845652173657096
rs103789	synthetic	3790	A	G	-0.0035300540458615497	0.2097865137150925	0.0002831441398191851	0.9865747198825392
rs103790	synthetic	3791	A	G	0.022498862802897705	0.11140490836114063	0.04078612851530846	0.8399513108193759
rs103791	synthetic	3792	A	G	0.14566558052818696	0.20394720052113394	0.5101270949143113	0.4750838428456523
rs103792	synthetic	3793	A	G	0.13012790729857732	0.1114962514559128	1.362135645796871	0.24316769822527162
rs103793	synthetic	3794	A	G	-0.009571480250785127	0.18582720874423916	0.0026530144051772676	0.958921188699471
rs103794	synthetic	3795	A	G	0.024904089074909447	0.1681068350888935	0.021946768282894564	0.8822287964729949
rs103795	synthetic	3796	A	G	0.10080552049348004	0.11548118085099736	0.7619846111912318	0.38270815642144196
rs103796	synthetic	3797	A	G	-0.23523630871473603	0.11104531535067896	4.487538921019621	0.034142796495124576
rs103797	synthetic	3798	A	G	-0.05915130921560339	0.17567372808734066	0.11337442232623704	0.7363346305905125
rs103798	synthetic	3799	A	G	0.07804880412701119	0.10335710151367525	0.5702323645608192	0.45016659567507655
rs103799	synthetic	3800	A	G	0.0066341280149352	0.11124770004824082	0.003556195376910995	0.9524472625322825
rs103800	synthetic	3801	A	G	0.1225103258985978	0.13873321627215793	0.7798022445691863	0.37720162724546047
rs103801	synthetic	3802	A	G	0.2316202938315718	0.226442069375811	1.046258468535178	0.3063703715457225
rs103802	synthetic	3803	A	G	-0.03395909669461002	0.13491713705024233	0.06335458135127554	0.8012703598263994
rs103803	synthetic	3804	A	G	0.043554427356387385	0.13652992145434018	0.10176746007214343	0.749718834712539
rs103804	synthetic	3805	A	G	-0.17863417756221414	0.10642187482125152	2.817521887534975	0.09324025537873809
rs103805	synthetic	3806	A	G	-0.02552364897143829	0.1273331750958966	0.040179302127020255	0.8411304148671507
rs103806	synthetic	3807	A	G	-0.2189781769286205	0.12290287833110562	3.1745163163682273	0.07479535437479393
rs103807	synthetic	3808	A	G	0.08661449142433723	0.10495454868754558	0.6810493588283921	0.4092256152625534
rs103808	synthetic	3809	A	G	0.02183617767608383	0.10888054564602981	0.04022098124101669	0.8410491345447926
rs103809	synthetic	3810	A	G	0.04865405614267225	0.10415921695049088	0.21819394338564665	0.6404195019211052
rs103810	synthetic	3811	A	G	0.2775655964123027	0.1904276135204075	2.124571841600257	0.14495328172804772
rs103811	synthetic	3812	A	G	-0.13119374302298153	0.12488408505152247	1.1036009178225066	0.29347720934393456
rs103812	synthetic	3813	A	G	-0.1465729106264506	0.14588148423311856	1.0095017534908066	0.3150222330388129
rs103813	synthetic	3814	A	G	-0.03132365297662083	0.13076793459340819	0.05737758686905027	0.8106898366399055
rs103814	synthetic	3815	A	G	-0.018054069991206356	0.11991604421891294	0.022667084120648072	0.8803260380963219
rs103815	synthetic	3816	A	G	-0.053456724287333675	0.10460789774212724	0.261141405062674	0.6093370765309003
rs103816	synthetic	3817	A	G	-0.2856552499625209	0.12421590682099362	5.288469353982432	0.02146708021809762
rs103817	synthetic	3818	A	G	0.04536457369667099	0.12302218600351959	0.13597741741467162	0.7123132122492646
rs103818	synthetic	3819	A	G	-0.16421652429437958	0.10202886565377241	2.5905238515243187	0.10750477437225672
rs103819	synthetic	3820	A	G	0.0016880582552693917	0.10747216846596704	0.0002467077751944304	0.9874681951605929
rs103820	synthetic	3821	A	G	-0.030410449566000006	0.280248317425813	0.011774965770379384	0.9135891541165009
rs103821	synthetic	3822	A	G	-0.08004358506351587	0.18195141502435697	0.19352727839603256	0.6599969663708641
rs103822	synthetic	3823	A	G	-0.09583341794964147	0.12852569475728673	0.5559734275498456	0.4558871746447709
rs103823	synthetic	3824	A	G	-0.4346343946672161	0.3491493821616964	1.5496214756480535	0.21319133001490326
rs103824	synthetic	3825	A	G	-0.07082922191232786	0.10851998634202331	0.42599596055384126	0.5139602384842913
rs103825	synthetic	3826	A	G	-0.049632445429050945	0.10547929373173125	0.22140984155261553	0.6379677831985742
rs103826	synthetic	3827	A	G	0.13252843656744276	0.1577481232709163	0.705813152535066	0.40083725759479916
rs103827	synthetic	3828	A	G	-0.08117938052570599	0.1104294655087266	0.5404076964319117	0.46226381294472063
rs103828	synthetic	3829	A	G	0.04519408134956771	0.11588012469067899	0.1521056051695144	0.6965312331732991
rs103829	synthetic	3830	A	G	-0.16986758020848186	0.11241561314591311	2.2833250081360292	0.1307712524817179
rs103830	synthetic	3831	A	G	0.2321019386319555	0.10142695887755691	5.236615992258176	0.022116253519591858
rs103831	synthetic	3832	A	G	-0.19677257130604642	0.2609786506922503	0.5684851947388708	0.45086148825863237
rs103832	synthetic	3833	A	G	-0.03528210976631209	0.27782544297904704	0.016127426176151306	0.8989453027801101
rs103833	synthetic	3834	A	G	0.13916941892044546	0.10303742219950589	1.824305880187093	0.17680158977658333
rs103834	synthetic	3835	A	G	-0.42224171434576574	0.3258395543412141	1.6792473288847996	0.19502449481806428
rs103835	synthetic	3836	A	G	0.09059478588682326	0.11347628651752052	0.6373766884679303	0.42466233571034684
rs103836	synthetic	3837	A	G	0.07454365030830198	0.1322455091185136	0.3177308947728262	0.5729744956423628
rs103837	synthetic	3838	A	G	-0.09422959670377253	0.11654363382757671	0.6537287036846458	0.4187827168035292
rs103838	synthetic	3839	A	G	-0.09735039209866377	0.2485494548815869	0.15340862598948146	0.6952990053642296
rs103839	synthetic	3840	A	G	-0.19645983428031114	0.1308528561463546	2.254141287552223	0.1332573569145012
rs103840	synthetic	3841	A	G	-0.08574841094566932	0.15946497874866958	0.28914888543022504	0.5907664613653714
rs103841	synthetic	3842	A	G	-0.02080923686448946	0.15240284582935765	0.018643444487665743	0.891393615279459
rs103842	synthetic	3843	A	G	0.0060080972547763775	0.10259392697507655	0.0034294983722261284	0.9533010427322391
rs103843	synthetic	3844	A	G	-0.1434699263992617	0.20072762720463674	0.5108665288354453	0.47476398280738585
rs103844	synthetic	3845	A	G	0.11244310465152489	0.10520148341723869	1.1424098243524934	0.2851436948228204
rs103845	synthetic	3846	A	G	-0.2551065203716548	0.22108936426095704	1.3313965166187955	0.24855692793661444
rs103846	synthetic	3847	A	G	0.12045797189633622	0.15023576530864424	0.6428718752594698	0.4226727588721615
rs103848	synthetic	3849	A	G	0.051198601982124885	0.11848567979617752	0.18671726426847396	0.6656629705006909
rs103849	synthetic	3850	A	G	0.09604790324805224	0.15474039699434228	0.38527281278835906	0.5347947378653849
rs103850	synthetic	3851	A	G	-0.010933869879990569	0.15424516202848398	0.005024868493603826	0.9434882415389249
rs103851	synthetic	3852	A	G	0.0029886450704702623	0.11624166476987834	0.0006610358920479964	0.9794881544994619
rs103852	synthetic	3853	A	G	0.053203476990800386	0.1082709139170608	0.24146624343532028	0.6231491164792755
rs103853	synthetic	3854	A	G	-0.02623538405584478	0.11498867854721799	0.05205526793004145	0.8195247829286394
rs103854	synthetic	3855	A	G	0.003447800039927691	0.16156278576979916	0.00045540885919875677	0.98297418789324
rs103855	synthetic	3856	A	G	0.053117170351597985	0.12802561607062835	0.1721377467700783	0.6782188710504116
rs103856	synthetic	3857	A	G	-0.07699529941157059	0.10869312426683803	0.5017926316234833	0.47871351267449147
rs103857	synthetic	3858	A	G	0.21910399159338798	0.15213621741076055	2.0741270279386796	0.14981563601579315
rs103858	synthetic	3859	A	G	-0.06406281948365225	0.1091752978875313	0.34432085336801843	0.5573456985265943
rs103859	synthetic	3860	A	G	-0.09792559430950842	0.1636151775463504	0.3582162276047743	0.5494985697680265
rs103860	synthetic	3861	A	G	0.029627649563114082	0.10632321794865131	0.07764941239318539	0.7805084934769811
rs103861	synthetic	3862	A	G	0.019731026423379375	0.10495797670034474	0.03534015550106274	0.8508846666566425
rs103862	synthetic	3863	A	G	0.004287573407709377	0.13147979950025307	0.0010634206052210276	0.9739854912308985
rs103863	synthetic	3864	A	G	0.07679237713027784	0.10704508707853562	0.5146390579797266	0.47313750984701175
rs103864	synthetic	3865	A	G	0.016418257341837814	0.10836654611240441	0.022954278886463775	0.8795760292879412
rs103865	synthetic	3866	A	G	0.14637371675464977	0.10110197806804316	2.096075375697231	0.14767777174278995
rs103866	synthetic	3867	A	G	-0.20681277339697	0.10972711223268794	3.552440542391534	0.05945793768809886
rs103867	synthetic	3868	A	G	0.044775037191662356	0.11865117086363328	0.142405857754641	0.7059008823352221
rs103868	synthetic	3869	A	G	0.006715164141842173	0.14384066273274718	0.0021794650791689537	0.9627644916881268
rs103869	synthetic	3870	A	G	-0.06698702664081499	0.16900124895399432	0.1571091843719662	0.6918320871708932
rs103870	synthetic	3871	A	G	-0.3465212389727662	0.2054810216734871	2.8439128543490244	0.09172061368347521
rs103871	synthetic	3872	A	G	0.01482063521552243	0.13075474512637228	0.01284750274063877	0.9097555954157039
rs103872	synthetic	3873	A	G	0.052406460627326915	0.1096900595896512	0.22826278656562646	0.6328149484953676
rs103874	synthetic	3875	A	G	-0.16241362323338693	0.1499843115029567	1.1726090517900494	0.27886579847765397
rs103875	synthetic	3876	A	G	0.017953000922576717	0.11936569131161129	0.022621170398365097	0.8804463913185656
rs103876	synthetic	3877	A	G	-0.21495106067221484	0.3095868537181223	0.4820745048723861	0.48748415079350704
rs103877	synthetic	3878	A	G	-0.054611234484861354	0.1580797126683572	0.11934705641566919	0.7297437411629093
rs103878	synthetic	3879	A	G	0.019391329160108908	0.11639960949487431	0.027753138958121683	0.8676905113812406
rs103879	synthetic	3880	A	G	0.007306941794464981	0.11245931139937787	0.004221632803794714	0.9481946271868217
rs103880	synthetic	3881	A	G	-0.16585377646992613	0.19748818905115145	0.7052912157294209	0.4010114602301661
rs103881	synthetic	3882	A	G	0.1593483231081957	0.1101324705082033	2.093457902923662	0.14793090645276577
rs103882	synthetic	3883	A	G	-0.0810872927470111	0.10205468102469178	0.6313057465035746	0.4268767617089656
rs103883	synthetic	3884	A	G	0.07116791050594547	0.11131985702385619	0.4087174221103343	0.5226212100640228
rs103885	synthetic	3886	A	G	-0.025453724422736322	0.1052551501450837	0.05848115825930011	0.8089128383726688
rs103887	synthetic	3888	A	G	-0.05771173008629987	0.11451618041756488	0.25397705291046063	0.6142885299032756
rs103888	synthetic	3889	A	G	-0.03966661292896343	0.10175345703307355	0.15196790988836306	0.6966618022922018
rs103889	synthetic	3890	A	G	0.01963367036300327	0.11866306580972003	0.027376117800930404	0.8685840569806879
rs103890	synthetic	3891	A	G	-0.0011943714737021403	0.11531978716068851	0.0001072682461792107	0.9917364266339668
rs103891	synthetic	3892	A	G	0.017649275368859726	0.1156197674311614	0.023301805633276242	0.8786748529369552
rs103892	synthetic	3893	A	G	-0.04521574565650268	0.10248552846141128	0.1946499536745889	0.6590743547833875
rs103894	synthetic	3895	A	G	0.07964747200094158	0.12692738095800252	0.3937615937389854	0.5303287459661413
rs103895	synthetic	3896	A	G	-0.174475493176174	0.155526193272098	1.2585248199246217	0.2619305068449116
rs103896	synthetic	3897	A	G	-0.016260910743128222	0.1531179907952398	0.011278134993038357	0.9154248102767414
rs103897	synthetic	3898	A	G	0.0814423165984795	0.10130159087475	0.6463499292469445	0.4214207059034675
rs103898	synthetic	3899	A	G	0.04717737010691939	0.11559075569268958	0.1665793829841346	0.6831698846164218
rs103899	synthetic	3900	A	G	-0.017831118770215808	0.11441885068369492	0.024286337359839174	0.8761585542206699
rs103900	synthetic	3901	A	G	0.13030107814091044	0.14914457592939784	0.763275093516424	0.3823055299511836
rs103901	synthetic	3902	A	G	-0.09406699673544425	0.14841085449375882	0.40173828936768863	0.5261928946668559
rs103902	synthetic	3903	A	G	-0.09187064214915386	0.10798183600831797	0.7238558506680566	0.3948820254400579
rs103903	synthetic	3904	A	G	0.15086425793583821	0.11322239929842677	1.775448233885743	0.18270925190743253
rs103904	synthetic	3905	A	G	-0.4113868350592683	0.127441844082498	10.420215123191369	0.0012464337423101378
rs103905	synthetic	3906	A	G	0.12470195008778753	0.11873536167116931	1.1030274771382964	0.2936026583827885
rs103906	synthetic	3907	A	G	0.04083409540296404	0.10528035023435682	0.1504358125598745	0.6981192276786498
rs103907	synthetic	3908	A	G	0.08773637088031096	0.11156690704884106	0.6184271475910056	0.4316323688796766
rs103908	synthetic	3909	A	G	0.030137362755081266	0.12954148667238116	0.054124355443145075	0.8160359803605499
rs103909	synthetic	3910	A	G	-0.2755448065805192	0.4524390693552625	0.370906341860601	0.5425106482296086
rs103910	synthetic	3911	A	G	0.09269138011323605	0.11973962683464945	0.5992428990986685	0.43886704025257084
rs103911	synthetic	3912	A	G	-0.3123182339711216	0.126047770664738	6.139377561065155	0.01322038416906862
rs103912	synthetic	3913	A	G	-0.06656651135076797	0.150376366668951	0.19595322654787733	0.6580073066232757
rs103913	synthetic	3914	A	G	-0.103094518212346	0.11286593239962096	0.8343444846151997	0.3610192768186181
rs103914	synthetic	3915	A	G	-0.20560628719633342	0.10774739927310922	3.6413228708830365	0.05636213429478878
rs103915	synthetic	3916	A	G	0.1142784825640288	0.10841910832685579	1.1110082084721986	0.2918628913781308
rs103916	synthetic	3917	A	G	0.24068978507071442	0.14084262976574935	2.92043179013137	0.08746445625662913
rs103917	synthetic	3918	A	G	-0.18881019267703764	0.14061335969625746	1.8030081955230766	0.1793492437447206
rs103918	synthetic	3919	A	G	0.1369764444539238	0.12010787947095801	1.300615061053952	0.2541009061966555
rs103919	synthetic	3920	A	G	-0.0070663659044550835	0.11555349549082496	0.0037396079042536943	0.9512378909203689
rs103920	synthetic	3921	A	G	0.12277778521908239	0.1329619792767614	0.8526771932865429	0.35579607442982586
rs103921	synthetic	3922	A	G	0.17896489552099562	0.11542194278116079	2.4041355050263835	0.12101496005618564
rs103922	synthetic	3923	A	G	-0.08522543013413829	0.1156156053271616	0.5433823014687501	0.46103436145901067
rs103923	synthetic	3924	A	G	-0.13589553037792637	0.10799334020918343	1.5834939116871665	0.2082581407038664
rs103924	synthetic	3925	A	G	0.10612216231358731	0.13154813109186772	0.6507929147008505	0.4198293344629864
rs103926	synthetic	3927	A	G	0.05800935143924909	0.10592640531093322	0.29990765499287947	0.5839403185803278
rs103927	synthetic	3928	A	G	-0.13320148549434913	0.10383824437352747	1.645521128109453	0.19956962740103779
rs103928	synthetic	3929	A	G	0.15673507645109153	0.10842243906887587	2.0897486544712023	0.1482904658273321
rs103929	synthetic	3930	A	G	0.4516896892596884	0.4824457847153296	0.8765633767580604	0.3491446735927274
rs103930	synthetic	3931	A	G	-0.09057725219365809	0.11017148212008782	0.6759271624409178	0.4109927290310109
rs103931	synthetic	3932	A	G	0.035404216392901214	0.10847426589990947	0.10652622414684283	0.7441341790737358
rs103932	synthetic	3933	A	G	-0.058652561971868425	0.13423821823810797	0.19090689580774628	0.6621628855223332
rs103933	synthetic	3934	A	G	-0.0243035182788288	0.1333649845483144	0.03320891288304991	0.8553997759900109
rs103934	synthetic	3935	A	G	-0.1270337485389791	0.1426525201717589	0.7930112163272768	0.3731911501479298
rs103935	synthetic	3936	A	G	0.13903183219793483	0.14778085394103854	0.885099608305838	0.3468087315655979
rs103937	synthetic	3938	A	G	0.014157208612390563	0.11043678066126539	0.01643341365040224	0.897996337087399
rs103938	synthetic	3939	A	G	-0.00041323969494658176	0.11025257013215828	1.4048392097061442e-05	0.9970094411394231
rs103939	synthetic	3940	A	G	0.11146615517795015	0.12279225132647463	0.8240320782502443	0.3640039123122578
rs103940	synthetic	3941	A	G	-0.08330439839929465	0.34498664941711005	0.058308421875698666	0.8091898045226382
rs103941	synthetic	3942	A	G	-0.15042929431729354	0.22011721645398288	0.46704294049874956	0.49435070886641364
rs103942	synthetic	3943	A	G	0.2859707376868802	0.16929964670229194	2.853192591800728	0.09119268037139848
rs103943	synthetic	3944	A	G	0.11102586485883084	0.16573136844064504	0.44878558311621636	0.5029122264257311
rs103944	synthetic	3945	A	G	-0.1654275841950909	0.134270856055137	1.5179320805872478	0.21793269950339972
rs103945	synthetic	3946	A	G	-0.2431460453250352	0.13800193195605698	3.1043028812031754	0.07808565411383367
rs103946	synthetic	3947	A	G	0.062121876113835954	0.10624445801409546	0.3418822516536715	0.5587447603718634
rs103947	synthetic	3948	A	G	0.026514744896358293	0.1248638298838312	0.045092218493640826	0.8318345488021832
rs103948	synthetic	3949	A	G	0.24821536622701382	0.14878882411741687	2.7830224166350632	0.09526822898279129
rs103949	synthetic	3950	A	G	-0.020344640961801833	0.12491888560567961	0.026524295480800333	0.8706264516827209
rs103950	synthetic	3951	A	G	0.13781346554145915	0.12773576265731934	1.1640142502287687	0.28063457333070757
rs103951	synthetic	3952	A	G	0.10500801847352884	0.12167212387965698	0.7448395833764329	0.38811498369184927
rs103952	synthetic	3953	A	G	-0.10896755022360455	0.12717281521397814	0.734185501604167	0.39152985963016296
rs103953	synthetic	3954	A	G	0.2994042084858851	0.23885171739838718	1.5712998337209128	0.21001834672974345
rs103955	synthetic	3956	A	G	0.14942347201280906	0.1126095475947434	1.7607075217399395	0.1845362901650492
rs103956	synthetic	3957	A	G	0.058867575395569464	0.11187416021327946	0.27688072331538277	0.5987530278410602
rs103957	synthetic	3958	A	G	-0.008182513745124973	0.22862787767070838	0.001280899680502575	0.9714500788291531
rs103958	synthetic	3959	A	G	0.03703452247086378	0.11551137187409807	0.10279311211002372	0.7485031926277883
rs103959	synthetic	3960	A	G	-0.20022859385057773	0.10469445999727967	3.6576722926965437	0.055811555173883184
rs103960	synthetic	3961	A	G	-0.16015532087549567	0.10940118692021714	2.143081445364368	0.14321397139734576
rs103961	synthetic	3962	A	G	-0.2379452785572536	0.10650712447982197	4.991106813804605	0.025477907363639002
rs103962	synthetic	3963	A	G	-0.23137695790147764	0.15930313320653944	2.1095585237425833	0.14638154225127897
rs103963	synthetic	3964	A	G	0.20722347575048003	0.10951671993657347	3.580280487020517	0.058469278139415014
rs103964	synthetic	3965	A	G	-0.0665053067677896	0.10440230307947083	0.4057816874213627	0.5241183568413292
rs103965	synthetic	3966	A	G	0.11849925756326828	0.1505603017633756	0.6194557743770219	0.4312495954931336
rs103966	synthetic	3967	A	G	0.04095302812098275	0.10268497187018724	0.15905900531529674	0.6900243491900011
rs103967	synthetic	3968	A	G	0.028347052859995156	0.12605595699339292	0.050569548884272834	0.8220751634749623
rs103968	synthetic	3969	A	G	-0.08428209907748685	0.1350334434912455	0.3895722387999437	0.5325243368854732
rs103969	synthetic	3970	A	G	-0.07921931945703081	0.19824018911379446	0.1596903996510398	0.6894417182893471
rs103970	synthetic	3971	A	G	0.17370045098453057	0.12274953768806392	2.0024522178210793	0.1570449573927194
rs103971	synthetic	3972	A	G	0.15482440786027396	0.19933766527372918	0.6032538756428776	0.4373392113684691
rs103972	synthetic	3973	A	G	-0.03283238341828217	0.12866062722871463	0.06511986523486259	0.7985794880144728
rs103973	synthetic	3974	A	G	0.01644454297639954	0.2366582847877878	0.004828366089650053	0.9446024216048872
rs103974	synthetic	3975	A	G	-0.17676112665360266	0.1382389925483845	1.6349798394474002	0.20101564804745284
rs103975	synthetic	3976	A	G	-0.06443346569573451	0.11845242771814146	0.2958932449581897	0.5864685159894812
rs103976	synthetic	3977	A	G	0.007774538381201488	0.12434063981379664	0.003909516301103198	0.9501438579378146
rs103977	synthetic	3978	A	G	-0.008610282586446714	0.13458851581580175	0.004092783785827137	0.948990237922438
rs103978	synthetic	3979	A	G	0.16024011208393674	0.11566947211476392	1.9191325565892725	0.1659523183108207
rs103979	synthetic	3980	A	G	0.04992345257305694	0.18902098119818528	0.06975722541422832	0.7916905878771152
rs103980	synthetic	3981	A	G	0.1313112470528198	0.10891665664599405	1.4535007107548241	0.2279670634725014
rs103981	synthetic	3982	A	G	0.24065266865341486	0.1314599322806263	3.351155308798474	0.06715786364059204
rs103982	synthetic	3983	A	G	-0.07362404605485595	0.10697158444446579	0.4736990396694034	0.4912903412842725
rs103983	synthetic	3984	A	G	0.02971088514257148	0.11092311374138873	0.071744246116215	0.7888138858546527
rs103984	synthetic	3985	A	G	0.046710299433030567	0.1211046965758268	0.14876587836578253	0.6997175297450652
rs103985	synthetic	3986	A	G	0.16297491366131006	0.1328216066230896	1.5055807761292592	0.21981466108149122
rs103986	synthetic	3987	A	G	-0.059546320030157016	0.11540843285823926	0.26621637588569286	0.6058812270491838
rs103987	synthetic	3988	A	G	0.12920472884598433	0.1558224203047291	0.6875383483017445	0.4070029438628354
rs103988	synthetic	3989	A	G	0.009796137742951815	0.13178087250776033	0.00552592528863221	0.9407425807405553
rs103989	synthetic	3990	A	G	-0.11177115527079964	0.11447107842791943	0.95338415777903	0.32885938243175505
rs103990	synthetic	3991	A	G	-0.28828060963448426	0.12058923121972873	5.714968101514638	0.01682087017838391
rs103991	synthetic	3992	A	G	-0.01816909995043048	0.10885910783167242	0.02785718874226704	0.8674450117189162
rs103992	synthetic	3993	A	G	0.05599273338869028	0.11232674482531904	0.24848317690299207	0.6181451499862016
rs103993	synthetic	3994	A	G	0.08825996521960014	0.11675900404949975	0.5714085577066396	0.44969973537844576
rs103994	synthetic	3995	A	G	0.12098384736119307	0.10883157409366714	1.2357908096190109	0.26628381220074243
rs103995	synthetic	3996	A	G	-0.2654180422541869	0.23317934124442444	1.2956292404365601	0.2550131391931976
rs103996	synthetic	3997	A	G	-0.025818590698383378	0.1543959677026402	0.027963604926209838	0.8671944156369076
rs103997	synthetic	3998	A	G	0.3496662046498232	0.33520195066917396	1.0881637262763155	0.2968784261332088
rs103998	synthetic	3999	A	G	0.0704916023160612	0.15766561740098436	0.19989446705940864	0.6548060426492605
rs103999	synthetic	4000	A	G	0.12940790607983169	0.16981696444379865	0.5807102253111319	0.4460340698747046
