sample	PC1	PC2	PC3	PC4	PC5	PC6	PC7	PC8	PC9	PC10
DG0000	-11.80487058116068	-2.7660712376209697	1.8347074306572584	-1.6161364846610302	3.484037061085588	-0.026927844362522407	0.9588974245920888	-2.1792824225472742	1.0581802714503075	-3.0426914765290736
DG0001	-12.452879441217405	2.2772276555860222	1.6696435048056797	0.1384412136033339	-0.44927012930174326	2.9972514860577886	-3.183872642547931	-1.1232989407370069	5.087523756481165	-2.0637248884234354
DG0002	21.707519440167992	-11.27798307001096	-4.753392690457184	6.858511817186702	-0.7514699087986536	4.742497830879209	-0.64911939525553	2.1835236337432957	-9.109214150978397	3.3366032531526693
DG0003	-11.901390800791917	1.485612044468543	1.6584724758427714	4.703004318162539	3.845108909383569	-2.536053600162627	-4.983704918665951	-0.8542216634094297	0.9801702500001839	5.000955913517843
DG0004	-11.347937966979487	0.542756371112571	-6.015239123479574	-1.2213063970173206	0.8465444916119059	4.142133601112793	-0.30312081942731905	-0.3796508323490878	1.5283748407012419	-2.480801573984282
DG0005	19.914580185981517	-1.8840152950611841	6.433359007552497	2.261371622628306	-2.5300593038023775	-0.9003262814076856	-4.290773044667204	0.6299143720993063	0.7022162447412658	-5.3397816535397515
DG0006	-12.14881611622688	2.934762641514479	3.1392896884940957	0.5825180587121481	0.22112302381391072	-2.491605325043504	-1.4952130788351654	-1.9070500829239303	-2.576096436484649	0.7127856969435757
DG0007	-12.18937885881632	-2.0631554001646415	-0.35505585484050695	1.4154721085643462	-5.259220338749313	1.3134838965133202	-2.1829490610438462	-1.234426912549297	-0.168860764223102	-0.4869710397932081
DG0008	20.03409177255353	0.508126213915409	-0.8419330081229379	-1.3734206254698749	2.5009019266484946	-2.096672010062276	5.0384395672864235	1.7818965283307313	-4.332009922607555	2.112563960554678
DG0009	19.958610987878323	4.381835178418328	3.265764165459375	3.6971393111136943	0.42026489501200326	0.9781595146049747	2.5028970404409696	3.835799700501358	2.2727271457553933	-3.115759648171917
DG0010	-11.396624610200577	-4.676028312263627	2.101531696960876	-3.6916110354631466	0.8225815931312653	1.338451375361058	-1.2363925825915352	-0.3801463960353485	-1.10773537944406	-1.5374345935224871
DG0011	-12.471930777663145	1.1018259966375337	-3.70092315594516	-5.80804702874113	0.2098793827612302	5.330293986700561	2.0446892725989656	1.4108978741721714	0.34487135805226465	-1.3082666598902155
DG0012	21.04660458202324	2.8077945145434606	-5.75282371042476	-3.565499770204568	2.7146581927791718	3.9577068580280463	-3.5058061872600255	2.5074200183422857	0.4330840533629765	-3.7243632399796534
DG0013	-12.088073423976109	-3.4937737520152097	1.1918352223215956	-5.752810204448626	-1.2268064654995887	2.40440818318035	2.7876239450834244	-0.33111548881741754	5.13199880799942	1.3939752538666765
DG0014	-13.229693666289885	4.7090588403527365	-0.3112862346480125	2.5796340115837944	2.0968258549018346	-7.560570185909869	-1.5849550745348435	-0.6817383731613496	-0.30266517551655603	0.06525420195039851
DG0015	20.873970078717587	9.523083876763847	9.71162237289495	0.4436925045755541	-3.005961465597565	6.218033051996038	-2.160555863510301	4.122987150048657	-2.090798063350366	2.622098392209737
DG0016	20.973006239831538	-5.490285802912834	5.929480751400455	-1.2189142564061077	2.141221100620891	-4.591652233753845	-0.3569591122826808	-0.6378213339792101	0.9458884170137539	2.5213735195072937
DG0017	-11.094797934096002	-3.909747695745216	3.004660874507347	-1.7849443670529963	-1.0874078075624165	-1.0592551937551968	2.057452404929947	-2.9680434317257647	2.0353736168127616	-1.7294556457492067
DG0018	21.042722919131137	2.350188425927792	-1.2105728756618344	-1.142401260131454	-1.9720207803253125	8.597800703120688	2.6699090700351356	0.9303681678004491	2.2712368227836808	3.8270585227489824
DG0019	-10.61214147337693	2.6568116031981415	-3.326986890464206	2.219231222688245	-0.39028321996466087	1.0090872751662106	0.34461099022956254	-0.4552842393516286	-1.9042551680350437	-0.587410119566329
DG0020	20.62861707381879	-6.925997617782472	-0.6775513193774647	1.516643169580163	-0.35867432646583375	-2.9561572352122876	-1.657956755568236	-2.470651043620003	1.3053653063446997	4.054829763783604
DG0021	-13.88818601923489	-2.2998993326944492	1.0524644143392157	-1.5750564687748163	-0.9185623012754385	0.6667187587081086	5.626780242834921	3.519341110549822	-0.6200854465939314	3.6038116335414805
DG0022	-14.771528130132644	-0.5389680108515164	-0.5253655822235878	-0.3090386702919051	0.9382102969970487	-3.205766529899961	-1.1839150653004609	-3.9001467998902175	-0.02579464829803388	0.3932701704414567
DG0023	-11.798701387482598	-0.08907962191570692	5.825295362111474	1.3497210876291317	-3.049603328971589	-0.5411117583102987	-4.185305980662152	2.939281306324914	-3.7505707398426225	-5.072141149926811
DG0024	-11.165648816867392	-2.8247923799560803	2.8885992572925323	3.2328645515749987	1.597879732142546	6.114829962006009	4.407794879854552	-0.771237066702358	2.606076140861623	-0.8171300798579451
DG0025	-11.593186847299707	0.22735411517957715	1.742479331615678	2.1338508373681835	-2.062151349278202	-1.5536622030172662	-1.37960533069255	-0.3314759966244113	0.5598841664562888	-3.710538720483877
DG0026	-11.13216891209763	-0.708615844797299	-4.37114282155061	0.44473787096373135	-1.4373802348407423	1.3827136888961384	-0.7579323243450871	-3.3868798754830003	-4.308418943224954	-1.2143841160825986
DG0027	18.95215763429484	-1.9797560486961265	-0.5150514893250354	0.7827523586002669	-3.2193060094016492	-2.870580347682936	1.0015321916116275	-5.785016554489429	0.729489030304685	3.079895503124424
DG0028	19.30906948631681	-5.59702270642394	-1.5484251092246553	10.598322237999774	-3.1305144833177683	4.601590834873411	3.586013902260303	4.6362797705405745	-4.916950635038282	5.377410067543279
DG0029	-10.574459324418136	-2.8993163052564004	2.9739662374344205	5.055763731110135	0.38513470739435385	-1.3128639192415386	1.5985437708081722	3.082699002011806	-3.3969138817872224	-4.716940880430917
DG0030	-11.917222326077958	-1.3734555260462542	4.703497802874886	-0.9984354433683404	0.31477580729461896	-1.4640555907617026	1.4719717245631458	1.1969648138389435	-0.20847331825759416	1.5565889274807023
DG0031	-11.255025666662913	-4.256786693620086	0.20035117813911524	4.346272602142692	0.432744745897269	2.7044778799893074	0.31682955939975266	-0.6492827079732867	3.2644284214487356	1.0777855262764584
DG0032	-12.592950412451415	0.6022082944974013	-4.977432324554657	2.78448704101505	-0.8239586579667669	4.705538482838092	2.0081915422982477	-4.570341029007431	2.673359881541652	3.5195482878965882
DG0033	21.34114853604599	-1.5265892835498351	3.4988416638531317	0.960723016137617	-9.05430909596119	0.19003823552217464	-7.691685709348148	-3.128750429574189	3.4151026423253774	4.768648249736241
DG0034	-12.105878597218881	4.924955705267286	2.9758778772780086	1.8884159574329993	-1.8322041570832746	-6.112578042744758	-1.7529805643992586	1.332699278888418	-0.596515065650417	2.6432450117405932
DG0035	-11.262278321368479	-1.6879456639021955	5.944544343198517	-0.937937764706583	-1.2647211739035917	-2.3312629584148543	-2.4425743895172856	-1.3953044239156382	-1.8787696787130637	-4.2285907013439425
DG0036	19.589456235977043	0.19155330720336788	-2.3556140457542116	2.3948629686063763	1.8011560399412883	2.812383008112931	-2.3929999346735533	2.52350770540087	2.021852885362055	-3.7787893165570345
DG0037	-11.258155354445968	-0.44320317622235733	6.990090206819283	0.032975495333770644	2.014964934705342	2.4904506151602073	-1.3597266301318205	1.106096897983947	1.2051836402838851	-0.48018545212517155
DG0038	19.135435998769278	-3.6534962028221494	-2.7598429963841355	-3.8317710403608887	-0.9537644633475579	-2.344019961101285	6.252996093845423	-0.715567791610191	3.029749796470016	-0.7880664870770648
DG0039	-10.070021424556575	-0.7785092178691367	-4.66545885483066	0.8236908125862482	2.4860214264793985	3.4340300678817024	0.42449140843780614	-4.157614809199198	4.477047579875611	1.9276496111772015
DG0040	-12.787352521024886	1.5433688482075716	0.11753539795600576	-3.6960536747773993	-0.46480005004740166	3.707050976090742	0.2272902054165875	-3.2159672051521158	-0.6286436112653178	0.9896783537652842
DG0041	-13.8741591987351	-1.4791293970349138	-5.201956537250621	0.444084381865512	-0.09718023519281631	-1.4383113002557182	-2.7608568605220842	2.545146657412082	3.997816833893921	-0.6679327951408476
DG0042	-10.946412316970958	1.2476641159145576	5.999476491215706	5.929929551511433	-1.7808066110298388	-1.3539584990299172	1.7483388575034202	-1.2446519242209848	-1.922354466198388	-3.5203196618889505
DG0043	-9.723900088239747	0.6810507907803245	2.925875232376547	-1.8494329088127621	-4.923692019858334	-1.0463059181454621	4.933231942739162	0.4927127365174391	5.08792162157229	1.3190838576350268
DG0044	19.87551517255289	-1.1103561070208008	1.3127552201604522	0.8474776158782775	1.4809625017429184	-5.922418150302168	-1.172334222683715	-1.8012478325131673	3.229389565552083	-4.31643207842199
DG0045	19.11919083749926	2.9935895367545857	1.842403677571772	-0.691858437419393	-5.222984199324693	-3.6041683828120488	4.0399231778479425	-1.9190757394566684	-3.37048312687983	3.4102341531517704
DG0046	-12.005348487549535	1.8831775236400878	-1.923123919563929	1.5661482528944526	6.698507543751413	-2.861681549897183	-1.9517411548037171	-0.629071132400143	-2.8111562407805675	-0.5550506559109704
DG0047	-11.082227787941397	-1.7355597717530082	4.671401374975442	-5.389550976270228	-1.6739357673134259	-1.7762067520731057	-4.2087998618014275	4.77519369979509	3.613849403256932	-0.5067144447807703
DG0048	-10.053116916119484	-1.4701254611120513	-5.065493103474554	1.702847561435148	1.3879805089388388	-3.7565913640456703	-4.2906980854960715	1.5200485414698675	1.7854060418264208	-4.713186952695987
DG0049	19.84297542142464	-8.54575055760314	3.209619092126836	-1.837929724438168	5.598248386998792	-0.6804206060072586	2.280785980641152	-0.11819612439134523	2.487073998213299	1.601513529107131
DG0050	-12.096771122485812	4.880433345046523	0.7887538595847847	0.6003706311842596	-3.3633638518581277	-1.3033134051945843	-0.8703749168179651	0.9134468410439609	2.859311405534988	0.05621058621982064
DG0051	20.252170137671804	1.2184172674542257	7.51099119883268	-2.9762550232297453	-5.101197483325459	-1.880417325722412	-1.524639524425529	-5.821772220115427	-6.509005901633244	-1.0392162302174248
DG0052	-11.829513360564553	7.7062870792032205	-0.04181199434196878	3.4853939032432972	2.6446665584514704	1.979561917277118	-3.4198337633772877	-3.681979954811019	4.449401815979434	-0.3732987156061915
DG0053	-12.136863313353974	-3.3146752863104196	0.8996579488753379	0.5487381959423013	-0.08024198590092205	0.4774821041307685	-6.296363154052373	1.7060815573387478	-3.7474255808550736	0.20777766665050612
DG0054	19.09975813948185	-3.565517680785881	-6.173708138219008	5.129938805136741	-8.034850089787017	-7.0418666677661745	1.1019043204735846	-1.3718975999202028	-8.479000306753903	-1.5188413210074119
DG0055	-12.787244542623784	-4.771588689682539	3.0306322533506345	6.5776686280705645	-1.1865877096981117	-1.999379757399846	-3.4755048932616455	-1.5241014667722694	3.887690941070028	-2.1011256725074303
DG0056	-11.195757129315476	2.9313688517029397	-1.2761112300280992	-3.0429641109056753	-2.436133288739208	-6.69199819269477	2.9137918343285225	0.5319181330031806	1.27932938264556	1.1659968583270537
DG0057	-11.276171247752902	0.7181768600788191	-0.1531391261471743	3.0902960501008323	4.070860050615304	-0.012847351500113763	-1.5392799826970585	-2.0499304633674296	1.2354376032036707	-3.570582080586572
DG0058	-13.886764051432207	-1.0444877610216445	4.4549962562494185	0.510694633113772	2.66847506378124	6.978438704992554	-1.011444170482105	-2.5383377087346863	2.1931419469628937	-3.285315000309061
DG0059	-12.425111327755973	1.691871344488813	-0.8758821551643836	-3.1254243022363073	1.914297400807134	5.660592508579209	2.3326535584482038	5.2263702244727535	-3.0955394779450023	3.9841591304278743
DG0060	-12.112816315242808	1.3356640900856431	0.13444024362747653	1.7864970939431812	0.7399685466670574	-1.8640914447437846	1.0015714798213264	2.0835218919199106	1.0354385933523604	-3.5761322202624153
DG0061	19.84310418297429	2.0816305305334355	-1.3811616365726402	-2.032119325221003	3.3905657356624745	2.289565224419994	0.7768638122495076	-1.3608759434797966	-1.7078348133818868	0.6720297183280323
DG0062	-12.78838727201426	-0.5108491638105062	4.340528912477257	3.0914646178560505	-3.527562681709713	-4.912561851871737	-0.5338690871151195	3.2792760433643413	2.858084890816861	-3.0864315487880667
DG0063	-11.51745911850364	1.7890411926894938	1.864549138838489	3.6041143192483864	0.6634400065908457	2.2123329557670384	0.9038753381079516	-4.173750767468596	1.0756231575752122	-1.5788091676033678
DG0064	19.15622694635048	2.959266922280595	-0.8351524333272009	-5.464484828563039	-0.4117891901835793	1.0813053022417523	4.909284605017165	-1.8797074343519158	-4.044123580333272	1.0344895657275328
DG0065	-11.943094094803916	2.696378133395652	1.5849449576935493	2.628596849968221	-0.8353339219832459	-1.9442213148119802	-1.0609156662526251	-3.0491337368944817	1.8974567110984366	-1.6404897349580598
DG0066	-10.238792536850442	-1.4528461424940726	0.12077931895455811	2.482014944504266	-1.4307536398723586	-2.309480879303676	-1.139987613946806	3.885946170125218	-1.540080730510083	-2.474163071431442
DG0067	-11.938456189219806	-1.2337409776978678	2.7566835518906094	-1.1184545717523342	4.171722991520879	1.6972325453676278	-2.0709417106160086	3.601352143154156	-2.675357380210576	2.7311843719354063
DG0068	20.386691218759086	-3.4205646635224882	6.573802033423106	-1.1582935258713967	0.2888329583614638	2.11087803666421	2.119728276106923	7.192347088220127	-4.645349361239075	2.0741585609028323
DG0069	-11.297468755809811	-2.339451696268146	0.7540418191922029	0.06947606098789882	1.0983760982865827	0.8680660218937952	-2.207020084249364	2.6032014028830743	-3.6894899012724505	-1.3167458622023727
DG0070	19.659437821143317	-3.8132102070124576	3.1232144961743935	3.4153409554248455	1.1979983521985849	-1.1280110816345486	2.407689893776686	1.5057218489031774	1.5276638270447258	6.785922387097333
DG0071	-11.952378510508014	-1.364580326983327	-3.3362925609680603	-0.6981791938414211	-1.4665150566254224	2.8827157985231695	0.583595992209188	0.32820957457827304	-1.0008616624831765	-4.55328376022793
DG0072	-11.29981983716723	0.9100015428363878	0.08783228196875731	-2.1335449989503275	3.809216696968302	2.778902292980077	-2.9740151845870364	-0.05064865507476485	0.4605984053418496	-3.3245895433131856
DG0073	-10.641937953083056	0.5458364103957409	2.850923211881136	0.04316267795029399	0.08679533292268755	0.9077557059214199	0.12458386941913255	1.8667435197168218	-0.8596310226011505	5.298075956473284
DG0074	-14.208903467297352	4.616333305715335	3.0276670843351337	-0.32790894539168314	-2.921532145188378	-1.9244561931021447	-0.13076725070434647	5.30587549832892	-1.0233039814021885	-2.5987603676133615
DG0075	19.14263911469419	-3.3268476853565896	5.359577473814741	-1.188980310002996	5.038521376911024	-2.575953352166347	3.8331271815925	3.7556090078985167	0.530937350396969	-2.8834269518487057
DG0076	-12.179667176990002	-1.7741694752201005	-2.300707949207935	0.4133930804479107	2.5574682253115815	1.6656782582819811	-0.030335071072687375	0.6852615352805742	-0.38668367740017534	1.598177300155383
DG0077	21.584342581016802	-5.605739644712253	-0.6113908619918327	2.2252204030973886	2.122188960464222	3.0916132208206983	-1.9707006151922546	0.2254072935544061	0.22865347147966922	-0.5104087872350803
DG0078	-10.056641615696453	0.9503264087169215	-1.0536257591926625	0.5244303607022361	1.354229226519902	-0.7941985517832817	-3.904873438431565	-0.8638965867115426	2.8950263429552114	0.5959202343391939
DG0079	-11.691839828236347	-1.7163321410811136	-4.582095852434845	-0.22804513427670928	-0.07707875635124883	-1.2555396983804845	-0.5003298113485306	3.99692309900047	2.3353001945492675	1.7834722013705158
DG0080	-11.819616393303464	5.432213277376465	1.0214687654989398	3.4765475810671447	0.850056924189451	-1.5422279442033482	4.761461501966762	2.298684086276319	2.487771817587207	2.08502980952831
DG0081	21.62214214955381	-10.700120526800763	3.5868453530258146	-0.23852518522787114	-4.538577249618729	-1.675093287977541	-4.6658101126804645	-2.9878030897502375	-2.227108584237496	4.095512315662702
DG0082	20.39900874928735	-0.5793347858040727	5.872674594378329	2.107133574100799	-4.782525669078571	5.783806866054005	2.7878520296087874	-0.8409395118594755	-1.2158517431034874	0.3612155297158297
DG0083	-11.89006783744288	-1.9438133829297444	4.283985297261712	-3.333862455134399	2.8922996624297657	-2.338412234375272	-4.218708806548638	1.3896641149913453	1.443119107609586	-3.6985752926212823
DG0084	-12.026672507764895	-2.074577683126841	-0.7632282979788871	1.6469140741359565	-3.424767040951302	5.777936471198329	2.0396221306293225	-3.413918682887839	2.733167498337436	-1.6775709269930543
DG0085	-11.245204398878535	-2.569654384153376	-0.7115069114075682	-1.937209149242168	1.5681213284752922	-0.5683509758320642	-1.9314225234335152	0.4121628950159368	3.8825843670855966	-2.0195136172432107
DG0086	19.683435610005912	-3.480251598547233	-1.5397303195529577	-1.5448976399034913	-0.6205003596248071	-5.731774542208247	0.6944383141060596	3.757055428474169	-1.6878652847255016	3.56013355005369
DG0087	-11.964188746933466	-0.898468079766101	-0.9934819473925792	0.8524965534336333	0.9705016628705563	2.443689267678784	2.983554745598241	-2.3590290339554656	5.388083028605733	-1.6428426186493172
DG0088	-12.96011440093096	-0.9632544780720271	-1.9738204317764618	-0.024520122084370863	4.254159332090628	-3.2430234788412737	1.5717333282982053	0.049466183820317255	5.735085760132718	0.5372086627395125
DG0089	-11.547202921462382	2.408821430032913	0.5445166873003329	-2.714917147630485	-3.8655066302218692	0.2862357673936775	-0.08444704862213848	3.2392607812874257	-1.755778607370669	0.6156168990539682
DG0090	-10.166979301346487	1.864485055225366	-3.007321924292251	1.6180949683965127	-5.997452508871135	0.5947193534861996	0.5029685783568526	1.9420235944435462	-3.6598423912996196	0.12161511032934513
DG0091	20.03562890983304	-2.020341228453161	4.865111290257244	0.16461012940851366	1.6067061575473311	2.21906163964342	-3.641807378610174	-4.677037848924302	-1.3679702860232354	-0.1988097140029883
DG0092	19.91486154361744	9.835574222745635	2.8988602247841904	4.250297622686733	2.2408811887611533	-3.5785733149023717	0.49279793520566095	-1.0438522277902234	-5.9364533973944535	-7.939495925707109
DG0093	-13.03617289751023	0.6424482212968352	0.8787674947481849	-0.537426616536257	-2.09013922291539	4.556326313444212	-0.601746500625474	0.7851280085145992	-5.999954763800915	1.504013493536562
DG0094	21.938699555905345	-0.24666573007331272	0.1645323799593137	-5.737591490006929	-5.125541272481568	5.0946726469688155	6.688970389934675	3.798386065956283	-0.12539543245457463	1.3407501860510815
DG0095	19.763004826392827	2.23738512488106	5.934006067218059	2.290858327609362	1.547892078670058	0.8796528844304076	-0.010367582817868481	5.303511249089018	2.1032464730112768	-3.0237784193609953
DG0096	18.441217967246814	-0.7414641886263494	-2.8136432453843763	-0.08745543890410751	-6.467485530592578	-1.2619806767497772	0.48772421353123674	2.7037029867107543	-0.6871839929712599	2.6722398303038233
DG0097	20.041191446061156	4.814863070850627	6.822307218976201	2.011851693254595	-7.2161496510856455	-3.111523909403026	-2.7689109890254087	-0.7633629830206414	-1.2388937733194043	-4.833348374068931
DG0098	-11.000357902416212	0.0677325900650366	-0.8967736562787514	-3.03954832908122	-0.26773960755445003	0.37210395220548603	2.176564870540024	3.2036403542323852	4.14138500470174	6.125998179419241
DG0099	20.75174950498238	0.8688071304868141	-4.523660189308786	0.04782748542468848	-5.288750870341475	4.531252345702781	-3.2174985727081244	0.40551177302597163	1.7653119711113248	3.2871628109252553
DG0100	-12.899555502381745	0.4109497077835129	-1.509155387710498	-0.35726031335457287	7.041647701072874	8.36853517890035	2.0946393387684856	2.520013962907192	-0.5547025182841863	3.4734349665529045
DG0101	-12.640187216278996	1.8056076286201954	-1.1334679459151757	0.12598884336828164	-0.7990519546748872	-0.4576498776563098	-3.2559784017763453	-0.8806173140982353	3.820082228476589	-0.643821115488327
DG0102	20.13543278934884	0.2212081772463169	7.553783225316875	-5.2635625355632065	4.939619386328041	0.2979657268422619	2.3251435790762773	1.4442318426602174	-2.720329400971985	-6.295508198031536
DG0103	18.3992824812232	0.5809783376480404	-4.710092100772153	0.6550876316185541	-3.7982037527090386	6.760978132009273	-2.0642274523126685	4.210962970005897	2.031445905990902	-2.1657302128082634
DG0104	20.921668815094883	2.087767920929405	-0.42178548422144957	-0.9205601582950884	-4.882247175892126	0.9157807455832105	-0.17540718643534323	1.8051441937695447	0.6962113395639201	-3.8134375057005903
DG0105	-11.42597559006768	1.695325922771187	2.0404589884342093	1.3118939864730397	-4.628010181364364	5.537545924935081	3.4330529719208296	2.2715149480365624	-1.5016358469176847	-0.8971307792593474
DG0106	-12.41400947386976	-6.277665032359808	-1.078860067120768	-1.3878512412669632	0.7518273259990628	-2.1758528473499688	-6.49306726246072	3.3000616361896484	-2.972059232894251	4.8262118533369645
DG0107	-11.65809498407159	4.913225737162646	-0.777308293178373	0.26310586321898843	-0.07211011685311665	3.4246353204818494	-7.260221279265792	0.885308790911312	-1.2191715331156905	-0.4599666509165169
DG0108	20.65480675893282	-2.4952918747012762	0.4565073466252777	0.5747609536757876	3.0940418215514662	2.6944106861962243	-3.9595261536867907	0.18660171078398397	-2.2963228092966843	-2.9664042611531363
DG0109	-12.065900056153565	-0.03686719712442521	0.7521674978116546	-2.340743519410955	1.9041801850942153	3.5914314415599176	-1.8102417685851244	-0.21324368278530653	-4.4936590428784	2.3162855642986084
DG0110	-9.146535447048723	-0.3347942938627364	-1.0704186718376467	1.4563234891197916	3.370898886241454	-2.083480176929121	3.4281356644504255	4.4500781972674455	0.4158344965601821	5.308561409355446
DG0111	-11.925834393191142	-4.217957189549634	-0.9069109235272403	-0.5363594313520555	-1.1128909451242661	-0.9551518372614126	2.0782456470392003	-1.9112632475018376	0.1309810823004714	-0.018425461831299395
DG0112	-12.086657232268678	0.7144271809362225	1.4541180945449739	6.244448458787976	1.4621751168232684	2.1161666378791417	2.5985627698606946	0.3382226768833957	-1.0788736361932503	-4.68790781475392
DG0113	19.25493190649758	-0.016820600994122303	-1.4961885177740075	2.3682746259360865	0.7539232483865291	0.29198881333050286	-0.7537993429007986	0.5220303359250185	-2.328485782846698	-2.043512745607261
DG0114	19.206996735770865	-0.6651359061755092	1.9574295995076323	-2.695326564916986	-0.696457856579715	7.139730844761134	0.6320893032030479	-3.046830219954897	2.283974233058888	1.8223458194960869
DG0115	-10.501902538654564	-0.7030984113353794	2.6331860093155126	2.9366304405412	-2.050192622492409	-4.63685816072596	-1.5201984388012966	-1.371341965141296	1.5389048206724882	-1.6839432793963485
DG0116	-11.160042631794505	1.9685698951519919	5.8744893506068205	-1.16672023842683	0.6788194769303859	-0.9006112715499652	-2.443605724700372	4.357110548143685	-1.2196495536304057	-1.5370895248721326
DG0117	-13.664447285146409	-2.648850898529217	-0.6127073691449956	-7.462685802069478	-3.522877053640207	1.8144829842076677	4.001088315515228	4.7322109859256	3.4919539013548397	-4.0375150158247735
DG0118	19.293227120266888	-1.1484593960035139	-1.9129897575708	-2.142595400149073	6.405543743862678	3.412758087977843	-10.170065404543177	3.525035690088554	5.580476797180511	-0.902605115975842
DG0119	-10.685319654684813	-4.888303958655915	2.544729584931159	-4.6530308473878055	2.8533852699294613	-2.1450996482529354	3.6253623921751967	0.22230992672832398	-3.072565024372302	0.9883352885297292
DG0120	-11.63680158665982	-1.4539195347611775	2.776747868263735	-1.3472645709318805	-2.0125817413971827	4.43497077210167	-3.48467260341555	-1.4566737605141766	1.06693064056001	-1.270160289432433
DG0121	-12.550147271307416	-7.5027794435122255	3.9200553625177967	2.184245765011315	-0.635787912168628	-3.7204642106638053	-2.229585416452492	7.494380018714825	-5.055757613263018	-2.4028513447046325
DG0122	-14.068864189214406	-0.8466991911237678	-0.7649140354736007	0.19281763715551775	-5.511377510357911	2.713380511872413	2.590107038374704	1.2927153034686136	-1.3896762625255308	2.734940781373196
DG0123	20.92812111777663	-4.3884593806794125	1.3763189311767452	-0.3987898336314144	0.8662465398292876	5.271070668722447	-7.304877377697555	-1.3825660165053542	0.6138112868528817	-5.043536854928342
DG0124	-10.584019050254819	2.8677570657154363	3.549553647750184	3.016501773757508	4.288033974041177	1.1181827026280364	0.24399733253195158	1.1422413049255864	1.907831030053626	0.986722163560756
DG0125	19.384171208528183	-2.516558539088982	-3.2510087493714974	1.1543838692567063	-1.4605042489256268	0.3266076290735343	2.020598095491826	1.26599674359841	-1.3478367592236258	0.5536489334925032
DG0126	-9.447743231650342	3.6545188776139317	0.5012162818205679	1.5701069968565322	-0.08793348491789021	8.703750854254922	-5.308558700352787	-0.023588955662071705	-1.2788546694501368	5.181006191221981
DG0127	-12.082444329927078	-6.136479675092294	-4.646575611443522	-6.494086745379082	-3.703554129723935	-5.1201543773656795	1.6310985442682302	4.563254792619779	-2.6930095823249705	-0.7634677891580468
DG0128	-11.013991466804494	1.4786701251022136	0.6212159377348327	-3.2611434307031666	-0.24912129007683764	-3.607286530312022	-1.887169344696819	-3.8875949057638284	-1.5560679590951376	2.2623473180551468
DG0129	-11.342252538352774	3.547403717522679	-4.131791786304146	1.1991932011189483	-0.46810618372498664	0.22883119668251795	5.57115486483869	1.5312558256087225	2.3513653468427096	-1.162971976468425
DG0130	18.685405469733066	4.97723588661965	-0.31039522512154916	-1.8379804399590316	2.6932955354328816	-4.275909457138452	2.56706899756638	2.314383997310449	5.978130525510849	-0.20207315305021314
DG0131	-10.048884600072999	2.766642478262702	-6.177187652363372	0.3958685695846397	-2.508613950892573	4.756855167195283	-0.28322143054324284	-0.036706919147073885	0.4471955804144608	0.7432874545500735
DG0132	-10.496119953806353	-2.9154248617950898	-0.6838516146681439	1.2206317238320383	0.236873622945286	5.191852094970438	7.331599178755471	-2.738214817730185	-1.1207208633629846	1.819833745713245
DG0133	-13.252743632868706	4.707513968216456	-0.253261043788241	-5.624237338607484	-2.320371564784817	2.399009375865894	5.5620980974734815	1.341855445505335	-0.6366487929781421	-1.4911940759758038
DG0134	19.294373561724928	0.8470463125990565	-5.513893497790491	2.8834818370644815	-2.191268146196418	3.339378996579528	2.417612497976609	-1.7699496764230875	-2.9748201504288185	1.0098873604471772
DG0135	19.98546555559984	6.343163147660231	3.641704746766516	3.746917470847337	0.5635750015916818	5.322250819528598	0.7460671622731568	-2.377071267494992	-0.12093134084260197	-1.3837754637708746
DG0136	19.32124378120431	-2.6912851016042665	-0.9417921290276132	3.5905070551330747	2.5524727301662287	-0.5202892018765899	1.8000939310331627	1.5582859411783487	-2.9130584178381795	-4.006663113809696
DG0137	-11.695646029944738	-1.0881504511196018	-1.293759781063806	-0.05394938722372841	-1.6768052153153634	3.186129681520662	-2.4465459261023526	0.970433303777527	-1.8203101902421248	-3.25586055165826
DG0138	20.438676026823565	0.6366026585722362	0.5523414204744823	-0.4783183272036266	-3.236127811692202	5.959016241422624	2.3254542492141406	-1.625524058304468	2.4374593810764655	-6.356040799510356
DG0139	20.28692348243401	4.566299258322489	-1.097407260295856	0.7394982276347193	3.2536039187522765	-1.3938849160877638	8.122538519889279	-3.5227190906006163	-4.546461734449709	-1.0197609224539554
DG0140	-11.195414736509965	1.9893874384873285	-1.4720180727745702	-3.5877853456002797	-2.5964368499007797	0.21983263869079067	0.26812181219225034	0.7634308439624252	0.466559723730925	-2.513120709631281
DG0141	-12.584908964480013	1.9516840487110765	4.107038874956027	-3.147047445374973	-3.515297515393826	1.0195121615401426	-0.017582012675691185	-0.7899068941222493	1.9263026370309682	5.241296368177829
DG0142	-12.199901969368735	1.8994975552093019	-0.9820750135421271	0.3866541976101673	-0.9055569696623252	-1.3524005861044173	-7.904829440493916	1.7092018544483398	4.271126161909919	0.06685628908426944
DG0143	19.914672371203377	2.9951746892696822	-3.0722283350287847	-6.817032468296093	-3.2427865241049436	0.03400754062471223	-0.28386331303367546	-3.6194937567424215	-0.7287151308537194	-3.019735595109503
DG0144	21.26767516165213	5.6157396826412915	-7.054159720797616	-2.490883362518062	1.8655494135240374	-2.457345489075644	2.2419183835301326	-2.0829884200822857	-0.9551744997794809	2.320554315208074
DG0145	21.49781855824189	0.21680834176722574	3.0339045543632484	-3.4996360056019165	-1.674877474321523	-4.5607304598682585	3.416574701359014	-4.968554046746652	0.7466982986178983	-0.6344788470842815
DG0146	19.792856885998738	2.684354206520533	-1.198740410413765	-4.479039030126226	7.052131828056543	-0.9503354590418341	-3.474039693451784	-4.805084035856492	-4.002686081518097	-5.095902673653163
DG0147	-9.84026852522138	-1.0639864339252254	-1.0929026212866042	-1.7106344212923914	1.950629571243891	2.3261261751096214	0.06710340407346302	-2.111757894949811	0.8374754487259612	-2.801280423038596
DG0148	19.74770353791927	0.09678886498451242	-4.579906774870986	-1.6996323471635781	-5.379560913211825	-8.412920618946515	-1.5616581034911687	0.863936356288286	5.638421054059474	1.4630284287999729
DG0149	-12.088937146454905	2.1171262272941904	-1.8444425158213347	-2.1889973863236856	-3.7516625236692316	-0.387119035516195	-0.10470794336645978	0.2942584127632163	1.8294316861160014	-3.874410244033364
DG0150	-11.716215804605358	3.933536785508979	0.8282613086128477	-6.558754963788054	-0.9600861642043423	-2.0218691761374585	0.683799739102814	1.6094159565299622	1.1366000258504023	0.9552615122220751
DG0151	-9.76109027496943	-5.2260608183533535	1.518981933091882	0.43930648602229616	0.9650192925809488	-4.30201088694919	4.017334654426096	4.5554374719836375	-3.0786778619235373	2.2159312850235686
DG0152	-11.987545277354927	-0.7996620821386409	3.9098508271705614	0.896114784178226	0.03268764851665412	3.4246042532932566	4.959782138238418	-1.0699844510328644	0.23411771632447914	3.0468139036476707
DG0153	-11.035036862733643	1.406494936590725	-2.8648014879898556	-2.349894181899427	-1.5440597746344797	1.149875134637848	-2.327836018823797	2.2558929684054743	2.4183320876225105	1.9549778583211295
DG0154	19.804461370540462	-2.3329620311515584	0.1695355881330623	-1.2610800799538082	-0.543096469857844	-3.1639141833892257	2.0998933375453985	-4.015657830156551	2.701611943797746	2.062741042773914
DG0155	19.7389492427468	5.1112321327573875	-4.334866823297799	0.5972668409753197	2.511532587520202	4.23575250230733	-0.47188625786974187	-2.9927921898354812	-6.132295472995306	-5.436289992931316
DG0156	-11.811270252808551	-0.0303658931528423	1.353960620658929	-1.8997125771466497	3.866336043100993	3.4913835271944405	0.14053267434019026	-0.9525977066095878	-0.6783768431303685	-3.067106632476287
DG0157	18.429250911869023	4.634858491351928	-4.808242954347133	3.613706238036283	5.547372060966635	-6.900119677484546	-3.6658911916696213	1.0589121785567803	1.2088991335348305	4.248264814312251
DG0158	-12.795975379302556	-0.06336583646070201	-1.4143716051275015	-1.5520581548162757	-0.6982739511480823	-0.8655010785464827	-5.480011516293639	0.8376470533279059	4.666430911499105	1.6043495844078954
DG0159	19.80919315628779	-6.658184744434297	-2.6697436740448452	0.6545913472079283	1.0013438249970523	4.247264518204207	3.5952019409340106	-1.0509802336502012	-1.7036251496154542	-3.0844533438539874
DG0160	-11.925489084552986	-3.1568517523934054	-4.4108001008297375	-1.054951330648015	-3.0987457361885893	-2.651788877416558	0.2544587368395376	-3.934478443800204	0.15071693985473997	3.285617923812983
DG0161	19.48942251647205	-1.671439525595546	-0.47766847813773233	6.917815243821988	1.0287373409088443	2.1295850324119687	3.6019563406744672	-3.0441284527615333	-6.354931754025893	5.6174491813639085
DG0162	-12.371284457943716	2.0051590554735936	-1.775620067308565	-1.7293791911412293	-5.228757205690742	3.0028955371188792	-0.4218559847965315	0.3757115492271263	-1.9331799962197076	-2.4018546067598088
DG0163	-12.164342818831496	1.5063494453052932	4.18920795613355	-1.4507885282471684	-0.37693870902408344	0.40922290355448926	1.5867608529850836	6.740226639090711	1.1955228549722339	-0.5635491964556615
DG0164	21.981547289193546	2.6720290880149213	-5.5344197981112835	-1.1943870791528608	1.9571306088637788	1.998234967167725	-0.5886989842799137	-1.5598126592106034	-6.109796590086493	-2.5869529176926434
DG0165	-10.96427171630774	-2.802058781133638	0.0546744874007582	-0.5073181752363418	3.5343224822734656	1.164108338518659	3.1806424571702663	-2.330079520801482	-1.7823904590204203	-1.8188876298488281
DG0166	-10.711489839670337	0.7956591098722761	0.050633503055464504	2.7513019757828063	0.03341634033640392	1.8279651539347663	-0.5355031684290288	0.027669499998873616	-0.4846147649648524	-4.554637137012095
DG0167	19.80001749828105	3.4281122494030143	-4.143297733833873	-1.1881737311455527	6.330826556859974	1.570923003745378	2.6249928444748116	2.0297265757975547	3.44418780843014	-2.5654161980598125
DG0168	-12.119407938730888	0.23387436195391767	-2.3259047151553878	-2.0171772436416098	-1.0564000568396974	2.000910344668536	1.7559704934804892	-0.16783674498235315	0.8308888683982409	-4.5248643796596575
DG0169	-12.18942427829626	-0.6522510192377932	2.4935852919715207	-1.9163694921396208	-4.212517282081612	2.2880263406545134	1.6036950994977017	-3.178281281263096	-0.6440897732009498	3.979780909842899
DG0170	-12.58958647958124	1.5752877397827596	2.2853913581233285	2.2415215693209953	2.042602328993728	-2.3359653253108266	-5.000991169806853	5.19308200664054	4.040720758001014	-2.4601553364961397
DG0171	-11.241836796859124	-3.8676713518039203	-0.44984642348497406	-1.1335666394645436	-1.9879132631058072	0.5333201705616928	-4.520734733878547	-4.741695736205038	-0.2859956409762414	0.8908241992305411
DG0172	-11.244933159729776	-4.436381783701689	-1.7387718383611015	-2.1711113725730367	7.196391686720896	-6.0759625067449505	0.03641427712547694	-2.060846529953404	0.7356321791374462	1.6039400957058028
DG0173	20.084618099739295	-3.2962693176266855	-4.874075380760375	-3.634976056208642	-1.7916589663343707	-0.20873531919315033	-4.292195733389334	5.357417073598028	2.4040245184726334	1.792936544117066
DG0174	19.66576285968986	-1.5284456148064076	-4.5030775771665725	5.982164674161737	4.929145335950531	4.343599893914342	8.742775877956243	-2.796195109238567	0.9961359455903473	5.365728575470081
DG0175	17.647250396868447	-0.07806755412209943	-0.4131120913890047	-4.250299660915242	3.135838523047111	-5.063385366646603	0.09585912569255228	2.394538480010364	0.25840379579350153	1.0751800657410524
DG0176	19.170294058356006	2.8450095343393698	2.795736091484355	1.5539903806989313	-1.5504364226229566	1.52858499167102	-3.1385540440284876	0.906384116259783	-4.560844555238728	-1.4662935587032555
DG0177	20.214368197873917	-2.1867303814692334	0.6051923728098074	4.152419461644328	-1.1357426781276485	-1.201934808449092	-2.1338675091170956	2.7261789436725294	-2.4131866979671055	7.140785503318129
DG0178	-10.422626507529891	4.1748325797489905	1.4827688815533002	-0.09785889795511835	4.17015680917589	-0.6676918854126525	5.8946775739439055	-4.528952718204969	4.6865765786051234	-2.5796251796861784
DG0179	19.306559548263966	-0.5651520780806571	2.493771478126698	5.7739704184918015	6.017891492199972	4.243625171521379	-3.381145556930936	1.215261678302446	-3.18039662643389	-2.45274764024381
DG0180	-10.967037372274978	4.275781533779464	-2.6359947927537144	-1.9444493584383395	-2.9704003600245987	2.0475271837315487	-0.158141034167174	-0.7104898767857067	2.2260323548243135	2.030198321247305
DG0181	19.484173612889975	5.451821729907208	-4.052117977270064	0.27383059396489595	7.428154860862231	1.1049768213289008	-4.4056323858521536	-2.978943070233056	-6.101843955592041	-2.394195444870985
DG0182	-12.275515217046099	1.7753873287485058	1.4234383184173947	-3.9863640731632617	-5.270579724283507	2.0898615195872434	-4.632797545227492	4.527605337479441	-1.3915257018875677	-0.8915623446058576
DG0183	-12.543649836102626	0.987925499171644	-4.9371212455752005	0.7257925797914905	-5.644465481590999	-2.289823409605578	-2.9239716143234666	-0.8100348196767295	-3.3636447558493585	-1.2751196920003822
DG0184	18.54378322506673	-0.9666906030248974	-0.8086653348712245	2.1511748034498903	2.271203282569133	5.2487092344142505	-5.503341511728129	6.908121551600807	2.152149553124785	-0.7682813203305259
DG0185	20.14050448857968	0.5320204156342909	0.8749627167594021	0.9976152384364899	-0.2909585720935508	-4.94026675684722	1.9909736763084056	-0.38387809557137453	-0.05763190749083058	0.8596442166917715
DG0186	19.40390610290125	0.2656173646864385	2.439611300459857	6.852161790715458	-1.968312932809095	-2.2907880925116775	-1.5913013507283582	0.36111475929272774	-2.461442650980591	-0.20219359117376573
DG0187	-12.20024921317646	-1.8209001300125076	2.1111042405895777	-3.644400154696437	3.0150093086958694	2.284647527566963	-6.647168402804494	-3.4736131532790218	1.3223518534378242	-1.7315362051647116
DG0188	21.311306305056615	-3.1120967895655265	1.9700322753053008	-3.9872511683714897	4.399657947069186	-1.4391326168370708	0.06563201542176833	-1.3099886422795273	-2.0155564407261264	5.443757573176435
DG0189	-10.667078185408185	-5.147446796414689	2.695398339091058	-0.4631280790126374	-0.8248210392299716	1.1883859954860037	1.5918670979491414	-3.120989590644065	-1.103034604795004	-0.09200545472074124
DG0190	-11.506720297357395	3.230604210239554	2.6829442590246324	-0.5144964031541709	0.6413851420538226	0.37667906360440834	-1.067597790997544	-4.575254028591957	2.689350217168965	2.3921371252624075
DG0191	-11.544193655733032	3.0936740885778384	2.5626445850828707	1.0392650043835132	2.98324573721301	4.236984741149589	1.1080256579332346	2.0628617656027015	-0.3091457833411767	-0.13152799532630974
DG0192	-11.183423768913498	-1.6272796880032683	-0.2989229508365218	1.668277407167425	-0.05933399717659328	-1.1854624740107913	-0.13599776699102514	-3.672660732008385	2.177827143676469	-1.7653339455788146
DG0193	18.796482320412316	2.807336053306595	4.0911917511959714	0.7507572870795075	-3.9050198947120203	-1.3877831397815312	5.689078805390161	-7.788728750075736	-4.133550013786561	4.784098639005728
DG0194	21.3156098490335	-1.4587662985886705	-1.944480874333336	-2.9611173563785727	-0.17988836722102008	-1.7585686756614167	0.9310358558169126	8.670314905172805	5.113926755385952	-2.3440443151628356
DG0195	19.558251000358844	-2.398331711975505	0.39101173420308466	-2.1474139483246133	-1.3681748069229074	-2.6567538968452786	2.552792154854286	1.4145523911614406	2.7651430082278834	3.4195978745350075
DG0196	-13.830971436668088	0.8556959055737013	-1.778665703001971	0.5780000210230689	-6.086836498134476	2.634045794114315	3.652725537279253	0.22562256328800778	1.0732491124585113	-3.650143813486047
DG0197	19.540491959321727	5.064002383162616	0.7484695197247904	1.4081244631483756	-2.216102554482305	2.2579024503130696	2.2686623251538296	4.793030867205148	-2.6634371350063537	-2.1734870882429633
DG0198	-12.593313481090638	-2.8510740683938103	-0.45964742475875875	-4.27770594649486	-3.386695478478299	-2.8895379512773345	0.5465523879848456	3.6457182779548405	-0.37958244951792364	3.239785871961706
DG0199	20.793906193240925	1.0453594942014088	-1.8826464075144398	-5.375997356153845	3.196601502665062	-0.4996725667094698	-1.386350481920307	-2.306989391427121	1.7629461327184928	0.8832531039157401
DG0200	-10.90117942927904	-0.3311231037802076	0.21818458910846922	7.713220689618471	-2.6580378396774536	1.7809729891079167	3.2646364618534043	-2.8463276061266445	1.2591812075035786	-5.167231950059794
DG0201	-10.535916160628366	-1.685879688542279	1.2127531374720746	0.9639864679149162	5.384429192463081	-0.4662466480285849	-5.766863285881686	-1.8994427002041245	-0.27380816616944154	2.5282394961473202
DG0202	19.781927086029565	0.0301411585923734	2.2477465700745105	-6.951772096142853	-0.34780652326419015	3.2040286654815726	-1.4510253090082623	-3.904618547239548	2.264662479028872	-7.112073279869952
DG0203	-11.014620596339293	0.3744438279848131	-4.603408491186878	1.1819653853111913	2.1882516122092257	-1.3011997827151927	-4.3089276404144305	3.466535427619676	3.395474812445728	3.3544020724882864
DG0204	-11.901071041403663	-2.094124409572334	-6.3253901506957435	6.201469905200133	0.7110166047824715	-1.7585523384771327	3.663673069858923	0.34390623502319645	2.8119230995007416	0.17146416561958866
DG0205	19.204212693901802	8.213423839287712	6.808897069676978	2.553272162597756	0.22240893501265824	1.6245978999855304	-6.288558476830127	-1.8933315578652101	0.00842023106067269	4.736069764124591
DG0206	-11.767092415351469	-3.8140142351800335	-5.291005057284126	-0.7816400285951973	-6.16145807154495	-3.2374392060000634	-1.424729158301697	-8.879768100527054	3.7641669933990323	0.30070467170100257
DG0207	20.53042551825114	7.290649841655294	2.1707517529442484	-3.2051588599853895	1.9853432814095895	-3.2472998752815925	-0.2319237478051529	-3.6202433559008735	-3.1109281360040306	-2.584076098840268
DG0208	-12.153905867747373	-3.844336465169836	-0.07302604731511039	-2.2514673363158484	0.8968797489611104	3.141812649495347	1.2953566727874557	5.08753195011151	1.7877327528044153	-1.408387712324353
DG0209	-11.03198330793101	2.0800024181503773	-0.4179366465035347	-3.3403567536705077	-1.4036711730471516	-0.9867476907671855	-1.9142912322354966	-0.20694525207164557	-2.9290828240616342	-3.36241834247051
DG0210	-11.951113569194494	-1.1227205723103415	4.1347200498689185	1.366417378795522	5.444874406829789	-0.28058081638409227	-2.0800208046569564	3.090540756745082	-0.34911456634055316	2.1077696240020845
DG0211	-11.571826070163464	3.5272308224856896	0.2162451496843491	-0.41791123394841706	-3.906239830764537	0.0871752214960875	-0.9429844046295418	-0.36724080755224303	-2.6785059861697387	3.7749469887471707
DG0212	-11.651033754170069	2.410515055128796	2.0286374544484076	2.310224493878465	2.953936633251536	-2.046689217025114	2.775385556816404	-2.755208753810106	0.9587099987439588	3.1590023841739687
DG0213	21.016464535302777	-5.797021391675081	-0.14279427591840496	0.03775658303993212	-3.0782868339237552	0.3343592351733856	-2.393067837619735	0.38667659303542173	-0.1804621438986051	2.915358629704546
DG0214	-12.083618925951885	1.068305690370472	-0.38283157842655385	0.38173515991958185	1.1809561627811784	2.98665483402096	-4.4222032844010695	-1.1253658049390132	-1.7522792114554733	2.8660987914827496
DG0215	-10.624770517968912	2.81537850681484	-1.0772756194115187	2.181233985647239	3.0763256862830146	-1.7153475532786198	3.2725478235664265	0.8190496225112508	-2.4080625802703044	0.12275878073249936
DG0216	-12.752223931519199	0.751412975804589	-3.3806245159710375	-1.397222067988962	4.613424163093282	2.1170164151163338	2.532544973530089	-7.67996621570055	-4.666698679144999	4.088714033054241
DG0217	-12.37177701380067	-5.018090059948873	-1.9509672713720951	-0.945593696710809	-0.14695257938644007	5.45565556525385	2.7835228810678747	-1.1986190412960758	-6.271981231206872	-2.0873277892772464
DG0218	19.718732158870203	1.8138725093545742	-3.9870657141173997	1.954132975583328	1.3239450995511692	-1.2470730072645058	-3.0767019962106232	-4.315493556218661	1.9795308838859929	1.9049870592678546
DG0219	-12.157078465627334	0.08460824066381711	-3.2767933786062744	1.683916566893623	-2.880994571720287	-1.3214441631484128	4.363162231582669	0.9848031744901564	0.07550847634640262	2.011426689712929
DG0220	19.138948464454604	0.9656262452554935	-2.157702893447804	7.577783610337698	-0.3259488947158794	-3.1403015730534642	-0.9155491943514851	2.4148022192550447	-2.5400868957387637	-0.08584406462580449
DG0221	-12.515057281448794	1.5478122752460552	5.3043643942486876	0.2615797449984126	-3.098895141833058	-1.6283493598396708	-0.6709653621204171	-2.889975034251831	-0.4536928935858765	0.29931292686610733
DG0222	-11.87476735818929	0.716709586098958	7.600323574240923	2.660295346994944	2.031202134926055	6.238174893573026	-2.2036151919137827	-0.8192032181230036	-0.8903857511832027	1.0845998610509255
DG0223	-9.894856280361529	-0.44387341659763696	-3.226101876433119	-0.48456960300204377	-0.06556725429729682	-0.9851905998913488	0.05396715262305914	0.33318175598192934	3.460434790574275	-2.8616168024202353
DG0224	-11.51441300956122	-5.5266398879944525	0.3227909687808235	-4.437022619346463	-1.205941404048344	-1.7572482387522053	-1.147825523791334	5.263139377566814	0.29704538839642297	-3.2118087627169705
DG0225	19.131945457015064	-2.7679956530177283	-0.9009325827614908	4.4305072728347845	2.913454347109879	0.7406152412502047	-3.918764783589602	4.168913930131193	2.296123686676866	-0.3120149540311101
DG0226	-10.720938193116426	0.3740994859439804	-2.439303612944096	-0.25579268185890447	0.800458373961171	2.3649266817875225	-3.6512687004567836	1.2009771129128541	-4.8293532754200825	4.596796042458585
DG0227	-10.956141429540853	4.235976941610987	-0.9057083713412297	4.1212104235944205	5.291396626831226	-0.9337804886758403	-4.86858075014304	-0.10465785709187675	-2.5258207279751037	-1.253556783673638
DG0228	-11.43408081052024	2.3640335689165783	7.419023348670225	8.045974522275785	-1.4443418957484222	-3.7421010645566866	4.062226739668064	-4.315611923792616	2.575342013693733	-3.3419919070597492
DG0229	19.786745123913107	-0.8765209273095887	-0.6323676648667907	-4.869199657674539	1.2365164964861157	3.850078132480058	2.704631438862093	-0.31476358580726455	0.32378707535789564	2.381513779650141
DG0230	20.994872580772064	-1.6014485217857002	-2.367052573355695	-2.381398107245591	0.7683787616504959	2.2309984556055587	-3.1007349252394967	1.475894628226784	3.134461029559101	-0.2608192550765673
DG0231	-10.139495069418746	-0.9011283971933607	-1.0778233901008996	2.5900593420826663	-0.05710235792902643	-2.084007679050413	-1.9020483527096252	-0.5965433677102566	1.4984149669509155	2.3877613300092504
DG0232	-13.383757755759845	-3.5930366582213535	3.6491892163469632	-4.259045585899391	7.123605419241154	-6.192425267992582	-2.150471282669587	-3.5859912277519794	-2.0799228458186976	-2.09051715879603
DG0233	22.20194945304921	-6.420451362096808	2.145444660690531	4.043090793715105	2.3756520038272617	6.951278292581263	3.9655169443687845	4.265057533305736	1.1645087241243153	-0.22521886483544556
DG0234	19.925749271935814	4.357244462585051	0.8857860417537541	0.6864687763858018	-0.655447315315243	-4.87463817244729	-0.7834697488690182	2.9664939667025436	4.934150958656027	1.6482396559573653
DG0235	-12.235684756655056	-0.9295591964214504	-0.0922094147862135	-0.0592477214091765	4.717414812702181	7.861386373065332	-2.5541732825506864	-1.6840676055510184	3.189499842274173	-1.9129479696342113
DG0236	-10.840938439308399	-3.3096976721289084	-1.7799978757773804	-2.4021174915027648	0.6216553490252886	0.5992295702876177	2.7237299443955836	2.060181759558404	3.5953948082898504	1.2976165868434786
DG0237	-9.869723228906457	0.9580147325107526	2.771919728409691	0.929096085519891	-1.5428345662467369	-0.9462780740724195	-3.982468345116289	-0.3963524570305098	-1.8435330779659407	-1.7481349021149915
DG0238	-12.31489040443938	-0.07561488256465196	0.9370619056860375	-5.407881232498001	2.4703831794396676	-2.541490163166268	-3.211668671994314	3.553995520734365	2.692315999243244	-0.6356801283061262
DG0239	-10.851875097286415	0.8908471274045122	-2.287862522604068	2.229765518311751	2.9760900582170033	1.6705362063526699	-0.18991791618430048	0.8784577298494092	2.4774420583307935	-3.344047775404258
DG0240	-12.617235298622743	-1.9639848317479114	1.2459751393484289	-2.2419466612504326	-1.3756318347226761	-1.6526704251688062	0.23625219410771187	1.5831937913453658	0.07008602258495775	1.297096391171285
DG0241	-12.326245287067335	1.478059558735172	0.791485205030331	0.05499224272009164	-3.212436011085034	-0.3292913534104306	-6.387788403605641	2.917611199679929	-1.4596315778817177	0.1514463238846207
DG0242	-9.972669189106863	1.1653742341361457	-1.013070836149487	4.8242645299589615	0.8338562095865221	-2.378742044453298	5.031812840859634	1.194892640872536	6.589200096373239	-1.0542347072751825
DG0243	21.15000725587117	-2.812250641182147	2.089231876643991	-4.936973544439535	-1.0976041087267312	-5.2377192980766925	-7.139691654110143	3.0608941260990723	-2.086146090594337	8.188198714424308
DG0244	19.805823131633833	-5.220912084794361	4.22193873566107	3.7699380487593195	2.067200253198277	1.8575543620628328	4.240738768572374	-1.2280117123557663	-1.6426034520922281	2.4809970254006193
DG0245	-11.720140154235665	0.9971647429672872	2.7639549220209156	-1.5388103893272476	3.5610853812388648	0.4591592176752072	3.3944513415815	1.0438976338080668	-1.121891502425986	2.413606227601798
DG0246	-10.855904179781884	-1.9086350173576396	-0.06835519446569607	-1.413181352347805	1.9964367528578992	3.934668936495495	0.9096126223324627	-2.173206010784478	-0.465040726711481	4.417820409007423
DG0247	-12.213234351981864	-2.179202320221113	4.171176507011116	-1.5191310722343914	5.779826175486983	-4.960906846808361	2.512771829040244	-1.7543899347456642	-3.190331948202895	-3.0943906137660857
DG0248	19.39437753543872	1.6008500749236754	-4.04180545088817	5.183319612127631	3.685733781453137	0.8127361478021963	-4.143587606728019	-8.981413631900006	-6.481990804723707	1.0707232096392463
DG0249	19.811867405096546	-3.5027675760847434	-3.656288107375617	-7.55249836498911	3.95502642944812	0.24168565965297922	3.15191421200865	-0.7047335225830962	1.7487285502458574	-6.27250544707978
DG0250	-12.45545470892738	-0.4039915050016067	-4.116740232744888	-3.639048120404745	1.9603448903138578	4.326353667190538	0.814223174317982	0.46403438179569295	-0.770633879001525	7.403316494901041
DG0251	21.767458845987814	0.6254561261411331	1.038616202507674	3.4526354729502073	5.051561042588766	3.381402226829012	10.30294313158161	-1.6232802091642702	-5.658350726173753	1.67135319515041
DG0252	19.71150341256849	2.9838795240119476	-0.5356888563874767	1.2555113274700926	4.0432933553534	-7.175738381173001	0.6560511936700859	1.1918896909819687	-3.2257682591159798	-1.1437450242402658
DG0253	-10.191716596497526	5.688336486778899	2.726085602943699	-1.1616850487378574	-5.211325410709333	5.923891037257844	-0.2823219517389306	-1.2894131231084172	-3.6574937727297563	0.49120411127121644
DG0254	20.669427530335053	3.281235743825998	-0.21419623791033016	3.3263303484280144	-2.3005394849189864	-4.047020347283564	-2.4374187771875695	4.194858619979312	1.4598205278815328	2.5320207539206767
DG0255	-12.045712101552581	0.6699042304124272	1.1208855004651526	4.300225747158999	-2.6141766627427008	-0.9128809275097605	0.5508607572016379	-1.7845025905797889	-2.8537236817671086	-1.1436783089434297
DG0256	-12.650580418703608	0.4641580004323641	-2.2172041007388685	3.4231869632437877	0.3838732257548778	-0.6468188869367271	-0.7850785948251205	3.1488895442917006	0.8636084626569848	1.4549558033744059
DG0257	-10.961457238295804	-1.0751508563982088	-3.2870102026076977	0.44711218468388436	4.916887326012673	-0.5699088933302642	-3.6861658839268876	-3.403508273572913	-0.8938461843299792	0.9363365062606651
DG0258	-10.70560761925207	-0.055785711500860036	0.39991877356125843	-2.0191541630919057	-2.0154700241278283	0.01959768661129055	-6.604207667529468	3.5475566699158527	0.8998360936643641	-0.8792235595060277
DG0259	19.485608161146033	-2.8347606789837188	-0.18689811399769135	8.430716289728693	3.353630889543939	2.157239441817109	-2.125649810445232	2.9232710211943362	1.9587159708459203	0.3990301464394605
DG0260	17.425791019100075	1.6628099394880511	0.4118406002928812	1.9946090782090014	-2.1775406532628785	-1.9389480803408499	6.428379668174067	4.387534887978143	0.3097802723791181	-1.355907582514689
DG0261	19.961261910789645	2.972101829968148	6.298706171974451	4.37937807379563	1.435012076566948	-1.6979894817403598	3.5277394072350616	-2.0582590578401336	-1.0902552465364146	-2.0387608989490356
DG0262	-12.558154581183	-0.774207986240932	4.856420881071984	-1.177793965667838	-2.755956522532432	0.01682574014952304	-3.795473474556159	-3.685160476893025	2.778258822257132	0.3922735172446397
DG0263	-10.362779037616727	-0.21327247302579128	0.14049093622264303	0.3360313054356853	-0.9610774559605774	-3.428461143355334	2.350793084252535	-2.2618652106733155	-4.245754683329492	1.3152713804842937
DG0264	21.662664912659892	-1.8664848970163583	0.6888346691209979	-5.862755190574723	-2.3267603453376506	-2.1858731191570464	4.733556048734247	0.12551861594073283	2.492923222583941	-1.671290533579785
DG0265	19.979397938039497	-1.9668444617763123	-1.406549496797844	2.452024656778519	1.5262435090166102	-6.336899418385716	5.334326650614797	8.183006613350043	-5.151485434642491	-2.8536910806656977
DG0266	19.528179484420097	-2.180793921778688	2.9835744473174417	-4.786977148345632	2.6090568160501557	-1.024973306122758	3.712049745144197	-1.710972398888025	2.92505679197713	-2.3326625091211692
DG0267	-12.070783171408134	-2.5662143744760733	2.6606520377677567	0.3022490249870893	-2.6925432950075754	-4.894672671291559	-1.3362106987811804	-3.8783957472789794	-2.897105727755379	5.299533238886066
DG0268	20.106623809349994	1.1200694807721545	-0.19158933230297243	-1.3314428855561027	-2.3032106700536255	4.623767097764995	4.003137899272289	5.796431398539229	-4.468999329430139	-0.2834856629179854
DG0269	-11.620398155846761	-2.247382940406608	3.1064341679141148	0.8965117282155282	-0.6227580988526306	-1.1790644055916704	-0.5516985161592115	3.7381959803416747	-1.4199672864709239	-2.3290723342067605
DG0270	-12.026780598860777	0.901859241252659	-5.020954963479488	-2.24096433979834	0.9855204699193398	-4.0378032579397924	-1.8690886180675723	2.4423979682611834	1.3957516819648488	-1.1927521086851471
DG0271	-10.685395306387049	2.483942847588336	-0.38323456682003876	1.8362863499638835	-2.8247669288072577	6.790992672804237	-5.298530067624879	-0.1656639743670118	-0.6843782941099991	5.2401022566256765
DG0272	19.132251843450295	4.224683410600381	-3.856847977965726	-4.993950337134288	1.928703013670534	4.098314889843663	1.1077857702263194	4.35881745770925	-1.4284975311537291	4.387430897573101
DG0273	-12.697436144310283	-0.605439868419799	2.2635084173437847	1.504123292839138	-0.1284987526383451	-2.5306082432853714	-0.634582593490478	-1.6722380306984577	3.0734277315403493	1.241069185689613
DG0274	19.757312586894194	0.5266162491432682	-1.6041036072364443	6.072653498964361	1.934729286054918	-0.015223706740161047	-0.558324308772183	1.3512839948117357	0.6218782958642725	-6.869835879736975
DG0275	-12.377256765027964	-1.3451858382988382	-1.0632720471595056	-0.22025667626870493	-3.6707064049005282	2.7807862453291188	0.12955551236113688	0.11016842832818736	5.101978121921801	1.6945343590670505
DG0276	-11.999012160093937	-1.3056463950207773	1.8222954976770571	2.758773568476837	3.760260430729794	-2.248387807794619	0.44935505696389155	5.709572663201956	-0.3716450105585025	3.310774514927823
DG0277	19.323445435333724	6.555169226535421	-0.03005419702510234	2.3394973745539303	3.6163465901935195	-1.4000388150904755	-2.226098841702697	-4.204973443231839	-0.7844950538859193	3.716020020156919
DG0278	-12.364847940901953	-2.601820321749883	-0.4512433250936448	-1.2021883100569375	1.3364018520753924	1.5379544651676758	-2.3506132359977268	-1.3985238291185933	-2.2672362307979084	-3.3352523846930815
DG0279	-11.852779482047406	0.7297622714875953	-2.0935486637923684	1.1795047006147006	-0.827678993642087	4.975328028964926	6.403023138157311	-1.7154141882707674	-0.8719054795177673	-3.0686569656621954
DG0280	-11.220063065209926	4.155646099820936	-2.353269856379952	-2.5170781079647693	3.809353394808862	-3.076187429051329	-0.15992484832812354	3.797837068707629	-1.350003222197834	0.8223111424735253
DG0281	19.216255932704357	0.6915514852326323	0.43163669392921916	-3.840313594215228	4.649359944330093	3.4505540080387256	-2.6804535160143437	-2.758397217517728	0.024925493354702385	4.35160690178493
DG0282	-12.202227443132385	-4.510881759688005	-2.161099995418858	3.1207363833875235	1.8169952968091219	0.634609853688768	2.5154825458065395	1.3040356646158489	2.833423237312445	2.043196301167294
DG0283	-11.362448448819787	-2.307269400730035	-1.2748274326284994	-3.1251943826185142	6.061718968608479	0.2726524775511718	-0.8087777144046124	-2.1602512431331142	-2.18694231669814	0.5338215441311883
DG0284	-12.676592102189671	-0.15782190451024866	4.049964829639014	0.37715101505961257	2.5526116224236555	-5.6780136937777295	-1.824685277163923	-1.2777042501626608	3.4245850357992413	0.06191961025446424
DG0285	-11.94493133471456	3.5548388561233613	-3.466278121739562	2.995326215432576	-0.1928358403022532	-2.1252288057404174	3.4895229436963935	-4.322278857351617	-0.1605487760900735	2.99636138969501
DG0286	-13.13717579759956	-0.6737712710272132	-0.847558279965176	-4.656926936833873	3.6574330989548205	4.020774148624938	1.3401059923002814	0.014412143316424805	-5.712748021197277	-0.7641413173368732
DG0287	-11.148977592344524	5.694688938334612	-1.8883227332077546	0.9566552916215345	-2.684955118195193	0.5495323972250289	4.797410887322712	-5.437339825327291	-0.739892600096877	3.184433836649919
DG0288	-13.281662417055447	1.7302970338041503	1.697525558183393	-3.014191873844181	0.07126869638263694	-1.2859677040162096	2.3538717430139933	0.25689977858721	5.472823797523346	3.1882776485153923
DG0289	-10.846463796701695	0.47980152479574145	-6.553090124676091	0.07008756755892574	0.7151585969484799	-2.818513238773199	0.6297831036453642	0.6739723882321912	-0.43772517379873765	-2.4814489368779964
DG0290	-14.380366601639428	-4.5919467901361255	-3.6216583735694856	-0.7926111996205206	-2.9378026011895213	0.5894579531901908	4.028109201704765	-2.566125394577626	-2.188270551556099	1.582261907465415
DG0291	-11.735570769223175	3.068227426862623	6.829132813146781	3.2609483074584413	-2.6801189102866902	2.5321175467121164	1.527946706594993	2.2144908533536514	2.6421279021008597	-0.1317944870536356
DG0292	18.402426242185904	1.2535198809521106	-4.933306989018486	-0.1581640311488714	2.7374687311722115	-1.27012752248082	-1.9634589000448122	-6.166068166432554	8.055635441920984	0.12462601947842675
DG0293	19.8870682776139	-0.2008863707183432	-1.7842002756640998	5.057538319664383	-5.850958779580545	-1.2452122901651792	-4.225050117169071	-1.4045608467822643	3.989488864893112	6.159657495330933
DG0295	18.928370768812755	4.8233805912640575	-0.34274158155680057	2.267726608955284	-0.8064128979092632	-2.004083363155954	0.3064426035638254	2.5468175665617854	5.275543515679604	-3.5263091294795545
DG0296	-12.647243445910473	-4.162129231538075	1.447156196933155	2.2681954706290353	-2.294078496659695	1.4986661429560906	-0.5308564869175565	-3.6696424011310036	1.1849682076004617	-0.9265132053463726
DG0297	-12.881821149208005	-1.3729379912753465	-7.817997283353428	0.7586793215204422	0.23686509157576238	-2.5090147348856724	-1.7665992020572059	-0.3842896276817428	-2.0652446474548287	0.8464806859976476
DG0298	-11.675349029721316	-0.29957252304768184	1.6079295152676363	-4.667225758676885	-4.08390692975578	-0.8681463604240676	-1.3560700899810878	-1.7179164441043853	-2.017094571521059	-0.7275273351337727
DG0299	-11.573487354898784	5.359708945468782	-7.0096758780321915	1.1081375360522032	1.4405768515241033	1.5744674149139333	3.2087767153097073	-0.7150680056291945	1.9668220860520764	-0.6209299578799775
DG0300	-11.575046572079243	3.211110016149598	1.4276408609561257	1.6614126748816413	-0.7211393674369858	2.7366072627940268	3.147762902223286	-2.6265423219352377	-5.169731761286967	-1.4047541044950729
DG0301	20.959413713980236	8.761833613503853	-1.1882713230852244	0.5406410593939415	5.519362115432004	0.35796502532844465	-0.1721450652238738	-4.542960726405363	0.3823816535386876	2.3420856842772793
DG0302	-9.363002143960637	-3.9485518828451567	-0.6460865667309978	1.7226802032405448	2.807500608486422	-3.599768708214239	3.4342661755052526	3.333614753448503	-5.333528052549059	3.6014660152439926
DG0303	-12.554803696403466	3.1110879470137065	0.816565450430973	-1.3728305463438577	1.3747545012906526	3.183415090980579	3.47242677552001	-1.987227969096443	4.817922027932399	1.9771698286953403
DG0304	-12.321334509083718	-0.28878891964428516	-1.9714638281721288	-3.150958245488116	-2.782361394717108	-4.177320318735353	-1.1608294114291144	-6.0539053350698655	1.5797889035107628	-3.3616668281168787
DG0305	19.32859329878114	-2.9474556455693133	-3.0760510835031067	6.687625256313224	-1.9241328646335283	2.4752415046692615	-2.325586452861435	4.1976568693248675	0.8472666700109459	0.23213697442487674
DG0306	-10.492556710331232	-0.1885328577591167	-1.89340489076064	-1.217646509251792	-1.9957320262524074	0.4652273991128979	0.9615379377082036	0.22481507838959555	0.013485901302878911	-5.013270942189117
DG0307	-11.75577339413507	-3.3912868618449905	2.360894714306454	4.087416711316036	-0.4345004370133324	0.050037591156327305	-0.6372800915782957	1.6971737922082364	8.493792874222393	-3.9404766188452
DG0308	20.02387421128621	-0.9860946495398804	8.134850115413135	-7.798307838913222	4.567940045853856	-0.8753656881495533	-2.485527992543452	-0.24697168508848338	6.231624370178209	2.7004459720067993
DG0309	-9.93012043379991	-0.600467587004722	0.023949308425433274	-0.03755788832788059	-0.638682771032236	-4.79045499272551	2.6233147848102787	2.0406143195701913	2.6346468880864364	1.5895458304704573
DG0310	-12.576897077099106	-0.8782297689685334	3.482871440516965	1.0463368596681974	3.049360180430326	0.9490823676599971	0.6410054313309334	-2.075379686348319	1.438134866986838	-3.7309081236144133
DG0311	-10.593279908629967	3.6950997408634154	1.558056987626952	-1.9200958711505325	1.4622602966876432	2.0393348240045692	1.524192102042742	-2.2595122120628903	1.7430251671618338	-2.5250769181757513
DG0312	-11.625035726707857	-0.30824729916570537	-5.7468777335066665	3.9128164189950505	1.726098927272593	3.862554296589538	0.8505755515271675	-3.1750223643225	1.503637473372636	-4.389058782789304
DG0313	18.977345931033135	2.61393395773285	2.3509108213746264	-4.282491102056787	0.9892741980448614	-2.1401459230802766	0.23260546657508585	-0.6723497108098593	-1.2482305891285452	8.508353909337908
DG0314	-11.417679760653998	0.2354344394356346	-1.0485116701697368	3.1751640138048014	-1.6065258348858733	-1.0316733214719291	-0.38876703712821215	-2.2406489669327883	-1.2032334802073774	-3.578634860403149
DG0315	21.006648611789267	-1.6045356340542118	-1.2576444576388963	1.7104318308568625	7.642002919772929	-7.794274695201976	-1.8579429058371155	-5.927505235032478	-0.6805381862388084	0.7182566076318173
DG0316	-10.185876409183388	0.10265538424620621	-4.291696950287251	-3.2690476694518824	-5.049300129618352	-0.7893780249018058	-1.1414681857157958	2.402617059971211	-5.421403930417955	2.6648201658410824
DG0317	-12.701667552320547	-3.216430413094039	2.556131704081322	2.439066203100007	-1.874905783956742	-1.057929932965168	1.6484155104366698	1.5128546904323306	-0.23669850567739886	2.5386793129762744
DG0318	-10.548284781357534	-0.0641188074716621	0.7686194109275257	2.539571725150241	2.232163716489935	-4.927274990256461	3.580495797688674	1.0927496286080447	1.8130879451766193	-2.6693367513414876
DG0319	-10.45483557887242	6.472262601073122	-1.0433107929631085	-2.8325899294701657	-2.275614516687782	8.299306414039151	3.5949435034514683	-0.07085767983209429	0.3292459925722885	4.853706646977424
DG0320	-12.071781820147036	-0.18132238668734135	-0.20413033203497702	1.9095307967355377	3.466801766943086	2.759475121807538	-0.9056456022771618	3.2760493022695387	1.6645225568818778	-5.895176075047207
DG0321	-11.646262374929066	-1.1480932551333316	-0.2971154726900839	4.23783928472711	-1.4943496002001204	-4.803063330198109	-2.7638655434214168	1.128162779352241	-2.5384306342758705	-0.16212389428655388
DG0322	-10.669364728112575	2.607828966319371	-3.890909244365746	3.0879585135662775	-6.451722354234318	-2.9959456077942637	0.022494198201865018	-2.1799473087092913	-4.3961370771797865	-0.05759654933296972
DG0323	-12.466637299525484	2.883907075692789	0.11744331128833232	1.8908722015171995	-6.335132944823271	1.0977954895162487	-0.7010369903311652	0.4508346795427719	-0.16689173981411906	4.441089733556049
DG0324	-11.030981288029977	-6.004522232185078	4.658659189538487	6.378965328764195	0.159836558028789	-2.9041458556625708	-4.0142986443406015	-0.7023276929575858	-1.0370912168322401	-5.427001562479701
DG0325	17.472207564508643	-2.2003154894667696	-4.573317146257006	-8.541934287606349	-0.2765985639112085	3.0850639267633	1.5156216038634218	-2.527658344307233	3.988863551870549	-5.809502187428293
DG0326	-13.180655323491157	-2.140711233906562	3.325436162796236	3.5475573558044458	-5.001996321578627	-1.5014729366606063	-3.5332821172623006	7.9315291988141	-4.300666665107727	3.04610881191288
DG0327	-10.850734315077394	-4.723412410424386	-1.3310963727144949	3.011445530926727	-1.626652829928534	-1.7484268447693165	3.42312128426223	0.03594711286541774	2.2385718033417437	-2.284166332593661
DG0328	-10.402304832974067	2.0714161794077808	-3.7162735384670493	3.9629376886513787	0.188229871825633	-1.6937936653764367	-1.8470023455959375	-0.556169825087625	-0.7151173512027665	5.712304593452815
DG0329	-11.023343986113915	5.331269135892374	1.662776751568029	1.4594434705065955	2.1496625956370963	-4.5620178636271795	-1.929993082359497	1.4486967068483658	-1.1581123982291146	2.5253775966527203
DG0330	-13.040962453623898	-2.835861967908955	1.9434844355085934	-3.800684649972362	-1.6309773270331172	2.0070599057848053	2.7321335229180743	0.22943674233373468	3.2835254986826405	-2.4945520411368207
DG0331	-10.678510454639225	-1.3249650172486709	-0.7484093436266215	-2.0728408810613037	2.516503312827839	-0.7620851693698505	0.848176544624602	1.8314018730387827	-5.488562888265552	3.134492976850088
DG0332	-10.42637287952279	3.6651899287011287	1.1018000971812254	-2.814598577099824	-2.921981004657676	1.6153003376104356	-0.4296077569287472	-6.6342710402635685	-0.3870848344453628	3.740634990650419
DG0333	-11.18349496852695	-2.5697227307841373	-0.9237054829961944	0.4561035995666079	-0.7768868118444439	0.309293938579809	2.913768848010078	1.452547182695202	0.27415939801669154	-6.0611542899276465
DG0334	-10.49718723089218	-6.630337825414402	-1.789114379235737	-2.45849408927229	5.6660034888099	-2.7387486586863052	0.1680457581515933	-3.29982265896885	0.20516544063725506	-1.1006677691525384
DG0335	18.49803577429139	3.433221932079517	-1.7986870230870518	-3.582274930606326	3.754541357192573	-3.300282387938996	-0.4441209453161452	3.1630540579709376	-0.5370475369860374	-1.041220426825868
DG0336	18.580718370057326	-0.9681149230768935	0.38487193217014004	-0.9671537099375289	-4.185080089075901	1.1008127790580213	-0.7231464468710004	2.5483724667890564	-5.37323609564817	4.068246321008784
DG0337	17.96533992131965	-1.6428688458949887	2.327762683204547	2.6350028016782723	-1.428454106073889	-0.6556729161138987	-1.8520689766387155	-1.7667583915128335	-4.36954444684288	1.6849263598726725
DG0338	-11.375336447877467	-1.564626043754292	-1.5978015144096795	-7.814401457003252	-1.0787441859470748	-2.924894418781106	-0.04289019660725424	-2.084690733233486	-2.98053719810189	3.209506358255603
DG0339	21.442364206314355	-0.22245886447881497	-2.3398345133708753	1.8066441470689365	-1.7569063526285236	3.0329288365714513	-3.0056716187800157	-0.11797463932890409	-0.0776052622398305	-3.094890548916859
DG0340	-13.376819078277233	0.5272379921089381	-0.7473773278495968	0.5787264313268388	-2.1160193449880476	2.597184297770932	-3.693373660536686	0.9450097757656681	0.7478092009895844	1.7987847805368733
DG0341	-12.023961750921536	-2.1875576006018314	2.732645355259034	-2.3376372958357976	-1.537363930773102	3.9958700697496896	-4.311096553467948	2.6203443216121647	-1.6362647877486556	-2.84780989387343
DG0342	20.742536764713016	5.980163118827406	-1.2823419231772397	2.647815344287689	-0.7783859922435862	1.9125548772978567	-1.8462763251818761	3.3969918528281036	3.863531855682721	5.262374251138271
DG0343	21.869163785778397	2.748758308338164	-3.6106200560225092	3.234487015476683	1.7336993616280134	-0.3836592319059904	0.8065348701290098	1.4417262257555745	0.7858550215895369	-2.9769747316293205
DG0344	20.853268656655192	1.2558638115957517	-2.1423798176513773	1.3933949001408972	1.8574288991381351	4.487850163304883	-2.9571371108308226	4.192565015380858	1.1254841574432823	-2.079224575766611
DG0345	19.44561732033818	0.6125779598320383	0.6751583221734495	2.1861079195869304	-0.44918717408641007	-5.054050330892368	0.9012336063839514	-1.2890637651926071	-3.7655600369528437	-2.2263689767311363
DG0346	18.919570084500243	3.297983055117855	2.3907184399454153	5.8960641916021	-4.873411939506234	-1.394268258423227	1.4357036706421704	2.7498769995251813	1.4102671913726978	4.044630828858446
DG0347	-13.117952342693249	0.6719280637114973	-0.6249493515682263	1.3385762894312225	1.3928429844897114	0.8360825087977035	-0.5426024475448272	-1.1431423091404422	-2.932619096495721	-2.2049540829548926
DG0348	-10.92680581334146	-1.581755718697856	3.812393220969965	3.9747446713346637	-2.642498444145254	-0.5104465188677167	4.135658556870028	-0.7556307685504984	-0.5790241170479217	1.578101503326471
DG0349	-12.002706888813359	-5.026523245946704	0.31206810425533693	-0.5486136320799344	1.7846957768596856	-1.2857345881128757	0.7162399236752713	2.7110650383874115	-3.7973188398407687	-2.07729026139152
DG0350	-11.392849448540925	-4.055574068737249	-4.059454704713644	2.666555880144917	1.3336843582225884	-3.06925635403457	4.062222804861872	-2.626765315284838	-0.2810671811822297	2.02798269975052
DG0351	18.57297729458593	-0.13570897170940832	0.25057353443996916	-0.7989970255450498	7.853129785254126	-3.190539083633936	0.5300162866789178	-0.03012616264430626	-12.959964814049581	-2.1974421874512315
DG0352	-11.284772241071323	0.4905638893620733	3.8495857347776505	-1.3426415214956942	-5.1646571970857105	-5.681572131219929	-3.5107342759101225	-3.6889978583275624	2.3112453692262425	-2.093827577764816
DG0353	-10.338937101993299	-2.0713888835865077	-3.124604748843688	-1.2255130369085983	-0.5387864931333519	-2.1491335233678175	-2.7098689642430274	5.820304960035508	1.5156747142776883	-4.0960536037995166
DG0354	19.011262076199582	-2.2713454480646273	4.580661410955497	-3.6867146365133574	-4.525884986995135	-0.2710244370693118	-0.013754407093517159	-7.583393553718971	1.0155395203056268	6.673517755201585
DG0355	-11.11558294211367	7.754660891586761	-2.420502323617353	-2.358841131731433	-4.868286311902141	-1.2685525815054635	5.852129966260467	-1.4234787815801702	-2.1492685847175683	0.4598098829526016
DG0356	20.464298353167116	-1.5683862410915108	-2.8458082621690104	-5.312953917881853	1.2147823449913362	-5.432051909065432	2.588041436440884	-0.5285969121686122	-0.033852542208666944	-3.3667536696663607
DG0357	-9.984045604483844	-1.2451878700201813	3.1609155645136155	5.05790483389347	3.3897898716305206	-1.4406318652798964	-1.0930789387174458	-6.8535994063497725	3.930617628217283	-0.3866489007253178
DG0358	-12.253856841562618	0.18907773959369611	2.2850463668559193	2.7969147945036186	-3.0602882624627794	4.7801369386506005	4.008674022605343	5.978744984078149	0.4780683964442791	2.207917159520739
DG0359	18.877224413712973	3.331269962031876	-2.610953364409027	-0.23783929504984036	1.9316078942287795	-5.818673817973082	-4.055937105735754	-0.5889032204086674	2.35421336337482	3.6221676591436007
DG0360	19.97466919224774	2.6817767394796816	5.806334379799473	-6.654125767061605	-6.320857412881849	6.124398462673775	-0.8477069640036188	-6.443817405538834	-2.2120324641904805	-0.6899498472952799
DG0361	-12.630661685637945	0.4766297958574299	-1.321020786055056	3.672824710454055	3.9028504357424314	0.02471135005618627	3.735421069271637	-2.2773558107000973	-2.11172882927378	3.770503544593889
DG0362	-13.622265218200184	2.6908193373031786	0.022027459380541736	-0.7109394868023601	1.721214782921292	-2.163856275143457	-1.0435673734648439	-2.3251969611684755	-1.032911410702183	0.7109947288237922
DG0363	19.089525775424956	-0.5361851575295375	-2.5874422359834996	-4.938748731912489	-0.3157837929821285	-1.2723696459231557	5.237743882378718	0.18396400481200625	9.04570108995878	-1.6781340356572902
DG0364	-11.120296328825983	-4.364771869000116	-4.2683381433407215	0.30435623256502675	0.11750406610754496	-2.826258289048884	-1.4261531281403554	0.32724223549060616	-3.102348352020515	1.5376968891510923
DG0365	-12.629742298183265	-1.5976214806682383	-3.638322779508548	-2.432969161524359	0.7234072051568846	1.141964773395744	3.016295790775441	1.0897222300174192	-0.31561971640201475	-3.635551203055683
DG0366	-10.995176896288053	-1.2956015238591372	1.3884170594126044	-0.8917770988845763	2.908166239640448	0.03199600326639894	3.644602030930572	-0.47346998868138135	3.7740703567390264	4.246612246757134
DG0367	-11.261873731768256	3.2513131703218123	3.464082183991726	-3.070792987138884	0.17745123808973223	2.696127946596667	-1.2100989049047344	-3.8426307146357543	-3.9033775143316527	3.120958664135417
DG0368	20.7763184497597	3.3041515169025355	-0.8433390455135557	3.821467799180575	0.07754262521141636	1.343130878376524	1.1023486886540708	-0.23041064746847234	-2.6721704353098663	-1.3940804319590996
DG0369	-10.955849735291558	-3.5731776982632892	-0.03791692735068075	-1.742262881776296	-3.6569267454548826	-0.9795355182994877	-3.64321010087195	-1.1416879382105065	-2.585408916238214	-1.3509677860685798
DG0370	20.45649369230196	2.358618816043173	-3.5793919249977044	3.5424174242484243	-3.989099235831144	-0.9757517246368543	-2.5188736663249536	2.15203333647093	2.5226422085106757	1.1000178651836425
DG0371	-11.438270281814466	0.19328057647348224	0.7928352966195616	4.296262205319514	-4.628373140305269	3.5080099725547953	3.8772151908879557	3.238748770583222	-3.0362391044822723	-2.1224373418516986
DG0372	-13.359707215499395	-1.6552993224861676	-0.03071629519635196	3.932600015316795	0.806501346179264	-0.48678921686994814	-0.39607886826134664	-2.5439277020522195	-0.980013813803982	1.4950671480568998
DG0373	-11.110414380168912	0.7932249748358997	0.5622069774992887	2.0411878766978555	2.6870168863830135	0.7113211297050486	3.661250795706406	0.43787760742905246	2.8902287861415803	-0.5803379138506491
DG0374	-12.085115314534052	0.844890978757635	-2.249098956388571	-0.3027237746756325	1.3131678795228399	-0.3599810779241477	-1.3207956761675408	4.310038763234687	3.20761418097087	3.9812646673539063
DG0375	-10.808245397894247	-5.754701853271503	3.142972799994333	3.8854812043819655	0.7348267307083792	0.8941827775716992	-0.2683655917238084	-1.0324633876443108	5.107118344355017	2.7691179763671103
DG0376	-11.611373082070386	3.059167634117579	5.273437577594015	-3.201735566941404	1.337306801408332	0.07310304869659778	1.9806191762062348	2.2427867510501183	-0.4748184606662004	-1.7487759065652477
DG0377	-12.460544296757462	-2.2688054151449517	5.457260247914793	1.552920482185273	2.432488119664764	0.291960748497707	0.7237004465454449	3.110973132080169	-4.549291627331805	1.6911900292149646
DG0378	-12.421050203589916	-0.25390241114013484	0.07386879680909264	1.5876141614549497	-1.9057124606841933	-6.106710668035301	-1.3827538203021563	4.636401699604478	-1.593981108735767	-5.123579589841557
DG0379	-12.704727871231343	3.6039834372615807	-1.9482135533947187	-3.2509535967660157	-0.7011476345449588	1.7587671394970852	3.8589373977914394	-0.14685446708860803	3.3620628112642215	2.8394182769237974
DG0380	20.19621405780497	0.7419510066055691	-1.5156457793910945	-2.3873520786828077	1.3929871695048834	0.3942963370171655	1.5856835330861334	-4.669415319827156	-4.691977482896774	2.164079506344921
DG0381	-11.366071505834975	-3.0899278802216075	-1.5175278167151987	-0.7466213714889428	1.6925769032740248	-3.057729277727838	0.45762555769646507	-4.089315906234272	-0.33988489002246486	-0.5570615814171982
DG0382	-13.01324212982577	-4.173004118756472	-2.1583088909164663	-3.8833793217569346	1.3421775433518317	-0.170539973612623	-6.566249016344058	-0.594178506594596	2.0178153476770944	-3.272168843979091
DG0383	21.32550070788374	-2.822631240959746	-0.8444585168118801	4.955747071119797	1.172320215898929	-2.5480678347516634	-2.9307779550085744	-1.454053678275405	-4.799367890669869	-0.48611721304206834
DG0384	18.808464551661032	2.534169158539136	1.7512071080203013	-3.67480578646784	-1.5590610521486448	-0.6682097902712112	0.26312750265817747	1.9739367245373918	-3.1393602679996406	-0.16758223219064555
DG0385	-12.011359601596887	-2.131038315011633	-0.47416134120685544	0.09327085870293586	0.642641379264411	2.7172844262880234	6.624478876645772	-2.9882662590597384	0.8841210781932336	2.0612767933616616
DG0386	-10.946867209968097	-0.36242338137032504	-5.446419545426002	3.9983470699379904	-0.7664067392455916	0.40047855839139357	2.1392788416829904	-2.486109847103402	1.700797539721324	2.911845034296048
DG0387	19.4761122236311	2.9803219560883227	-8.259730393866766	3.498702930642551	3.0126213833837316	3.1955524388891843	2.423911119029787	-0.1457145368099606	1.9724272758778678	-0.6891396621610717
DG0388	19.55952133947804	0.32039167653738176	-0.3646998468242197	-5.339112121444289	0.998784332415222	-0.43916494280400986	0.2997547883819628	-0.4220922886284202	-0.8415920546400752	0.1694859965204203
DG0389	20.145174717413067	3.7868632585304507	0.0992932249680053	2.4332560550658666	-0.8093157075522143	2.9798563369762157	0.842162281359646	2.240935542615974	4.812861234908383	0.8128461923725206
DG0390	-12.455848504672263	-6.464452373798707	2.151835797142539	-2.1617831981223246	-2.0057625107794586	-1.365425398060742	-2.3166857352638313	2.2339167050287294	1.0748117145302596	1.2692796605977168
DG0391	-11.141501988929402	-4.219310336975183	-0.18838278340199974	2.3235496311551325	3.331013019626423	-0.9968866811678254	3.75203384447351	-3.329689013627772	0.9580519676391877	-1.1623648393327985
DG0392	20.33343417834477	-4.425988367285024	-6.202225363456944	-8.101607824954131	2.5698559260115332	5.679093812108319	3.779527369893061	-2.951152078032945	3.3528397574465467	5.614865806507542
DG0393	21.230840984678874	0.5021356024597029	-1.0577536973106179	0.935618322989331	5.745554858201827	-4.796930056551327	-0.9252492984978966	0.013984709492275538	4.253154786264875	2.442718269259721
DG0394	19.244397300098562	2.8384606898947284	1.4718049983518469	-0.47051524549734364	-6.428255840993198	2.193622873092801	0.4700869909744746	4.562532310677334	0.7794746400892998	-2.7563201449833192
DG0395	18.66133672972078	-3.989858609487636	0.49624280056702974	0.8297794368204781	-2.9071160469053154	-1.2719730634004405	-3.415174399416299	-5.325839887067592	-1.7086127184238717	-7.2283047070871325
DG0396	-13.373748896112414	-3.362220367558666	-3.0893363144005788	-0.37314666819194764	-1.5858988636846811	1.4249460892868515	-1.282203444173581	1.1335566184506531	-3.050597878427928	-1.0851302733325017
DG0397	-11.879607708548676	-2.605256103838825	1.005516403576638	4.49800097103778	3.1953502039098973	1.329188206954067	-6.865480476419676	0.2200375292434747	-3.729270490883451	0.6890447796801824
DG0398	19.114503695137827	4.569966052307972	3.1660338281282603	-2.7543658672934375	1.8532594083504468	1.7451450114950746	4.891644277480463	1.7597247058205228	0.015270781902716885	4.039682882220962
DG0399	19.09168999309088	2.423673252502191	0.6705020793830052	-3.3375762638176734	-3.1715651672970497	-0.6680385154656979	-2.0152778004978447	3.077208623500954	-5.359543527408323	2.594631901387693
DG0400	-13.288422988142221	1.0409373070475432	-4.230491930804236	1.11070856697718	0.5417424548994363	-2.3012940160141095	5.621532890459927	-3.18907719684239	7.0138770462493225	-0.14823386040002334
DG0401	21.118414972804853	0.7534174022333034	-3.047764450805777	-2.1527683581396975	-1.7812170072176372	-2.1120767707778643	-3.395850481470167	5.470671373425352	2.246618607662429	0.2026073664562213
DG0402	-12.637982230279398	0.7507667939899041	2.7176475819524333	-1.1596515908507459	1.7575344543821554	-1.1093694144708532	3.455157783980512	-0.004598874103133643	0.987333787097116	-1.519556911819746
DG0403	-10.439833464037221	0.1727777395374973	-1.8797773499626325	1.4717871647718002	-2.275158835230055	1.7761431562760137	-2.723655144331306	1.5964860792172975	-0.009544522825724294	0.8593335981899842
DG0404	-12.171669331342796	-2.7617831648731053	-2.61874083404986	2.798402219565489	-2.23303281244498	3.5412796612524926	3.365220369914335	-4.372925481162021	2.604455890482216	6.641966131534217
DG0405	-11.775724768041664	-2.4897234538036104	5.396164176829103	-1.326766658356995	-0.878506032394698	2.882508161503646	-1.567556507923924	0.9645603075528786	-1.5862356201419578	3.640986991760765
DG0406	20.423253458283465	-0.40077661844804846	5.279711989229482	-2.7770425960004124	1.6130186363603414	-0.10561489435777163	-1.0183837652477747	1.193419128650822	1.0994378924939032	-1.3495501222893154
DG0407	19.27480536143	-1.858813254626797	4.285471150870041	1.192820561116905	1.1139861668760955	2.922248850015886	2.4817411697689344	-4.248358006199163	2.485865723194703	-1.3677871003825004
DG0408	19.319168746416636	-0.334381123596627	2.3641272360490113	1.3514645779500647	2.3268742734115926	6.6536867701186235	3.4368310623289124	6.201436193987665	-2.307086674362679	1.8354735579720853
DG0409	-13.200866704286726	-1.0853046316308563	-0.22842013493400595	7.0515799557982275	3.578408194406436	-2.25250307459852	2.590622352432177	-0.6248977009387221	-1.3000473436517057	0.3619869509966152
DG0410	-10.437652670899435	-4.825042000692452	0.9919312823215036	0.7721442440188372	1.6912602716549139	-4.5601369675948815	9.910281699364072	6.090063329309504	0.49625552505150766	1.3350538270286127
DG0411	18.24075131101249	0.044165963459115457	-1.0303029584046535	-0.14013914287774465	2.804754322752944	1.3977665136555903	-4.855790986338103	-4.250239726965309	3.8002836250256937	7.721144679766843
DG0412	-11.613152752323746	-1.8790626676433901	-5.794638850027375	-1.6264844099043165	-0.21678923969556974	-0.794586869737517	1.6886408862600961	3.8062735342342173	-0.19606049394501654	-1.4387547219640706
DG0413	20.21729814596777	4.457432156831744	-0.2696345378797279	-2.5019071333706964	3.795774331022013	-1.7477852629212394	-1.2702404008747343	1.1743844504269714	-2.6843186371046808	2.9677058169781425
DG0414	-11.162941821649499	-3.4153345311412853	1.3104167565907796	3.204702651884931	2.637861726813524	0.020638876966256547	-2.218791218605784	1.0625802735424017	0.6378889359077712	2.2865042997048195
DG0415	-11.8902080275163	2.3132685186849664	-0.7981853294862785	-3.2674769015510905	-0.22309930070130382	-0.216406412684405	-6.2775902632882215	-1.9883630395441148	-1.6902424187092744	-2.5381858483274695
DG0416	-12.217292358593864	2.1655060501449093	-1.0613481720668094	-0.2612461120657034	-6.188185784479943	3.4443106034062296	-4.675224822142303	1.1746035641501407	6.3394739830154165	-1.9662673577409995
DG0417	18.616815240630316	-6.832744026670532	-2.487170090816395	-7.611266115875292	-4.553390420300717	0.7192413748464936	3.8997207856764815	-1.8000724266593717	2.0898376836414116	0.09890525702924619
DG0418	19.856823360891397	-2.696856123110669	-1.1573238005025857	-0.5634187440320776	-3.7359976635238588	4.420511231269265	-0.5166225391859355	-0.43727469054645773	-0.201671364202533	-0.2793610704313864
DG0419	-12.578105192941782	0.3563211418132243	-3.6643080022834247	-2.910777117742465	0.06015016895182568	-1.6135296854326788	1.065843731421592	-0.41537579870944996	1.1514776788667256	2.776884293759169
DG0420	20.60596872791524	0.7109637589771698	-4.825038903649732	2.4778378557686134	-5.7048413064083485	-0.08321653287916814	1.3559606941370947	-2.2573931217152947	5.593119653971198	-8.499111823069057
DG0421	20.964440727009	-1.126094428891445	-0.5989619121885343	3.1677507801552274	-1.201179031371231	1.1583959170237077	-0.37337142344196744	-4.058968615116026	-0.03786880595608189	6.9734193555252695
DG0422	-11.9417928481585	0.4593384501941744	-0.5981928459633508	1.1876291122948461	-2.4122880091370265	-2.1921277260234495	-0.31410350262615727	-3.2125066463340537	2.3046598883614013	-3.328352621261567
DG0423	19.37396926432744	3.1696621780753427	-1.9095884910028063	-3.704265421218171	0.7126319445761304	-1.1089901612080895	1.3936346872912682	-0.9723703738862187	-3.607337734278599	-4.052987515068749
DG0424	-10.584912784408576	6.015887343598426	-0.12284196075377851	3.9405464590346444	1.8887219559598223	2.987998491209277	0.28209147607431745	2.2428571335770386	2.845933684466147	2.0133749683776796
DG0425	20.114635712260608	-2.6335593982593193	-2.2136493981898826	-2.061639464754922	-2.487549746617824	1.3445723386103736	-1.905130451590553	0.7872134778610612	-1.4034235781475715	-0.24006434725594727
DG0426	-11.63769591474645	1.3874832886254882	1.0744309651048378	-0.8918929089759503	-0.21448358507078571	2.7624202411517254	-2.101946483822914	7.5213937853414015	3.958088440692257	-0.6820278839111301
DG0427	-11.884407400852682	-2.500316646759639	1.720226217302794	-0.48867129294454636	-2.2195386257456082	-1.927439365890812	2.9497137254389587	3.3363596408223515	1.5399632273609793	3.6019912027125023
DG0428	-11.292488714066902	0.9519805237541701	0.23298806114912396	-0.203886613635279	-2.0446932450519375	-4.046824483123181	2.492684540885698	2.6788933206401855	-2.281847952002401	-0.7728246335832597
DG0429	18.56745747008218	-1.0187550760808861	1.4389711058550665	-0.11224532627274464	0.8679488952176733	-3.2486723319582635	-8.324680744242524	1.9154828526205883	-1.6606714712838555	0.3149833568591863
DG0430	20.127407365467082	-0.015262416437046483	5.9894638284817425	-1.042901193751423	-1.5402326087192069	4.465617719110163	1.84012545768468	4.493554792798238	5.825483396352454	1.206691909061417
DG0431	-12.367728106409055	1.0137825293857436	1.2234999428364617	-3.8614206184459845	-0.41272785136015033	-2.9980697016641553	-2.4204332310240977	-1.8388970920632128	-0.4778289525633116	1.8843775359803607
DG0432	-11.713556741560636	3.2767532480341908	-3.867136771318357	2.305944474592023	-0.5442935754525011	2.5947999656449747	2.6525470952641874	2.205318106523533	-3.3037743557273784	-0.9789968619929119
DG0433	-10.87260779303063	-0.8836962862489031	1.5078900940543905	0.5183663363820773	-3.078167739990841	1.5672039721253563	-1.4690268115672938	-1.4518382117318889	0.7628753311924391	-1.7869967475079493
DG0434	-12.719954974662969	-1.6829278247352253	-0.5585628185230211	-0.9642882026808164	2.5220303339605024	-0.5455641361385696	1.4429589230807964	1.7713753378760542	2.170148606267222	0.17400002718863294
DG0435	19.81666293510303	1.8973200498905383	3.9906208897350766	5.363003926372459	0.01478275906920945	1.3199243839460333	-0.025598478437099517	8.909224275068702	-1.8532418184140351	-1.606587314498794
DG0436	-11.906236339383812	-2.786617819711621	-0.8046288347254337	1.0834408001802953	5.95295536904073	3.357449530590777	-1.2566946862695314	0.4462172200921919	1.4485252746138642	0.18032227512786897
DG0437	-11.932605565413644	3.759625915883624	-2.9723810859332573	-1.0733957592016488	-3.50583281236424	0.8221523004950435	-3.581725125083965	-4.077742135054159	2.30164583977618	2.3835961991907353
DG0438	-13.325330188582448	-2.62707058383116	0.49145736553236935	0.051479965824832635	-0.15898688625320717	-2.6463280467603196	0.4644901216582249	-3.4418413692787886	1.3556753464287823	0.10498767454657162
DG0439	-12.51109728221765	-4.595781842540366	-0.3024210719476441	3.925073729433823	0.7856191349109622	2.244253443195944	1.9366078276107852	-3.9275702231434497	1.0832197980513825	-1.5178286969636496
DG0440	17.66854568720583	1.6794564997975936	-1.8473815354771577	0.16806515327610283	-1.9959376091079648	0.4027571175637362	-0.4752093032477871	-0.9500344368160086	-5.524509917157032	-2.364323972179333
DG0441	-11.828107564151196	2.1614672814004967	-2.156622918960487	-1.1153919639268257	1.885038987108466	1.579345093642485	3.9088228481144736	-0.9024995407303239	1.1413484795130717	4.14292570418218
DG0442	20.131291591008793	1.7471145658475336	-3.48811322062298	2.0794725453232665	-5.800040078398304	-4.541246531695261	-2.8183384726157477	-0.23986775261196325	1.1735553994312786	5.993107612696901
DG0443	-12.964333645293618	1.4353655679145099	4.155602035528476	-5.205855235166906	-0.46422110567778097	-0.7542882107448317	-1.685083347033995	1.6694195667170748	0.2133422998951685	5.62280369823692
DG0444	19.558693708270212	-2.962414729197684	-1.8020205125711564	0.18183523293407564	-2.74851519206109	0.9486942888403617	1.668120296502281	1.395788545722936	0.3363890052017513	0.12906493196311292
DG0445	-10.86358284613046	1.6765019720150827	4.784664558847127	3.287548230711543	-1.4519860468899322	-0.31028344419097825	-1.9618518202221888	0.937997794019982	0.7824826797796465	-1.0413827393918782
DG0446	18.941720926435305	-2.151145764684294	4.338769052136568	0.3811476764197386	-4.806772491087999	0.8380566511472443	2.547633922163491	-1.5297114826765108	5.064771639702253	-0.8334160819833696
DG0447	21.0248415593379	5.577911395432689	1.9676073299236454	0.9111959894330105	0.7534217754541985	1.8649046876043454	1.5463483776499458	1.9352877164561968	6.7955927099594655	-1.720839796460152
DG0448	-11.356477868144209	0.7457623507152719	0.06682469061336148	-1.2313195765611584	2.6739471036566407	2.7479752504204145	2.523999434432521	1.314650450910218	-1.7679693680134911	-0.8259528547302298
DG0449	19.080147692626745	0.05823738691345001	-1.185565459171562	-3.5137735449671097	-2.4041467461787294	-6.318605553987415	0.5275930168997424	-1.9034015884395303	1.0710402648294712	-4.245325985442546
DG0450	19.47050861399461	2.5273086266882725	0.7859380696546251	-2.4453059577360907	-2.266644308191707	-4.71012816999728	-2.0272998726295923	-5.278081915363652	3.2320482195239855	6.070051356911167
DG0451	-10.434127740057106	-2.718647746678688	-0.9019332849542394	-0.9048323814905022	3.836566098221121	2.0314053426899146	-0.3530957711142769	-7.435813893800997	1.1215822692453739	-0.7275377060822775
DG0452	20.929402453551702	3.480603669209127	-1.3505011995295664	-1.4405039695229747	1.6990255244231445	-0.8335424490127648	2.0404047174524305	2.493227247543661	-2.8198821091792325	-1.3980762225481753
DG0453	-12.213077551579183	-3.354046933269098	-0.1951220984586795	3.030686289430002	-0.7616686286063956	-4.734911966758819	-4.204560973465687	2.302836415139461	-4.216926744079017	1.1415268004392396
DG0454	-12.076039514493733	2.697603247491155	-2.5731381179624995	-1.1257179832523838	1.0022155129389052	0.262406671765746	4.190659356431814	5.413593242535699	-2.26290380610967	4.448526777513011
DG0455	21.79378361316996	-1.894719832997364	1.4240404888187161	2.4886399364486884	-4.729029843799332	5.1016788732064935	5.959437240635488	-6.196296745138591	-3.708803458871184	3.2141365222718234
DG0456	-10.793371758287496	2.5925937138914272	4.401053209447978	-4.446911977488081	3.2608166015794042	4.874878093201092	4.716951793711891	-3.5410049812225903	-4.664606569788628	-0.5901287251964716
DG0457	19.68134902668879	4.3669753253161385	-3.5574531927804576	-0.9500079989812262	1.301876616041716	-4.132463929080325	-3.5914003419239084	-2.030261336437572	-2.7755085038079343	-3.0069133295645365
DG0458	-12.281516370566118	-0.5644677911267357	0.5609429996688124	-1.5574471767457032	-2.1128137257634894	-0.5214917647775913	-4.677820092445237	-1.9220334829296244	0.2561230407224907	2.8605074475230574
DG0459	20.14770957794659	0.8054568749582945	2.4617905095364763	7.311338966451534	1.9392119075344094	-1.0375032155197286	-3.966057080349145	1.6567351477339005	4.502761056181024	-0.9482195672700242
DG0460	19.861316626608446	1.6766602035321487	-3.4654397330418414	3.0202136238562396	8.20875796609165	1.1275193776144268	-1.2597068070152333	4.145762766298127	10.334773944856195	-0.9947782481348726
DG0461	20.242708802125804	-3.770250702622645	-2.954016867787968	-3.788095657792003	3.9899921131947784	0.5391895316756103	1.0399271735201676	-0.9905577019180802	-1.1759737141580637	-7.318691196695562
DG0462	17.95803674214648	-0.2959089868044725	2.900173602048728	4.194966417722334	-3.684475920909903	-1.2336735889880028	-1.9866241399602749	0.8137875176135705	-8.643932826947776	-3.7592453485264747
DG0463	-13.180062474088343	5.147827876606146	-4.431082197984813	1.1034071213994827	1.7983700649930348	-4.25188046821456	1.632953038285169	2.7400061159788445	3.0994040737812045	3.748072047608994
DG0464	-10.81750712818939	7.516196011997859	4.131053147213253	3.042619394010796	1.363148061122321	-2.1198945234962494	-2.865203554792305	-2.6748205954806776	2.0453580555724415	5.155114421862809
DG0465	-11.83640554620622	3.701060736648879	-0.5441289257522799	-0.8384619511842639	6.331276531092941	-4.230889238409144	-0.42540072524006645	-0.8118251082858983	-1.2784656159553414	4.21635820193045
DG0466	-12.322776055031666	3.5679815913772006	-0.0810814932226909	2.191695625990826	1.452744995160852	6.464675970635143	-1.7394308093657946	1.7660704242851881	-0.8514899309977241	-0.8786815869076007
DG0467	-13.048431802964187	-0.7020115976169776	1.9795655187814851	-2.7374933838921995	-2.7769907221734607	1.8679907228734303	2.985709700738815	-3.884087913594514	-1.3449595327958555	-3.228208872775311
DG0468	-12.929951055421538	-1.2552679783928307	-2.9594796019717977	-0.38435413003709396	1.3459333409667795	-4.189617460472748	2.885444185451844	4.075390431387725	-3.9622586286737733	-0.4982132829792658
DG0469	-12.345026381841972	3.2019319293937882	4.028102403718564	3.0539947966012364	0.9758625901126292	0.03433641171625511	-1.3226189066397054	-4.343480229489978	2.026141359507057	-1.2206774710631119
DG0470	17.611760065806205	-2.8129116233396996	7.538256015760454	-7.957192504585944	-2.5128147054784225	3.3059343303806203	0.9846978152201997	3.1289482864470406	5.639536437299729	-3.2255992275664784
DG0471	-11.647909524898807	3.026829759856831	1.7784569198740097	4.0676849802302035	1.2355694652950213	-3.517543825727674	-0.6474015846422028	1.7886586507674658	2.691722798956123	-2.16945424499728
DG0472	20.34406097453987	-0.9762852810666149	4.8143298660282055	-2.826833844630789	-1.8399179380985016	0.42217493654376514	2.712308690326329	-2.6064801990798028	3.156588398017571	2.986168981700238
DG0473	-12.067746688243744	3.765603868407264	6.053070993161373	1.2889089786124879	-1.3965011512236054	5.742135867220729	0.09173833702509746	-2.9400094712218334	0.14749057708211455	-0.11326941978709527
DG0474	20.9915940901269	1.1533736976885538	2.0572220126419842	0.015513792741019009	1.974687071753443	3.162311936006931	-3.301666330860867	-1.6290404707249169	-0.9667063036955776	-5.700738719996591
DG0475	19.11512847057991	2.058316471280494	-0.5158726290251224	-1.070846359276022	0.16240565639800275	1.047660848711773	0.7782664480654325	4.014887121568657	-2.168246989883328	4.628936846592227
DG0476	-13.667021523006607	-3.810943324082579	-2.355221864283454	1.9076856524562233	-1.615611655231484	0.25204987992331673	0.8595274654376427	1.5987127846800744	3.5475855358438366	2.2953982163011766
DG0477	-11.119513330178954	0.801926558061495	-1.5512627236163372	-1.7889544044218408	-0.8333691825964593	0.5232638956465826	3.3427688429242193	-0.16495539984659857	-2.626101835065062	2.856530366191767
DG0478	-10.817225203453216	1.3891920026732674	6.010374440176221	0.9305089399824925	-3.3135678146690815	-4.5094328893733335	1.1821321368638915	2.0935261563299608	0.3549199850063284	-3.706560988368912
DG0479	-11.441805690631242	-1.68343350134942	-2.2476174664083324	-3.251430240063904	4.0289221465058835	-0.69430776495576	-3.8328119435117154	3.562697959144189	-1.98479823135284	0.17162926820863225
DG0480	-10.91517501699593	2.2542279973173334	-2.107165088268813	-5.711053393067233	2.675593381790596	-2.8650315262995254	-1.6039263822482508	-4.4571455431283935	5.04131627431026	-2.0117472729480252
DG0481	-9.976422525239892	-4.342545977092307	-1.7281592374679802	4.833482059507833	-2.434113043720827	5.367714941023171	-0.9316688432466567	1.5329013332352595	3.8788045728851768	-2.518105912115914
DG0482	-9.716808099573196	0.5706074849231846	4.729919201165405	0.7402248062326199	4.516680685650244	0.8621640985479443	1.4821210356551673	-1.3287093383188069	0.6126178667151325	0.3845373565447081
DG0483	-11.057738987710849	2.461060708558206	-0.4773173570716226	4.698445366845701	4.313614363059159	-0.1753559761344716	2.124879875244632	-3.1260558805184004	-0.07750476665767143	-2.68240353723817
DG0484	-10.684651864122168	1.1181487959055763	-0.30206173274049564	-4.971016267574476	0.019943472236093204	-3.8306694901307625	-1.8191345927342786	0.27821952332303235	-2.6675755958647636	3.5842792596198443
DG0485	-12.824610134276394	0.7616968483469766	-0.14632110585857547	0.3882050577779973	-2.691314489000671	-2.444034210328971	1.4685452946359667	-3.7361208639198447	1.194646894061002	1.8334642702036839
DG0486	20.289156435399256	1.795869093464724	3.149998889393781	-0.5945974209628375	-0.6860350500066924	2.454673036261204	-4.029109130670264	2.2771522784853184	-2.293521547355728	0.305182519869913
DG0487	-11.02740133291471	0.8444641458453557	2.841193512420827	0.308387535096538	-0.8834813160886555	2.3128276589515835	-0.7884314469749337	4.961598600231568	-2.209704202975033	0.5763855880899187
DG0488	-11.225266646269086	0.7257669781331417	0.35845014445254864	0.8459588205456139	-2.3151473965046407	-2.4199665484815553	0.13834038672631882	-2.1315515571617856	-3.8606201303538916	3.090166617854524
DG0489	-12.48215926083279	2.7764858055479706	2.529438424859046	-0.08155053443352628	3.205420251067091	2.8141054530547707	1.611642333560052	-1.5328665421964058	-2.8911699765057035	3.9144275156300354
DG0490	20.984207446626648	-2.153770753293281	-3.9097928621548386	0.849593383807393	-0.9316678110905223	-1.9524647766500636	0.8156130327759679	0.7148335468099357	-2.2844927393841097	4.781321839547523
DG0491	20.927588981449777	-1.6832909843822152	-2.8848307387209804	0.447687405131272	-3.543541794929382	7.498055445263799	-3.0628893262361396	0.15899019483840415	7.414529685414408	-2.7482225562138876
DG0492	20.30113357789705	-4.3397594408841	-6.116562917987087	1.6537190132458135	-0.13191337674538645	0.36430663379645534	-0.29045758282870254	-1.6669821150045552	-0.47219670332392427	2.8546179975718364
DG0493	19.669852927803873	-2.38017416942918	-4.256756613615358	0.004627160732242619	-1.3258517333018978	0.08450456184422867	-4.76108715104675	-5.899712483454754	1.327217496353644	5.119560491477174
DG0494	-11.373039386818855	2.1920804081481737	-0.7043088471156258	1.3949742020962175	-3.774877593292389	-1.8805429672763159	0.6773703672712743	-1.3682663500152747	1.82926318330183	3.9159325981611985
DG0495	19.186498749767225	3.0144882003923477	-2.604887989894839	5.895678245393946	-0.6799725745275232	-4.4284614492846925	-5.648961236441502	-0.16838364062888367	0.8607297319710298	2.3380282740581015
DG0496	-10.879862416304386	1.1473343839691226	1.6595924022721817	-1.282273541253095	1.53843633191961	2.6207982904870994	0.4880070587058133	-4.909649571155563	-0.7726313225508652	0.37058000612576103
DG0497	-11.656699175652648	1.8217619141554944	4.303776892371139	4.078868177781513	-1.7057775263345496	-1.4575954183357662	-0.13118161206948883	-0.43712758106413657	-0.7890104207705251	-3.7122518483701366
DG0498	18.156033293107193	-0.08261268650829623	3.3141053749798592	-3.5759754976055413	1.3660895146541208	6.7239648709657995	-1.4391100298641595	1.3446000596625851	2.5594150712883406	0.04584176410122695
DG0499	20.546328130098395	-2.688115993921924	-1.349079553771255	3.764213648596594	4.924975269572889	3.8068690765088546	0.5591414057536646	-2.9641270063312706	4.085953265817314	1.6321067771193944
DG0500	-10.85420195351131	-2.4906265995452883	0.006107920686937482	-2.1784165520133256	4.547412296428126	1.413459971887993	1.3154942370326537	-2.179607790112352	-0.7704677011234391	-2.7100793259776674
DG0501	-11.007442747122083	-0.8630962200676412	-1.6940791870381464	-0.24561516680894335	0.937399081517925	4.070804263717471	-5.362277668837436	-2.4100211562826375	2.496979585198911	-3.994589972237264
DG0502	-10.253844806339355	-1.8516650734172726	0.2289811538148023	2.1367462148549503	4.524718904493201	2.8961402325590058	3.2139907250621325	4.417188861152007	0.8232394465614425	0.5185066570880943
DG0503	-13.386574063840234	3.346086372700177	-0.3259394680161503	-2.600602309831821	-1.8609655785673436	3.3435798179651006	-0.9663835303563285	2.3995626271273514	2.3571404777677687	-2.7752479731312585
DG0504	21.87341421386516	3.2633872238492256	-0.7166829949485299	3.8866824792191266	2.6089023256750683	-2.581888052884362	-3.6313535579404066	-1.685339635569274	7.368358163694491	-4.093542103256737
DG0505	20.44876675183606	5.491210207090897	-0.285824194965561	-2.331182389580732	-0.2282254202727255	-2.7376015140100276	5.274404599727469	0.27694919055317035	1.8827387233090995	-1.4408404741484313
DG0506	-10.736474823821931	0.6009480119198527	1.6421233235297277	-5.939143046740453	4.415304157250961	-3.5449917596301512	-1.2638654411457184	3.906027664704618	0.31268570088658865	-0.42438097772440336
DG0507	21.54287201487641	-3.0997937165184126	2.796139878097279	0.23892068889699952	6.865752637514244	-0.35862592854767367	-2.6694638317215045	0.360182119274198	-0.13311590464478185	5.527578413174059
DG0508	19.724983375708582	0.17792788622738584	-3.849207808107483	-2.789293263730588	-3.530365174149317	8.276096608281073	1.4042192158652875	0.7700785794767643	-4.00708003275805	-4.337048169042199
DG0509	-11.234288534452912	0.3220154402911254	0.9510877990413583	4.9138646623571915	0.2596590602399521	0.9784731198996263	4.2235482207507635	-1.479079102745341	2.99071341168735	3.273573130019859
DG0510	19.2019894564111	0.4261900849286201	2.0732634127420546	-6.884093659711149	5.845088577893432	4.1882227439261275	-5.352364394844439	0.6669765034622333	-1.0049517134804118	-2.7827928299045324
DG0511	-12.58408229748049	2.1375791314237014	2.85865144107581	-4.283289232087097	0.8197606040554077	-3.3687909951077954	2.890068037780673	3.583095778914802	4.061855608968224	2.502165585507977
DG0512	-11.007504534514432	1.0891498021328323	-1.6186376397473494	2.5256068794295223	1.387988663351879	-1.2209562621801653	0.6189960299451506	-6.3015062434729305	-1.6349611449785015	-2.403106522251763
DG0513	-9.69290598483696	5.116075093440489	-4.734596353585111	-1.8849634697230926	-3.5331004071464456	0.6042750354376891	0.7146237191552003	-1.7780379491248115	-3.2427330398536625	-2.1458264622076917
DG0514	-11.543523599597304	0.33034335528892167	4.034116810701753	2.0624058968678307	2.316225315619107	-0.8044592792581002	4.12254233833596	-0.8412907280248544	-2.252737815480171	2.1907403842224733
DG0515	20.333654069751066	7.642580117793988	-4.772903267149137	-0.3929183252113587	-0.7104984424128609	-3.9332326952654046	4.0229706385758925	4.919557028396771	-1.7202185994465198	4.790440289622667
DG0516	19.904846987159765	9.251173575452983	3.400186358570032	5.176003807000113	2.4126119270157127	-1.5371364724162206	-0.54783804955131	4.343387776012955	0.8617812137405259	-5.301225611984554
DG0517	-10.619992216104317	-1.8274263395210206	-0.4539191713635386	3.3328808367450335	-1.5092902230332101	-2.7173210560496988	-3.1001721016922894	5.345434544837656	0.2595480820154631	-0.5962908006560349
DG0518	20.883600578984076	2.136430388658997	0.5956940090255003	-2.40643409777912	-3.5819604646181404	-1.1769763842398713	0.13836115196781867	-3.1478714403767047	2.1696241895812185	-7.403955499182948
DG0519	20.272853573628783	-2.6822231639173704	-3.9804916207602212	3.3649980203279526	1.0772062482886045	-2.179744045552266	-2.160733483730916	0.6005408895425248	3.0361731033215054	2.1090768016839356
DG0520	20.21599068642439	0.48984194745587634	3.0113590928594998	1.059332861450529	-4.446777964226657	-6.459755508631233	4.730599801954694	-3.367170498174997	-0.8487534620221274	1.575965220239564
DG0521	21.11859573267267	1.0265223846819493	-4.880737728164384	-0.6565022005220864	4.694520377668503	-0.969561448078056	-0.19418223714112487	3.6852036889751796	1.8077660790137218	-2.675783573774869
DG0522	-12.524743425166324	3.6519677339822643	-4.455118044180378	1.507924861369215	-0.23170695461559865	-0.22317798705300462	1.1434136689635812	2.0564360347309854	3.817852253634914	-1.529384911341131
DG0523	17.108450336076586	0.8953162512225944	-3.7562508104741434	0.880824853932792	5.507334871063654	-1.467672801346261	-1.4012271233048177	7.718098126149386	-2.1606578970781904	3.8253945680102417
DG0524	-12.144267874979763	0.10176624476475143	-1.9478140657705665	1.061632818765832	-0.07304062675869899	3.239481034140297	2.959176266011971	0.9926104434982452	-1.5388903121114326	0.2701547392720685
DG0525	19.34705942136052	-0.7441051394220255	5.9006591073323635	0.6429476794915652	3.555425039408948	1.3492516390828748	-2.5811952147979267	0.43509401307499895	0.5986604392344017	0.9164564597048945
DG0526	-10.88048299040166	-0.9713943566784877	-6.59481072369148	3.561451554247083	-0.14913104620673517	-1.2532148743234983	0.01124014751512789	-4.776707104731546	-3.58582312445636	-2.9361048849763587
DG0527	19.516898649437287	2.1078902812600733	0.36588990261098026	-0.18263329671121858	-9.426259980574754	-8.782325109266363	3.957385616493746	2.074543100815957	-6.728749881912358	-1.0492574235751972
DG0528	-11.914083229605348	6.892928324569797	4.421970339647529	4.755210198742338	-0.9968946791552347	1.4840869152792078	-0.3458805292256772	1.3395539724151213	3.616295818305555	-2.7840684261350006
DG0529	21.218952885487685	-6.73647177777243	5.054248497865992	0.9248568862173054	-0.9041175728122748	-2.2164945975835213	4.317704381008215	5.212531580075426	5.26162676930845	4.714642870818836
DG0530	21.061963675215743	-3.7056578184632056	1.7772950623991581	-1.3800006363273944	3.22712598530755	5.7603299607339595	-6.658116377305703	1.0353522865090472	3.822433568213562	5.103602556578431
DG0531	19.687402946926586	-5.182866826401794	-1.238951239691388	-3.841847758104891	-2.021703178112978	1.953186578312769	-5.187035484151694	-3.422583151082646	4.358518270675011	-4.992851868860793
DG0532	20.085235580524632	0.801257062771106	3.246500696314907	-4.038452845958946	6.500183578929227	4.741069328686475	-1.5377091877009452	5.000455145129747	-0.32190634297753873	1.8956353698800832
DG0533	17.583479774404015	-0.6456180527105835	-2.506788376787843	0.43210741615118115	1.3859612061987698	1.6739343165222287	-0.11661600664016315	-1.2786794294679615	-0.7164969330722556	0.9720745630645936
DG0534	-10.717714918419006	-4.76266088723991	-1.3429022171354505	5.052475705509101	4.590196635876148	0.9843962631528265	0.8764474762591161	-3.3998344746616906	-5.011079529454189	-2.107625324094508
DG0535	-11.279861467515303	1.613902157173859	-2.343359407361965	-3.1270226062013915	0.029316528009625052	-0.5312622952769335	1.2006455871143442	3.309971248544152	-2.675489159583976	-1.1922758129571995
DG0536	-10.608055480101994	-0.393043976716095	-4.6292225711444726	2.1570968488642794	0.05564309467037441	2.4495260388359936	1.3230508036644166	-4.332175639108638	3.503148266622725	0.6239845424289344
DG0537	20.33826674965661	0.3391662195808908	-2.650605182613642	-0.3130508744767009	-2.2129554882877285	-3.519952933957148	0.053653199635671806	-1.6308831935084906	-0.9856314876139751	5.3956275997937055
DG0538	21.381980841816272	-6.852065556920518	-5.377237848605482	0.1665029143524207	-4.377048990405108	0.7147003829616834	4.077359299119933	2.7266286654293754	-1.9837471124480694	-0.7969592312155088
DG0539	-10.942107446676435	0.040266501856714765	-0.8928894928062312	-4.974345117410516	-2.0033662540716617	0.1873905609354071	-1.2861602195176915	0.25299203334930004	-2.1302732475646615	1.25422486367416
DG0540	-10.910644426786641	-0.24464863279627375	1.5798514334058398	0.12227195806313051	-4.278279853759881	0.04383021231615383	0.9741065677229639	-3.042644780882585	1.5322383491893161	-4.397380059731361
DG0541	-11.88247942702619	3.2995410257840203	0.41765375780655745	-2.9561357490580797	4.59488267435787	4.32071646145811	3.329682465252524	-2.263993657935841	-3.030774620073744	-3.344586309464809
DG0542	-12.276160287355552	-1.409747703598686	-0.12959038511247123	0.8584712354690784	0.8616946389354154	3.843640547885477	0.39622756481511834	-1.6630517699275351	-2.9099487452487627	-2.745121424429041
DG0543	-10.981419053239918	3.3806447484031064	2.893246814256304	-3.6237917989911317	1.171253541697362	0.23569105718106653	-0.7086890672549578	0.9226701848454162	-2.2542786119578238	-2.047427349014962
DG0544	22.48219028318102	1.9892180245794866	7.299756471587283	-3.809783388767602	-0.8138800606950383	-6.586393788823543	1.621795355948393	1.635857444981433	-6.7456588778561315	-0.37934556781996487
DG0545	-13.320147040872467	4.869221878162115	0.2609677968582473	-0.6345590636091321	-2.760240637131508	-3.288734026091511	0.6789199049372081	-0.9775159094353872	2.58513592114981	-3.0241474800401167
DG0546	20.655603490421765	-0.9610136165061562	-1.3668232667650708	0.5244873891144725	-4.407659091308075	-4.083556836855892	3.201622799851557	1.0928167222915295	-0.7018816759304363	1.0460153089249977
DG0547	-10.952804735332005	-0.1709625285269386	4.568895558706145	-4.485904768204852	-2.2625570414666263	-1.889373566191938	-4.1285746446935185	-0.4286039378344941	-0.9384102101405939	-1.2744921787244259
DG0548	-12.14129956745086	-3.1295595671982284	-4.143718525095312	-5.088429102202587	-0.0285408707405303	-3.4874219788859517	-4.111392933096921	4.3843728081735085	-2.408396583561707	-0.20285548324382638
DG0549	-10.136350810723448	-0.21665265505038467	-2.71989208408057	4.707590437065031	-0.06270859481942517	-0.060963425937857994	0.24870346938641258	1.279626406253167	4.753361719588673	-2.2057565338797405
DG0550	21.088072423881286	0.4918747347369771	4.203698350983524	6.342774343124731	-0.8401395281621721	-4.007874401978828	-5.360196901744934	-0.30526849125247263	2.4188476074209433	2.806031928785943
DG0551	-14.154748645817053	-3.641528783844374	-0.872842410776244	6.272435513451642	2.5082485538661206	-3.710650171817506	-1.529753935694484	0.12121173428154705	1.3756949474631017	5.046025591295628
DG0552	-10.74864857075223	-1.2427311756237909	1.1792370513429185	0.710345235129636	0.5490048495347122	-4.509813499365156	8.834609382469358	-4.555799921451395	2.3982222980220693	-0.8151917366480613
DG0553	20.159578619660408	3.811129057639568	-0.33799183106030123	-5.135809550076849	3.638457146583284	7.871107935073155	0.01625241735512839	-7.229363725282382	5.675364323107927	2.426851668424507
DG0554	-11.599112914501903	3.6969446678373377	-1.5612962340523533	-2.4546665715147777	5.243941418425806	-3.5402186845275363	7.160775887977339	-0.9045206989232761	4.187685543531642	-3.2531796089319904
DG0555	19.407735468745294	-2.047110256711989	-0.6772189628549437	-3.456378396824781	-3.2532546624182808	-2.410592608227653	6.7055116667038375	0.08196452223615541	5.1226149021806116	3.830260002578551
DG0556	-11.035682153186151	0.6016908530796591	-5.320652052090751	-4.460645589788199	-2.931578937243332	2.9576062128947216	-1.8586035426118686	0.6829795221697472	3.6206442541658674	4.245237761305726
DG0557	18.967750039345358	1.4251324444388123	-5.184204584146138	0.9702868986036739	-4.4604773887556295	3.6658304596156266	-4.460690393544438	2.1964260723061484	0.3604870645349457	0.9839723030610457
DG0558	-11.4204608357528	-3.7926158771287755	0.46731990251491723	4.060415589178591	-2.4062260849572	6.5038599553305705	-0.12723907793608513	1.7108937292966626	1.227927900927912	-2.3458303944333845
DG0559	-11.427470202027862	3.1007712615196574	0.9792281229656933	-0.9496246503506485	2.0353123526631296	0.20955915759762836	5.530051960516659	-1.9751995449701973	-1.1250062590154037	-0.8707125450385592
DG0560	19.059244825122455	0.8072226369650075	-3.026724451738119	-1.0494374340876083	-4.604138290251952	-5.4365946773730816	2.5447824372072616	1.429354916534066	-3.817086448828949	-2.168345730337628
DG0561	19.600861837887678	0.7414758152235904	1.4316719383372223	-0.42411101699263126	-4.8882151070629005	2.372909078417041	-1.2141410310922303	1.143978195454941	-5.5178700973444705	-8.351899584113514
DG0562	20.13051508972983	-3.378041039034726	1.4902262129722779	1.322224377692915	-1.7058093605550004	-0.5628613446807353	-2.4338573253128617	8.083673650695067	2.601601289844152	0.07620879870089668
DG0563	19.060809865026236	-0.5992161814856026	3.18282215739956	-1.4907180996242255	1.9376779476857426	-2.895131608594933	1.8035099019005996	1.1956747044915297	1.056364468907628	3.6895550945479596
DG0564	19.47870610962956	3.0278397794067455	0.7311209513951258	2.0706858977843186	-2.789568797497993	-3.6451111638757436	5.680098576696119	3.0860733383290535	4.67357076383083	-3.4403007707445825
DG0565	17.992790368753667	3.2251916513382337	-4.530458666821763	2.5348717008872343	-2.037254067968089	1.6484461470485112	-3.2554557683720904	0.26099066827776624	-2.6473788131980767	2.1924219500345354
DG0566	-11.27558819651952	0.9412028560709961	6.646164268043603	1.1617974019645687	-0.8679894222262518	0.12270859405224607	3.6281861663348813	3.9352360023093063	4.315868564719071	-2.0739163794872195
DG0567	-11.851079029052563	-2.5065178542810935	5.835288146340025	2.1606048518861867	-4.173281639203482	-1.312744952839658	-1.698375942351094	0.6234436132907607	-2.9979237536773877	1.8070846033404515
DG0568	20.10420605361655	-4.139915726816933	4.479856711336934	-5.5119092925706	1.9008454134471797	0.07871229383214906	0.30485692385821567	3.0918330228847704	4.9046146266190505	-7.3144001522717526
DG0569	-12.536056619064382	-5.865199388950358	-0.9731568724553606	4.9714225250303254	2.3979159844438875	-1.380182349517845	-6.087980812395441	-5.391211321854809	-2.129354118276871	-1.052167783983925
DG0570	-10.683837218390387	-3.777447152599985	1.71604537110698	4.8023436092066785	-2.5832488958079765	-0.3293193722198008	3.881167072842047	1.7135749464704428	2.5887817807145037	1.17478298444453
DG0571	-13.787699344431491	2.817384978533003	3.455083199756567	-4.424804636001347	1.6942907637982665	-1.9274457994974261	-4.725818840231378	-0.17422947868832134	3.6258211358424117	0.23118091323045217
DG0572	-11.64404610385726	-4.614729161166282	-6.391224598584266	-4.349550103430509	3.733592256908522	-1.5516443474395007	3.1561172375245956	0.9332672025688404	0.48142694906281297	-4.713856771397569
DG0573	-12.762079598117195	0.3747885532634071	6.614618427552962	-2.2198029699176054	-0.9674704367585164	-2.381964154351281	-0.398932012489281	0.9515995549015133	-2.2161072900847585	2.027998232351507
DG0574	-10.307069808871345	3.479261815115858	-1.2814834127579722	-6.234932533060106	-0.09034503192181938	-2.306011993030938	2.393744621116257	3.093867579233	-2.7562394894008246	-2.65254702830074
DG0575	-11.69407736084255	-0.6574993652674685	0.3323954475571929	-0.47738731022817765	3.502507245093911	-1.2859745613815226	-0.9722797135589563	-1.2756813116937293	0.705146590344626	0.5244340338060738
DG0576	20.480898583142004	0.46380033550958955	3.9963229741316844	-1.19041854591328	7.745225123835104	-2.6393370607735336	6.043616679754607	-0.559443043621106	1.8459860549589828	-0.8988610736639292
DG0577	19.3072296142924	-5.951142792691915	-3.175947545207083	1.5878824303157135	-3.209081461377772	0.9542933713776085	-2.502055391463922	0.4557564853536349	0.6232493807118117	-3.208487704551503
DG0578	20.750127714158385	-5.156005035174456	0.6842684878044814	0.5751932841688789	1.2868700046805093	1.4389898871025537	0.03923382032130529	3.9191022465287646	-2.545804471278308	-0.391441890740552
DG0579	20.73701451240239	-0.5949050710148582	6.825757996017694	1.550260285557107	4.289869614460434	0.055143197425977286	-0.20854946244134215	-5.688168315822886	-1.7168799826106305	2.149090972390829
DG0580	19.181178550893186	2.207310201118572	0.09940274958660841	-0.10306757689544845	-9.276829627329326	3.7183048572821815	-0.7682716346166844	-1.4713502919201433	-5.726126003802055	3.6085774058825075
DG0581	19.929886168713377	-1.2135063911910282	3.2382000640618043	0.26341534906077024	2.411008181939178	-0.6620809635669899	4.206556258316739	3.769641202914795	3.051869074487044	3.0048091099829497
DG0582	-12.502796671384534	-2.599602263256158	0.7867235832705235	0.531065032044628	3.0780492027443764	-3.7465188022414573	-0.5424956774884024	1.751520074246459	-0.1631162692610315	-2.1749929027644193
DG0583	-12.663153159664812	-2.702110141253633	-1.0874032107023053	-3.2227778240005156	3.713218924411936	-2.626304441972363	-0.700473531431374	-2.7485019016316192	1.869127835706924	3.0102116919356305
DG0584	-11.217935222414026	3.36628494111475	-11.443303974715976	2.884089450914604	5.851229141702162	-0.98728087671592	-0.1748150590008581	-8.144846464816082	-2.0035981637375215	0.47082206086736467
DG0585	20.888040129083706	2.9691147215248614	-2.8577334859736663	4.177707396958481	-1.374133860027863	0.3267274237612928	1.9737497377569635	2.1189227286599897	-4.910454689676433	1.4572921355243376
DG0586	-10.783911481846992	-0.8792511192738754	-4.350535284933078	-2.158367671735136	-2.8815956146486963	2.672059405259231	-0.8762899721792055	1.8704310826294421	-0.28129066762247024	-1.6125647669198988
DG0587	18.39956819196281	0.9427611377928644	-1.3621163046570322	7.388266395041577	0.09519400304643369	-1.8731526445828464	-3.482112357492316	0.06032262391601656	-2.647183221197856	-1.6057804209150692
DG0588	-11.127698501231535	2.278772473541132	0.8806430985924684	3.934426401074392	0.9441654273044446	0.595220717024643	-0.6141963546132817	1.0514382710591785	-4.334745022634886	0.08045752452587579
DG0589	-12.196704696381511	-0.5022920025612878	1.60961637116893	-3.173199281737899	-4.3645238085609765	0.19628433024251277	2.1157563250019606	-0.40748699091201723	-2.5155792843921687	-0.20124922371795237
DG0590	-12.124229078635734	4.938005708004614	-1.3590883904110276	2.2598385371775724	-1.7256031523981255	-0.5038486096761985	-0.07941049756878557	1.3555416893715684	3.7316859301673575	-8.119033302957885
DG0591	-10.938391740318245	-1.2769650223230564	3.292209657624369	3.624606713139393	-1.2809017276223933	2.0842737463334484	0.17647971350295005	0.1321127445085895	-1.8163606392273783	2.7966890765129317
DG0592	-10.701388836169729	0.13375836870666494	-1.2030189825334965	-1.0806995078078474	-3.1799305770315667	-1.956448988830128	1.4088256786416309	-1.2510677398196985	1.6289720258391291	0.8956449278944709
DG0593	-11.65798847270318	-2.1745609821280607	-2.0880717343679835	-5.256348272222651	1.9179335138801	0.4096205106601718	-2.1842730717159364	6.263042862767369	3.0817178091211384	-5.429999161894929
DG0594	-13.392971453035713	7.438477842990589	0.21191437962858592	4.1383109692318785	-2.617743956042842	5.22020433953346	0.12234512102964792	3.41759245699413	1.0981622242372522	0.1929870183541323
DG0595	-10.200855256216649	-0.7342523119386405	-0.8192623876464088	2.0606384325240277	-0.8167378358976959	-4.282071145764584	-3.120169249895391	2.9601754827157962	-1.2086007559858285	-0.8859320221347176
DG0596	19.636686305012518	-3.434348809035471	-2.3815957358230913	-5.007705529866975	-4.295271139964034	-0.6491291806299418	1.2544884580855749	-6.465697413477203	2.641682894969891	-0.483330517885389
DG0597	-12.343742924674679	0.20119101368259473	-1.266981776460272	-3.1310047296932524	1.7133019736798791	-1.3665158136865436	-0.6588003576151038	2.455262462793644	-0.8620279530249855	1.2643469975657915
DG0598	-10.83831026400111	-1.9528671452988458	0.16655993078279133	-3.4020599286883035	-3.390082563639705	-1.6652017145368556	3.2317031838821713	0.14690481124641747	-2.8541653118107106	2.9640954368772636
DG0599	19.812578745151416	3.8323452668047064	-3.5542808652999254	-1.1518904343132208	-3.7451723916262623	-1.4561703687719767	-3.1748960489962097	-2.5366688836932068	-1.6338473532919098	-3.4588241567264095
DG0600	18.577465213625484	-1.4942824206422616	1.6929758849474825	-0.9726102943073296	2.7147536350539916	3.9539799109155163	-1.3758275998815443	-1.1634760004180278	0.19258992818436238	1.830285549569817
DG0601	-11.3575151887061	1.6101939533273542	-2.041668171191094	-1.7931816107916974	-1.0607011467832517	0.048257094313754856	0.7085765873926592	-2.3090841155285657	-2.869918070906942	7.049895742464468
DG0602	-11.923077179834653	0.5448320237977572	-2.743538237326872	0.7017773732094431	1.5029045977398687	0.6490799344877536	-1.8623633495118994	2.9036996833116	3.5644939588857025	-4.318494947250592
DG0603	-11.378469572708894	-4.030858063218006	1.7149637741800807	-6.643658068309872	-4.038995009779901	-2.81857546489857	4.551209857557692	-1.0556883422932821	-0.23594289817896325	-1.693260987306862
DG0604	-9.422640869762247	-2.2971674269180657	4.265369231659984	-1.565385887149448	-0.7136263582956953	4.156313148222767	-0.2636632402492981	1.0074040321341722	-0.7442239256931075	-1.0961695456973972
DG0605	-10.246712160830448	-1.5643108065389657	2.544093447179734	1.9227154445851111	-0.17891021480750233	-0.6684744056736105	-0.858480702973018	-1.8924373898092344	-0.0204463911654144	2.596714587718128
DG0606	-12.261577459178525	4.325946140276878	-0.8546910027894039	-0.8454074902506555	-0.2617455542170577	4.5408077772672355	-1.9072323335156598	-0.6723574557429542	-3.128087239402119	-1.482991159236176
DG0607	-10.915567886409775	0.4957718307945819	-3.692202763141301	-1.0935392160630149	-0.8703915238023695	-0.14852763332359045	-1.3918289876663354	-1.3752334675432443	0.8415241543122326	2.624086429559935
DG0608	-12.226485625271557	-0.5420020615819692	-1.6195427158921964	0.5076170366941344	-3.149682355918803	-2.9791354595345987	0.6990748602235121	-2.8176720675681657	-6.010760231355344	-0.23021883449647623
DG0609	-11.631115405847046	1.6870861223314637	1.176244319190183	-0.9985681914650755	1.4593663468399112	1.2866719520617838	-1.2025209516779365	1.5122133071175956	5.687015577289523	-3.9978069911828453
DG0610	18.511476745688146	-0.19880850158748498	0.8342935790318922	-1.681514343616014	1.186519325251183	0.10421919208882624	0.6214999555656822	1.2950177798240141	-5.438861311327349	-0.4064997955331685
DG0611	-11.501296819999387	0.9368929155424051	-3.1219681084778106	-1.3304674547875763	-1.0474487462534607	1.8128261674744157	-2.156554216194778	2.0792393749117677	-2.3947592325641707	4.106854829191156
DG0612	-9.898006782881922	-4.021291064984017	3.492210273051623	1.6532716908796166	-0.3346136308214608	-0.48964794255030064	-2.9728783178109803	-1.812233146887909	-0.8781160893556123	2.9581848007036924
DG0613	-10.442176499906092	-2.9901146904339706	2.9704663861361795	1.244156913228515	1.4824441137326738	2.0993567787938257	2.148515607863249	-3.4496434077500964	2.4620456608953276	-1.873722351723317
DG0614	-11.740645984182779	2.4885581913782824	-0.945496268514882	1.4922283266916399	-2.4724994919833985	-2.4146591548826803	-3.0369000648415145	-2.876926248576718	4.233697253800894	1.5452489396851594
DG0615	-10.919314665779881	-0.23452651825564388	-1.5520142024121528	1.6795012360834063	-0.827614393001018	-5.14265186916696	1.477926294079565	-3.7421773151159616	0.9191777130847676	-1.5924876842891236
DG0616	-11.257639832150073	1.5100160414050214	-1.6402414414630173	-0.3579567331545956	2.0451443430876632	0.20533326599207882	2.56468472791474	-6.550502456722138	0.045958342562309754	-1.163485460113744
DG0617	20.350542929679673	-4.509943777340989	-5.2855359438977985	-5.72752305150628	-1.5740119578991536	-4.234503886546832	-4.7050776224772095	1.930131104510264	-0.002496715730149285	-2.24336455791663
DG0618	20.487746786724475	0.3941608732600745	-1.1647438168860544	0.09895179268571634	3.1354767208948253	4.64677443070923	-1.6073382322212657	-1.6202057695493504	1.335387744063865	-1.329688654112783
DG0619	-13.578666904302695	-2.1624378920188634	5.780113018104586	0.5063554844757385	4.2143186939460255	-0.7538695448744085	3.226468673513323	-2.5411940256913947	1.9787388082424975	2.1961283230897717
DG0620	-12.082213659974556	2.4574700388273936	0.16305505686414068	0.0056714698407041575	-4.763258649167482	0.1297861045422913	-1.3774699392604517	-2.118968483768727	0.5793736983626225	-2.7431537384058355
DG0621	-9.671247057081565	-2.3444741092404864	1.688438829918468	-0.5096963203903538	0.8190019952134908	-2.8244527742830567	0.44356190288289554	0.1267108196287562	-2.8235320063643177	-2.5176728351041997
DG0622	-10.41929730194037	-1.940410645177613	3.611333406759116	0.7563175740200823	-0.15460440104908055	1.3518477247130534	-4.8581037578617705	2.043591908210531	1.9628070258741261	4.2560847951338046
DG0623	-10.4585933849432	-0.9524025141710932	0.38993542684105054	-0.26619670616354224	-0.494454303161301	5.181492905523497	-1.0350384225470448	-0.7679117160092187	-2.2922270255152783	1.6508036869169176
DG0624	20.148765922250874	-1.678978488020371	1.433640798151131	-1.2199665511815536	-5.858609324026198	2.967379274687805	-2.1740502067045884	-8.724923418253645	-0.9112950129735908	-0.8308546968667145
DG0625	-10.826578320589501	4.978897723485125	-2.7407982837499953	0.6963155212864258	-0.3362596097430674	0.3979858409697428	-4.3523135213240955	2.8462107385948494	0.028333362412185092	1.7891276403347556
DG0626	-12.187093187690309	4.688242426925495	-2.8382387091677455	-7.2007280664373825	2.7914958173974203	-1.5462691702173332	0.8871519143988315	3.393773000429929	-2.9311084785955464	-0.9278024837349902
DG0627	19.013572707343105	-0.15944672088131426	-0.3667389366089633	-5.7433632186632195	-2.926047999659616	-0.2784451923063171	-4.788062419969214	1.7684864253775472	-2.2990068017851484	-2.2884881607384497
DG0628	-10.900040791022208	-2.638740211180897	-1.1163623883441187	-3.0340089316781387	5.117436461507098	4.283968919202008	2.0744338885594966	-0.6870594272180777	-2.293295293391573	-3.025081644854206
DG0629	-9.239633807396244	1.8603565245348312	1.1068659220444106	-1.1337773842459518	1.9838899317178669	-1.9540747471281241	1.7663020816588457	-1.5596386313215358	-0.4969734547046377	-1.388202670925802
DG0630	19.002810906115666	-2.6307783158081612	-2.208091497435006	-4.591412442172323	0.23786105516093223	-2.6383952426636945	-1.9434016643094647	-9.752528772524915	1.7720240950699444	1.7050967729554356
DG0631	-10.993522619908337	-1.7232433366921682	1.7643801673988522	-2.396069141459831	-1.504532858196973	4.22849259340743	3.703492099256702	2.532228914638351	0.33335152321984557	-3.6367149921346464
DG0632	-10.08256665088262	4.322147640157922	-2.6364215767937687	-1.087457431597955	0.5202507227464309	0.24577568491665128	-0.06505251382927141	0.389352925215245	-5.23996379864378	-1.813056771388473
DG0633	-12.151649110794231	3.6493221840513104	-4.68372552988991	-0.4828292359052798	-1.5878910672229571	2.0869175736061814	-0.4106694925231065	3.9621501747974714	2.3384004755147556	2.439074187758961
DG0634	-11.702688490661986	0.34621980725759793	-1.7723225567420653	-1.2750110674496051	1.5372643953069078	0.4205344623715025	-3.4992839806484977	-4.132598304204921	3.234618014648425	5.24880850919182
DG0635	18.969052329232877	-5.620341997980284	7.409090965494644	-6.68392170262169	3.978803926410714	-2.629418694246713	5.125029916280859	1.977977977119182	0.2868100714472753	0.7668452930963905
DG0636	19.556127390432145	0.059774987789682585	-3.9223746984607955	-4.039156916293227	1.5306495085037852	-0.0021472090560892276	-1.026296734216278	-0.7114620978461942	1.968401791473944	-1.4461954987674421
DG0637	-12.126352158620028	-0.42479313410356584	-1.7069196887533995	1.6459223895275206	1.0135411936917889	1.5524621037687356	0.9189683182364766	-1.8314726247311806	0.4443649562137959	2.3294294894035352
DG0638	21.004622511537878	1.2251076523968265	-3.7953165261663986	-0.23282184958076732	-0.5493574423564747	1.9486861520859575	-0.3219261310922981	5.004399609730932	-2.837091714615891	2.140894133477001
DG0639	21.218555200224706	2.8807600457707316	3.2191724361843654	2.8021553310964755	2.0200859221030156	-1.15545935719554	3.2943858318821193	1.5888142857242802	5.247285434169325	-0.24740377733030236
DG0640	-12.324769523527015	-3.807000650803074	-3.7007393004535234	-0.9502949599692164	-3.534437976836946	-2.352324995272101	1.5122531667752759	-0.09440889240264054	1.0323554658417746	0.8003216173116827
DG0641	20.10407145692394	0.08086886285376221	-5.69589215895541	5.231273253373662	3.2508082345870983	2.2889629165994947	1.4022438792548582	-1.9831516590429352	-0.038686405754836464	1.7982627454295337
DG0642	-12.004939690091359	2.421866296082827	2.1737048028015513	-3.371753756153928	-0.049185586016411806	-0.3204735492421175	3.3315668739989794	0.83779213776051	-3.5123131844687614	1.180339888880478
DG0643	-11.226396279913756	3.0735480447307326	0.9453729294616093	3.4488850464328524	-5.294074090870441	2.5987756016540686	-0.704912104814256	-5.34749528767993	0.6161913587712085	-2.4084261431754954
DG0644	-10.513139758673761	-0.6299104063098373	-1.238000804212519	-2.0964687947632448	-0.9593765315893247	-6.430331292763505	0.08523267007767332	-2.4204462028699867	2.215522675419461	-0.7040400258952618
DG0645	-12.078219522827029	1.568595425312805	0.4448667844257628	1.5802252832830121	0.22440642158942886	-3.996994759603698	0.3839073252582942	0.929778991877917	-5.49119951838826	-8.083006146222825
DG0646	18.91341160582591	0.6834048250368784	-0.19246103344707416	0.044780351719716796	-1.4881912891277276	-6.597669523527439	0.01673617732609109	0.7111319981068165	1.2757367117047478	-5.712141878778537
DG0647	20.94292605988188	4.721297087076468	-3.008991365897818	0.4815009548426538	0.7925577653253489	2.2822266049962305	2.9112061229707447	5.035932555326356	-1.611051084129787	-3.3412616322451525
DG0648	20.103997137976947	0.44826102536303547	2.876376273807259	0.7868030028728089	-3.6754353237044453	1.4661031329142458	1.1399781652466827	1.5735633199828776	-0.8685468226127644	-5.272586583789542
DG0649	-10.621562561119838	-2.94194436924625	-1.0809900248980508	-0.919796720222819	0.49419039266717624	1.5928927331317366	-1.907204373245365	6.319332762616999	1.6994621670886827	9.11584858323064
DG0650	-10.60878163070423	0.2306242264302117	2.356785543299365	1.1893485841664324	-0.4684132087685012	0.6338734683062719	-0.1855633133971884	3.5742099583461626	0.22740918251032552	3.1500352639022577
DG0651	-10.325767392245691	-2.3237980539812604	1.8580839304843402	5.572346418583445	-0.04408746082243382	-2.3949350656554764	5.37893711566706	4.6461701319356425	3.3776977420208487	-1.0548193610608194
DG0652	21.234535800569464	-1.1778551326060556	-1.5834307701810322	1.700341684125112	-0.3491473817587528	1.723534691423031	-1.4893554123108674	-1.106565921817502	0.38429326826188537	0.3870588425832203
DG0653	19.51237142554664	3.9580427813532784	2.5705508375398605	-6.2535834502692955	1.424061434153724	-4.859801461721336	1.7484369702900961	8.403651884001535	-4.863684928538411	-1.6088161013029485
DG0654	19.927320446102826	5.439014637710392	-6.982443054958005	-3.3874809583195296	0.17908202079922453	-0.4361721149407607	-0.30713255537582385	4.001107387735325	1.1690668090149372	1.9029328719656267
DG0655	19.986240840106525	-1.7286104632504606	5.719363476889025	0.4860150722544827	0.5661669592496531	1.589843768474683	0.27250508234482657	-7.5401655966786985	1.6004060431765363	0.650080068513974
DG0656	-11.067231595256914	1.6847012319938859	2.6699149611229633	-1.8350311995493724	5.504610141792781	-2.9752953000378617	2.3481735087226214	-0.7496632745895797	0.42999268721803274	-4.435552431001705
DG0657	21.110071346101023	-5.256666884728668	-2.1323456142210593	3.305487006065226	-1.0374314546099737	-4.360459777375133	-2.8408694371695824	-0.29294090543690837	3.029270569125729	-1.4428388513281583
DG0658	-12.276793671644523	-1.6907763665632773	-0.9802245707522552	2.8834395665147716	-1.0060511587855205	1.2234479091175432	-3.029994859447327	-1.5789776793339978	2.081316678983762	-4.868018333024437
DG0659	-11.978539613906932	5.219066361962071	-0.8788600724558187	6.232745657077997	1.1575549558285938	-0.7267819180194581	-0.537864369580193	-0.6773674460439887	3.5086140346754884	2.5947943384118735
DG0660	-12.955820770198708	1.1919851497228748	2.215945760195795	-0.6210103500812764	-0.10410257432553227	-4.045517203385751	3.9693575609771434	6.06126121891416	1.5138876539049795	2.7830351113311367
DG0661	-9.987177952985315	4.0812742086788365	5.869657777007352	-3.4650356449214454	-1.1726130779534567	1.0348224572865419	-4.784778420732819	-0.5002580210210823	-5.026471774752436	1.6729806735516972
DG0662	-9.612238305934012	3.8290928649886635	-2.9627839579184747	-1.4535484978499165	-4.6103013306424305	1.9036971486735201	1.7312557142129101	3.1200737801715532	-4.919817982786424	0.6101958002968606
DG0663	-11.594692232065883	0.01874330608372049	-0.007844625697272845	-1.1793991867513605	-1.0406794762289016	-0.32598901577355655	-1.1875231037115255	3.577624441297975	0.6084715893922307	1.1863983619224647
DG0664	-10.47366981792967	-0.578840059947855	3.246748021235419	0.5652421766813295	-0.7474547381918841	-0.23786167050407175	0.42568322110927465	2.086987779981841	2.136417409569879	0.4170491731493945
DG0665	20.57008137580012	6.501389131295116	2.2099470095057416	1.671350989813248	5.714705631115568	0.1586280718918167	-5.4362026060997595	0.5399146081663381	0.9158414941183053	4.334501026583098
DG0666	-11.446225604680851	-0.13620886142667585	0.2546399864893785	-0.2697882848178899	7.172995118992093	2.028596562129613	0.22500875960867975	-5.48635020491531	-5.461232509202357	1.927416151838118
DG0667	-10.943377072975725	5.107062841930075	2.4427728331555345	2.4590831601286154	-2.0738407911135495	0.8887643253229744	-1.9083357829780885	-2.4535904640618713	-3.3207774016604645	0.3310668743052281
DG0668	-10.885993565141531	0.8520993548238827	-0.36094305626393924	2.567723853996728	2.0069735868867946	-1.4234543906694133	-0.002975506156213198	1.3347784590879561	1.6420357434214607	-5.087807850211095
DG0669	-11.207773444245586	-3.4171013397543226	2.088932845021105	5.314089315965232	-6.583737841623815	1.3407464244302154	-2.129284796845165	-0.4235720496523576	-2.06056859037801	1.428366153479219
DG0670	21.814537773061957	0.6675071681956731	-3.436951749745071	2.8701843165631864	3.0482621504231666	1.6507148639468927	2.5268515942068306	-0.4744881891772446	2.6878444613571033	-7.4262761495549094
DG0671	19.956942504348106	-1.6968466387337624	4.556016131995961	-0.3886208620729874	1.2553853337559024	0.4925369532839188	7.855570097928599	-1.160814960554493	-2.633562125111924	-3.3977849222012453
DG0672	-11.13000101135333	3.0537903063874468	3.9649747705297163	0.053517136356177	-3.660751393742164	-3.7853444559211016	0.8062607897925113	-4.484549814769667	-2.226303850070583	-0.6255623202874371
DG0673	20.027536199196234	-2.641603768783538	-0.048848370548321085	0.9244735987366735	3.551895073491169	-2.8810036529495906	-2.9440593434643745	1.7131200406607363	1.2069968818334118	0.7396549398107962
DG0674	18.703219884321836	2.569983064430125	3.0283693822492244	-0.46904540101065995	1.5520618745293528	-0.950640579382443	3.6629050209675835	-2.589261032723279	-1.059754991925333	-0.25251748836185517
DG0675	-11.723914240686648	0.46728287501502663	-0.7962421182671295	-2.3958054125431802	1.2600557348868062	0.9372374832413861	1.5205590822256827	1.9578362684238668	3.2644781706680774	-1.5690876474835158
DG0676	-11.671644093065378	-1.8259955357283886	-2.5291578011763267	-3.8074051814643224	-3.042382992893671	1.6286637262651167	-1.1891339951112747	1.5429143259457856	1.9559824062365965	0.11603969369933029
DG0677	21.47528937506863	-7.367284281945385	-7.961203662625428	0.4545213936177961	0.5209037765112096	2.7675738042668923	-2.708507511453914	1.5727057441573247	-10.880748126640713	-3.1414217884143176
DG0678	-11.73019068562791	-0.15579046700442511	-2.798959344113411	3.4458246517975097	-4.8406995054194795	-0.3786286177163654	2.114133806154817	2.7455093335028553	-0.04390276810290351	-0.1584562011517528
DG0679	21.435401077994165	4.848431373442262	-2.3841604449943508	1.9776839549719767	-0.930641148573091	-1.5351231537092318	1.42319030692608	0.41491963865145287	-0.6752068346360788	-1.5001039458987169
DG0680	-10.304274455419527	-1.1229470170703932	0.35144729382317574	-5.795926279415917	-1.6181969634344884	0.9706094278621531	-6.476965880837964	-3.267116674472901	0.6882162607473412	-0.6954949946793162
DG0681	19.4478928249935	-1.492197195665257	0.8625654707183736	1.7910879226957763	-6.3160325864262665	-2.308757271528314	0.8119426552989466	-0.41513537210626505	2.43755174675697	-2.7525293572706993
DG0682	21.761979396099868	1.7870257651786217	5.549883855661069	5.5750533165825535	2.4112181131433315	2.8849083876822696	0.9827138824695141	-0.2715770603515108	3.4120185790367237	0.1929900841633899
DG0683	-11.802911808915422	1.8428461406418322	1.6667455141140364	-4.251610039737032	-7.0174988733447075	3.7576472507261007	-2.463921280939012	-1.433087819609121	1.8089143585020426	-7.6901455635817495
DG0684	19.68668625036662	-0.6822193619836369	6.880672594096947	-0.837374691667484	-0.08864990476986442	3.5731793382418506	0.3810228772680937	5.780104491605699	-2.400772446456249	-2.2448057304922533
DG0685	-10.840603934332588	-4.015620997793139	1.8042588422166144	0.30772679631865696	3.9377402555002807	0.6163926128237964	-0.6417768541232969	0.7086089114591115	-4.0815671081487945	-4.286255313970996
DG0686	-10.922722173895007	-2.1390395795327297	1.4255797767501923	-0.3079338932950869	-1.4328676552625563	1.434440836425566	-0.7797048595336012	-0.4407353716884219	4.46926323774918	5.61105834538543
DG0687	-11.410603894744094	-2.456570789624825	-3.632364723367972	0.606925302043483	0.18307917974626176	-1.9108154899214667	0.007418856765638221	-0.982902715888483	-7.55162981699612	-1.4981530083891446
DG0688	-12.116541389139151	3.770363315738436	4.542042023484646	1.0346917280624304	-0.4148271462020164	5.3478202021108885	4.583619524904896	-0.7908154735789222	1.1787298476888437	2.0346461994729466
DG0689	20.059296634705166	-3.170335720145683	-1.4348625533212986	1.6563564707447234	0.19866999519910095	1.6748054295144	3.1191855216008952	-1.167253849129327	0.1785094255056217	4.104867189162194
DG0690	-13.698306492188788	3.1117143634736686	-0.022845964574470717	2.048515486051875	3.4805136003830417	-1.2150518977220104	2.5211189362510282	4.891289847603081	-4.431515093899594	1.5168349661987293
DG0691	19.55076023048004	6.597718026284174	5.218791913745637	-1.2192435881305423	3.0598456533510863	-2.7873869199898835	-1.6914923688277075	-2.1741671083600558	0.6094704329241093	3.4752988471441126
DG0692	-11.062599695967158	-1.0088738502974035	4.194599094592016	2.6642085397168724	1.4437408841305723	-3.8654920186016524	1.831908478718095	-2.0328723856308555	0.34856797445902454	-4.963950111653139
DG0693	20.468982755513206	-0.3537771626899227	1.5552008770336154	-2.9795334399974824	1.4641819916816068	-4.134083678255149	-0.7090862930739803	-3.246187541852943	-1.484307732419159	-4.000345809105583
DG0694	-12.39094657687685	-5.535958414139288	0.05856023604621796	-1.1466805353532428	3.028883027668467	2.431773734745836	3.7948839414061664	-0.27272113222851524	-2.7157355818703657	-0.5200717083544468
DG0695	-12.054387237003757	0.9639154119130653	-0.03979490920616055	-1.355659658888181	-3.4906942005615207	-0.36698664961007593	1.2091680506758458	5.5498868805619725	-1.695424157788396	0.9305750808954298
DG0696	-12.14637316820055	4.005614583519055	-1.9663600940276582	0.3696772811786858	-1.5879281810228172	0.9611761949200838	1.719556458384066	1.726757819355976	5.664913067152839	0.10382195121320892
DG0697	-11.524149009018334	-1.1788685400593126	-4.3344097685707235	0.8100917873770479	0.6102171837392505	0.9442521697795145	5.7253117756768495	0.2682224797886619	3.5813485158090894	-3.412426294055367
DG0698	-10.637710409640231	-1.0018470588452448	0.813895494490654	-6.989521399042233	4.442887599849769	-0.6468774953843474	1.3757217109970776	-4.549858003810052	-3.395927688718484	-0.2780782522097607
DG0699	-11.261029473851625	-2.3154685146005236	-0.3453335307429459	4.368478030643661	-1.4061529504908046	-2.117528099363691	1.5235050166071478	-0.28174271847190774	-0.3536424654996315	0.17964683959042793
DG0700	21.16911500850025	4.801155435647709	2.736046268954347	-1.094554412646895	-1.782326883978444	-3.7133932780575054	-1.1470849978961015	-0.3252446257230986	2.4730249525841668	1.2531277263770408
DG0701	-11.963725234545194	1.8412855639904013	2.233371196750772	5.838594730870101	-1.4880821288669257	-4.247449052739223	0.11859313197540021	1.2276919081870248	-5.109288014619835	-0.031949377277828345
DG0702	19.83399667103157	-2.0982209850106117	0.5940094400674556	3.8890710363298138	-5.637068192447179	-4.290389320022782	11.437734804743474	-0.5284781915312033	4.880160711638354	5.180779581698198
DG0703	-10.00445600234463	-0.3451735269654686	0.46566762745175566	-1.6830522155268572	-0.9225718328604923	-2.368733756571455	2.564232544231988	-1.0615109362986812	0.9493848124763103	-3.366881522744622
DG0704	18.834210106413316	-1.0242004131967561	1.6743990378702067	3.6399509621360306	3.30604068865343	0.6820683301015937	5.967644288705846	1.068002235082231	-0.7744578090443923	2.8259474951557833
DG0705	-11.843697380143896	2.736679744209214	-1.9021995624751056	1.5517055678960219	1.3403002272386253	1.9590233893896356	2.999509242725785	6.404399239244019	0.23113072117251418	4.234160703116118
DG0706	20.786533599149042	-3.0526785489642627	0.082344066830408	2.5111513381829402	3.9062082883539557	-2.24040262322436	-5.093530488682654	-1.1043385169562625	2.3450299962420047	-4.652875263582406
DG0707	18.80872480852543	-6.877621269159816	-0.004036927199586066	-4.140244036868825	-1.0489662573496341	-0.800261871796665	-4.175459133798597	-0.20805612280355598	1.7906956534625718	5.154304741333357
DG0708	20.34263942090774	-2.962369025846475	4.430018086427966	-1.0381707279384371	-1.327577129425049	0.2454062051266211	8.25543329173004	-4.497217624577326	1.9574674259244902	-3.8571993863100387
DG0709	-11.368742379383669	0.4394321857990381	0.6809328392952448	6.690075497552149	-0.0303364434185881	0.5388552610281694	-3.5403004615797204	-7.504490319437768	-1.8796339812201543	-1.9051265885257176
DG0710	-10.755926872880316	-0.8062401123090874	1.4442945846597335	3.1988774223224574	-0.4808333610194296	-1.6528727560880199	1.9403022998174306	-0.07326693246117554	0.8027492673201106	0.9988965883796492
DG0711	19.52525165212038	1.1369898421059002	1.6992956572446547	-1.9582993379927887	-0.8413338636883513	-0.26086353327606604	-0.17091208122335516	-1.7731007956377156	7.073849255613345	3.0621073240896486
DG0712	20.800363721108937	0.6646972750228568	-1.5795753889320772	3.482466266743201	-0.7765543073403228	-0.7574372401479613	-1.077784387445714	-6.61199166605125	3.5145179666272215	0.9459919547992514
DG0713	20.00625439405974	-6.62161510062001	-4.59329366438225	3.6555423124030164	7.653580014658719	-5.398117238117623	0.22673598153744567	1.1514037502987247	-0.46606619644959496	6.11951770872863
DG0714	-12.279074389618575	-0.9948800264165094	0.775898349343016	-3.7767048035689244	5.598869951545453	-1.0699569198284453	-0.08120155828750492	-0.34599965360028495	0.016171019865676206	-0.40686841834817383
DG0715	-11.334688932759612	0.8474996728530906	-1.2331610354674483	1.8026506512814988	7.421173047474077	-2.2381819486092334	-1.2176338145714787	3.960390147517076	-5.644389994403715	1.6376529336859653
DG0716	20.413011730458898	1.8521751353849547	1.1085797382723717	3.5562557777743637	-4.369888453072799	3.1749598869939404	-0.849848459900119	1.1550403019449171	2.574629539150004	4.761455951396411
DG0717	-10.700771105176507	-5.26930690235573	1.134664041240488	0.894775474564085	6.125973251590254	4.5634453801973525	3.152634142849241	2.6064359267657276	-0.126672015942792	2.0184720150746176
DG0718	20.662774738466762	-1.53351645763306	0.025847138999360093	-3.3445243144427197	-1.6042179021688239	3.4568949809696696	0.5396557540150554	-4.024606694850325	-3.2273277007605397	-0.9321061923587062
DG0719	-11.89699985881556	-2.309262295747669	3.3033353767552054	-2.6049854712723164	-0.8095460175057108	1.1684202488874154	-1.7160686791606037	0.7160719051097623	-3.0782041780672946	4.396489105681136
DG0720	-10.937654431855877	-6.21005259628464	0.2889645115629894	-2.335962316774596	2.983033176057777	1.1605261140104972	-8.660951868589427	1.1576105128911414	-1.1036356993088374	-0.4613584365714927
DG0721	-8.508388743106003	1.013682549599772	0.5879925489900288	-2.5678808318932926	2.8638083602964177	-4.48948149212535	2.1130452962009794	0.16431781854263375	1.7149742847823999	-1.0888008906351192
DG0722	-11.438539198749117	-4.1586606411809734	2.5250945158441396	-1.7007552955950516	-4.376789634485986	0.3588991766587271	-3.2043776159005426	-3.0933821183754553	-0.6471460062871396	-3.686808719113825
DG0723	18.313591384385482	5.84428485812851	-0.00448112864103184	-7.3523053174283755	2.839882666378995	1.4136035007339398	-1.7854327433114394	-0.6245210891095611	-5.431039921386473	0.6256222626233353
DG0724	20.998464960018822	1.899786897635482	-0.3844478160066862	-3.320249271352478	0.3897182069733709	-3.7100983668136305	-0.17567024026790704	-6.17737075538683	1.323591968227225	0.29078115290787054
DG0725	-10.510534124851675	-1.0772485996653343	1.9963684661671108	-2.147890949596614	3.2626735294202516	-3.204829824172125	-1.8391145990213442	0.11930255273141377	-0.037439124195083065	1.0587846710936983
DG0726	-11.449091378710332	-2.1454348830210077	1.2504102719360455	-1.5283299308768923	0.19433058992186278	-1.3793667761720556	2.547460201335153	-0.5820695327540117	1.6563339041575749	0.4329830373434819
DG0727	20.581069305685304	1.0381898525103077	-0.08581948030459326	-0.02193177554192248	-2.621236277161096	7.2220199008046055	5.624224870578988	-3.186918025853778	-5.900937366018824	-4.687136335866236
DG0728	-11.218500985112813	0.778411551225866	-2.221639767071375	-1.5050517539276704	-0.10324919571489907	2.566185881047487	-1.9017774570316803	-0.826784774185407	1.4650229145175881	4.843771782381019
DG0729	-10.690599257563813	-2.910890879570961	3.9398536562836703	-1.2341068418647505	3.5479782665215533	0.8802738008363374	1.2329482235704736	-0.361972992226961	0.7062805721812337	1.6062132721209872
DG0730	20.161462883094977	2.6791268706944504	-4.168170826483395	-3.0994846605121693	-2.3715603680365027	-7.279698774757003	-4.6309658446658615	1.7933895506321496	4.6862494347668395	-2.2030374634056917
DG0731	-10.567196559385586	0.17021067241932614	0.0045349954275474835	3.031630555959036	1.6450113906048325	-0.9052574174245432	1.8961560089280234	-1.3356173762732677	-1.1270236946564447	0.5098918632127943
DG0732	-11.46192084271149	0.03135682351452747	4.091058356471503	0.6907496583817306	0.4937476141099256	1.9607885689113942	-0.9511903479482561	-2.1361672593388965	4.484242455292208	-4.343652599656793
DG0733	19.881908406429726	-6.467356245341656	0.20703738040879432	0.32287946870529477	-4.853311664326142	-1.180955807584639	4.121518430948476	-1.390896500180677	8.938134932555649	2.975194857779321
DG0734	22.413280722066467	-2.51065644677614	-4.076596390238262	0.007640580575877021	-1.0131664675399092	-1.2464956499896551	-4.658621879404637	-0.9628940664083173	1.357032712221963	-3.316059857842589
DG0735	-10.514677318051255	-2.3830189336310488	-8.135788147721186	-7.067390213734592	-4.281034223557339	-0.7002575476803677	-3.92831801258101	2.019577406986409	-2.737994740176438	2.6658761348042415
DG0736	-12.27551423806792	-0.009306122577348827	-4.359404720781931	0.9815049532142273	0.8646571022918927	5.915091773114565	-3.408664530162574	2.1005287314795784	-4.284361396286741	4.261802276023274
DG0737	-12.32215428920033	-1.1808108998365494	-0.86172820801702	-3.693876303498337	-2.701770643574604	-2.255925170363466	-1.1878892482521604	-1.0174829586135188	-2.4770455357902152	-1.9043265911989173
DG0738	-11.378774747733821	-1.4489977470525284	-2.9982366389084	2.3134237657514576	0.6143382129157641	1.1822934904843343	-0.23745284487229193	1.0175144840793444	-0.6558938100623907	5.710561793005526
DG0739	-11.82686607453835	-3.896789828834057	0.5964798342134907	3.1460395339378096	-2.3428853439649275	0.13255462434623022	-2.985386306898171	2.200978843295192	-0.7507837323938981	1.951218803824182
DG0740	-11.314293591618501	-6.1026709538047355	-1.2711322733385557	-1.1838127119124473	-5.451196674115294	-4.353088926162245	1.2130897764154176	1.8986623837075562	5.956426828027587	-0.1640625145024715
DG0741	-11.62146416197909	6.5406418271389715	-1.2620480359516717	-4.267044860454307	-1.4859880812522777	-0.8024458536388932	-2.6560618463098784	-3.8781209590981374	1.7787698382032597	-0.4433583088884947
DG0742	-11.351826790505417	-5.8570591049672265	-4.851184886357793	0.3220895290671887	1.043708285869628	4.090016203698473	4.758542595776985	2.9353166981160372	3.14818996378225	2.059029974819542
DG0743	-10.492805074982249	2.8443830513877857	-1.2455987031258353	-5.413358500605618	0.938996523127969	-0.9576885421781263	-3.0195274057547765	0.24450583487726316	-1.2207553340161925	-2.412486351403192
DG0744	20.367260340239405	-2.398821405813423	1.556845937608734	5.3370259358473255	3.6108255860359555	4.755415105361458	1.925761557349523	1.413785617334451	-2.4964666880195536	-3.7982850583373162
DG0745	-11.905425624149492	3.3750876622004853	-0.6124924706631685	-1.962155058799341	0.23606306967805413	-1.0152403949365496	-1.0357261169758034	1.439119198200811	-3.0060921422168643	1.9658166774567378
DG0746	-12.050667919291087	-1.4410296641054539	6.450573223044697	-2.5457250414816603	-0.5209718344324552	2.4634203879295944	-5.495325506052024	2.3693022964847947	-3.6394163720091792	1.9110620292928047
DG0747	19.504437347072155	-1.022977910663368	2.874443646544699	-1.9948346480532522	-1.4537558368642918	-0.19837572719729646	-4.948329070825266	-0.6070951303724644	3.4458128714684064	-1.8358676508691087
DG0748	-10.752897734364199	7.346287856431887	2.204061831066443	-4.14702686450302	1.5232909036324362	1.090205576777001	0.3284576203772314	-0.2067494232659812	0.9874218982131002	1.6773178096765058
DG0749	-13.415684931165012	2.9838127763373588	-1.193920459934095	-4.520549526464399	3.826853611861549	-0.404509990698393	-1.0151833949035296	-1.6183969374471852	-1.949727552996658	0.3711775407241254
DG0750	-12.88193344148356	-1.377474049150393	-2.8593525992624906	-0.8753691808533023	-8.40716231811552	1.085502688665963	2.4004941668955295	-5.199172953327596	-5.7036054596755195	-0.6439464254405898
DG0751	-10.79211305748171	2.177463930152698	-3.2968049939490243	2.1080124645196294	-3.234279545968993	-5.26359845711009	0.9501946192230986	-2.2937580001179203	3.039418379762765	-6.4813086032771094
DG0752	-10.93480834861483	3.419416049931834	-6.8013036181502144	2.5509991432492365	1.5038323778519747	0.0798197887728059	-1.6140871550555151	-0.7303947890749625	-2.3478708599912483	-4.724457590724001
DG0753	-12.568104385300796	-3.958321830974385	1.6693816546682507	0.32074965800581395	1.4954715809343828	1.748146321984066	-0.676219901418258	4.998024600386613	-0.8421049273200432	0.3236947282127945
DG0754	-11.700425385906511	3.878667668387322	4.569834261770176	-4.1790244565134325	-2.2101326531689005	3.1048010232219005	0.1201944424308627	-0.2280034719608183	-5.990288286872143	4.2969533870706265
DG0755	-12.675332339210524	0.6645693440493381	-1.0120809198774356	-2.2161107522611787	-1.4932107059082285	5.313003621880666	-4.574455118694243	2.931737991522234	0.45959039858262424	3.5178737657060997
DG0756	21.129369978449812	-5.016041960945448	0.23178678500940827	1.7149263334141955	-0.11429678005940623	2.650263680682548	-3.210432852017165	-4.687732307033253	1.3840396161219217	-0.9586380004895265
DG0757	-11.463914957050731	-2.904959543083915	-1.8965886290235583	3.489724001380523	6.905107599189987	-1.8431427502801345	0.7822017271046341	-0.43195267420268235	-0.002802867972920703	-2.1489902168950463
DG0758	20.350087563483587	-0.0871629028739642	-0.5304577290273003	3.3102215912667057	-0.15036461585962066	-4.0804093435680375	-0.21675618603522234	2.678577197354461	-0.5379572462580714	-2.1272968470308626
DG0759	-11.759802076321783	-2.673945860785497	-0.37282725221345836	2.41643647566248	-3.4829090115172443	0.8916967758462933	0.5007120641990263	5.234234854968524	-0.6099037948893624	1.2289129020502623
DG0760	-12.267726534683213	3.736245149348547	-3.6848949950590644	-1.6055055990699825	-0.07167452601982105	-0.603564346626921	-0.1112423331363733	2.6104773803023367	-1.2186608761961983	-1.3464484105314978
DG0761	-12.340765377430348	-1.6117732846981239	3.66662855958779	3.848444625986636	0.48693870623191043	-2.2842405647505744	-4.869601888328064	-6.555556737714176	-5.489758501619297	-2.8214058913500244
DG0762	-9.745857026765362	1.8589008540400558	1.3331823393923499	0.8609610885274053	4.378945071795011	-0.6533017921629014	-4.450073465496644	-3.418352098214455	1.7985947621872853	0.5631238638884001
DG0763	-11.08469666216434	1.3456539370657739	-7.1885332533118484	5.078473520565816	-1.9925895655523402	-0.07072255032089339	-1.3541653664221824	-0.1527493297003559	3.8581870882078104	-3.2561001343226277
DG0764	-12.244038805209742	3.2139224224859353	-0.1517692831284996	-1.777013825541365	-0.841040309648055	-3.3379059629525534	1.1387486917213514	-1.0094647115848925	0.9457300526222815	4.063375859694435
DG0765	19.4964398021938	-4.91966642555589	-2.238481858837191	-1.5973893527110432	-2.8789624688575692	-0.5362936855653544	6.374495385124203	1.8037825764281092	-0.7114005338576131	0.14670017659825005
DG0766	-11.224950513103687	0.6192718443818388	-3.515549696826405	-1.5585929874767326	-0.6120711253408238	5.94769159374766	-2.9476751569133666	4.2899076588290335	2.6663853604274137	2.0236721903835098
DG0767	21.16509398761943	3.9957091991569356	4.2780096403237495	2.175461273335311	-2.5212345852787084	1.3106934816604199	-10.40629587566961	1.8964481148397356	5.295656977439082	1.037919872867235
DG0768	-11.938880363676034	3.2101439645321963	-5.958446636842981	2.7683723527939255	2.2722233722743357	1.4622773285866821	-0.9836987612566737	0.03945189003710578	0.4112443086762009	0.4783266047672886
DG0769	-11.377297456430645	2.081780854478425	2.3601909664606975	-3.911762764138381	0.8395060661112054	-1.5413222219983196	0.28801343664480406	-3.9586217720428962	-7.103127828530826	1.9601855537520816
DG0770	-11.94474863746521	-4.760369936024698	-4.357570437279843	-4.742152633122716	4.000743224954138	-5.904168990486498	0.10989691926561956	-2.4030465833045924	-5.286930927953482	-1.3250464624582554
DG0771	20.82477994829044	1.5411391406305683	1.393149268312063	0.5810561511572988	0.36331907000464875	-2.159489383082283	6.449643037071535	-1.4952128242493428	-1.3010311507148573	0.5546561698149428
DG0772	-11.605324809921035	3.531754575444238	0.6670051807566894	0.12674314808288184	7.306458678177859	2.883123495636352	-0.13890148831906354	1.6468426328233288	1.7794519045535804	-2.740766223155723
DG0773	-12.48198351835681	1.2527724792601154	-2.3437398055797845	1.991038870917213	-2.1544775432788943	-5.0756088543093405	-1.4469057646331538	4.928713089974024	-0.6636194269058671	-3.036072162150751
DG0774	-10.243241679168497	-0.08147104897015821	-2.8389523456765047	-3.539727692750195	-5.330378619020881	1.5313528927949747	-3.939829404930589	-1.3377771209374532	3.0670181297056303	3.1292086011110887
DG0775	19.619496738479963	-0.5595474379959536	-2.4977246857571593	-0.5194921756041077	-8.111219308435386	3.185223060478192	2.257762459211706	-0.6967176845513342	1.3691129779231184	-5.925070843711594
DG0776	20.61649461020267	-4.220237672186081	1.3717352165992647	-0.35158693220131326	-4.056754030712283	-0.06969308414233294	-3.443850172213327	-4.532263858345435	-2.8410910631164064	-3.340073994985069
DG0777	19.474171408790504	-11.676242754030383	1.0478977659357798	1.548126646788963	-1.7834008930658696	1.7104763642133332	-1.5475875537322545	-1.6099076324389026	-5.1181209524569695	-4.074386510391566
DG0778	-11.204048895823972	1.8393504570656398	0.13279659917998288	1.7245277487630537	-4.248061775988594	-2.984964008334307	0.5067206547460925	-3.3361205455041416	-0.5127665861804578	0.21373315962226155
DG0779	21.059051830027958	3.343636910158268	-1.699040550759909	2.309501316610433	-0.19631539030450873	1.0277405379864522	-0.9175266457363195	1.9615214624981463	-3.4821696293831566	0.01959511922164653
DG0780	-11.182671893188761	-0.7044664742227957	6.348352997978208	-2.378983763985915	-2.8621142682099197	-8.209524177109685	-0.07415261937527873	1.3105442792546702	2.050129350680901	2.748905783656064
DG0781	-12.620275718872733	2.3625661957675543	3.250656870581205	-2.7040069226249224	1.6549621278121793	-1.8627482399457862	0.11311581683538591	0.7353982155307814	-2.139675778441456	1.142133294295807
DG0782	18.474584252115864	-0.8634268453730787	0.36720307421838483	0.32840150481573255	2.4063410243286905	5.121790234932228	1.6270386437869633	-6.842162684097125	3.348403703826501	-1.201102291721074
DG0783	-12.297580444718376	-6.6530008275957595	3.582464713850049	-1.8337315329742099	4.052605838251363	3.3581471540997843	-3.1942814160250226	3.38588859625008	2.773243467102333	2.161926449144831
DG0784	-12.3450339980131	5.047865501415195	-1.6859984108675543	0.5070682809545943	5.641881153523623	-2.414961947892869	-2.560840781067602	-0.5026718484172364	-2.0140078492022164	6.191697229574945
DG0785	18.850695317022936	-5.209839976147424	3.0952187553371426	-0.03707658191702233	2.0909793735023086	-0.22781775147387623	-2.1602609785154248	-7.38188790459471	-1.9120297677920481	3.969191257003045
DG0786	-11.339490236593905	0.6688926092482401	2.423070443824897	-2.568477524542998	-4.040965377690055	-1.9637494586729443	3.0715322866965336	-2.1465247964772525	3.3938568376639062	0.4954403303595491
DG0787	-11.150716339777272	0.8854648640995123	-2.4964808823243727	3.0964535596194276	-2.821159581154755	0.7315731465233848	1.4726550612064382	2.1791947522644	4.709128440101741	1.218443741518584
DG0788	-12.951523291161795	-3.270951653182267	-2.2260551418731236	-1.853569003112031	1.590051229040131	3.456248556183812	3.135082882746075	4.223688124344176	1.2295775947890104	-3.264066974765419
DG0789	-12.339890627239862	-1.7752570586915806	-0.1294093278125385	2.0056438022455354	-0.5398032276217347	1.235016130747733	2.254198514554484	-0.8180826828086127	-2.8799694052727114	-7.2868861657155115
DG0790	-12.13322886545062	-4.097732996702403	1.53190580814324	5.945230727170807	-2.7223861095085127	-0.9446118070314382	-3.0031701582831065	-4.594855339341299	2.0366251635226713	0.482641706580109
DG0791	20.827760050898984	3.177974645164353	-3.9272054037672754	-0.6622356356631112	0.4771566621664639	-3.5250113513129233	0.5207120230185424	2.1249766447204146	-0.09324120116524012	-0.3758538842162041
DG0792	-12.515191349605058	-0.7498159102325058	-2.9986209388534752	0.3268899317177878	4.6115255161562585	2.5958288649030092	-0.782109953499983	5.627746112912117	-5.769543021857269	-5.762518161068908
DG0793	-11.0847916471095	4.596727286150346	2.6851849154364746	-2.521120186525807	-1.396945278448468	-0.7117127751633041	0.9601258403380064	-2.267759899531794	2.784791958758301	3.928929754421945
DG0794	-12.343086262829985	0.4155144018839816	0.5795108460713342	-1.125959314855216	1.05011373980629	1.0073687445982857	-2.1447285858200553	-0.6710962719020105	-1.1766198201499471	-3.7027741456485317
DG0795	-11.264079042957531	3.6428386183461487	-4.130329832411618	0.46174573939925867	5.476185354675793	-4.066388741999895	-0.2549608280819203	-0.28858740212521306	-0.7471283002741371	-2.086758828071621
DG0796	-13.675352910153702	-3.8221372337774793	1.6436070279034087	5.327668366276105	-3.196986928280061	2.5239204653907166	-0.14369932337585012	-1.80507659008483	-3.0560354456871854	2.4414328806062318
DG0797	-10.970595790544802	0.7046044483722641	-1.3851239314167885	1.112929564000626	-5.149140462191368	-0.5951060399650038	-2.7718055554677052	-3.1038282961420705	-2.152523486079687	0.7779166941551277
DG0798	-10.913410393165009	-0.40057813720365776	-4.415374448606775	2.942106320962999	-3.2717566859859497	4.935205998921693	0.48554808924341253	0.7911514568145896	-3.504570366408286	0.4208503757647878
DG0799	-11.437383863582577	-0.46065427421856786	-2.2954343707881053	0.10066225880969949	-2.7977755060688434	-5.934188532336389	3.071268044483206	0.8008562122602083	-0.9726461772218706	-0.8055835879159587
