sample	PC1	PC2	PC3	PC4	PC5	PC6	PC7	PC8	PC9	PC10
HG00096	-16.528753534030486	-0.35237893663921466	-10.807580954764976	-8.126685397876596	-2.6105100768960776	-9.137065713577213	4.580783000039189	2.1679970294586957	-0.3884589213146028	-1.564170237700944
HG00097	11.494234765619469	34.64934292184845	-9.09642883717962	4.352458884731511	-0.9942379422879224	-4.698143467705756	2.7082266890843907	0.30598209367207185	-5.1976396037309645	7.245482218254589
HG00099	-8.486266968445138	-1.2099450572553752	4.842133373071177	-9.198550148340765	-2.313786576616738	-2.6674619940502744	-1.8823771688387834	-0.017640957866033258	-0.23353383421047935	-5.881526230595387
HG00100	-3.8012155695805214	-2.1794104509070205	6.2497840566107365	-7.920458150903376	-4.5350763628509165	-8.215855480671827	4.90641115503583	1.753782149072753	-3.888111925853682	-2.123222422896528
HG00101	-3.8599211158250726	-0.6137519040117831	7.3658763021073	-6.8882564651762	-1.7989214148929173	-4.697357933888468	1.6326291629572158	-0.35262881356477416	0.23631818328664278	-3.889454981471067
HG00102	13.121699300733555	-4.986381135238201	8.709189922095481	-10.668017987905937	-4.864555360317501	-4.575334348726959	2.0387966848396504	0.7868998833348229	4.78187692478198	-3.1502089213863926
HG00103	4.449402744496019	-2.4906087778562767	-5.459674008238645	-15.041520499925197	-1.2603060319601114	-10.290589925291625	3.3389453069335997	7.595131539302122	2.2287849738090633	-6.939688263957962
HG00105	-17.730241130423508	-4.799610164780454	5.02266331239914	0.027218945545817292	-10.727111836368495	9.9532996477175	-0.3026390340107794	-8.044254106366639	0.7349488805119948	6.519942121013264
HG00106	8.286806669553812	29.790096557688045	-9.776405404147368	2.650895821616683	0.5735253251984372	-4.288138862606095	2.966695706280894	0.17966563080741915	0.7370541806659823	-7.986003529929359
HG00107	-5.904884557443199	-2.766286143226696	5.595695118435525	-9.128829328814547	-1.8375570951904305	-7.017491617600581	2.7667633236044074	1.4069310036151317	-2.161199829913063	-4.101940238646596
HG00108	21.32475234477452	-7.077582429091769	9.804631547923549	-10.956983631603535	-8.61054987777091	-1.4822042159525384	2.634220512199094	-7.240717699983895	-4.247512821385051	-2.332077734223361
HG00109	-5.856469490008939	0.7984174987229327	5.9177519268560035	-10.147561880575688	-1.9789306759507603	-9.306494690690611	1.6723141756590083	10.324329628804607	-4.4090618445954135	-3.516838849632446
HG00110	8.28822002191256	-0.39329955478624745	-1.3916608247922873	-13.528479526059304	0.045549166744613956	-9.884377618986743	3.6632573724374073	7.490228590298549	-1.0020457258204623	-8.21750090484391
HG00111	7.342520093710919	0.25348531934455737	-13.173066434787625	-11.333836787297159	10.878020475110299	-3.5127913735075076	4.934758222603665	-4.771625915734885	-6.69449581299412	-1.5055492324521995
HG00112	-16.373217734498628	0.5461431987052954	-2.9719929040620223	-8.400999929132343	14.503417602031748	-8.263873054972986	3.4689378140621616	-3.516298686168521	-1.053045591607059	-6.597586814912871
HG00113	4.5592973956515435	-8.816463905466316	21.393493504839554	-8.036839001556398	-6.792593586407069	-0.00931491018462352	0.6906046709920718	-4.930274970237364	1.9461248914626528	-2.7358469921102295
HG00114	3.3358699505803084	-7.844754989249168	11.562167945921427	-4.337225817236611	6.193025213363937	-1.1843947908965522	5.783529681588424	-10.31589015366011	-16.451659810836954	-0.43844565268202246
HG00115	19.546221551960098	-9.75160534077916	6.785315652716001	-13.738015734603723	-8.202732682720812	-1.576703816582933	1.9881673946513672	-4.3528713263400745	1.3281523652116511	-3.467491304197537
HG00116	-7.236030126659924	-3.494629194947926	4.97457614818238	-7.570875070651762	0.24828506415710705	-4.956416306191142	0.7034754076663274	1.0622318174468748	1.4762890067973062	-2.688424171603632
HG00117	-18.262209234780038	-0.725333852455088	13.951335204505234	-3.032600036097381	-3.1752708094024955	-2.6624515790174343	0.34754679071854777	-3.24060320043002	-2.1444352815888936	2.8518076754808663
HG00118	-18.864773666473134	-5.245766174623735	11.513638778132732	1.0158873910344215	-4.266359773354097	-6.075990091909732	5.5785280601751195	-0.37346242163420346	-8.051800434605264	0.5023515791043538
HG00119	-15.597669666884308	7.370823467850817	-7.3941960080723	-9.193686513739994	2.6473967189496985	-10.065611288155221	2.0653491167038096	9.65944227085108	-4.471074007015092	-0.8480299304487742
HG00120	-5.775301650171125	-1.3173600849159035	4.5235920102083735	-9.748993228919407	-2.833147230748737	-7.575723146457291	1.4853963097159848	2.5837071047201787	-3.592188726812064	-3.1820741430609045
HG00121	12.430671718453679	-5.6752897272305916	6.344067062191566	-13.924131107290002	-5.516040076140098	-8.238951743413015	1.795699715187761	3.438722105422535	2.606706802199194	-5.875144096825388
HG00122	0.0020558600232577495	-8.32454393183055	12.389717341641667	-5.429031482967823	-8.611688913570674	-5.066002946680416	3.2117064423152017	-5.0043547860759805	3.612322438322881	-0.06622011295455835
HG00123	22.148421480214438	-7.451093997747198	10.761005382102008	-12.885229856840926	-7.826331210009172	-1.1974618035725035	0.4101596141596606	-2.440221305538792	-2.3354846387942882	-3.961791073857892
HG00125	-16.78467667956535	-1.0151544917970505	14.840132190060256	-2.786834427518087	-3.118479404722317	-1.1125450653798818	-2.697661892115637	-1.195603002327914	-1.3507890009342574	6.237395005277938
HG00126	22.23905210677072	-10.077787210817283	12.868920657836734	-12.847840352945694	-5.217166622394337	4.195688002127628	-0.9997711925183608	-5.887113015224629	4.442818144234597	-4.2906582160454905
HG00127	14.890325552767784	-2.9191708546103667	-0.7625487419485892	-7.77913995708632	9.601444537032586	4.3095562074561515	2.0648926358099198	-10.03253861854212	-3.014452259742243	-0.12182779561867804
HG00128	-6.303248732003087	-4.119031194773342	3.8744500396111166	-8.165387182253745	-2.9230319163004888	-5.067339689077057	1.9792092953499605	-5.78088765065064	-1.2148853560607715	-2.175203846173425
HG00129	16.52810337207577	26.082616399762617	7.6620882458986594	2.3456878791195286	1.1810301340056895	-3.6506899574253167	2.187390996357838	-1.2690394105388967	7.623921427693289	-6.226985441141364
HG00130	-10.95667798918281	-3.7184717743651374	-3.6293456758275155	-0.03061122111083303	17.471747005734436	4.369544580388019	5.533487354876702	2.2333882128580083	10.748524122353205	9.397326459068982
HG00131	16.03235880305568	-7.740080354246646	2.541232650472956	-7.538178236918366	10.69763304518431	2.3477586271412036	4.034632274552511	-11.515605112365613	-10.702405672912237	-2.930683686525471
HG00132	11.704919081586718	-2.605681979511522	-4.386295641429565	-12.39732008934193	-2.037188128277782	-2.958964950270812	2.5110544587748826	-4.132393196881194	-0.4103384493572251	-2.957625158090885
HG00133	18.834777385066477	-7.158192670284812	2.0508196129562024	-5.413972772962708	9.252394892743323	0.038175004003545954	5.509530252538617	-6.783607034169557	-10.223512962472055	-4.4269423036172535
HG00136	-6.446140413058553	-0.024584838786998908	7.839062124999674	-8.906746443375685	-1.8288077541573622	-11.18978715105284	4.66415225686872	9.847820369564403	-2.6442113670365033	-4.975952181805803
HG00137	-21.144067815982822	3.6549130050068985	-8.72461760468628	-12.114958258321671	1.2177273915170557	-13.214285992808342	2.0419690973324336	9.007594053615177	1.549028888546315	-6.005678195628375
HG00138	22.572812175505668	-1.9307712433232802	12.15833089020068	-12.607642552486308	-5.547780279854707	-1.429485127257733	-1.716097461267848	7.463598724762556	-5.198361868568093	-2.5344074823663414
HG00139	-32.589075583680795	1.5406887278327885	1.2250834608959278	-4.631342796796821	6.147612179539124	-9.248320736420363	2.2773772333511793	4.521191910654571	3.983904824254757	-1.568915573898185
HG00140	9.438036393955034	-5.076331476884972	-7.317827845007263	-9.099619213026264	-7.078841489116601	9.562709995436517	-5.501793470624096	-4.533130272962771	6.351198792996103	-10.742073763970524
HG00141	-18.802716106518474	-0.1578484361624929	15.51909911518808	-2.9822143252859794	-2.3976176249172445	-5.398129397451715	1.3888594584759972	5.2118717614414685	-1.166802128525637	-0.7652172847596364
HG00142	-13.342300012008105	-1.9767613429840765	-2.571927514765728	-4.244860433890194	13.80751291833186	-5.394380690024953	5.037413807881958	-7.758032490519465	-13.471040917824514	-2.0677375322838216
HG00143	10.617786899438675	-1.8813627683900231	-5.9526037030475	-10.458121331497951	-7.8303992962697295	1.1501435340862658	-0.37195638536520526	-2.383223794201171	-3.1935064848873065	-6.956086098771382
HG00145	-6.301400301671119	-4.718896995585629	27.675948435400233	1.226049344016643	-10.858557405802511	-0.3599433452141984	1.050127627189968	-5.210398726699578	-4.995904702949392	2.9555307195559837
HG00146	-8.68747777422863	-4.502461426038595	4.212466594202903	-7.859583765177697	-2.043587657421612	-6.032433854418183	2.6025213597493213	-5.863999939440008	2.1369362646385066	-3.88177034171051
HG00148	-14.144339054051168	-2.505998519653609	16.821671000114108	-1.2614259743418554	-1.2992394584652636	-1.4902306938952108	-0.8575523460624213	-1.8135274223597273	-1.8062065500490196	0.7638395766050288
HG00149	0.17361821098094926	-5.361618671613787	14.480192022887156	-7.75555258050477	-7.665463378655829	-6.594086973198192	1.808509721161221	3.066606192160843	1.53596408402398	-1.7406627666305012
HG00150	0.37183605069531633	-8.0156279831173	11.078828748840454	-5.2480646524347865	-6.307492463062836	1.708044270255007	-0.6723065250776794	-4.436431049440612	8.748743408297546	8.680622386627602
HG00151	-23.928480884615908	1.0683751725723538	12.553228341104571	-5.448800949687227	-0.2905931158075439	-7.984997451692174	-0.6314354490607765	2.405766371859987	-0.9604261804390364	-1.5800170073249797
HG00154	-15.921897084598859	4.320358970167836	-0.7090918972052358	-11.931582243581966	6.021340244646542	-11.518442935110663	-0.15961272353300004	6.685352440901465	-0.5036093591980648	-6.678118137083696
HG00155	3.7898244696655574	0.24017302565709864	11.409529548768985	-4.228210411101006	4.392894819191519	1.898433019687525	0.4311275821597486	2.0387189499567007	-5.927053991111966	3.1042711027317895
HG00157	12.323767910766277	-2.7491054342206884	-4.4557768022205035	-9.288767497320336	8.635195477653667	0.2111780175476029	3.3536260757733354	-4.196746274953141	-3.2014392089902945	-1.5056008149533893
HG00158	22.91690435726214	-4.916283691043778	12.50497648288924	-8.984695872430052	-5.881830227155527	0.13130907370659306	0.8226704627997807	0.5465417279775041	-0.34974116973776903	-4.091888123418232
HG00159	-11.234661433018504	0.9204279785969744	4.452150588835028	-11.261907510813401	-1.5399727002889803	-10.356837903075032	0.752792446935743	7.823717103532295	2.563041550491993	-6.4770341325748415
HG00160	-18.952274771210185	-4.106002573941706	11.730670884893668	-2.3681318328660024	-3.766394815407391	-4.592704459317971	2.1368740862727655	-5.291325814376664	-1.7325337433481254	2.9831012867401543
HG00171	-0.9294609398092459	-5.263590459805125	-1.3298799291138657	-2.01282658313041	-9.686623404625912	16.372874138960118	-6.489598647946182	-0.984875639280701	-0.11847602684082403	-13.058443472986808
HG00173	-2.313428654380711	-3.296413530581909	2.252349250841608	-3.4416484779672896	-9.515853921227157	9.946278151853445	-4.456562529133745	-4.141022603785316	4.413364418669681	-7.225096712082903
HG00174	-17.404702538948126	-1.5945433205286987	15.03585575468043	-3.15400218992091	-3.1227868474981584	-0.5055912567974759	-0.7440747370885539	-3.3417712050625634	1.2651655812450893	2.1799069106388185
HG00176	-8.978509593296893	-4.003682292935165	-1.0147178888694874	-8.846081170659943	-9.440182413907033	-6.436758796835565	2.3488798306397336	-2.2161139327948236	2.3379953875289594	-0.19514580279788257
HG00177	-1.5156382393014143	-3.523194924692172	5.3097904158813005	-5.541714966994023	-7.940965183683637	-0.8247330871621528	2.156109784294359	1.439042285280093	-0.4838050422707091	0.7929657259385476
HG00178	21.519501268006138	-9.761051234744789	11.91878321284016	-8.192661554132501	-2.08804103676151	3.877514769266421	-0.6609112934338184	1.1078063155688895	6.231258537373609	-4.073248056523905
HG00179	-7.000578434842772	-3.7561786576547855	0.4038909863293967	-5.666737567346725	-9.50220183691327	7.848607281273451	-4.261117745989347	-9.160169465609043	1.395747423583686	-7.850950511201358
HG00180	4.011111333867746	-0.3451723878522524	-19.236638874679382	-7.567788983210571	7.869407536409122	9.368606775558595	-2.2797998672511883	-5.866129204345573	-0.3429187754022167	-8.511320540403771
HG00181	4.796762161261479	-7.926268305188172	16.48498134082657	-6.910052443709088	-11.716518630076335	-7.056621956491988	7.442938135421285	-0.33456347381546414	-4.3632436977640365	-0.2753757263960897
HG00182	3.1085783205114716	-6.212205979468432	9.638924877295949	-4.177578466131601	11.083387804258434	5.6381363940172085	0.6652980322826432	-6.067833984721243	-5.434244981840068	4.315859579816848
HG00183	-11.942402870638716	-0.5076312278439847	-2.8873571441387362	-7.643749327784673	0.15771980448666972	-1.2241244419683635	-0.42997797581902675	1.8613377739770924	3.2249104487818867	-2.5697718762954502
HG00185	-4.9862588873142215	-3.291108033319949	6.4380708197370975	-9.097264511658327	-0.6038437488212379	-5.995919189363003	2.0060486091410543	4.06460456345172	2.6430051140134547	-4.24850621805854
HG00186	8.77802825628009	-2.768620737155469	-4.439489404196015	-10.61246096084808	-3.1550058763094055	-1.8754131989778078	1.9838841820614426	-5.712596109779608	-4.707880353802207	1.406638211466692
HG00187	3.073097766926846	-3.727358390393485	21.44357236789123	-7.405241859388188	-4.66716197674867	-4.515105423675822	1.1684832000654237	3.0356005046421215	0.7281942103443324	-4.229674567401165
HG00188	22.75211385367194	-7.8901010706395915	12.203513621197857	-9.935602399044734	-4.190449206241409	3.825392763488791	-2.897956593342993	0.22868405526948554	2.1154941068101256	1.5797197598543413
HG00189	-20.346514964946678	4.675977488841843	-8.987128587103815	-13.069915706703876	1.11978841324576	-11.339492207888737	-0.6230763988440856	7.361004944129668	0.3778569621920185	-6.032537783420676
HG00190	16.019776235096202	-4.471311498956869	12.363850111260373	-13.640081702150333	-2.66120826441544	2.668780770970781	-4.23651001712363	-0.15456427779352522	0.1969240461778421	-8.74811767126816
HG00231	21.17866111677703	-7.2840400126202205	12.283573282462756	-13.346283175223604	-6.155785022357027	-0.8562172482340478	1.0219822705539279	-3.805216820975775	-4.193023052105631	-2.819578885080062
HG00232	-5.112349701411295	-4.594938742245949	4.70576480254723	-8.64117670544425	-2.388330681439714	-6.388647372252808	3.096482677107656	-3.529024689605747	-0.04920624502279769	-2.464092342187425
HG00233	-27.432480553552562	-1.9935603843629255	8.6416482816086	-4.101566453232482	-4.475440888273987	-10.310067963447919	2.113166482912823	-0.721985186168394	3.715217963024972	-0.11544705343907635
HG00234	12.476337575364779	22.011336982722483	15.860099090260128	7.947663160412928	-6.531915974157014	-0.4277695205805625	2.9289098705560535	-1.8338995264315499	0.9334371904456176	-0.8202669668752833
HG00235	-3.629489148174796	-4.004113806622906	2.3850682880149865	-8.56224369595586	-4.841844845102845	-1.374644216717781	1.1411933374489425	-1.8215351283751764	-0.38929653660107855	6.833009354133114
HG00236	7.23199910884498	3.4101626599416814	-5.46721524265848	-15.282178783655294	2.4123433331141286	-9.469073416978468	1.0879781179263306	8.781980771718748	-6.09309226401529	-7.348055231991176
HG00237	7.140224283122563	-1.7060690890794954	-4.64598279980209	-11.272459996001393	2.465349258397835	1.0743539827093798	-3.551837765888299	4.925051759414259	2.2596661806075833	-7.429201246456887
HG00238	-23.695562079286994	20.07263242812533	3.5688868664656908	6.142535021379963	-3.3988695340640214	-7.607077475700806	4.2159908103341115	-7.221296177462326	4.249063551314171	0.7301693257390207
HG00239	-0.7275354474504262	28.419289384135183	-3.933009124700275	9.271769762892852	-4.27104228070375	0.7606122394965351	4.842058562494667	0.24672460113554529	1.9029442785208124	13.241138572925454
HG00240	-4.064739244083081	-1.0725186696575848	7.407763283319304	-8.092517933906224	-0.46562973205438674	-3.186231156632021	0.11948237970765757	-1.4487810325623938	0.6351257104822002	-1.650297196232222
HG00242	-22.15250167763223	-3.324229641864449	9.431342261840747	-4.122221637808858	-6.362095037717992	-9.829079509886864	4.4919439161035735	3.9748278700320183	-3.035066369525255	1.433705648199611
HG00243	-16.803981823402626	2.909431815243755	-11.639988261225968	-6.38391874942274	-0.3261152991627297	-9.065120523986032	7.037633303837951	-3.3276059452259834	-3.4551051435536397	1.3385805115181544
HG00244	-7.329379513723604	29.83599807160304	21.812085308428465	15.415015740223797	-5.795203264507105	-6.6669933422123675	7.039806576787855	-0.9657426380128795	0.9769731104263628	0.15347662999275424
HG00245	-17.84784716615299	1.4230692613356446	-9.393604017457465	-9.264765532466361	1.7370624035507338	-12.197907427346088	4.21737182497438	4.076867014755674	-0.6943582088730461	-3.95057589464114
HG00246	-13.451371871419324	3.360960569888524	-6.123635625585307	-4.607346726879534	12.226576584233278	-4.7243955606524235	4.4556104536227235	-7.357673249447188	-5.700367745047184	0.9135896169797681
HG00250	8.136381973816441	-4.750047613234038	20.274820571757747	-7.522842906555051	-10.021700335186456	-2.2899241713526064	1.2221944805265488	-0.2768725234294951	-6.7619092569287265	-0.23614172747946416
HG00251	9.040904754233493	-9.370098699950033	17.989250554754573	-4.10418151598233	-6.614018554282024	-4.533359978654346	6.3835366926236965	-0.46691755759364706	-10.928793399883522	-1.2558354738151012
HG00252	22.357048403687433	23.620178864938765	5.7670372954554265	3.0913415999906664	-3.522377086563898	1.4456043005255728	1.029231522660834	-3.6072275565631555	4.958338253560922	-8.65582356832459
HG00253	21.068158924488724	-3.088825340174933	10.500282698280152	-11.210672457153695	-5.740179145212325	-1.8518099468609217	0.017600876873165486	4.668886823401809	-4.271739468146042	-3.800199136708831
HG00254	-10.659525879840036	-9.190971286987033	27.80652440493499	-1.3297964658056607	-6.716445706096879	-1.105701225116256	1.6823855414915827	-7.154413930612746	2.0325247239829456	-0.06385310354275245
HG00255	1.878622114842697	-7.809041807926585	9.392910636399082	-3.100392167116943	8.044165378092783	0.4938703809996768	4.84594238289744	-13.790817846088101	-13.339206259954757	-2.6692114622433896
HG00256	-10.848957787385128	7.489882059484454	-2.0614968378401146	-9.511692837012106	5.240991303082579	-6.3858874504154794	-2.800685195810193	7.626119208322713	-6.279656823182233	2.678378006026648
HG00257	8.751507548575741	-6.786462651071764	20.15992980416531	-5.8039282837343205	-7.921727466262061	2.965273441536904	-0.8381345804057921	-6.148384261859662	-1.4466199069557595	0.3126641844649922
HG00258	6.8861977553053775	-2.6325847663136472	-3.6554982844124737	-13.846430294267817	0.100299626124696	-4.096829545687935	0.6735126120329067	3.8776693802588253	3.4177187241599687	-2.5768918727080665
HG00259	9.308085620271148	1.9131065730714	-7.926450486535617	-8.569195937137973	7.956192702177214	0.05096358948194141	3.2079391851849746	-12.203704301308807	-4.762897394957736	-2.2807496287840308
HG00260	11.573565751725688	-4.284759747639569	-5.976020449098067	-15.562110771354297	-6.579297832577682	-0.8260461148514775	0.960962184987475	-1.9169768297991554	-0.9198753091467664	4.837192789352342
HG00261	-0.44437321096196436	-4.104820847779084	10.979921373902322	-3.217310924381666	9.510142416762084	-5.636861024215387	7.29208695713446	-4.532109483882389	-13.098788122793744	-5.404449979626424
HG00262	-13.117493448990334	-6.124368477755672	22.64974388298779	-0.48857170390205573	-10.636790915431305	-4.1412994424534215	2.863177654703827	-6.083267507399305	0.39806139951447794	2.5331854550461785
HG00263	-19.21679954249582	-3.5578619472828965	15.136756229629688	-3.9945899853898243	-1.7495414203731199	-4.101346899368293	1.2473335633168292	1.1876692765139563	2.4744230928013513	-0.17036553337680949
HG00264	2.4611705076493404	4.304058714254671	-18.14349133606761	-14.211931805041761	0.3262857822453336	-11.68665879898401	5.2460795604417365	10.024412078204548	-6.941747964824161	-5.104548764610382
HG00265	-4.004512148481891	-6.575970743960132	6.473048062317744	-4.673843573543036	5.908334998565844	-0.9032139586528609	2.59400493028664	-8.239889395801121	3.72097913471264	-1.7160161779014782
HG00266	9.865372388538145	-2.2625889964764636	-7.208085234564723	-10.745686520035344	-8.060457791023271	9.359646369673	-6.981434794927338	-2.6903994453041116	1.6275873037440112	-4.97239864866286
HG00267	-12.88235045914053	-1.971775051864205	13.355110284149525	0.6059192662033982	-4.465522985497099	3.5466182510247664	-1.264153515624411	1.6480660617414444	-2.767416405588214	6.679530657116199
HG00268	18.353817775498044	-9.438861818830869	0.7882857913180085	-7.906180000155922	7.6439915045472	-0.2497176990316436	6.420059016487765	-12.786329903001628	-12.830791862707159	-4.99173475124565
HG00269	11.256086559899936	31.654085719087	-9.764879477813592	1.928162769597456	-3.2490160314018652	-5.264404240578683	-2.082935770738774	5.699943376040661	-0.5565653534469375	3.412541074440666
HG00271	14.06156942129127	-0.5149280705223704	-5.319497812320378	-11.538422038847536	1.3902604543054946	11.35363333453405	-9.37296998435973	8.43224060940743	3.0637880362316805	14.391843941063764
HG00272	5.52831940160695	-5.762584552277727	15.960563485041835	-7.99671905584505	-11.102307643695317	-4.581562698933278	4.375611291219996	-2.521577760326615	-5.62902397251075	1.6428568241107002
HG00273	12.082173645744732	-6.0760171936933105	-4.179281823867939	-11.59151607561088	-5.476220454822872	-1.3751467713342242	2.5225218737659567	0.3973767279749181	2.7584112602261732	-3.4388605291060115
HG00274	4.537246453838771	-6.4046816032181635	16.466765618964832	-6.467965926033825	-8.57964743847995	-0.9910202009169468	0.2925967776625791	-2.1352229913359206	-0.1865056666088034	-1.0905280306519607
HG00275	9.277062849035103	-1.5962615625536563	18.905412972769234	-8.395537617172758	-8.624843383776303	-0.9865891780275774	-3.9088516205708688	8.18959921586554	-9.081475063919434	3.613456167321841
HG00276	-4.290128413427412	0.46402686947402355	-26.974120796329903	-9.465548185301538	-10.528798005341388	11.41414633892888	-5.234534678062921	-6.595742191278935	2.1872937149212412	-16.98647851336556
HG00277	5.96856379826192	-8.88730605828279	10.174951754292678	-2.047397291347169	8.91270368460827	3.2976992386892467	3.672055373298626	-9.15040142289768	-10.95971779922434	-1.6405207586665176
HG00278	19.9226991248305	-10.315766733710495	8.206094968948657	-6.1164652110301745	-6.951504719182589	0.853721592093708	3.1849599573977283	-9.761626934287971	-3.65249664870832	0.6967491404558204
HG00280	-5.801586182003061	-1.2772469809382092	4.423548670206373	-9.876373944151258	-2.8097734040890576	-1.248430033834516	-2.4479693226351342	-0.7811397731896743	0.3828327123634054	-0.9428594279805065
HG00281	3.2634116358086294	-4.696500107146655	5.116146710267749	-2.386482874777352	3.6126132838422413	10.603479841489234	-0.06076383465818308	-8.912276103519556	-0.1702284060463224	12.940058451035718
HG00282	7.974026707427062	-7.802800893494914	22.110107514591977	-3.3107072116518608	-4.1845058919046565	4.0433034331068365	-0.2149672556913077	1.4659183559089637	4.862922362439795	-0.6954969304691434
HG00284	8.116018207385896	-4.4898249858974255	-3.674577027277546	-13.852047183185222	-2.3353910419207877	-2.860669149347772	0.5266582609307974	-2.804905413517762	5.288467532638341	-5.805306773181425
HG00285	-16.44328360877817	0.923092367260438	-4.4517310679214805	-5.659855727577049	11.687188685138157	-7.42816585917268	4.750420538676989	-5.184539109481762	0.07565212223414386	-5.078965101506121
HG00288	-11.147351783656346	2.2364064563104837	6.505147187162645	-10.54510467783675	1.8944716011171547	-12.19670926486659	0.6598857189102371	12.389762482029393	0.9273507141595143	-7.331528847139571
HG00290	3.31133719844377	-4.199603929021926	-18.128262207044923	-1.5680106559478595	10.246176456545742	15.460404574641021	1.8612743475985423	0.05471188978425723	11.13026155232266	1.7756262990796607
HG00304	-3.275843820928009	-2.550137212788337	28.745541165005015	-0.5618119858581194	-10.30826192409519	3.6712360554590227	-4.878270570628706	3.748633777874053	-5.669718740125632	9.157727237988354
HG00306	-2.5814121112058266	-2.78193488613923	4.170289277997252	-5.926912128454151	-3.3093644725967413	-2.3550338552325956	2.4810255303340747	-2.077180014121982	-2.7684312659300483	1.2122164218459937
HG00308	8.940101045395009	-8.866239863091598	19.347866643894964	-1.1759733564004753	-2.1590226479238255	0.5437900382019997	3.8463779548362966	0.9442177850953789	-4.957183640653019	0.03860169717751982
HG00309	-0.30636885857758417	-2.1362593391793507	13.831684815376025	-6.124463420844135	0.5587792661439446	3.2626958178721495	-3.6536903742999973	-0.8353437702383261	4.792590718568412	-3.7190588328249303
HG00310	22.24293971781515	-8.356411598965241	10.313909571008972	-11.258658276639666	-4.744771936544584	4.0943062333543665	-1.7830166525099618	-4.936134970514431	2.099050943212498	-3.7074879479602147
HG00311	21.939248858883882	-8.620450013261056	12.937060559747714	-10.571353329953169	-0.21569034895227146	3.223492510869623	-0.9252883956866309	4.742058117341872	4.625964838177204	-2.416957575871505
HG00313	18.082574757544858	-5.519791961387553	9.655526497857432	-10.566539941834666	-6.603024523690272	9.59679733748294	-7.611880483667566	-1.083157974216856	0.48675908584915484	-7.3777560802637625
HG00315	-2.5708423906493416	-4.155049458250062	-4.382572026723711	-3.1330734315664714	-11.709734593036435	14.67467610937967	-5.355805598399109	-4.469927226112199	-6.4748745643876875	-10.213869364781026
HG00318	2.208334419399804	-5.998329761649978	12.892638460369344	-1.1655588300676119	7.470708149620661	2.54835907753319	4.043321674082362	-10.462419287868542	-13.741368238230848	1.686788837524029
HG00319	-5.934156997972406	-0.47525761163641206	-22.05525477452593	-10.683821087908443	-1.5866888696237775	-1.8327168557891742	0.34218522373412524	0.01152265061048463	6.42393724721464	-14.266337205504428
HG00320	19.603012487593684	-7.9413944130626755	8.943480608616287	-10.224015050748827	-8.23392617797601	1.9299581634904315	0.25490121570077573	-10.284658898813063	-1.9258966110033522	0.2983437173743129
HG00321	-3.7639779591263274	-0.07723948704649719	-19.95167233186679	-13.58081042509084	-3.162179709352564	-7.853693664280231	3.287272115115678	3.044439185071039	2.490877586415996	-4.69565583614315
HG00323	21.381029753454698	-7.844570897599438	13.096679975402768	-10.610822104874176	-5.151393789108209	-0.946598650215813	3.2329060118730695	-1.4270053922065271	1.1530180306429096	-4.375668817133697
HG00324	14.972906040087901	-4.666132592248926	-2.647615401188906	-8.143691203318888	9.973516544652497	12.062471111776786	-3.00468677087526	-2.1389399257609294	4.527889127482146	9.640444836383134
HG00325	11.935080910620627	-4.853165863436631	1.7606554816111273	-8.932002118870006	13.347845615771154	-7.15383680872627	7.04736425859262	-0.9484803693709549	-11.032657966910353	-9.117195113411114
HG00326	-13.57593475064203	-2.3439086661739807	22.682428665645357	-1.9507979504696031	-1.6419117413042998	4.8860886599814215	-3.898246955880879	-3.01002551441696	2.926189468530793	-0.39249418607647435
HG00327	10.062196329634524	-6.741485708093002	22.518378708880196	-6.097080504810688	-5.293831990023184	6.268000260718614	-3.275478841609836	-1.9356720157620844	2.737639999513717	-1.2250300696047371
HG00328	-7.05489819993868	3.1956739263898233	-17.723820312818688	-16.584206727174983	1.2779412417074596	-7.806376622607196	-1.6756090707411315	5.206336630349943	5.438154135376037	-8.080065694114074
HG00329	18.54798373357871	-6.405416782883135	7.5640979131552	-13.155304871326159	-9.454981458557105	-5.927758127024761	4.747443718287031	-0.23854792268838398	-4.439240140901718	-4.707935389063554
HG00330	-17.27117800134614	3.04757791569472	-10.95576686045267	-6.849727376277189	0.7263006245934005	-11.616143951654044	7.5611649267805845	-1.217207647331365	-3.975574075436468	0.03991229236075172
HG00331	-14.446883038447139	-0.5560569788866866	-5.419442029526986	-5.990189951276551	-1.0239836421865818	7.923581416015162	-4.177710766666462	-2.281925705266215	8.188902978076982	-11.744024998424884
HG00332	-23.774880758294508	-1.0097379133624946	10.835477971652368	-5.621266631485197	-5.891546612256435	-8.398479151446384	1.1853125757908058	-0.45153603749555815	-3.2069407598251196	-0.1802911730273577
HG00334	-5.183574660467583	-0.687841368192621	5.736696610288596	-8.735714433905802	-1.577383515649586	-4.8732783476441215	1.1207887606308453	-0.869610348861236	-1.104112951684748	-1.0487265791468685
HG00335	7.013609013413599	-5.651597023868552	19.568103297600423	-5.187298962050732	-9.032117905868553	3.2816918133116895	-0.5378072752138005	-7.663408630624924	-2.7151855316583147	3.3730039455757646
HG00336	16.473033519916953	-7.752345194304871	1.4852310967341402	-6.8887282175004145	11.472123403821527	0.673345449507285	4.410983761266776	-6.077287963246275	-11.549463580538633	-5.688254108196539
HG00337	7.7536859183966165	-5.251713282873816	-5.332118839835161	-10.700129737759354	-2.4431917907189926	-3.0389836557433796	2.6327918629717413	-2.0341486610480644	1.6722541963983657	-8.917534804756933
HG00338	4.095882613767402	-3.6476832448337007	-18.504936289222456	-1.8140056046540534	9.444128502992447	16.92549365110689	-0.4940124498670022	-0.6619341610523022	11.103845011868929	2.649765558649666
HG00339	7.918917841155304	-4.174288352799026	-2.675865032755072	-13.894883356502417	1.4633415699102756	-2.8340461172849265	0.21441708385520863	-2.564502453822164	6.871549534317763	-6.585877002899583
HG00341	-2.558683487710346	-6.610429909951746	8.16713137936749	-6.373064205581374	-3.1618214513426017	-6.809687351608271	3.7561906668732097	-2.0326269888070496	-5.591434479277354	-4.226833007290979
HG00342	-5.195717520583516	-1.8793771561841164	12.732827370284362	-7.208558587903629	5.325719191758502	7.78236940730321	-8.393031647153352	0.23070586989807895	10.722154175923372	-9.684020954940133
HG00343	13.221085506901726	-5.934214416073814	-8.040109620282388	-11.226444798295498	-5.920558690786054	5.020746394419201	-0.30590002521699533	-5.7123996865199995	4.013190681198324	7.230943212997453
HG00344	6.732932922300107	-3.685773719408533	-1.3800557826672466	-14.919346059008582	0.6448484627164263	-7.523405880037284	2.6873027273126464	1.7934359512672156	3.238785175139202	-7.495897191350485
HG00345	-8.39413702611548	1.077897069467166	30.856227473293114	-2.285729912542587	-7.2849347120087184	-1.7609166652511814	-4.6639718765074925	5.541656025499118	-6.055030452701766	6.180877505254585
HG00346	0.5645474123045267	-0.49343135224028906	8.767268297083408	-3.021564868283647	6.360957764404342	0.7286011881479774	4.599639807681531	-9.73685786699583	-10.307778118152944	3.6604029921041583
HG00349	15.780028966099806	-7.058354191784671	-0.42305679132390095	-7.010469006556722	7.272849633858503	-0.23779555310795547	6.275155479723241	-13.367905462368372	-14.831360725272559	-1.71760179112706
HG00350	13.02262186468549	-4.577755394711384	-3.066843319373617	-14.929171095471707	-5.677687992090418	0.34151310809016144	-0.8600757215019645	0.3285577552266281	1.5235531696866793	-3.4106530531687653
HG00351	7.205245507628667	-3.572917202658204	-4.774878526525253	-13.678220888143148	-2.8716312726539943	-3.011241752361838	-0.09973273868719656	-4.193658068946681	2.5017893281724244	-3.979680206757444
HG00353	-5.630783296533393	-2.798751781105183	-0.42831971380713696	-1.6830976938219595	14.066270197973262	11.839310098687848	-2.673455358867364	-6.469398687001083	7.479213212746787	10.321804625799942
HG00355	-0.5264449621585591	-0.9290336826261241	3.03170985205471	-5.879676142526077	-3.164238097949822	-0.26848375142725034	-1.3894797508080963	6.944559113148106	-4.300314601486147	2.998148801304379
HG00356	0.3247233111508418	-1.259619681378963	3.6047928995213314	-6.111422777740708	-2.108099129333773	9.34463835746874	-6.951951824935328	6.279665844427768	-0.9488258243030789	19.77178327431556
HG00357	10.57379502651634	-5.701937676061055	-7.621227869227494	-9.167242415703777	-7.276548284362746	9.31140123053869	-4.5566578254247245	-4.680123270476323	7.62638208443089	-11.464307589094913
HG00358	13.114991181690675	-6.804060233339817	-6.43067153893986	-10.08539711625957	-6.414237495797279	-3.6441080257992606	4.331884077490283	-5.184574478099648	-9.355081853427679	-3.059560918740692
HG00360	4.943344761815186	-0.6554312136496809	-13.630686813088698	-4.002719786015727	14.191796287342969	4.110557386499639	7.845926508065188	-0.07544738193603717	3.8005063349904953	10.988591115781821
HG00361	-4.524953748660102	-1.567504204662193	6.357274133898352	-9.331992428399765	-5.5548542013533355	-2.6594126733928483	-0.7435187690919471	-0.06836014462094675	1.4876710460930576	-2.764722711775579
HG00362	-5.770314905488399	30.397816502688897	0.48975829040345775	7.139795664467414	0.6621554420380067	-8.559421241725284	4.329905782830356	1.9593825827514078	0.5307959736904184	-0.6656985412400791
HG00364	-30.377987845933024	-0.40518152931827944	-9.626748276666627	2.4606961470434285	-9.272514606484377	8.794558204579715	-3.7222319346790513	-4.138331277326608	-4.084780576665661	-10.312899349901704
HG00365	-18.389281041379146	1.803665342375864	-14.298755666035142	-8.536562968967639	-7.150903726693517	4.517949504018749	-4.761569608821446	-1.8978141548340883	4.3500573741072905	-10.055052751365151
HG00366	17.467586073878614	-9.144129413908127	1.445227261375998	-8.207290996496512	7.8789382637315395	-0.0903463705478334	6.213466198026893	-13.449941903047835	-13.69906256329644	-4.287609025842523
HG00367	14.639044935819433	-3.877818957675704	2.7820115392974816	-8.94419827231365	8.95787595233084	3.7757201592860468	0.3285418192229297	-9.330769592855525	-3.881669407918267	-1.5378248194071262
HG00368	-3.770898987193455	0.13398757695016084	5.491084954782418	-5.4866459468220805	-2.7166703541928747	-1.738989785971232	-3.1427260440277895	1.365875829322671	-0.63436043920019	3.65772799527075
HG00369	19.223698839206133	-3.532633030715125	4.304781931077618	-9.058312158371669	7.467380352173149	-0.1763643428796291	2.56940892439284	-0.3649331889018568	-9.76003056411262	-6.122071748313157
HG00371	-6.3488266807122296	-3.7128680732812245	4.8679505115981785	-5.046088012359096	3.3019568174196836	-7.921469378956424	4.206923631566773	7.306439361381184	-6.362910822256944	-2.5359691417688266
HG00372	3.1811862156182484	-6.303173848458956	20.873222051354976	-6.716695646992505	-5.7393920836661	-4.641369451325224	3.688852313796818	-3.578383831459263	-0.5517942938113384	-3.4870927626794934
HG00373	22.521125777230377	-10.12157993510801	12.029212257437106	-8.207251497918751	0.4221677939210092	3.2882687468770095	0.28758742180198155	-0.027607522394875184	-3.0624613984742255	-2.7956528058983428
HG00375	15.897111115040017	-7.842271957055486	3.3771348108218784	-7.662704604617003	9.957583020426242	1.983940080418075	2.958710537895086	-2.1829553896661444	1.8731453910814715	-4.525847877522164
HG00376	-20.393597012569316	4.71035564034315	-9.06695789827096	-13.058554680739533	0.9256542524699242	-11.149583298518944	-0.7606913387609496	7.414734379489126	0.27105159971337933	-5.904868576413062
HG00378	5.099624926749771	-2.0406814395319066	-17.614536722540745	-10.415764033406056	4.584308926011778	3.889156378639468	2.3334939499469547	-3.4126666549875027	0.5979251350475059	8.585857926806037
HG00379	11.051331352147344	-5.0882853322383435	-12.388996290583677	-1.9827404509587343	23.132858472987564	18.595341986504774	2.246050284857013	-4.787337487999256	10.08752535588014	21.19337586114192
HG00380	15.732636608045135	-3.787543146628782	12.154910699729585	-11.882107316535837	-2.622945330836547	-9.57609546655099	5.243919480131125	6.182409102232279	0.05735197510097367	-8.626252486117991
HG00381	14.984926504108735	-6.039471018275668	-1.6142791107230294	-4.027561988632049	9.867479066460493	11.896234710015747	0.7358439112674193	-5.970765926760484	3.388676720950378	12.873053354911903
HG00382	18.456636609966516	-10.96040268393993	0.47249490812537165	-4.775583368499112	11.122083863688959	-1.1499866524552012	8.96084685902174	-11.90877364125085	-18.252659157913527	-5.775206551286777
HG00383	-20.764752115425654	1.2645823995925367	-10.815267184167531	-9.958209560962297	0.5711081410878909	-10.26707759165829	2.3472655310744877	-0.9095981826552851	2.3927392189384946	-3.736020831099699
HG00384	-32.98940131903547	0.6141138239208783	-1.2249702869316241	-3.210393464229023	2.4363620347652035	-11.78680311107215	5.0464754144405655	1.3365386461977433	0.7033654264281841	-1.0988635582968316
HG00403	4.447351288711714	-0.46668054290719724	-21.47085177733259	-11.239254247783965	-7.320342787482087	2.4466913508967423	-1.2618310184750932	-1.0776996412663613	-0.0021754267128601956	2.689106608936433
HG00404	-1.618176229546854	23.173184641341525	-7.672079483921516	8.10075606626858	-1.3739181727076581	1.5904078357101246	4.50566070198881	-7.742084947617562	5.643004823485207	10.138874754538529
HG00406	6.637374663172921	-0.08816823420993591	22.016695530231555	-7.7639301209610165	-4.414456029870452	1.3152385489698228	-5.834975230105095	6.957086628971238	-2.610789328150315	-4.0059972060692
HG00407	-17.83569946471148	0.7842960676349844	-18.745852101252158	-1.445900607214907	-9.89025788150592	13.231213610486577	-6.790482624706064	-6.0162902883313265	-2.4114797988398817	-13.198164734278572
HG00409	-2.4406212063176147	29.400155312029014	-7.74405643808781	13.489323523420508	-12.038126303333486	11.730607933787223	-2.961849639374361	-4.040792753056973	-3.814459252829698	-12.918874965105342
HG00410	4.793103335098457	-2.211792823556764	-22.509484343948007	-9.352686742507132	-6.93676955636246	3.3531288660916716	-0.4003687290078315	-3.850670007389765	2.381567443137844	0.47430056539995336
HG00419	12.58132081291685	29.261184748544515	-1.4270655401733778	1.1217178022675771	-3.3455494982744267	-5.8700207500420944	-2.859221797939957	2.058769608209585	2.487131438835319	-1.7557861921921123
HG00421	11.876012560964742	25.409967028798764	-14.032199794662665	3.1101205494553112	-4.11861015760555	-1.0866510841959969	3.717477978632	-6.211561907051598	5.57857859512946	5.4585705020376585
HG00422	7.971157411352644	0.8947951174989577	1.726311361625367	-9.53079811044888	18.054065336069815	3.3808868894553337	-8.51084200100746	1.002699688609727	2.6669365002400047	2.2915213474659946
HG00428	3.159001909710066	1.319261691881215	-20.695414235471347	-12.713265768979346	-4.995251021783188	6.303474093917034	-4.730745754725224	2.160058366651789	1.7858791495669313	-6.101288434311069
HG00436	7.746869339118377	0.23944755258891515	-6.255073652330082	-9.180543962675387	8.799840098932828	-2.412083265338956	0.06432681262045026	0.5528332718928757	-2.717004939921214	-3.061148253447719
HG00437	-3.7535565192270104	-4.197232082663862	6.658433001626648	-2.5935583100033854	22.084144492532367	7.757787176379445	-0.18208218339100363	-3.243209121240577	4.932035445211054	3.9679048899340397
HG00442	5.121541798350711	3.728474874404955	-10.226777028512021	-12.611554496962432	4.609310533615894	5.88365850108876	-9.480686056563092	7.66534019305495	5.090693355920239	3.384900821991957
HG00443	-9.985563641817564	4.6752156494838815	-19.88842747578433	-2.668112105726044	-10.017891852243421	20.183043559351916	-12.182411671569817	8.354337864563593	-4.430558048186072	3.793848565670715
HG00445	-25.73678290288564	-0.2734281740422632	-3.7338105431898154	5.9002169842860015	9.209661977657193	20.29188713834504	-8.182557507699531	-5.355251879579932	-1.0969843813408413	-10.079760669532913
HG00446	-0.911810010482865	-3.778782475341213	11.673350405408451	-4.78770440072968	17.819956355197835	8.871738599627966	-4.966174517872993	-1.3700269031525674	5.353612456948506	-3.147463337340868
HG00448	0.27455294278451087	3.412643320835929	-14.137901264720833	-9.409098824512313	14.067354615913827	0.7072890683731956	-1.4615746529752374	-1.4406306315100736	-3.1672360622582505	-2.140547268112188
HG00449	7.633504767464541	51.643841723643845	12.857115524345451	18.89225193860294	0.39268966958542983	-0.6893903651503761	-0.4212664589314228	-0.4846440653904074	5.788939818648711	1.7903963398672862
HG00451	-0.29657093520894706	5.06867663132331	9.48251689793634	-3.251915835256665	13.395240029972804	5.012233128343276	-3.7589304278218654	5.225758749903895	-1.5727186769087325	9.403932999434378
HG00452	13.200192443177857	0.7908445999412026	-4.693791169076569	-13.065127468768598	-1.4919415014378212	6.587808711441953	-5.957447696238186	6.057034513400982	0.3902710805763825	7.8076449203330185
HG00457	6.349469574096313	-3.8700766582716697	21.859887433171178	-6.661512350434987	0.8581494574128976	9.531125417517732	-10.409303585300204	4.363148114994572	7.801220968546231	3.826630490682909
HG00458	7.13057584763992	-1.3464114905183409	-17.070017145487736	-12.302370603228493	-10.09788420201401	-1.0649746263136217	0.04400369318499553	-1.5704944780185364	-4.2822140074431	-1.4676516083260944
HG00463	-14.414030080642876	-0.4738692592428967	-17.35807904382619	-5.779373435336463	-7.235556666932443	3.163523660629624	-0.9058164613385953	-7.273976803181826	3.448403264645401	10.680254462825395
HG00464	-14.958632903494637	3.628360307881739	-16.018365518064062	-5.426609999853131	-9.838446041202364	6.807713676732469	-5.074126140807769	-3.025653410958216	0.41015807622902756	-6.938165583770005
HG00472	6.670750707027883	-2.070124395770378	-13.83888011146169	-8.566243547796217	10.36546741884275	7.713893792739405	-0.925144769149171	-8.227993950657174	-0.41175301524631536	-0.23882680565664433
HG00473	22.364685544245898	27.314271193667693	7.575542385393705	1.4736187179539322	-3.961197073580234	-6.26514667441871	1.551484439818353	5.321397886035111	-0.6736080268974212	-7.966999772747466
HG00475	-13.112494718904237	-4.29536753483879	21.284497954625607	0.9544123567129655	2.3095548326222826	9.600910691742223	-7.472878866475251	0.9607138940854816	11.40420953403931	0.4816624090081207
HG00476	-26.66561421375155	-1.188918778500034	-16.649519475673404	7.4662485115158805	-18.004181419301943	26.9639725997173	-10.122755426627382	-4.649247558726813	-8.670562718909304	-20.944764785436877
HG00478	-26.60666896401909	-1.5060308310437933	-11.42960929319303	3.8387218422251843	-14.481610898054027	14.624116546381986	-5.226723691256887	-5.580455931002759	-4.000052144978644	-8.113031394053374
HG00479	-3.622307656717729	0.3383790021570927	12.1891284796043	-5.768800625854881	18.92194973760857	4.718015487607357	-6.201882663578445	5.272053094319223	-0.373089644306819	-0.4354363014675239
HG00500	4.561416679392675	-6.3987511072930445	9.472093343753286	-0.5097822200760893	13.56919058776313	10.074282410833058	-2.234345529329592	-0.3303916433828425	3.236611348090422	1.8934506633351897
HG00513	11.323561137622173	30.416494065510573	-9.610320614954524	3.055550886447968	-4.990725157904562	-3.4333603948036906	0.44361995327604514	-0.6318187566689937	-0.2096082368802059	-0.26344237943013804
HG00524	-13.019862720987957	3.705901418662757	-6.26222548785553	-4.597541902719773	17.145551155827587	3.4827696812635116	-5.063225468252067	2.612725598428128	-1.420493398696896	4.900887336805931
HG00525	23.089460563282135	1.1835383687912966	11.42435324102735	-11.426176098897763	-5.6826165659556045	0.2540918704452464	-2.6226332235967984	8.88865604020232	-4.688570903199951	0.46999116712914657
HG00530	-1.8376623100574099	12.45193390971263	-2.6009989346598488	4.473533706518313	-0.4796030743044411	5.062356167365106	-3.0618099844143574	-1.8189860991004014	0.7393510518968718	14.462166443126865
HG00531	7.197189457680038	-2.060207967359339	23.254430624939292	-7.882231686263797	-3.6973367582549788	4.7432596709508665	-7.208036232415779	5.692983262399217	-1.4903703709238667	-0.9777852165711469
HG00533	-25.997350114231253	5.028691302667997	2.1194268024313865	0.6055142790678325	12.573229386705277	11.654662441277184	-10.585710611949184	3.0111497141801107	0.3936471719615958	1.8478324412993081
HG00534	-24.56608880536144	5.530617462121763	7.014046115191078	-1.223151578138777	1.6941262663307963	2.085854668610173	-5.7608623625740725	7.643966444891073	-3.087413204430841	-5.648389907178887
HG00536	4.390718243067151	-0.0794194645230214	12.58426449774401	-5.8523379337011	-7.45652486839614	5.265831563934909	-8.16233559583103	7.400707137971366	-2.013020255420829	6.973366530461088
HG00537	-7.035744068890493	-0.6677496031358997	-8.125285621459074	-3.6317577220239166	13.05117382177608	10.48645124667706	-2.307365318087479	-6.195067010754671	-0.957329494814384	8.021075669136607
HG00542	-0.27070108441256246	26.22112551332706	6.493143780649304	8.883812346161687	1.5267877457971162	2.274763580955306	-0.706512015844813	-8.797940461487322	9.645775379838106	-4.449676566905428
HG00543	4.3664803973328	-1.4216284737119949	-27.044570426453372	-9.793206122104591	-4.12569302262451	9.50704081164469	-2.138878557181545	-1.4922188042926168	8.447149418452792	18.420921943450367
HG00551	-19.713899751952432	-0.8556863134226254	14.971724936662262	-3.25270523171274	-4.773556689640625	-8.819587048046191	3.881014358468499	2.8812647290598807	-4.558377665561115	0.39649834093295916
HG00553	17.13629016875768	-5.145268721342346	1.308419551088667	-9.396794974316048	8.248029140182572	-2.362530692760036	4.351133292474463	-4.3822142402339095	-15.515464366299113	-3.3386427771168674
HG00554	0.09490258716830938	-6.961056857698658	15.372388920447031	-8.244072183457392	-7.398099747943862	-5.816013402817477	1.6268160423137406	0.3236156167526072	3.122992696744067	-1.4826226258394046
HG00556	-4.594623940762835	12.536232081002789	-0.44231730083228116	4.218397003829681	-0.6920823217937487	-0.62219913400624	-0.9639299661764547	-3.7827752597005375	-4.447911058983289	1.866650425498666
HG00557	-4.310579980088697	33.93952679947621	-1.3239353184116815	8.128379976212647	-5.203341501189293	-2.72085180035162	-3.3957931932135073	2.125224738998931	-1.728009824973321	7.395424128950863
HG00559	6.928491421006264	-1.7553873694665585	-17.50821231696792	-11.891316082537248	-10.139411504608447	-1.2517417114537295	0.14566783156299312	-1.3568743332252993	-2.8953995329583617	-0.11669895198280458
HG00560	15.152653689312062	-0.8696324507098195	-0.7624577081577107	-9.423446398353551	12.81100423447454	6.657850947589639	-1.7682319939692979	0.9081161272151168	0.5373921458708868	7.113328060097442
HG00565	6.759471580546582	-0.8317150171517911	-11.614040099255437	-9.79609716496457	1.020524805493065	4.8832292925007605	-1.5260927723316864	-4.477821679992713	1.3870031852336782	-2.2797488142326037
HG00566	-4.447273896963193	33.9827859645179	-0.8750681205826464	7.410334993049705	-4.403695607960387	-4.450465234669128	-3.4735774595748157	1.1842331570376985	1.2771744743113296	4.603894865471088
HG00580	-28.566097274536325	0.8951001597765063	-7.8456858123059625	1.5597309011975171	-6.966468836095452	17.465657992363383	-9.989006054202923	-1.536641279292371	4.67767250102669	-11.559805035834792
HG00581	-3.333943510765794	-5.261672898315351	-10.647134006011798	-2.6574433618808646	-15.688275319242939	6.759274967062836	-0.32484104658339796	-7.1421133507358885	-7.937377367954971	-2.2064653611076337
HG00583	-21.044153946797326	-2.134862142463616	9.161343687495632	-0.46024553650550626	-7.381917575195974	12.134840959875055	-8.2217827965447	-6.144495098868721	5.004967914218369	-6.612978390201526
HG00584	-1.814698253366432	-4.399300561346072	-1.7262994569421624	-1.921657359620511	-9.561632801275351	18.53295220653601	-8.508218410818031	-4.282678769297355	0.6101916147831751	-11.929131516996533
HG00589	25.192192421420874	22.13035027607869	8.424071657255682	2.3316839773000093	-1.5235989039817333	5.266400091817279	-3.3858932689052463	-0.6862818093088621	7.3104924769957425	-1.3619376000829002
HG00590	-24.917267482018712	1.8047335326419063	0.6196095202475738	1.420038172968484	13.718781678612885	9.7136350293072	-6.65515495619673	-2.9635433312160187	1.9602264749114235	13.570886893214267
HG00592	-9.056502905379146	2.4882617731569368	-12.271725436059338	2.0273512930470696	9.638373002492925	20.567054059052793	-7.153355734444415	0.9824236219049531	-6.316324473026787	-5.696815905719833
HG00593	-3.1808080456819314	-1.5366256965457805	-1.255418061066533	-1.9530047328854074	-10.972117813963079	17.239942599373773	-8.802564537110161	-0.47468248569063926	-5.964368300618011	-12.45859422797713
HG00595	-15.559667150381651	28.69812387293817	20.110885714895687	11.117638281914097	3.368864091979341	-5.429410202129448	1.1190240156509113	-1.7216750935069394	3.2173673023160685	-3.3923258985389704
HG00596	-2.358603324115757	31.061409513553777	3.5864906072742606	8.287306677659277	-5.996526537479195	1.8986406294729001	-4.928382982219939	2.3942829986224536	3.6245250474392066	-4.4172183959344
HG00598	-6.834120408947497	8.78541984524338	-4.126881611150564	3.2272405703589966	14.67073210768739	18.498649474479233	-8.573185380120062	3.4045118314357863	-2.907103620331836	-15.975933862196875
HG00599	-22.413124976239775	-1.9243670303397993	12.435206583441696	-1.692652950675205	-1.5289553117156929	1.99473387903689	-4.863192197709433	-3.18897963191991	8.338325711619035	-0.21059916600158762
HG00607	1.7207202242308992	2.5273928347772947	-10.332856946360858	-14.083922991279575	-1.0149001903270927	-3.3885329671763587	-4.224645430401648	6.276730300899148	5.827918469121412	-5.916419853932947
HG00608	-9.445182411798445	-1.0178594448081357	-2.7846018446573	-7.778622127577322	2.7112722632314643	2.3577858180751887	-3.071374322809794	-4.6176835567779415	4.593874468606096	-2.142500556575172
HG00610	10.70661634050563	28.14860973878501	-11.473284448038285	3.3195169439048575	-5.726967558437997	5.858898266790225	-1.0429352579722218	-4.743736477319951	3.699551442838213	-11.563022812586464
HG00611	-4.914128208230409	0.18747981612460485	1.737448319611188	-7.26824488853027	-6.2670176878814665	-1.2350818273558017	-4.570825924380752	2.502871344973138	-1.0369427595366938	4.395018802351023
HG00613	8.15321212750432	-3.3688307950459997	-12.421231747911984	-10.42567107741295	-8.316448688544366	2.947023683114545	-0.9539861790446651	-1.1629467629721564	2.9608417509368157	0.39798995630744943
HG00614	-0.24556416870837283	-1.7373487446400635	12.035657631070492	-4.685375135278406	16.390496398516255	6.308302855872813	-4.709977473844753	2.368759094247711	2.851082058920442	-2.4584472262175647
HG00619	0.531386349222049	24.84249296612124	-5.551358121619858	8.837441811849793	-8.207993528040404	4.40075898258742	0.1806792210116125	-4.345517035720336	-2.9003941376053457	-7.710928664116134
HG00620	-8.204890927221994	-1.6955131532927603	1.2297202703647068	-7.153905068417014	4.984256065340124	0.005927553275532738	-2.3418362384120974	-3.584931966849574	4.078060968472227	-2.7168241873426746
HG00622	12.322924771089044	26.545785542861953	-10.204197430826389	2.117242925791591	-5.322322321549565	-5.894317865728086	4.539509307655631	-1.7218318108491553	1.621704434093372	-5.736701190015571
HG00623	16.435865122453272	3.151635337854122	-1.5443220378245324	-12.53129225597633	-3.9155052508382333	0.8141115718884047	-5.48991496414743	12.240758697348737	-4.637430397015878	10.944808656910915
HG00625	10.993179002788398	-4.371787932948576	-6.137178570390088	-9.40121505801591	-8.284541101572994	1.3281707713811197	0.265613102833397	-5.5377678498689935	-1.1770809262011626	0.07672336398039571
HG00626	18.089252880702052	-1.1714724255912197	-0.3581991269511017	-10.382323830507882	-9.285328737838823	1.1111875175826111	-1.2150074572702172	1.598645002870755	-2.6048308771524096	7.690628631768722
HG00628	-4.7547243181125	3.914395433503017	5.879520905164858	-6.898349023584497	-0.8420856604184623	3.6707568099688586	-8.72982516476809	7.54727095798708	2.1579442319452324	4.976180197316615
HG00629	-6.897779719567377	-3.1335509187865718	-13.316775744973109	3.069243939739409	5.854706382618316	19.62330365055376	-4.826790873942835	-4.186832932157484	-4.438207219423708	-10.096141043242543
HG00631	0.7807022333095527	0.9879503823427458	-21.96942317840933	-9.301778686034735	-6.21283996817889	0.7956389743094308	0.7435504136029314	-6.425443281688431	3.8640032893991183	-0.17900515537682565
HG00632	-19.38497227920792	-3.921291392368169	4.672223183572189	3.1469516522632173	-10.15728820233816	16.010141843583494	-8.041142905691064	-4.778665849695631	0.7689259415165648	-12.0189729956254
HG00634	23.686361289029723	24.39561859985813	7.753905838487205	5.517225420477717	-1.9158083742783827	3.8748755953578664	-0.8667412238506443	-1.202428185643993	7.44340430347118	-1.6304635525811022
HG00637	-8.219708792506838	-3.8223312556881752	-2.7862198961938667	-3.7969467929552287	15.483639865362028	-2.7946987552359426	4.582101949982664	-5.539769430992608	-7.447743606346421	-3.463054797037974
HG00638	-17.323826110280436	4.080562410905671	-13.366617418388714	-6.31674428283454	-2.38539096060834	-4.622869848249256	1.785518836250002	-6.821777742484027	-0.39161745512517443	1.510353733786426
HG00640	-7.378915280536997	-3.332387240136601	3.3057737557624653	-7.177484026624303	-3.876813757695408	-5.469193607819129	2.551637128989218	-5.694453865412891	-1.5997036855281364	0.1574499613336781
HG00641	-26.388843373861523	-1.7994137906609504	-6.7649595277933985	-0.059356146054205486	-3.621397502606037	-6.799042948916375	5.664866789556712	0.8361502310170715	-0.48855282632772323	1.9771995766256687
HG00650	2.254944097485019	1.7583913482887044	-26.5405373386159	-10.861929157634401	-3.8479191208639736	9.14879130694177	-2.9660174873739207	0.0007800244423597016	2.636775023240604	22.10452785874311
HG00651	3.505990365892828	0.1472289769789198	-22.958224586291387	-8.773978211073842	-9.649991043641336	3.741575875589165	-2.3856700705277474	-5.038228934483875	-2.6513913594592924	6.398842828699323
HG00653	8.46292543620195	30.87068978788277	-1.922358372194005	4.339701364365236	10.503079646482458	1.3257838403695141	-0.6274756493802696	-0.9698844849662012	-2.073803435431465	-17.361521094447745
HG00654	8.689113320305815	3.2965721988226844	-4.331353448534438	-11.338042549536864	-1.5959109495695918	2.5859916479597564	-8.484033463541126	4.64668054108324	0.8285397607532525	1.376287256779761
HG00656	22.163589959970437	50.63237733885009	4.33411658345252	14.127798471853612	-1.3885802546053336	-0.8611323348801774	3.5846509156602884	-4.116601028291618	3.8904613678511466	-5.636241994316099
HG00657	2.009535159214239	4.434965857134404	-5.635338889143681	-8.599871903078192	35.80801823004428	1.3932847407425677	-1.9727259672572197	3.81934054381464	0.9094295831118574	-6.823039288467847
HG00662	-15.043396355897597	0.5315980149441168	10.774934721045444	2.278903899192814	-8.062128300065867	22.26581877071328	-16.351480602544285	6.102552295665804	-1.0698107351279242	-6.008629825107006
HG00663	-9.785023527579018	0.9456262678672473	-21.047680695481674	0.04251813968391138	-10.385892598033385	22.898505490071223	-11.274937654392204	1.2830623855448424	0.9701506768226132	3.453574408647242
HG00671	-11.315135417586692	-1.4245849295761273	-21.20202439368412	-1.4781923444369889	-14.422098457126657	15.665168877497786	-5.184256751636357	-8.313386977303269	-6.2939911695473185	-11.98699351724435
HG00672	12.935341703937182	30.353838024564112	-13.148863647895979	2.7091437828724523	-5.541653539572977	1.8215761150179561	-0.1331355327148067	-1.1364516233158568	0.16877835075757974	11.523105488134215
HG00674	22.964716470176942	59.0754702063747	0.39112010857380874	16.169929404941005	-3.970663863872478	-4.46719722579093	1.8934786547107407	1.0602420180486165	-1.8122648265831631	-0.4665080818000667
HG00675	-26.214706131604636	-1.851800594944274	-18.12760936353318	9.368672964719536	-19.581859746193544	28.662758640690665	-10.688989582990926	-5.869952401772192	-7.289737473793976	-19.53690439676947
HG00683	15.809487210419565	-0.5186127736582203	9.726420722294932	-10.733453937481983	2.591011196254866	4.838246346670323	-5.20948436205577	1.5665735119316406	-0.18227189339419358	-2.8578970272329296
HG00684	-23.71793370124495	-0.008546012089648336	12.626490279593096	2.0223640604708755	32.53965205363537	8.68017956027186	-4.3976403722929085	-4.134953548691598	5.223911659266643	-1.8837932329548928
HG00689	-11.325820960492313	1.254492594053643	-3.1982877455039556	-5.426271017797633	0.14346782030829197	5.392638536858373	-4.3334831251623145	-4.166593717168061	6.132557686553473	0.0768368813456086
HG00690	6.968146759886573	25.92128944191756	12.967727080528277	8.69203775616	-0.8189497212322998	4.866326985153217	-2.6814441945037193	2.855709906816222	2.0170124033267482	-10.385071687822157
HG00692	-1.9016719017736494	27.37509327495075	5.893174157499969	7.7388082991011204	18.144812858515003	0.8876476286714745	-0.02742765584577367	-2.5209508459157286	5.650064631267931	-5.706283562462019
HG00693	-3.075597017453716	-0.4376099644646673	7.430249115610823	-2.739438032506391	20.02733872038511	5.290518351352028	-1.8004520053357398	-0.17440537423036911	2.77961336819863	-1.7275926658754284
HG00698	3.6440347181611905	-0.284534435186287	-28.054994595989886	-10.672084549363456	-4.224390815178092	8.320007438574791	-1.6803134261006323	0.9400503322804938	4.964617570889008	22.08596072624229
HG00699	0.9705563769992451	1.6706733336688244	14.24789512953943	-6.449383366226382	1.0391600309780846	4.2434844188672	-8.383062594456801	7.019846202693012	2.960424513847863	0.8722763341569304
HG00701	-0.3553481016221237	1.3082468037233366	22.68728875320505	-7.420605808791674	3.4845712689463046	-1.1500675208057092	-8.629670990374134	13.156008103395681	3.8087091078834687	-2.252014069326906
HG00704	-8.773747947600867	9.532923093585527	3.252222487131748	-4.04650197407008	29.808121483298027	2.5869666927104467	-6.407421289981429	8.502509259352811	-6.217775764776233	2.0442089444016847
HG00705	-13.638254525268444	4.118405390442265	-12.38183783709066	-7.3187627690830475	-5.747348456582717	1.76567549137473	-6.351379851222164	1.3846013130798447	0.0988432367322889	4.851935561716427
HG00707	-5.9502221885245	0.35956600654658266	2.172621542632074	-6.301213463437851	-1.893413365041589	8.297815322086755	-7.811641246224896	-0.9910876280912027	5.925721542580685	13.374485216448944
HG00708	-22.879158792135442	1.8872991673426491	-10.266704788999524	4.711833237922612	-13.64631905864048	17.82506062762213	-7.391796639977862	-1.9542586147738013	-6.5192918444627095	-6.3435440818665985
HG00717	11.046007578436525	-2.615479200247245	-4.895165361764158	-10.329188191586876	-3.071829168525185	2.8560826561459187	-2.426062941480956	-3.919964741616088	6.3742199850930525	-3.0017715611144404
HG00728	-18.747406457959865	8.291176859291522	7.976825683759084	3.8922257562092977	19.067115224109166	4.921131584987631	-5.786903907860207	1.4409892579630434	-6.662289092510967	10.22173421798169
HG00729	11.774136546700236	25.279488244037505	-9.69164963276122	5.4551016158815475	-4.255504994385639	-1.6879213580919035	3.5339132134750777	-7.506178423803669	4.5934568240965765	-3.9209278822453513
HG00731	6.372951690930043	-7.421433340363271	21.973619643910226	-8.951085960492001	-5.106910764133333	1.9890457622294508	-2.7406005026948312	-1.4297613025011375	1.9906880297719665	-2.525709386557716
HG00732	-21.31129943278322	0.04077437357860347	15.028918871618353	-6.868645128116341	-2.0430848187193087	-6.561919111166293	-1.8039519033503082	4.228109913710876	-3.084757337557926	-2.2240424478616077
HG00734	-16.62809747041341	-5.353419368994715	25.294155925887697	-5.697295597302528	-7.72409675796126	-7.090106734220969	-0.009333125984944513	1.4671813942762326	3.333529573178118	-0.9880265388567049
HG00736	-34.07686854174551	-0.24698225866727974	-3.097900262638582	-2.1895563140295673	-2.4741081519937795	-7.008636377526053	3.820476192587575	-0.8034579158372404	6.169412111185467	-0.3851913059560197
HG00737	8.384522293161657	-10.237189790249719	15.665748283786911	-4.392428568679458	-8.592341931554595	2.9937864283641327	1.1120173678497345	-10.444646814998457	-2.2318630491388665	3.290005078270385
HG00739	4.856526587334058	-6.69511642704229	16.299282898466018	-4.548869417442055	-7.765432267312789	1.2182523291445961	2.1032501804038928	-1.6477928441111862	1.3057123765873277	2.464435325822197
HG00740	-18.038479820143227	-0.36419206553381905	9.204684740392832	-1.2324754721276765	7.745953090383824	6.108861289967342	-4.218761677593093	1.8989555146725678	-0.41853037759113443	18.30711420060322
HG00742	-21.21542761205827	-3.9438348483277625	13.225311005103752	-3.9332494989943827	-3.8790884660942515	-4.487214612796414	0.8311563269347587	-6.871362255189345	-0.6326837818656462	0.6905337805348486
HG00743	-15.563500885023336	-0.2155380121734038	-14.555218703534992	-8.471885034291839	-2.032173286355926	-3.9494486940281943	2.5505982997679792	-2.4371326532043858	0.4539351326965375	8.317124656257027
HG00759	-1.4497223866909155	23.420641557224698	7.02412849895647	8.024135918960953	19.055056405519448	4.8878088822513375	-0.5237068725602083	-2.2931277549430407	2.842540172738958	-0.5477207352071248
HG00766	-23.54036941392758	0.45216559128365996	0.9723726465537313	-0.12162744231419054	-10.870315364396427	-0.0442365189709385	-3.519790102878584	-5.243535477775788	-1.40133587744052	9.033876190618603
HG00844	-24.02440543509601	-0.02458363303778699	10.165750239196795	3.492210210588653	37.58432631107587	10.698823243443059	-4.408417385464577	-2.9999669259842063	5.619152421788655	-0.1776656065216065
HG00851	-1.5369275195272993	28.717329569277435	-10.670871088213017	14.858735391010443	-13.453499776515743	14.253494370890978	-6.95432265259565	-5.596349915404613	-7.1033000310197165	-1.3412760897809934
HG00864	-7.827115715330564	6.5856887903848556	11.166703887044386	-7.142388161097532	19.25521596384271	-0.5945487272121441	-8.48350123888854	9.219710557425392	-2.041012589300747	-1.7838139978526286
HG00867	-14.737174045649631	26.65277215142206	14.00313624366597	12.976873322803847	16.058013182676646	0.33508072927872207	0.8562287838648268	-1.9340574190831543	1.9880847752790367	-1.262570063937998
HG00879	-2.7341252591344816	12.629106761702069	2.081540770307204	2.295598259994053	-1.269969507344151	-2.836827220827516	1.6122910076536496	-0.0743673796888975	-4.7235389330023345	-3.505744730741516
HG00881	-7.771289096198416	3.2796060966931546	-3.8839842678524374	-4.49645171697574	-3.3052102301210895	10.515563442507798	-7.128125972239588	-3.6128639976871666	-1.1718861853042701	-8.479622400905575
HG00956	-13.555070751576675	4.937464161107543	-3.0827235341931414	-5.045386472617042	2.7429476218744284	11.26746466289106	-12.868614318485351	6.861631726807514	7.427546809110031	1.2190944591681445
HG00978	12.456675628047236	2.151127408985085	-0.221112058249215	-9.245851964223816	11.793956618243818	3.8461279861740847	-3.1667827981620658	-0.653672557685455	0.4420354491162899	4.348741789199811
HG00982	7.715982620240994	3.236865715650302	4.232056294044984	-10.574392173102451	24.49260834217759	6.031204281608567	-10.614648980780412	7.711057544581054	6.47731205493292	-2.8869520044486006
HG01028	-12.739589786511903	4.647736137267361	0.29378869547243713	-4.408531933866218	30.967917033782864	4.792119605986333	-7.06893711255315	3.369080560082656	-1.0166265432678412	1.2255624042766744
HG01029	-14.3417833920537	2.5843609504999066	-8.148632682987342	-4.955536633292023	10.641987641454165	9.035983232790494	-5.815450633229881	-1.2465134804517894	1.6437884070419408	-9.231827778038074
HG01031	-12.646135632019327	-1.2356755035948024	-11.05525018007768	-6.613005773273715	-6.181947434167856	-1.923193932670854	0.3125084251179445	-8.2347707650093	-0.13632911895668065	0.6241131540564351
HG01046	3.424655500567324	-1.7744370486062002	-24.468348757792988	-11.278714189409415	-6.938101565776153	5.434864732506627	-0.37639780073862794	-5.961283935974959	4.095273201843776	8.166740393614786
HG01047	-8.592779285298613	-2.74275793914569	1.1300382981677577	-11.681308502595728	-4.870546166434437	-9.429693341668868	3.1145700771609803	-1.2347006295020666	-4.359964267921498	-2.372646536500924
HG01048	-2.275384871193525	-2.4663572673236462	-5.574944077109142	2.580137398283312	0.7938086595198235	-3.4168414630725423	7.871100538376053	3.1765728928481725	3.1119665191351062	-2.809955228030282
HG01049	-4.554390255307682	-3.640578766029531	8.57043255578117	-5.879716156262647	1.360855783220464	-4.351165317115044	3.6485749187889414	2.391172964194585	6.005580878323231	-4.617720758396912
HG01051	-18.63447499743324	-0.47709265894597264	12.814925312411326	-3.6813587874305496	-3.5162675768599065	-3.010009161427764	-2.146851304098594	2.122011397818695	-2.6965151556276914	0.6550607348366473
HG01052	-19.081006550555063	-4.714656422644395	7.885976442058796	0.2017691774978112	-12.991610749369405	10.802327213891347	-5.055115005630423	-12.34463684490144	-0.04424756976993666	-4.0991654430497695
HG01054	-6.691569830643087	-6.269519401903141	29.37232855459385	-1.02179109460088	-7.4406274152965866	2.7024484819734935	-1.1859245347753926	-4.289849038753006	-0.22771612309692624	1.613754879350445
HG01055	5.850603075012866	-6.762701973762255	14.890568755810834	-8.080814629004088	-11.465993821453992	-2.596932741587262	0.5315010076050792	0.4069524539133085	-5.620112298691437	1.4431873416097494
HG01058	-4.35502257708902	-4.985564519697824	-1.6068473182496914	-4.342134259603135	-6.489896650085006	7.9012940780473535	-2.4844156043859096	-7.687032136434409	-0.07623612223727871	-6.258535376716607
HG01060	-27.114731839488623	-2.958972105769348	8.156551377739996	-2.961242775709551	-3.2353538825868213	-9.104418374049121	2.7955789694509066	-2.884203203407768	3.600322952692589	-0.19846844121255344
HG01061	19.599077873421066	-10.626783158136348	2.896854809212851	0.23016113332713078	2.5905599275783238	-1.3369129657500718	8.843729633599958	-7.589271277025302	-3.493517369554723	-5.77251141144084
HG01063	16.012435427064116	-7.209657609571158	-2.8037111128954235	-7.20240841826157	8.458179533838917	8.337832367429172	1.8819358707161695	-3.2546400514287566	5.0943723390048055	7.385809333017785
HG01064	7.107179779352481	-0.49427655508725676	-11.876146956584702	-3.713644083277879	23.86703700504596	1.6064258919660366	7.873547197998129	-12.714149675396605	-8.038708049977918	0.7728999949896904
HG01066	-5.011610277032812	-6.212150837823902	2.7200417273879762	-3.296869816620845	-1.5560190584394078	-2.362154175611245	3.8303150269714297	-4.08156940876169	-2.6659268187356	-2.9343809590522434
HG01067	-10.207082635289167	-0.9626063889246679	-0.9403686502792161	-7.256530425987706	-2.65353301083321	-9.342871273022856	5.096975618595177	-0.6904250689187739	1.5329534192307284	-0.8346786628210269
HG01069	6.990012701795458	-7.1757753018195025	21.62996514491193	-5.515672755611191	-4.255190069250915	2.037814477918424	0.5014299950600439	-1.8480886151082156	3.9137814119487757	-3.0400507485953305
HG01070	-5.075301771933668	-1.587371009738503	4.592185901145319	-7.025864804595849	-3.997017443788569	-1.9507487631451244	0.10185210839005096	-1.1221814718245668	2.1628163248111907	-2.4639300748626183
HG01072	21.498125791089514	-10.14470993702115	9.83623580373415	-8.88752269576243	-1.2661900057723163	-0.19086653287554634	2.7413553280638716	-3.2629627690322325	-6.482080876826386	-2.0953223252323308
HG01073	-5.330403341069503	-5.707897847258424	2.159427999869109	-4.7016546641847246	-0.5338732921302477	-6.392597106347279	4.652099929098209	-6.477197173743706	-9.15509403831999	-3.695728976138114
HG01075	-4.259344749402524	1.7825977176755647	5.647764685941669	-6.32978548020599	-2.811340811761513	3.5448816514403796	-9.0937139349254	5.428710909566076	0.33193294742884594	11.505488230329146
HG01077	-16.089558276791127	-1.1076216246552282	15.832080382818612	-3.4273859323909868	0.4213148088104689	4.563561842544551	-7.078338706701372	-0.18000931153237987	3.481870710851488	7.290359830687907
HG01079	17.342221106962846	-7.71861276242109	6.454942844205758	-11.553115886659837	-8.375184816784808	-6.665471636125471	4.757855472455601	3.661058742045589	-0.5912895416459825	-3.4955660190765143
HG01080	22.49965186271474	-10.66161297999177	7.318771735764234	-4.113892389756725	2.595273370906128	5.647627071204289	-0.4547749224652782	-8.817646142886359	1.83701963257697	-2.835231549825327
HG01082	-30.466363759463352	1.3076554742493758	-6.723977870200031	-1.1105824969660991	-5.7201465993926535	5.321372322152412	-4.687563616316496	-4.091542609377334	3.323679067108414	-5.527544462214796
HG01083	1.91017067768894	-2.771138625093272	17.432844173858538	-7.203306907157777	-7.622661543580573	-2.8731402942661823	-3.325039547220703	3.234821263086642	-0.15629643301134077	2.645210663834462
HG01085	-14.352656852431757	0.9822866227228848	0.4006142691607164	-7.463151176504998	9.709341839765871	-0.7343321933060842	-2.2964068743316366	3.8322909447960805	12.929738643314376	-6.591328007492296
HG01086	-20.290796270742	-5.295055398352398	8.632692797100663	-0.9122755567801419	-6.05170560624357	-2.5521902098547784	3.686885370354643	-6.382553481806037	0.12879375858613973	4.619767707628057
HG01088	-1.6687324721311168	-16.574046309777895	19.303702315185237	17.332009235650524	-9.324632695602087	3.5217225341337386	11.874930265554674	0.9733517670329281	3.6971291250761062	6.439468229830226
HG01089	5.126112980514219	-6.767182291361997	19.562784059195042	-7.228739933115912	-5.014996333548864	1.7139079525959042	-1.7627879159482334	-2.641168505357818	1.3273107802786075	-1.8048349191555908
HG01092	-19.34328387283858	-2.618038633638494	11.108004041487217	-2.767949916702918	-3.5175043650723223	-3.806902257449559	0.1783385289752057	-0.012621450915549115	-3.561496138808808	3.3681516844482213
HG01094	-10.749857936484558	-7.426174610053716	13.983106674156966	3.43429704181702	2.1761234930280984	10.552369905719432	-0.15208242788902143	-11.087135602626097	0.5406069694173917	14.061448558106493
HG01095	0.4116199943497078	-6.8674834797134725	15.52072456325439	-9.563354543734931	-7.184334754104885	-5.501185968973111	0.8814968319753287	-1.2344270144021559	0.0011738085689054767	-2.5449715086935574
HG01097	-33.72269742184175	3.2247901675632544	-0.4262021741326363	-6.4286223916466	2.1903488583490187	-12.523680193318835	1.4464295082303202	4.695214810983059	-1.362802811303672	-1.5729751123719167
HG01098	-7.159412680862867	-2.9833948571562905	3.308666422021182	-7.251364969221754	-3.7526283466418917	-4.869742889225539	2.174832570115403	-5.658453515168333	-2.4688365572075144	0.06897342919074798
HG01101	-19.68626506730011	-5.346987999964749	7.997654251186381	0.551128218186401	-11.736591379861162	7.156675858975288	-1.5145810705576899	-8.249946166559289	0.544635196569609	-4.844851451079557
HG01102	19.426335802642146	-9.594422911494853	4.405822001554043	-1.9790775957543965	0.5062399348529872	0.45059873936283057	6.175570698238401	-6.595672789982278	5.8189742301666065	-4.412952348216002
HG01104	-19.169895380717865	-3.931282632025359	7.168749554762172	0.15693549614103652	-12.91340793409287	11.639369274106812	-6.106120184068568	-13.181446123693977	0.4331708049633661	-3.9269636104522556
HG01105	3.4267198734337083	-5.387865435042623	17.618615434008195	-10.247371792883872	-8.243171264030785	-3.307167822734942	-2.4824961223281283	3.794286500704824	-2.648103108464549	-2.149991387064624
HG01107	12.43303295420694	-2.679578736461425	-1.866465952242311	-5.471964734032683	8.079769969092762	1.246115627113107	5.749134015458915	-10.659692481551762	-5.861959563297839	2.080235103360232
HG01108	2.9031728142961652	-12.682592163129428	-0.042354396472952915	13.043120698652316	0.8592774991604146	-5.527616656054234	1.6541020667860922	3.893339852335759	5.806451850185516	0.9792024850107062
HG01110	8.61432052314225	-5.643008009587191	-12.728774539577646	-4.6359362582781	12.888226260833736	-0.6824291970109526	4.931117505773654	-2.6316846236646514	-1.9886210206537775	-3.5746171911973486
HG01111	4.613671350295451	2.6508542626442306	-16.446761757813935	-6.285043052197603	14.72869052294922	0.5447822874040545	2.802082249163587	-0.05200064210601818	-4.948439361901757	2.302788740257082
HG01112	-16.38235455160661	1.7805365480920532	-12.784237624397532	-8.049890629090335	-1.6549443828454797	-10.294293267029312	6.823281786213836	-2.237511787136564	-1.1106683611727186	-1.6325971355383058
HG01113	-8.177143599931735	-4.658221857136899	5.231158814506601	-5.278686427702043	-0.2459858361636606	-7.904566052504113	3.9556195976504176	-2.676969581542206	-10.231881813659069	-3.534427045352076
HG01119	-20.273485125725554	-2.9238080876594625	12.78769537583937	-1.9703684431110273	-8.03156401972567	-5.394082913087339	4.497126788133071	-4.958820453156879	-1.7144631569769906	2.243857044040008
HG01121	-26.503321910967546	-2.4487883560294157	7.879527902629777	-2.652292824327665	-5.031777430916287	-3.66585581575779	-0.853883092351529	-1.7070924590104675	9.0882231444034	1.2610581426498435
HG01122	-5.663516918820689	-3.5582749480395712	3.863376595873317	-7.918588550064754	-3.084482000320759	-4.733261236304226	1.605726608924432	-6.286833928351937	-1.1787829188570937	0.35878730781343865
HG01124	-21.01151867602981	-2.177006979720107	13.356529207120376	-2.6543536039409164	-2.984613307497957	-6.123553311262238	-0.26261580625390923	0.6531463307950258	1.657069553199599	1.3391078991837593
HG01125	-4.739101244407657	-9.853738976664024	-16.27336821980537	12.63874422791876	0.130300750433271	-22.85069954247521	-27.210005134648988	0.19175357336315096	-1.2243402588995005	3.1650774330613514
HG01130	-13.14981797403393	-6.466942407073617	22.71784500736471	-0.5660897762573581	-11.869034901847677	-3.046677242913456	2.191043905838953	-8.55071392150041	-0.1391478250305641	2.6332704247265997
HG01131	10.696892788665531	-0.8317696078551382	-4.044886078345323	-12.608602640264495	-3.6529328339968448	-5.064907542782402	3.2870628756212525	-1.9268057329797978	-4.3744416010992415	-1.9865138001284413
HG01133	-5.5180355116675095	-1.4741079054469446	4.986385980416717	-7.555978994474333	-3.403172603220934	-6.71951819982577	2.3476723026912407	-2.32481181627448	-3.5180444130461774	-2.759503867269045
HG01134	-5.922653333194689	2.4441928492210327	9.07121721678585	-6.281127397404195	3.4962157492760126	-0.5128443890981569	-0.5178809213466578	2.261829760735832	5.706480598105441	-2.1171287895269946
HG01136	-5.944893133452573	-3.3841067298139516	8.294331938340191	-10.38586382692552	-0.17180511841134144	-5.724800482987096	1.4856151885696183	0.42043955218533213	2.810653912881504	-4.383963803064477
HG01137	-8.41526406344308	3.045723412787848	-5.557356319741286	-2.6462864607020116	11.469272057474944	-2.821110336280512	3.4085386452256268	-7.084219398115116	-18.112850643303066	8.248827189654532
HG01139	-25.781241956479604	-1.5276433071677138	2.4793067305480676	2.2728258104167707	9.161817792637962	-4.414498231901512	4.303583027936166	-5.044158787198109	-10.479849173972273	5.39127447154133
HG01140	6.78671718943999	-3.5356753393503952	-5.912979226046703	-10.32766906382429	-0.565622311171628	-3.46786293367787	0.04012463195530559	-4.684029308352596	-6.113359947425236	-5.963907133507268
HG01142	-2.4032357021958055	-2.445085344703845	-22.090337148975603	-1.9679533837920902	1.2437206417877111	-10.702739118079771	-3.0126011473137186	3.1189269306416896	1.668650303334569	-4.230667621290795
HG01148	-22.59787430144541	-0.5414982662674019	4.475732220042852	1.2971688214582529	2.4325965289470646	-5.097661411803689	3.0838621960147203	-4.269547351242556	-6.682619233759132	-0.8847011811600205
HG01149	-16.046296928666397	3.7127424060066465	-16.624247395932677	-4.7650175524873735	-7.49384866393224	4.759142440994457	-1.0776802045548952	-9.337138751898214	-3.3998575259858463	-3.1195726373905255
HG01161	-12.954083481566272	7.356430402300122	-5.530626994687305	-5.602650922997414	13.577026774578734	-4.136118435168511	-0.6761226635891739	3.8580125229987297	-8.058362005521907	5.751186110264343
HG01162	-5.181371608131879	-2.8634787650389475	6.060261651903067	-8.513022981077201	0.700336534190463	-0.8797071481443333	-1.6505525366379672	-1.6888805480104572	3.942876919527619	-3.1893178287919604
HG01164	-28.358669288590594	-3.9037613030522165	7.176001421816849	-2.31303053210137	-6.382389936433168	-8.73396239737513	4.39383609442301	-3.4010022762680956	7.004947995647881	0.6138624719331409
HG01167	6.0759761274034	0.3562300705545552	-15.550670474096329	-13.051730056422658	10.269286663515956	3.1838879279880516	0.06885753893400659	-1.4335298662231963	-0.7152988934491085	6.170512893263976
HG01168	-15.7760717817951	-5.48043318148268	14.331220656758735	-2.021467700927365	-5.08926508211897	0.12258676616254327	0.3424067081426828	-3.906751016663391	-0.35834944962462	3.307106179301472
HG01170	14.175573620416529	-6.960854245529574	-4.6144590690103575	-6.267308538311286	-0.8439795147679066	1.3440179167517328	0.20805234447102705	-0.6188600653197127	1.623270939719823	-1.9270999994373157
HG01171	-33.35756354368251	0.9979846343056945	-2.4743471454053867	-4.3112705041109844	0.8454179683957278	-10.218643120040163	2.3625885761967536	-3.8602793049030035	-0.6815287247536881	-0.8873215095514662
HG01173	18.30249376498737	-8.655037735046106	6.5396154201651235	-10.686299267916606	-3.9786330740609004	-2.1392824431774655	1.7848146640117961	0.5997901106733144	-7.878661475802782	-1.1321993202931742
HG01174	-15.48678569451835	-2.2519741705891936	1.4073718906073887	-9.985122623188442	-0.7969452355980344	-14.560905046465189	5.4277272806984245	3.592691530429476	5.072591911523386	-5.139415804950516
HG01176	1.8248026040441916	-3.6329449703063803	18.078871509764962	-6.840829978109028	-5.511320290308591	-2.2754365304502318	-1.2384927465919997	-0.6704714313760753	-1.365708820859873	-1.5264773883454745
HG01177	-9.564432912667407	-5.359495938655574	-3.7268976471052913	4.736261133887579	6.051396763165234	-5.360388307310006	10.354049714270214	0.6731589177640109	-0.5199755531058148	-0.5616066417859235
HG01182	19.086660927569554	-11.333522027864	0.7052665836062324	0.936032969757844	-1.686309095692696	-3.3598296574169466	-4.749877653999834	-9.730888151123704	-1.0940523886719669	-0.31063289161537355
HG01183	-6.538227651948953	-4.938529214586326	4.039111064250602	-7.202808684232839	-2.0989751523473608	-6.465907944464787	4.237725007103249	-4.513639055845375	0.39271656313128167	-2.2555917101761076
HG01187	-18.621729213874282	-0.7462787083371334	-13.450656516886973	-5.317602765325958	-3.55745095753826	-2.179723456826681	2.525739291185416	-3.2996456481932284	1.3326470865291182	-9.939268439532038
HG01188	-5.245904110149363	-3.387936787601146	6.290872766998019	-8.374408830605255	0.5639344419721519	-1.6685303896415666	-1.6932024746391083	-1.6974894443427722	4.078283373554655	-2.3674317225180417
HG01190	-6.685509327472828	-6.301821029715678	-0.5845599774936441	2.2132079010815042	2.1881572581954054	-2.902672454804393	6.618713625011746	-3.8482851376101093	0.2157971704184315	-1.960927864195386
HG01191	-19.049157920282866	-5.229938386516822	12.81702542636725	-1.2126269873077087	-3.9079908777187153	-1.165921473523751	2.7511211867795464	-1.1096383507528091	5.922026447262006	1.1083911320632376
HG01197	-7.577767940508971	-0.27021412934874633	4.663074369037473	-10.338597437968481	-1.398367892639306	-7.154298362559642	0.30002297092258884	1.413966295942836	-2.797995179699619	-3.1696618986818703
HG01198	2.4822099358978726	-9.514562305513898	-2.4121161794242334	0.4959833754653536	-13.746795007786094	3.3565222267503243	5.418828020711526	-5.504597597873416	1.106602547528173	5.466642606785909
HG01200	-6.621880649888707	-1.049047646478517	5.176961469592994	-9.052798833732798	-6.097161646746143	-5.978845208214461	1.3139099102489304	-1.3887268421578787	-1.950013835756351	-2.6106263407304366
HG01204	3.762350802080572	-0.5535032732493685	-18.573692008040734	-13.855713872491602	-1.6808488097329428	-3.8384141724572123	3.042529912219079	6.278894972456653	-1.4088552357215318	3.275052440000597
HG01205	-16.624184556150432	5.748923319105598	-10.379953157798422	-7.8509865712892	1.1607298477278762	-10.410914820343582	3.087850893469391	4.49019411030997	-4.266410963242388	0.08588290319975711
HG01241	-29.544966965176453	-1.306386669879037	-5.789465426925345	3.08258765645544	-2.3316932583315886	-1.39393464813351	1.7257193297156257	-0.41121241422257193	-0.10521113385280578	-3.40534383943847
HG01242	12.812892122852789	-15.55558446097244	14.078877548927629	17.606014403550976	-3.038292254661508	-15.099876717057894	-33.69738325744882	-1.3787183720901162	13.453797118321573	10.064379905678521
HG01247	22.21723957928049	-5.1732299982175824	12.499509783236483	-13.151319351969592	-3.665178546299566	2.650251816823819	-3.4821872547409676	2.6006898215146563	-0.3865556322984221	-2.88031995603001
HG01248	-3.571783378190852	-1.94704350555259	-2.50846101275405	-2.684581697028547	-13.262693370422777	10.669705514752486	-6.339574252698447	-7.375185186469772	-3.361059951512422	1.3813982656709531
HG01250	-21.55200178695462	-2.5143163594300395	8.96646001778746	-4.484254273295371	-6.696720952355429	-7.647520940667739	1.2691500551940853	2.5217484627478934	-3.5982904151298625	2.0544806711248813
HG01251	-8.830905774044153	-3.130921962995168	0.6396172708095995	-10.933978453137994	-5.323093353619275	-9.16627253632511	2.6060631227524444	-0.6500280654140467	-3.145378411058431	-2.0683471479451785
HG01253	-28.6707139207911	4.822569659685547	0.29308979780414335	-1.8486441826582614	-4.045104938058964	-2.3200887712481375	-0.05246818842231127	8.49524749985185	-1.7558087938957987	-8.57965022291166
HG01254	6.389652967583162	-9.182100201310275	10.693958749516309	-0.9542218947431713	10.37586411639742	4.241426763773675	4.003072047411983	-10.755281560388461	-13.073145123112317	-1.8185527892525573
HG01256	18.460774976538126	-10.015156781700233	7.405351542783075	-10.50372133226134	-5.950217456008669	-2.1820690231436273	3.8365770987088483	0.40882643318749246	6.0987034793915615	-3.6008108826909004
HG01257	-1.6701638560276633	6.901701451150414	-3.9371386145149776	-2.2489846102145425	-8.375447086487423	-1.229077565941933	-0.9720206178218215	0.1248164261158593	-4.063260201540499	7.791651721300578
HG01259	2.867924250998997	-6.590644360006884	9.835334890207251	-0.31517491704035094	6.704024729755098	-1.2289415076424084	7.393086603937596	-10.434690590099155	-16.04128201575854	-0.43000562109760443
HG01260	17.832314250590095	-5.921106610031294	4.406120092851568	-2.921567705183197	-0.445730814347159	-2.188580511207763	5.506337888407782	-0.02650503120029135	-0.6420732992201733	-4.633182526074386
HG01269	14.955525137300203	-2.7225894610988397	0.8640919128285097	-3.1228553762470947	14.950637364181066	14.025564337018142	0.3309645478211174	-0.19628248685272615	9.25706598525912	11.804174273181498
HG01271	4.128516137259699	-2.796623386999914	-7.668422994798397	-16.31098203980383	-3.2753972884558653	-10.554125985867694	2.7642852787709415	0.30718577650022616	-2.6622175135024193	-6.428712807824966
HG01272	22.72612135151664	-12.099705231677959	8.063658515209287	-1.8583521640702292	4.071414374878174	4.788261502429092	1.1606667477764576	-5.240107268243194	5.109358547553585	-4.167862358275101
HG01275	5.4653519175175544	2.8810096305815396	-15.421125240160306	-11.856187254575548	-1.215905511422105	0.6204307043336146	1.8765724520847895	-4.951021536043118	-3.309255154280943	8.643254006908847
HG01277	-5.620842345653033	-3.2534660534946656	3.7534422272418952	-6.118295871510099	-2.7107822078632857	3.6572875225203303	-5.10705762090241	-4.8907645383631095	6.68318543357505	-0.6083994400934942
HG01280	-6.247653625638265	-4.069971572382674	6.054830894028895	-7.9712146994126885	0.8751423510809099	-3.190986933423752	1.4550267719107102	-0.32943090364412553	4.885503740761257	-3.375741951366559
HG01281	-15.891166224443253	-4.017710174512301	7.880336482387148	0.6270493957545513	-10.68706394556803	15.44396363388606	-7.693684897563812	-8.883622132202147	3.5115652266482793	-3.2501646033910503
HG01284	-17.059655305223462	2.121411576152687	-4.144870084140007	-8.418668035269466	17.02178588118885	-9.909863687614955	4.029576432788558	3.441938140861532	-2.506979616682409	-4.438255431168933
HG01286	2.1006972613709327	1.679177500029824	-19.510993439490772	-5.879215565894459	7.341708753332403	10.1967508633726	-1.3122790718551107	-9.931126297433874	-1.3863535768102726	-7.310059976173741
HG01302	-6.246512103480319	-3.852082502852412	3.2605387428578023	-7.942812269486532	-4.975494055452257	-3.027334391185311	1.0714320957753969	-5.677076434896233	1.9924524939758943	-0.9163169941250516
HG01303	0.055706664391374644	-8.208752235017412	15.807791372246731	-7.89597652744235	-6.777429134199602	-2.7382746522850816	1.1852964936529955	-3.900136872403718	6.018086389702227	-1.7623199839959798
HG01305	9.467799056832089	-4.502912559502621	-3.522790883607695	-4.832075464330588	14.947935456959081	8.238124547565004	-0.8168788687009714	5.831523343461718	11.388873519597261	9.752349272170019
HG01308	2.511273937246221	-4.7324006684596185	8.426847578434172	0.1515496681661911	7.123572949710789	12.573911341175904	-1.8985402480217681	-4.460557356804007	-0.45075716344068595	19.384955578165208
HG01311	-6.400973116677676	-2.9991388020422747	3.8918303350571426	-9.284936481671744	-2.4411294298168102	0.023040990935973837	-0.47107680928924	1.6080074490893113	6.793983526472075	5.161157256885085
HG01312	-31.318981509716117	1.7599309558427443	-4.667688687718231	-1.087347392253591	-0.8248176252178105	-4.2214444128973945	-0.2134503711375417	7.51777990242341	-5.347059356857152	-8.246749584925244
HG01323	-8.908018011270373	-5.335696211717675	28.13178829294514	1.5464093386422262	-1.0573596041466107	-4.398944435606217	3.331588376274064	4.725007332931568	-6.814878614894413	0.875304685788564
HG01325	1.4908848666048677	-5.872922058276615	10.882659683290168	-1.9881251413117424	5.858659874248905	-0.7535666050418279	4.295004479188168	-5.608948069994837	-16.71909228462357	-0.43495005690747907
HG01326	8.285656754026348	-6.4079823114226215	-13.548649594190131	-10.661521885713107	-7.976387228828333	-3.1444529914205335	6.564343054419106	-1.3032703597520028	3.7516414996598915	8.84262951447383
HG01334	19.533981675069256	-8.90702282680296	7.186512295880727	-13.858216523047092	-10.50489258733111	-2.0856375789785657	1.4230418961458966	-4.780622241244039	-2.20840128290667	-2.935407126202723
HG01341	10.177294895584987	26.67446172097646	-12.269461855405048	3.005843543848373	-6.0903115598337765	-3.6915225984333935	5.598327907729953	-12.923677806951565	-0.4447228853689017	-0.8689637330508686
HG01342	-5.7760765876723	-7.033972003448992	1.763968522899423	-2.797123341755329	-2.8133206307920604	-3.5325996898036602	4.734637976340114	-6.1461976039526505	-2.2200730339552184	-2.3093008356967015
HG01344	-17.533047956285962	0.9172154899839954	-6.32272532825025	-6.171642190976183	12.093793028259022	-3.102509528238886	0.10266597812096023	-8.57384704373528	0.7773756626606273	-3.3214920439951197
HG01345	-21.684724594707983	3.653691334642947	-10.281823202578336	-12.182287592940913	1.3342354628100888	-9.848714032854772	-0.3406822606614852	0.21438607488050065	1.202603559433977	-4.09928912456827
HG01348	-5.2061534277808414	-5.966757168938469	0.7290787159610524	-3.4572445364907978	-4.214597040861121	-3.1998608287313623	3.65594095414965	-7.962611355856775	-5.465611279653422	-0.382519960155695
HG01350	-14.582571267092643	-1.160270159640111	-14.612272000856057	-2.981322631994449	-1.4067256531721495	-4.533100765523833	2.423480596381213	0.746129467288265	2.8692732476870737	1.077995575047306
HG01351	-33.69400571228207	1.1429873491791258	-1.9662669593261637	-4.652870305266946	1.8153310594810605	-11.471061805047375	3.512369367149881	-1.7914639085688284	-0.7609826778384434	-1.079212906784809
HG01353	-20.702575685385813	1.782941114047829	-11.707180107002838	-8.791049578861909	0.5832265295665712	-7.713399072817816	-0.44823940229952464	-4.558136318737984	2.4132850398048795	-2.8024305917051895
HG01354	-15.569208267969652	-6.9071493059359215	13.371810838217558	0.6752454772960674	2.140199952955614	-0.3435144426922317	4.12039912571705	-11.054175143442638	-3.5029016097193924	4.062491422136582
HG01356	-6.5173693298136195	-3.09185386923233	1.3096017971804876	-4.531785588498445	-5.016304863304695	-1.1459160278891047	0.21019724200896128	-3.733019717044271	1.3374187231188353	1.7759609328143873
HG01357	-22.65969971416471	-3.3252045040071634	9.282597053359149	-3.547801277276411	-7.113111651919177	-8.30767503666269	3.9459430828864095	1.333031725200831	-1.8047002872512272	1.9631050841672064
HG01359	14.730671653228963	-3.6837627586255652	4.124757795532611	-10.001840936482827	-5.410586891237261	-1.1209350932670783	2.5524254611922528	-1.2785123556482025	2.1822421484374717	-0.8010708195560358
HG01360	-23.01809776862817	-4.436239120192956	9.975795219546647	-1.164027087227101	-4.518261157105107	-3.5230284988848037	2.8228676283450223	-5.468630309680732	2.301266426341354	2.372365497333424
HG01362	10.453342673859106	-1.1890892669718187	-3.582889034081103	-12.809806653080699	-2.917888167280768	-1.6707702741548995	2.4455927047902097	-6.349588015894553	-2.5968824863095157	-0.3668399169451687
HG01363	-8.740322020337542	-3.390095836385259	-1.5676270313385763	-0.4476746063748905	3.089201514159865	-8.5098553356129	4.769830886037044	13.159287094583307	1.9862790562509105	-2.209806784218134
HG01365	22.333160838624305	24.446984638034337	7.634610074533095	4.914482942602956	-2.744926436769966	-0.1271773673359059	2.3636703746728855	-1.2517831271319335	3.8667625183426693	0.3547825130181455
HG01366	-0.29028982732178116	5.942014339305042	-20.9791023316243	-9.933557552599733	0.00892548775663584	-8.126729734799683	6.843207441863867	-3.22472962762495	-7.217113567316909	1.305974961186268
HG01369	-4.353438923086215	4.6528014394127775	-21.381470593530928	-12.104310455810209	0.12721321328140467	-6.00001594775253	1.8285322016168248	-6.0634553846712365	-0.9556299842950339	-0.6458356133051346
HG01372	-4.628409214117822	1.4626341341633735	-6.23115037580632	0.12784708302545636	11.613066764313507	6.417332024384212	1.3906150789795606	-0.9122294901142629	-1.945995399603519	9.76496115985004
HG01374	21.39568892328373	-5.765372958974679	9.417618865410885	-12.461669384008454	-8.508129969889094	-2.120608331975906	0.4349662349713764	-0.4347847267361845	-4.437251490261249	-2.93470668493744
HG01375	21.97489846476433	-8.192261587208586	10.015309040451836	-10.425787926739892	-3.516502479143731	0.5201994708623578	1.6656216526380838	0.45548524779502925	-0.41500858348648356	-0.8726485230306573
HG01377	-12.893182340354493	-8.696160236372245	5.941628544074074	6.764535249501216	-8.991645831389091	-1.728742171749678	7.621676938774425	-8.949815818467137	-0.8400532750249824	6.286040767719079
HG01378	4.304889091752742	-2.8302342777425316	9.997609235204527	0.3692642667692943	10.706430120765724	13.000294726895891	-2.0872300610881553	-4.7474944030982815	3.9514244273840298	7.0253370905037205
HG01383	2.4854783216337157	-5.960734846428157	-8.326875674472248	-12.006387069300983	-2.100734548926483	-14.45339182299661	10.579069617139899	1.6832040909801855	3.812596953743225	-6.085318786799372
HG01384	21.103086518262014	-4.595706944728723	12.773093617076418	-10.545770429393967	-1.7812084122434395	6.444804913898328	-2.812986952854101	-4.09816637303365	5.25272364955414	-1.8158238698839824
HG01389	-0.13999843818780494	-1.9949798909464684	3.482995330666495	-1.458151145049427	-1.49599793801191	2.9162778999686796	-0.18155434098988726	-3.291278722695364	-2.398668765610004	2.268874512067554
HG01390	-11.878652488330047	-1.3714213512275548	-16.63596052807983	-5.573950297266535	-10.450553436766537	12.652571666126397	-4.4148875965929975	-9.28050797405406	1.5259699257985282	2.789145955951102
HG01392	-13.068532028524759	-11.634403006020912	19.779711330839817	7.979539880762243	-5.293900079938801	-3.1557688288556043	6.310316645754559	1.4434893113540677	10.197001835880226	1.583777855195846
HG01393	-8.962130215335698	2.0986590466776187	-6.919858685468683	-5.184385138906543	10.242355960881195	-2.031425889223156	4.740016982826385	-7.1743357164403445	-9.822925792109737	2.765392887695487
HG01395	-20.347476222143673	2.3479925026063624	-9.959144278061256	-10.78564976177835	1.2812096099990364	-12.471614967269424	3.236241791199646	5.991978587348453	2.4957468698000023	-5.1678651098341755
HG01396	-6.644841215456724	-8.260589768555008	-0.5014337539968805	3.1881482347042613	1.5310085640531463	-4.390358622012737	8.18578185333485	-2.716954192113465	-3.009251343970991	-2.542801773682825
HG01398	-5.2043089020537385	-1.4720671688058462	-1.6264952062975906	-6.9173590024774025	-7.8930495277505255	-5.2858188836401805	5.12054135929559	-5.733050436290879	-7.167768186673134	5.438609761742934
HG01402	-1.4419234494521898	-6.86884581967021	-5.334233004729298	3.089793652050344	-4.179438784293565	4.8092339702373215	5.5331789973106105	-2.407070921159539	8.516759354285202	14.560176180193675
HG01403	10.504339278884258	-1.044005825646546	-3.830566971958947	-12.601083552633195	-2.740805648152982	-1.432331579161927	2.131253760083947	-6.003791529526513	-2.3109480872332644	-0.6459119310599869
HG01405	-20.74046066646686	2.107300234035079	-8.741939047983193	-10.709258112911787	3.3860501883235155	-14.416071404231648	3.8111276954804945	4.282947731535317	0.916899377632491	-6.007098899971937
HG01412	19.446434825292467	-4.247232410767137	10.34223383534905	-6.755057084562488	-3.0308203226599164	6.896726620797201	-2.814096772206061	-0.6616743390870412	4.053343467246991	1.6082385662459453
HG01413	9.525270764839098	-4.695184989255075	-3.690390448359107	-4.436808998921809	15.477376712154276	8.581617574632745	-0.6866152918670455	6.1173802220234705	11.15830733636659	9.756317797876175
HG01414	5.737875765874573	-5.826964213185762	19.843424629592988	-7.658985967808956	-7.725059748159116	0.7520415338574223	-2.523786850597981	-2.6279072673701913	-2.382500447436907	-1.0481596507310549
HG01431	-19.222747472464285	2.4282184394685746	-7.425310009723842	-8.940575704445989	3.9815298916646586	-7.538035421867126	0.5094788624493414	-3.325272086090484	2.8266596761019827	-4.288007444083787
HG01432	-3.065295523937663	-6.898871946415983	13.654764318872731	0.03818479048213236	13.503118957263101	3.2508686198228585	1.1161411701505857	-9.329716903866434	-8.252434281373253	-2.631098768681912
HG01435	-1.3003796317298113	-0.7800866803916725	-24.74533891506169	-9.067867275878557	-9.530083373171152	5.0135271847308	-1.1567299812217295	-2.077925227637831	1.0975997698529278	-9.428824140562782
HG01437	-15.380813231549014	-1.207915641133875	-14.509772111987818	-4.388014252804851	-2.7912916307828626	-5.522278961816334	1.7068547709508106	-1.1359433664450507	-1.4163966616614307	-0.10366701392676059
HG01438	-33.196106808127816	2.7456858078687163	0.10847853454183498	-4.746277458309081	2.016579660928658	-7.42827362172636	-0.21323299175759136	7.8874552253452475	5.310281110399482	-2.114821613535738
HG01440	8.708333823505159	-6.997520988407883	-11.7691958439209	-9.367549356786425	-8.57640823369058	-7.880106176721547	9.019522040671717	-1.3477689855104562	4.274647617826251	-1.3657401551889066
HG01441	-13.355696142330057	2.0904146009608087	-17.190595326254705	-5.571524244258409	-9.92880549916715	8.35252689469839	-2.5680208686987287	-0.9731826523166578	1.2490552888814181	1.4758329392998983
HG01443	-5.906141482477965	1.0082014867222944	-3.703587754589379	-6.480841548970165	-7.093550058384442	-3.7075543300772518	1.4990736908568711	0.9773056096620314	-4.005601497774346	2.652085524766648
HG01444	-13.628608542728607	0.5676583530400283	3.535051976729651	-6.36258201709601	18.91962298638838	-8.229345001002601	5.745640753059373	-3.4150705492020172	-0.773384139069039	-6.106623429938712
HG01447	-17.40017167104599	-3.743599452210062	13.719608436965316	-2.4928981254822626	-4.1589617088507165	0.8176978954656151	-1.461058733914427	1.3427423156864695	4.81252136957454	0.8669629036116658
HG01455	-17.894615915809368	-2.112496891431163	12.585432127459255	-1.3438524330807338	-7.600138947211576	1.8514983672408118	-1.7560290059582775	-6.463675272695905	1.4546097173256283	2.8089967029232734
HG01456	19.524664915517594	6.821614646318045	2.5115091878843785	-8.143641898200121	-9.868925849353825	-2.2612736073155966	-2.6652124396752863	5.471817317161396	-6.366263948517603	2.1183873593383167
HG01459	-18.885216858290793	-4.325596735124114	13.623554499817736	-2.407957084829555	-1.8167704306894077	-1.216887628102583	0.5119770340145177	-2.2330323195904707	2.7046155010758	0.5266941044964228
HG01461	15.443939123282524	18.305786770563586	-7.530234897534934	5.93463067332261	11.086327445640674	-5.396308134855367	11.141382853049139	-15.379475110562632	-9.074155764358533	-6.593625455387801
HG01462	-13.766468883319513	1.1534135978545335	-8.426503606973249	-4.46870800131085	11.575030261445276	-4.362310530786036	6.5226595917560894	-6.874441543846253	-2.1666763195417413	-0.09318019592855475
HG01464	7.093971448764463	-0.5900809143414061	-19.66530219121996	-3.1346818194459716	12.879074673321611	4.253120838845356	0.82945673441343	2.041982853345216	-3.823759907254958	16.64011166883307
HG01465	-15.534390616031668	3.4236525689420785	-10.287064892648514	-8.667620919941475	1.3336979610636794	-13.018419458070104	6.188164003166402	5.1689412878439125	-2.750953212116415	-3.2098036321738803
HG01468	3.079385003595891	-2.8774246576306917	6.470802074588119	-3.842685905786913	6.664731574517551	2.659785616642008	1.9953569097556392	-8.265590078716126	-6.577078287083402	2.2364211996257595
HG01474	11.659716814828759	-6.376007549946666	-3.3089405693945753	-10.522087254526385	-3.7210594773990393	0.7071957357808273	1.8925134192396231	-0.1174651052464617	3.8267235468274734	-2.691793744946121
HG01479	2.405227167951035	-7.106596398643148	0.10651438415954866	-2.2516437441560084	-13.669941464082804	3.0081323797127015	1.9038233744155795	-0.774314047537125	-2.1296479351941864	4.804613692109053
HG01485	-18.359237767166526	-1.2776218508250587	14.872454556599376	-3.9728858660552797	-1.221766383512755	-0.028112031249486524	-3.86290021206677	3.3978906441239243	2.146373073978063	0.5327816302561622
HG01486	-5.4113051595322785	-3.1150696116518026	6.119729070250267	-7.985753299145953	1.156204951517351	1.240823137507428	-3.127332271962092	-1.483521581335903	7.370598066661158	-3.28104140193501
HG01488	-2.525781359264229	5.399700973982806	-18.02769152552574	-13.26456262228444	4.559541837304652	-8.808310712612359	0.5471651129331845	4.828985691981255	1.248707134106207	-5.490264210582263
HG01489	-5.590591459189612	-0.7484202289881074	5.877855559417607	-7.8734114740064065	-2.4533420250294817	-9.68179620749739	4.074021807816963	5.415881291309798	-2.5692059012845307	-3.5704744094124807
HG01491	11.374480477591938	-3.027784701917137	-7.642539993531392	-10.336021476982031	-2.4309274868558934	-4.2099121164284155	4.8971839406714075	-5.551852277164748	-3.505227056917907	-1.724724011500123
HG01492	-6.3623725112868845	-2.875401926326364	-8.780171799753587	-4.613155435717494	3.577052441062944	4.004270271343467	2.3866128528388373	-8.566121394244409	-5.277834782426055	12.080056926374137
HG01494	-6.342877792477092	-3.4785509647121327	4.073192960645978	-6.198186421929468	0.3104902013388242	-4.607887229326809	3.4843144872454768	-0.6934331020746005	4.199937366593826	-1.3707091903581412
HG01495	-15.780559718553477	2.535004079132482	-9.183769175345914	-10.049914201316472	0.08723516395218622	-4.204713399046627	-2.1077409341767837	4.042322344058359	2.2121109434027293	-1.344338419241092
HG01497	-17.268054887697428	-0.9333564752140815	14.927738370179878	-1.5302528354676659	-1.296754931669444	-0.8315974501213347	-0.8591617969352836	-1.6517628190918057	0.86282221116229	0.9332998730354667
HG01498	-4.089195358197385	4.441003889780866	-13.241542374326777	-12.419075762536641	6.196591700169661	-4.951057119509256	-2.0237644089007114	-0.9842654431711471	6.5795460938066554	-8.321711696254427
HG01500	-16.549634560985055	3.183223568963798	-3.0503918511035355	-7.2314333642833795	22.154851000942397	-6.692017704947983	1.3498781777505902	9.810569371163343	-1.0021777747669298	-2.577506003387687
HG01501	-15.047036889253718	-4.292192946648598	20.946604759594372	-1.1819346991285178	-1.2120965294258395	-3.305237471553768	3.3293858107487067	-6.547392167266563	-1.5526708510591776	0.11596555329581767
HG01503	13.44895055892161	-7.041461982442164	2.9590823784488554	-7.867907367481974	14.988858503104282	-0.04163648236380357	2.328242092913738	-5.138272655508379	-4.2128422264317145	-7.504436260048213
HG01504	20.583711648114665	-6.993173261463317	9.71365223406828	-7.874539903417487	8.502529468679942	7.146862621189836	-1.2698917127412912	-1.4827707669426253	-0.8226746940350638	0.08875237083433934
HG01506	-8.946225225750982	-1.5684928971460161	0.9752431891845204	-11.163254425059327	-4.192782197861319	-8.740847904085252	1.6125307423653483	3.1701947486195197	-3.5078206763224467	-3.3396213116437385
HG01507	-9.94575246962745	-1.3408852877097073	-3.8535896499477538	-6.03865556904673	13.18521408140999	-7.900636605908252	6.129483925974597	-2.543768551746367	-14.430079539518792	-4.469875786508402
HG01509	4.213049815395375	-6.9793466477104005	9.38455213174388	-2.587770477328688	6.693767022695508	-2.944728363650358	7.4373852592998855	-4.205323571367769	-14.89169881381757	-1.143347096069744
HG01510	-9.10542257447286	-1.3565598808389385	0.4465411865554405	-4.332259222036388	3.472424392398084	-4.639770300319098	4.646762875161339	-7.546344797288246	-1.8817285029942625	1.9187307299422842
HG01512	-33.594821322667926	1.754798256283714	-2.484948761261092	-4.6280819985800425	-1.6519191965168176	-9.148054254838463	2.200988759096951	-0.3904504010011136	0.799040963236006	-1.2617004069962117
HG01513	-1.2767817730460773	-7.241050705325309	3.3982957851505518	6.034740525452179	11.56229789796168	0.9300520311503618	7.811442928686932	-9.933023498900798	-18.274741065736706	0.47976775429105323
HG01515	-5.251340218192921	-6.871157977679264	27.726618889331974	2.1719132190000856	-13.523954762762163	-0.4562795093657613	4.373213037360735	-9.986318474852514	-6.064198432624183	4.644042802457667
HG01516	6.3464950582686255	-2.6296939637634873	-3.030191069185252	-10.787175610782374	1.5210891734295076	2.4510849075133487	-5.183916695579061	1.6674522948687067	9.167273918602639	-5.235471147862802
HG01518	-19.521442411029156	4.067490225223738	-10.342552478577359	-10.593759689783635	2.8302324152720515	-8.259883180770297	-0.6526178210836864	6.043567309607114	-0.8882520665860157	-9.775929909899693
HG01519	14.75961315519749	-4.841618395245637	11.147266163800527	-10.494454293239997	-2.429892278511265	-5.63886046304108	1.3731365940533495	7.646653754081548	1.1151475729242653	-5.43404985538557
HG01521	-3.0606176050155476	-3.734923870359079	5.2218170047989165	-8.16005680159032	-5.645603143284265	-3.255395144380102	0.9424266595635731	0.353006974015837	-3.3110156075582706	-1.4219467023298797
HG01522	-6.317407902486558	-5.712302038715311	3.4645916871471663	-3.171894384626154	-1.2382414631007133	-3.7885987833610644	4.616458885083331	-0.1315753456135289	-3.4758228412945136	-3.074480147154245
HG01524	-18.084998227703878	0.8929085110714226	-12.806225664859568	-7.083064063509218	-0.13739720817233403	1.9781425813923375	-2.679029303286514	-2.9815217145723665	4.723403540566422	-11.641613194008727
HG01525	18.770621065647223	-10.566801246506808	-0.1945320555418177	-4.6395099600466665	11.419858432729333	-1.190893749282512	8.849837303243973	-11.530843550661903	-18.85665333374068	-6.203469203442336
HG01527	-33.10807807163319	1.8874955743177044	-2.1616240306887566	-5.370993329144204	-3.08072286024501	-8.168899430600586	0.7130997591753385	-2.7292423591177677	0.5066117410553681	-0.05015933448104071
HG01528	-19.011755154236695	-2.6617724147502786	-8.439644560856255	-3.9935914048379475	12.810642473873322	-12.574023561422702	11.665091288641346	-0.011286900069409023	2.206851105465849	-2.8419754383870393
HG01530	-2.6710270297816434	7.6079978613385055	-16.814396106787548	-17.613574865778045	4.550762031769225	-11.765664862902975	-3.1953863948371017	15.518344016731342	-4.783135383752443	-0.08200684153110804
HG01531	0.6084699754306113	-7.588473634305958	16.331779266296483	-6.8627277354330944	-5.0171934936040845	-1.0126236891148115	-0.29154402518481043	-0.8181997219650644	7.676844734577378	-2.2161007137403086
HG01536	-5.894974166092574	-2.4513736971156397	6.229466737589904	-9.221007285665943	-0.11992485985822254	-5.801187244181891	1.6940795406200668	3.0930379044629897	1.7790381669817434	-3.212064194032652
HG01537	-1.8279168860124462	0.8069100602454188	5.449570520957983	-5.757664747633529	-4.807056010547093	-1.709503195152518	2.8865431470790512	-3.6911991129922948	-5.338749205763351	2.190103065439616
HG01550	2.225678260719919	-2.1831528782309464	11.305440701007727	-3.3581195984438454	7.70500337569095	7.745740574822097	-1.3417116983571677	-10.769762364867303	-2.3149400373588493	2.2938825725371963
HG01551	-5.107176609647664	-1.8064607428755273	-7.806737787632709	5.592058940564404	0.3842985961257174	-4.292822167613563	9.898951850860186	-7.47955087783086	-9.387488693737819	7.452981028253351
HG01556	-7.19158851991677	-13.400225517423436	6.436027740014335	17.42943490901204	-3.558156338082423	7.4573727892459125	6.179153486716875	-9.15253708238477	-3.6205704473146256	7.2498392900177455
HG01565	-1.9761866960891992	-1.6226268207097845	3.883714499827991	-4.99003105492217	-2.87172367161457	1.019641027993642	2.0070118845614746	-4.287753121768837	-0.5433896030084822	3.709952549746692
HG01566	-29.34395912612781	0.790406636348895	4.518760914249275	0.7387288361230726	17.86350181252077	-5.3245231664869035	4.294469654800416	-2.232119476470123	-1.9109150652609095	-0.04125084461567588
HG01571	6.732025596263106	1.3489303920247266	-9.313832963027219	-4.512767664904024	24.83269151771411	10.878757716296224	0.8351238508941989	-4.245671058711105	-6.881647430033313	-6.069314144231422
HG01572	-31.84255475941011	-0.1382028029014144	-8.767044356599042	-0.7288655370066772	-9.78705045762122	4.169657932249291	-0.868650126641175	-8.277116915024713	2.4460630477483076	-4.316739003671943
HG01577	-2.668124488901888	-7.410522162114516	-4.493137105955869	5.991789046504596	-10.136106883688148	11.129256180726015	1.5196498872444715	-1.0190152665451142	17.95774055836997	-4.2245988529466
HG01578	9.300284540229617	-5.933967465808519	20.77697251574965	-7.528344988756938	-5.705655498760812	4.889775991160976	-4.37682851912813	1.1135664625062114	0.5667949284345215	-0.5491645042568591
HG01583	18.09251635932376	30.61882907954803	-0.01644812064941685	6.20699913608715	-8.383238639457952	-4.089262588848553	4.855675716089242	-3.9722271798081374	-1.6251530443055695	-0.9294528753083277
HG01586	5.168085628938286	-8.251109624700366	18.499466469188146	-3.8808910803734658	-6.861442614231428	0.8671051624289896	-0.06547724797343035	-4.6098457881237636	-0.4436416978634239	1.0520983908557426
HG01589	11.121674796892913	2.627887093016124	-7.177210031902373	-11.049961121379363	-6.281950380810492	-0.14090971499074434	0.19268220351024967	-0.8363421111723737	-3.4144175497187605	1.801370369093164
HG01593	-31.878793280390234	1.3002291950714282	-2.198457530287466	-3.3809435811692867	2.571641382271115	-9.801071134697118	3.5590178794928233	-3.5917906697895954	-3.743147220337031	0.37649494796140043
HG01595	22.984878761312913	25.86257249985533	8.286159195052228	2.548287602952135	-1.5841776460133987	2.652876067310372	-0.9106265011815384	-1.164074544902043	3.6736060994532256	-5.258920702761785
HG01596	-1.0822684710455486	-0.8081647639677224	3.714382759664658	-6.136839414483127	-6.855464745737711	2.247899803944025	-4.816906168492886	3.704382330463858	-2.625602807632048	5.488523849344085
HG01597	-21.80214662669182	-2.315515582030279	3.8950834604293405	0.20637694579113924	10.802473424841818	4.536304345241668	-0.44123528113728205	-10.081419885340228	-0.6090159570885103	7.192946118999329
HG01598	-11.631972808097471	3.0415169150193817	-8.144215065035558	-1.2573056688357824	9.350095009243592	17.57029251964469	-10.562730416538017	2.270488577403616	-0.5996274856520027	-16.032079133125972
HG01599	0.6652039797445769	26.920572053693583	-5.17075862338757	7.935891980244105	-5.87185642749118	3.0028478286079	2.3011965898656674	-3.750122769908592	5.285903283231779	9.565642140956795
HG01600	3.4572650669982212	-0.7509984454006157	-16.757643959000568	-9.006808681455208	12.913578987921571	7.219636737495481	-2.4398110791649232	-4.032488168247304	7.366219881254115	5.861412027833874
HG01602	-29.521754688762048	3.0556017766329058	4.485039519164277	-3.4246953274669325	17.89851072475845	-4.755849819889243	-0.25996228253480913	4.0645015679507	-2.764169914513695	2.624133241310674
HG01603	-19.500297032661436	-4.562220747169787	7.8265408530943015	-0.879062153907361	-6.636275711458755	2.198729088151989	0.6435443524518113	-6.746824184612597	5.108714834796094	12.648474645121567
HG01605	-11.740750187279001	-7.417519015414422	23.914298324793403	1.1667752374205604	-9.353289374239917	-4.447145553653592	4.408473486139104	-7.4775512903496795	-4.4892546940242415	1.809116035972942
HG01606	-17.344548107682662	5.077738945247692	-1.6749869258634242	-9.056640832316125	8.043502548732942	-11.53355865638816	1.9752442352070447	9.179285497871156	3.008491134245053	-7.897145377357036
HG01607	-23.107423220067542	-1.4578746282250759	5.494069910514819	-1.4013812353944954	9.717111658062153	-0.7444931702642503	1.9243152266224715	-11.449854453070593	-5.816200972384777	2.678525535571732
HG01608	2.404424200628606	-8.492407000152033	13.427083851669996	-2.13347088852327	1.9602003000034411	-0.13500798749642517	3.7081290982768103	-3.903739480175507	-1.4180259205042907	-1.7787634282801672
HG01610	-6.460098955744779	2.0034148248180585	5.604840710095424	-5.807208002797128	-4.526357146828827	5.501652093449383	-5.760841210493898	1.3470590247730092	3.4878857976480133	-11.704653837446813
HG01612	-30.231957640383776	0.3199170265239675	-3.4574364558255555	-1.7793712963908228	-3.881463089959758	-2.411497956950025	1.8836334399282746	-3.7001100056745013	-5.006334572837114	-6.4489107122096865
HG01613	-5.403474505024621	-4.571376006263261	3.161808861578273	-7.527246901237749	-5.073121168865114	-3.9493663058388293	1.8350402009367555	-3.9454114084673573	2.1991343228471507	-1.3933224768475092
HG01615	-5.601506210610985	-0.9369759425228994	5.382105545885884	-8.184251166830467	-3.584722232582492	-1.0034262783103158	-2.9477832806174185	4.526916118072134	3.1580203754145773	-2.0425374927714115
HG01617	-0.47054355531005143	-4.816384987559016	0.6797329995365415	-6.24154073814481	-6.536114159831771	3.788886024127498	0.49629885395027074	-2.715989649001042	0.8487403070954701	11.146432116691441
HG01618	13.62963492753849	-0.9144223551768524	-7.689307536651736	-9.853445801786995	2.6003081399701453	0.4016508441545723	-2.1125377599685384	10.818432741558764	-9.34584509635499	12.407862497703503
HG01619	-33.35360540170412	1.115514457709795	-0.9015591302735759	-5.190686405200769	1.4422636668982054	-13.557995978657654	5.338831355787116	1.8285591792361964	-0.4751234156432298	-1.9113066163593426
HG01620	5.614213778798494	-7.262866328812221	20.12833593647552	-5.731522539941875	-3.9994611841645846	0.34294943725895716	-0.3504082683263534	2.9627160024959247	3.1920481063903363	-1.3427859390069714
HG01623	-33.656075166206286	4.579495817844451	0.17959315042628377	-6.102746622913765	2.9727520280402744	-14.131303049779344	2.0849790159812285	12.474315610824132	-1.3936505876543146	-2.9661134270959986
HG01624	6.426035636323742	-5.759921683265668	-9.230608708491578	-3.1747147302020915	22.158018933389638	-6.3392796725894796	11.421943026113027	-8.885267810538112	-15.698708874125549	-8.974713173841263
HG01625	-5.465849197835419	-4.080960941130467	4.702652109327677	-7.1845411821787675	0.1500662113803949	-3.969004317851788	-1.6011207751992353	0.5957323212541994	3.04295471689772	-3.3249169812354693
HG01626	8.199038142142639	-3.433488717859748	-7.481077361831546	-9.690338846255003	-4.93379198638902	9.597199761009835	-5.450073527882853	-1.5382775660846426	4.973025953503163	-9.806506161602751
HG01628	5.683031413202237	-5.933645725691219	20.25605194092898	-8.125673149242367	-6.915420243699488	-3.906153614900119	1.2987566984642551	3.8301652758546725	-1.714968532180658	-2.3703058453862678
HG01630	0.780604667216021	-1.8227664214401087	7.620546097365069	-0.8275869701231353	5.420807984348499	1.690497219108373	4.659976209596802	-11.192570789785206	-8.216455318195912	3.8116210874917713
HG01631	-17.44996771786107	2.0893794501744374	-8.610546415872136	-9.300946812826806	3.351775436993883	-13.756693153583416	4.445758806048185	9.042782820335157	-1.0253226242315843	-4.129477197521086
HG01632	18.35023263924987	-8.009370699961421	3.4233169108296324	-9.81070821273417	8.473532114168115	4.442227848572285	1.2371459038143704	-8.266013644865051	1.9415645204035306	-4.195606224547685
HG01668	-4.801939905549347	-5.692779912143065	4.22662303422422	-5.685524246422301	0.6322099111519146	-8.03765485749914	6.273365450246716	-0.9455691507767883	-6.760749685448453	-4.879253174834719
HG01669	-13.544356002052877	-0.7387238172974463	-10.090764391647278	-6.205393561375921	2.4444071147888717	-4.000908020305126	0.7237332484613912	0.3293186915329709	3.3233103022400363	-1.1272985478994937
HG01670	-24.949674827117807	-0.491838097486157	-1.4490603037588714	-0.9384461532186257	7.9839998761332875	2.608419165920184	1.9447676736134112	-9.730031121075987	-2.921010167390091	12.792422942598856
HG01672	-21.25263843919522	15.721307861439442	12.097930636559036	6.7256070448935	-8.57011955261581	-11.567556157659348	6.075159741469755	-5.460861053732168	7.059828253593893	-1.3322862890655545
HG01673	-5.223396483958772	-0.08445898419296233	3.7037789184253285	-5.349642975391388	-1.1964840929155638	-2.177363345286056	1.4563111879697523	-1.5555813360544661	-2.2590602901024255	2.5284891166604107
HG01675	-7.15224812367979	5.7390094998223145	-15.987467545382112	-18.455010271060374	1.9631458816754859	-10.545691360719616	-0.9723531829377614	6.853988014613024	-0.8891301356063233	-6.220739075368349
HG01676	9.673783258455527	-5.399289083033651	19.349013719326436	-8.909597681146431	-8.86381047300157	-0.8766101790570153	-1.0511886210836416	2.865141065090045	-5.196618328562561	-0.7979004483567093
HG01678	5.026444320543326	1.89194956484715	-5.0999594530214845	-10.955866521587364	2.028269737396428	-6.203560599344102	2.8747437428869898	0.44999048782994	3.904065454632247	-2.4407440267828546
HG01679	2.3086867480759636	-6.430552639433555	20.02949131423539	-9.253373042646453	-4.731840744163014	-1.1008819436934714	-0.9902494784692368	-2.7779466195911624	-1.358862372680451	-1.5811120050862582
HG01680	-31.426841224981935	4.81018981604615	2.9609601376929353	-4.947528698350471	2.792279536828566	-8.962840633860827	0.1291339831288853	1.995624234019668	0.6687098634234692	-2.7742670689467968
HG01682	1.6769038838585513	4.032477303254811	-20.74854129823412	-10.169529249313355	2.2455772787270223	-5.11287520148854	3.3485282340628935	4.01395477023777	-5.725131729260951	1.9465850253854797
HG01684	-33.977539149948655	2.9285168312819367	0.1280028326141388	-5.56395343546592	3.2223386462293853	-13.3148399501915	2.743871093126256	7.654336458873697	-0.10437357884174436	-2.465383634000788
HG01685	-14.02861365624533	-5.605802943807726	16.14521376292581	4.271696160026566	11.280265813526752	9.981198586149409	-1.2183380745570118	-1.3815440294256556	9.462778867570735	13.087363268703534
HG01686	5.929008960006436	-6.8166951989357605	15.286725942756389	-8.255511177636778	-12.339908865886748	-3.3114213728138893	2.42507341800913	-3.1573214417902236	-6.006201013718741	0.8358151170900734
HG01694	18.535232689729586	-6.6314775677954705	1.747150009423478	-6.461665470396943	9.609413404883409	2.5501243083224554	0.7477000665981657	-5.920702367581766	-10.49902749932594	1.5620350470599236
HG01695	-2.59651000370074	-3.502863222059838	13.677135092573701	-6.707921947148266	11.821168242662749	1.669206377726003	-2.9497587553700457	-1.5165196307789344	3.761186132234509	-4.641481480239919
HG01697	-2.805564187213374	0.9939643012567272	-17.225901432882814	-14.115108947160241	2.116673413858135	-12.8451590302913	5.427315164372949	6.499823183729474	-1.7999982196859867	-6.669007626248193
HG01699	-6.282680402176523	-3.5046998514523398	4.196033173842278	-8.005149972551356	-5.824960729562338	-4.451144573890461	1.6502708927956449	-2.2110888469522036	1.0199371859819824	-1.8145053816013768
HG01700	-7.235195612957604	-4.424125891381767	5.206582016691822	-5.889498281338126	1.5058837773231029	-4.2534611578317785	2.0760176828252606	2.7615113328540843	5.390680581982963	-3.0321017356177777
HG01702	-10.177297224765637	-2.373453374565786	6.704951597738871	-10.043443854000648	0.9961976432050591	-7.27342171671723	1.0963475224001593	1.6921367045786584	4.342041337067494	-6.681684757788027
HG01704	8.132977128955662	-4.564081409739856	19.581506136242123	-6.429910927534526	-8.65087575573152	-3.2001650365617706	3.1195415732218414	0.5079602125839215	-5.773230219580575	0.7145853159094767
HG01705	-5.200711743100859	-2.668535272385303	5.118339461838908	-6.616125752788484	0.7760919646492839	-4.310350911459538	0.7092596144277736	4.1195285770708265	2.347940502080209	-1.746856240675887
HG01707	10.820846637267492	-2.6341167401101235	-6.415705743977639	-13.993658157486125	-6.044396178307118	1.506431801688254	0.16628640295311448	-2.2201222047568514	-2.1734287952759193	8.86234366944061
HG01708	-4.156100966912983	-3.7594919753338853	8.353152834232494	-1.6932566814757175	11.058496374331288	0.06187409441973318	3.260119169021016	-8.222286771857336	0.8530736669590093	0.24002702123214956
HG01709	-28.413961159784936	2.4660194063191554	-5.777601695895114	-5.048488891079712	-2.798976355859099	-2.3094253802252305	0.005874537945142089	1.040023806086795	-1.974274502272007	11.775545935741603
HG01710	0.3541141654659203	-7.334125675841742	15.756386733086602	-7.387912202382267	-5.51170638500524	-3.9328589128315636	1.2548524436831117	-0.4826018158678019	4.36843986555646	-1.5958451016389563
HG01746	-4.482523780374645	1.006606798725369	5.880232524343498	-8.358464833444376	-5.290073816647564	-1.5490076356081137	-4.314534747189066	4.30826056043326	-0.2694310107274459	3.1273519790303492
HG01747	-14.013179987606094	-2.3546342665741555	1.3608599690608127	-8.933642076589123	-3.827930686861614	-8.996268898427019	2.3002213923181163	1.5510815854264717	7.387873866028609	-4.4204339366967895
HG01756	-16.63315638593966	-0.25320676506227424	-13.025402572671078	-5.383181922603473	-2.131361287720983	3.025091623207426	-1.8811446468913433	-1.9820991776981	2.8715811700560527	-11.620182505370568
HG01757	8.406363901722326	-9.05381868256271	19.133840848762787	-6.964701805839956	-9.4110378937606	1.1328980820383112	-0.11381644245853802	-6.155898184866692	-1.93569613623424	0.9528309124769909
HG01761	17.4807007519705	-1.639196807264224	1.8715689166287488	-13.220054211458818	-3.38522269163576	2.873401934401598	-1.7191838930020569	2.610318194566761	-0.994680191274594	4.5900775346818525
HG01762	-10.312863454481306	-2.756187684513244	7.998314937455649	-9.192743674970842	-2.3167651205632285	-6.1726129310270235	0.5003537025535503	-2.242074112047707	-2.6064289040684914	-1.999654720072666
HG01765	-3.493643905805092	-6.990250517407183	29.080827393989004	-1.3764163635419515	-8.623144540398854	2.6808966592409793	-2.2964440518234865	1.5445559658618393	-4.1126648387521385	8.78271773394346
HG01766	-6.750841282858616	-1.38010844476694	6.386353949641986	-8.012207113645356	0.7760749494263869	-4.47452622546872	-1.8420219294310622	6.887500233649869	0.5332658347157608	-2.646925807927254
HG01767	-33.63044292448337	2.458436390724711	-0.2506436140277586	-5.42943492852058	2.3822505505711815	-13.571767003544686	3.8676734844450777	5.9694349220868705	-0.4561594960956039	-2.3796019914433986
HG01768	-6.789079063128911	-3.1877525576541705	5.71401051404025	-9.879596010589614	-4.8320838908380015	-7.687196994813971	3.36611026516668	3.5898795745143985	0.5974581133836603	-3.4190249391316208
HG01770	-26.108066838518866	1.4085923098218307	10.985110039357536	-5.82982004842844	-5.146904520226757	-9.487336345222431	0.5045773501168177	7.240180873147022	0.6833077864267887	-2.7699238622276585
HG01771	4.190008639079312	-4.819360005041218	14.478661551327768	-5.366429946261824	-10.528867136225236	1.3723526882072397	0.7670472050427812	-0.8762318809748314	-3.741452061245095	6.525696098058889
HG01773	-4.299482562996481	0.24099631942034883	6.875722109322162	-8.338762755436445	-1.2365593991372097	-5.150156615515717	-0.40551703033085207	5.94813445436785	0.019363151386093846	-4.437037384308561
HG01775	7.351476098787422	2.465246589223475	-8.948233635243884	-10.907381338296702	-6.014200437716096	-4.58403420167941	1.0936342326494732	0.5801415245598252	-7.882892834879207	8.05756334187205
HG01776	20.827149023357514	-6.620998541214826	10.254378873858055	-9.879214425476375	-3.8193136799916325	0.391268245208118	-0.9791269560467709	3.272428461622878	-0.08768879545303404	-3.7242889990220664
HG01777	-0.9451935985669291	0.7374256217175763	12.27094671069361	-4.8345831535831625	7.561732276273347	-3.3214462471012913	1.5928278848413522	-1.0432260045160848	-5.1363392066944815	-2.3656892908692972
HG01779	-1.853703255595219	3.9669297683196008	-22.784445460465868	-11.027473340846472	-1.404324952942808	1.8315637092636994	0.30372750505060525	-5.114121569610444	-2.34540420727552	-8.830214826787646
HG01781	-16.261805583874477	7.659432248521446	-9.80629531195561	-7.241460203264366	1.2940571132470748	-10.603646514597175	1.5823133643856846	9.35757415611156	-6.024614375581997	5.43668668659438
HG01783	22.029545599970177	-5.8151987083298105	10.31353891567774	-11.330928738288335	-7.14372654148232	-0.3534835490661018	-0.7595817687126623	1.5535622440114258	-2.6990915900080132	-3.3232453199403054
HG01784	-27.31186453320008	-2.93559407898061	8.774652832253008	-3.4504026201181697	-4.214855241246121	-11.818161903526576	4.684115438418438	0.42453853095587535	4.0627277388586	-0.633194583474818
HG01785	-4.178258846402502	-5.247294909831369	7.787302059068469	-4.79524515566344	-3.5620666549934192	-4.481902334597791	0.3835145109581352	5.162903367111001	2.123976751266989	2.4752385509536814
HG01786	16.124398970854735	-6.6529499136839485	-0.3465137288067487	-4.543734466331868	11.917887437630966	11.44681118465687	0.9118164866029266	-4.872155754031668	4.28427240771742	11.274849931137917
HG01789	-4.4285806649327855	0.9845865135160045	6.2099913131179925	-9.379170630322662	1.047380473292161	0.990678014866001	-6.536112524995773	8.930552668208557	2.661131325550489	7.709410861530534
HG01790	-19.28892786884116	-0.29414606476285704	12.806785934510177	-4.265968258645193	-7.95116827027338	-3.751311606155161	0.47780964038650686	-3.5658717024268562	-3.648288458751618	3.3725188423562256
HG01791	9.773605609694059	-1.656686428570746	-8.707563811909269	-8.179043871308789	13.732238390596619	3.802848996403653	0.9534009204987264	-6.947660775806389	-0.7218419685436395	-4.294714434773663
HG01794	4.720530938656774	-0.10906006219947176	-18.957481408326327	-8.604794750331825	14.97625026647264	7.02110412529577	-0.9546232743136027	-1.7738807804423289	1.0674151893570814	10.855257541747598
HG01795	-0.8808498679339022	8.658322047445257	14.987810372977194	-6.201866822246961	4.457074917786239	-0.7489164141625471	-9.634148940900296	14.28097616775418	-7.335273804494673	7.066056288735287
HG01796	7.994076937897885	-3.59469313529436	-17.81991435155571	-11.166960658541527	-9.181825219389937	4.658035694494211	-0.35182387917870894	-5.80404089138224	3.729134262441565	9.255320290238629
HG01797	21.243202961238936	1.0778753850689422	5.061207166519548	-9.187313474608246	0.7565238031711262	8.300199747450629	-6.7047881753136265	6.178031290355142	-0.2037064731115581	18.612515445099476
HG01798	-3.0609425260543466	27.810495167927208	-5.622229105540114	11.389337870409483	-8.677135270937946	10.272376631711598	-1.8897690692688112	-10.140977572629653	4.592477368145581	-6.885638901687938
HG01799	19.24469676345568	-3.1095727145160934	6.288238345740348	-9.035484038492934	-3.6212995800356413	9.032408201861397	-6.341876421433463	0.09584603004426717	2.7823207437633077	10.831432531924948
HG01800	-13.292282037899355	-0.22446228112926186	-6.237629215481162	-3.515607177987018	11.162064532724283	6.261323068597811	-4.043764233265015	-5.5998875543589675	6.139670504498596	-5.28213912029259
HG01801	-12.960429719347715	-1.4819943512901177	-20.28273823273534	0.2180493018771582	-12.653033366667513	15.7261769673578	-6.352965505520198	-5.72417408283172	-0.9495674059512846	-10.830548055030121
HG01802	10.836603079560373	26.157212444781212	-12.459425410712685	6.26257135050706	-6.792019333669653	-0.7983367571352114	3.9555293426617975	-10.27308711113705	1.2638539338851844	-2.258063727399669
HG01804	-9.956536237229221	2.034544523766222	-4.205679989926738	-5.585531855372716	15.736248519638355	5.751169597289614	-3.6162186194497083	1.1444297584112653	0.023689487459667147	-2.0614995481688263
HG01805	16.062587612978795	0.30513174625622486	4.443916513390384	-9.310237239206362	-4.520545320963365	3.453471073125817	-7.428948332272063	10.255330002218678	-0.10492228103431578	4.583444704948711
HG01806	-9.29424162910798	-2.1477907689710958	-16.793825846652187	-5.2439791417061805	-8.866737038871761	6.558631459183584	-0.2222779646113158	-7.196577388346296	2.78147689948311	11.26323905041671
HG01807	-29.298250478153847	0.9493644915210304	-2.3947660525677343	-1.032200080938258	-5.718541114133319	4.695877004884134	-4.52540948668528	-7.193618047988846	4.1450218716391065	-2.608527254517966
HG01808	-19.39756805721085	-0.9657205984012028	8.13079966561953	1.517844352675176	-6.823739889472206	16.3821993377209	-10.896399427211946	5.1016227086258805	1.0359891173394815	-13.560323209694406
HG01809	-6.882276477447662	-0.6433510199129316	3.946427507871588	-5.580797409692445	-2.201725702921353	4.109359537910087	-4.217411172365593	-4.073152829927271	5.568268103748315	-0.03840585848991766
HG01810	-0.751687598217585	26.801513879151962	-3.9636642856301783	9.154154339227544	-9.03028895019022	9.415234947585748	-4.607588348349219	-7.305922941018812	2.7491442379630286	-2.9895292848367343
HG01811	13.630895620200365	32.90167152671533	-11.267739847291756	4.59522767115017	-5.789915092659719	1.019752401352761	-1.104349706983999	-1.6923044768841908	-1.957722000195142	3.294125631176027
HG01812	-13.108992387285385	-0.09034548172641199	-7.522638509074213	-5.1127040055689665	-6.629993330222205	-1.524116564323835	-0.7205769058026223	-6.162404990664728	1.1791191162291197	1.7166415473500156
HG01813	13.350387777400671	30.205694633614012	-2.7786069450491597	0.9303578787018936	14.519993382597178	1.6474314228721942	-3.9357766344362872	3.5267975010742725	1.770504807986716	4.53474980384756
HG01815	-2.953401310028165	1.8265726156772923	-13.888199094783523	-10.625238849279137	19.803481462051487	1.5610541508403921	-3.594367267022687	-2.927676201673081	5.59725134156317	-5.164273515587953
HG01816	22.94301170248778	26.775950648723857	2.431267230364495	2.833979953070788	-5.790843831193935	3.981580448393739	-4.739600619493428	0.8621545045948097	-0.2559391062478893	15.783865493780397
HG01817	21.671372538187644	55.329307300415756	0.36280335256837515	16.637652745901235	-3.670157099243282	-6.2260830770928255	7.253857654996555	-7.122767980401958	0.1970309104290684	-5.771943040185876
HG01840	4.200025456278791	-8.31019417838106	7.889473075477174	-0.7044220066837825	-8.74459275227484	0.2108428272193384	2.4336240185829903	-7.466896726815476	-8.374422149458614	1.1405459474594328
HG01841	-25.675580378363005	0.750692978106456	-18.003926035721918	8.601726418520446	-19.41818713458951	31.30381450650114	-14.962255297659068	-3.8233369593043793	-10.29714997687179	-17.089250768443552
HG01842	-5.95210240605473	-2.4073868376511003	-8.889504295462812	-1.828127077639001	-4.310711036460979	17.9277784871762	-7.443366571620371	-4.187121528657565	-1.4143142562557054	-12.890458475544422
HG01843	13.665693734103456	-4.108035663517224	4.612215259221917	-9.222513636162327	16.46977826226074	7.064778122850526	-4.756334513750467	-0.5638308837438422	8.781688293077883	-6.286415018228492
HG01844	10.835031767963871	0.8952260561214872	-2.6453780168390004	-10.019480727627952	-3.489398028665764	5.736064941878611	-4.579916166321636	3.8259572042601846	1.912883359599106	-1.0045739874299153
HG01845	-13.485063201368629	2.7659028398956096	-18.61628273968431	-2.7127563776350017	-11.339201270060215	11.865194209009761	-6.1820119763148496	0.5417425143469199	-4.0491568191997285	-12.461770436783118
HG01846	-6.013726644507634	1.1808798006249368	1.5435002100046253	-4.144142709999944	-6.074356930337891	3.015827820035977	-4.704211239829956	-4.6255880906863185	-1.0983488469381932	6.985850971234447
HG01847	-1.1590382381031386	4.589342836307011	-25.175483815599378	-9.596890781800438	-6.164672656488017	6.853179797949546	-8.407558433181414	4.34718150517354	3.3650525704961813	0.35839444396869713
HG01848	-20.386639267477637	-1.7749836057547923	12.113129325614068	-2.680473763474208	-5.949507922966021	-1.1547005967775297	-3.0349393997700016	-0.863248144084047	1.7343498325615414	1.3617143384336197
HG01849	12.913510103004551	33.44836377340303	-2.299074282927431	4.457170635658237	19.29910371212448	2.2390512027657588	-2.975689160273925	5.122476201963094	-1.8869585872210588	2.1460932703141147
HG01850	15.351494244749674	29.306461667169202	-4.764567520296052	0.3623584158945623	0.8049147804231697	0.8878354358015124	-4.460454012334177	6.421863692248321	0.0638686719952335	0.94324462920687
HG01851	-27.594787598198074	0.2745246911419562	0.6283763340402879	1.9016941400345058	12.8493860250632	9.259115417256833	-4.637059298069807	-6.2872845175805026	4.297376570488931	-1.8095728403571487
HG01852	-7.156548050665479	2.8198570473311437	7.875798507362591	-8.020925796095955	1.5479391931643778	-1.1567912317722242	-8.270091922629854	5.406094220413653	3.2208712577122522	1.2701889169885443
HG01853	-7.606119724581203	4.078697684938364	-0.8742730225809132	-5.903552732378683	0.6090651875050632	9.523816725900863	-8.04464239308423	0.5732430850688195	3.2230627513298677	-6.501508023693951
HG01855	-0.13215221143010494	0.8507728371348173	11.354876653430106	-3.6724267806223896	8.10445962297373	0.728300402180175	-3.7420978360347554	0.8067802179991804	-5.216878382342941	1.8108719373355675
HG01857	9.194870523736265	1.6442788077753878	-3.426860090321575	-11.809277958424522	-1.6237792753337907	2.001652829515579	-3.007728176132848	1.2021604884027055	3.4450700548799085	-3.9870219564649325
HG01858	-1.306255363559249	29.03490044683091	-7.835498016557618	13.729405514362005	-9.854396943019736	16.667108404833034	-6.602026136185109	-4.381054496018882	-2.3465705137205894	-9.069524627315232
HG01859	12.869248748024084	26.963684979762313	-12.704588465799755	2.6172070107892407	-6.522934738152427	-2.5133441808324006	3.1566741343221807	-7.003818066982284	1.6214150061987225	-2.723136720550858
HG01860	-6.386351296118343	-0.09407156293314128	2.883152656190236	-3.4369337085400007	30.93147165035252	7.544150518961467	-2.6375776410098157	-1.9512732788540992	-1.2180969371216304	-0.15307097651765011
HG01861	13.539922217655388	24.86249264770961	-14.23622491901222	1.646139166014657	-5.699773622104619	0.1424761784073154	2.830797603897124	-3.616133698413441	4.144945673950655	5.247763086392388
HG01862	3.1604032052424675	2.3624906961992895	-15.915946908770644	-8.740006618961134	19.12058968290143	10.70075720279427	-7.383046181245549	2.592159461200456	6.569160582413863	12.101141798969326
HG01863	9.509631577271282	31.348049638701184	-4.503287829052451	2.0643565662943386	3.278808671318605	-7.9842846057901085	3.6632485067035385	0.7496750507835586	1.1595107852384732	-6.913925020385027
HG01864	21.4813338084813	26.044199142806747	5.809731044764852	5.663010819541424	-2.6218316895066085	3.699089923544342	-1.142420682777823	-4.892403687885891	1.1530174447624568	3.357618805258034
HG01865	-7.796298713610427	1.155948594318902	2.251667513892038	-8.768655521071372	3.196049990134032	1.6449933578697928	-4.955062152103306	2.950841418755183	4.555358630682313	-2.923286565926425
HG01866	3.3244495806762	28.92675747029457	15.66285427782274	7.351786412050911	-1.9224067189364065	-3.4494913821835533	-3.5700531591546327	0.35530899106520286	2.5195226735827543	0.0990143910521756
HG01867	-6.01732596212299	5.9855728351266455	6.505870259808271	-7.584350547611446	6.608216176755432	1.8633367753616947	-6.7710699477865255	5.622692832607793	1.0920960956896621	-4.205471721609747
HG01868	12.082694561007237	-2.6173807349694886	-4.966022783027865	-10.349043470727375	-5.978420801491045	2.4284962673418358	-1.5119992656631984	-1.068826120339438	-2.087600903277462	2.172678633779672
HG01869	12.415430164172916	26.661555288096544	-9.179588301362175	5.776163950100668	-3.5301906382406463	3.167726405979242	1.836973976769905	-5.901992529038925	7.252483918562373	-2.3266814865857444
HG01870	6.684509831102495	-2.6731910954269984	19.49345791706732	-2.724434566679516	-0.45322079584585273	0.945981760019567	-6.162819282194918	8.001836021877164	-8.396849636767673	4.400909528844843
HG01871	-4.46634100866682	-3.5052717104231355	1.7113839164507127	-5.912334342640418	-2.5268808030513368	6.49672020608363	-4.208562383828872	-2.161798040500555	8.387385715509662	7.417429934874203
HG01872	13.095365239402575	26.01501750290077	-9.663678250455627	2.791340512604814	-2.3458737948966215	-1.9860120164319222	2.640621182826617	-0.2690184770814603	5.535837370696083	-3.698910062731792
HG01873	-13.009471400613615	2.3131214971383707	-22.012547188672308	1.9604175522856375	-11.111367518500288	24.86355365606346	-13.67488370122435	4.334611680997595	-3.656395502923918	-10.082456075180843
HG01874	-17.518917825028897	1.1751995013940855	-15.226767432245536	-5.34677374091172	-5.715660243225934	8.128448588603552	-6.220700277689427	-4.015746933243335	6.494613256555664	-7.413717219949938
HG01878	-4.789162167080086	31.71675391304885	-0.3852669859846831	6.179254178858772	1.0699438422278396	-3.1934598706680664	-3.1851856458478602	7.596279999079149	2.5291030010098767	6.351986466248053
HG01879	-5.269358279555377	-5.757250749466306	0.33317491941856936	-0.1657888873230704	4.59278184669757	-6.1832877589740916	2.9835525378700214	-1.2940022608754511	-0.20841666987395527	-0.8947931575414307
HG01880	11.225435335028912	-5.504589202969717	-7.382093349472359	-7.347914102017457	1.6299155613044174	-2.3366762333440225	3.016859844714312	2.9796748497839003	-0.2933279466634689	-0.7122293904330723
HG01882	-6.514490678288596	-14.154451370847449	5.68626038918489	28.02104334267282	0.8622947343584267	10.458786361541812	9.412529083909162	7.748782500910492	-18.227439453461272	-6.2356344896738
HG01883	9.111163071408562	-14.827985390125312	5.680880099486214	13.1643575000687	4.553040311789348	2.9751563706416353	4.3261420200351	-7.447185899261113	-2.3267443884000096	-1.7586186712052503
HG01885	1.7803822447705875	-4.910138385707239	6.373605468231956	-1.3772758610735645	-3.9208588231937234	-1.3821830779276398	4.214197778460968	2.2059777999926498	-2.926288809115171	-0.14854518847634732
HG01886	-6.5559114559256235	-5.60663773776357	-5.278057499669792	6.765983800819976	2.687412475598757	-6.89477791484906	3.754409406202592	8.388121708700622	-0.3255125395594087	-1.2533991678907557
HG01889	-4.9116131057630374	-15.192074894196582	7.139287046118255	25.486911929346054	7.758508576592527	3.56078081115425	10.38747808528842	-3.8956607389941027	-3.874109860184926	5.283609200635029
HG01890	-4.15702189151009	-6.30912531563819	1.7121150748922616	2.8734655773417694	-7.695412126559801	-0.1347969634460109	4.077043420889056	-0.8561497147616081	12.897532988871166	2.9435669840245287
HG01892	10.331619883219457	-3.4786865446123993	-13.200080398427945	-4.03670572023326	3.364400651664855	4.155725371477221	1.095008037573645	-0.28687679229344437	4.526918338578065	1.7598463202234322
HG01893	5.287302360408277	-0.2863994383753668	-8.068064039497257	-10.932044386249805	0.5556461538024673	3.307825005881059	-4.9908504658309045	1.2762100128404805	6.348814614977705	0.17662562090045514
HG01894	-4.857891340016842	-7.392970331040024	0.43623008075028163	2.6148242735642087	-4.787615158550932	-1.8140015971021635	4.554265980144213	1.3993452614044715	17.399391644700504	0.7579343712759183
HG01896	17.728176064347355	-10.873395556781755	1.1981123094319905	-1.7269578797047436	-5.083865721075667	-1.9072722912836486	3.3357450319669772	2.9058628984425305	3.3395608592007164	-0.5960896733335536
HG01912	-1.952174980032289	-5.105295095882714	1.2393232999783397	-3.540920260152409	-9.049287142277015	9.448935492963013	-3.7036070654598863	-2.5889368218555253	3.290857390158826	-5.444190298001418
HG01914	19.998727793634064	-11.182302324713156	5.057602047549232	1.4627662429407473	-3.039774241584675	-0.771486190847469	3.8260187578168323	-0.16882730730313567	-1.241656668620522	-2.9528627781724306
HG01915	-7.971586061475135	-15.612709892519007	14.649376412301088	22.03348424275853	-5.7920307902683525	3.8310708875956854	9.183038061409176	11.753196167028126	4.304136195597103	-2.1076193905893703
HG01917	-4.710074460182723	3.761256386072818	-20.777516641001462	-10.99927336670536	0.04210820186050823	-7.473468478625806	4.281621912007663	-3.7258851869753897	0.42132909665094176	-2.197187464882213
HG01918	6.6295801266591425	-6.395132490165984	20.981962223728598	-5.516872630403861	-4.141233279859181	1.6468035086367347	0.04028122200111342	-1.4969531924285573	3.3082752194971006	-2.5177580491777047
HG01920	-17.966046648471675	-3.838313664225166	15.251752275108865	-2.2636782643922615	-1.670444019154938	3.9740758448758378	-2.765385885529322	-0.9012028589323419	7.680569607217871	0.7033211322303347
HG01921	5.256627717884256	-8.189302409460975	9.9587604186591	1.7218404092277149	9.006894345794823	11.518382694372365	0.8986346915871255	-6.00245074876846	-5.690900620704044	9.305293930687984
HG01923	-18.04198533457438	3.606621383698928	-12.316769860412236	-7.205674709092238	-1.1074620502696577	-8.5554552030619	6.021669595506783	-3.2572228654572086	-1.5378985395055718	1.7688324652157486
HG01924	2.870119666704555	3.7496655884729306	-6.208044036952747	-6.6057912677165715	30.208264574916758	1.7253196571366645	2.9861979296467847	-3.6233267075291375	-3.975104141813609	-1.1364605847380784
HG01926	1.3446385480578176	-1.8416387881882472	8.829374583641304	-2.484976604236804	9.969952033081434	7.33742664472842	-0.5619232438146203	-8.050361042491414	-1.767169159942612	2.97174807980853
HG01927	9.961968135732642	-6.481232503604351	21.408365686090928	-7.368553873023981	-5.4292770650862945	5.8482971797334935	-4.51106362945913	1.1113799198963148	0.9075700105421574	-0.21786000075599687
HG01932	11.52662974532701	-1.3595194418757894	-3.856493065002734	-11.903258448182365	-0.15946571243603813	-0.5483860939704572	0.2565107904968664	-2.415302421857505	1.217015812332532	-2.7317850393942087
HG01933	-34.7576239931361	1.1884931107205954	-4.232366133067841	-3.7001264080178866	-3.1723689519725156	-7.042985866346921	2.6263668778946476	-4.161975938243234	4.423573580284683	0.6629106367893814
HG01935	-6.199397121511573	-2.4010655513766817	4.412524049004869	-8.120174398588146	-2.3390299221493294	2.0176060075051714	-3.162884965433715	-3.780115794636966	6.296582013064301	-1.3657478752555587
HG01936	-19.826860289659514	-3.5870849321630605	10.697964316964606	-2.369220157240933	-6.459798884614069	-3.692341731120107	3.3925991054331845	-4.917706944455856	-0.5466904799224674	3.948722661577048
HG01938	-34.74411543828488	1.06764491225431	-4.033072940248442	-3.8057591873163887	-3.260049426849126	-7.281316163656434	2.7420821570749565	-3.624791691933344	3.995734682823656	1.0970039420374214
HG01939	5.901000091696114	-6.731250041615297	8.260517251600255	-0.36350016557592946	10.6798996578674	15.635066511901265	-3.325344500818158	-3.348901897701764	7.627139456304416	11.751514560501434
HG01941	-5.624958624722165	1.0751814945488383	10.228495349121884	26.942334622243926	3.9311460287657276	2.1632513303625007	14.787182212945545	1.0965570573442531	-18.589158977951005	-3.5089625121025603
HG01942	22.32429183741056	25.497632505065603	7.750333260797635	4.774377455863709	-3.2760139184119876	-0.04851820160331466	1.3316724379522253	-0.6369489630725722	2.5293759746937603	2.0963917972519313
HG01944	6.653964240699238	29.194339275005063	-12.580793060652702	3.1555324976634447	-3.7248472433268685	-2.5947660187183175	-0.13214459509114973	-8.743521142811757	2.4085782110656337	1.7145367844475337
HG01945	9.432690181472093	-6.745370357922004	20.762197630855002	-5.575315601900496	-5.989512151228047	1.9978960942136827	1.5218730465233854	-2.400704077881843	-0.8450359655616388	0.3755136715862347
HG01947	-6.743537599103426	-14.873687927465406	0.4896035093344544	24.827018169380878	-1.0417398163715315	-13.13230008562623	-27.969809837886633	-10.592934499574282	-5.1394454964928595	7.612035313410673
HG01948	0.33808268039378786	24.902022804446236	0.32720258447730366	4.587926033699304	-7.891257079221502	-0.8164267425561946	-0.042859272919184996	-1.0999796821549939	-4.693471867318059	6.8239383042333195
HG01950	-3.4126630841679195	-9.26792855769866	29.485486003299417	-0.25655029176520894	-4.898026406981552	9.585010578112746	-3.3382699249638623	-2.5797772946743525	6.690971437366292	2.674413169382293
HG01951	-19.15793738265557	2.2143928381034232	-12.488767212789291	-6.9113889074709185	-1.6247732613270998	-7.200665802087606	3.5240879434644032	-5.540056372500532	0.6084805261695134	0.847827352639817
HG01953	7.214598678176196	5.049100449612225	11.20728053572088	-1.7418549219991584	-8.93735580296537	5.435373267530152	-6.117009644156794	0.7803373454308469	-0.7226802817426419	7.600345791465133
HG01954	6.134210126959376	35.99557486506721	4.839522954575879	13.991415294529485	-10.963747098688808	-2.3684867730733448	2.2071804112751687	-4.946836584197465	-3.675798084989918	6.818201297516425
HG01956	18.325841280256302	-15.127805384204521	0.7891335508410332	13.932395501290264	6.215545067587973	0.25449672195415024	13.482474069948594	-0.668904346993791	11.337071137977382	-4.470834326086036
HG01958	8.589186118845955	-5.756492171290235	-19.6900021584202	2.796918425282053	-0.3217520251258763	0.33988808386757813	3.2971223573967174	1.8416764748494325	13.712506638272979	-0.9913674216434873
HG01961	-33.0007124284306	-0.3538364161623886	-0.605850627919565	-2.624752987009647	0.08929018063412353	-4.269506493177771	2.006112341948978	0.8148832218913055	9.845864265185668	-1.1139065706817357
HG01965	17.050961572961683	-10.898261010310557	2.0100777389337114	-7.610961489944438	-11.61215695417546	-5.621715562315935	8.256430141881529	-4.672624828728638	4.170528008674984	-1.4781514099104882
HG01967	8.371741091821699	-0.5048956843490798	-1.779664497588849	-12.54019437718419	-0.29909735373530144	1.4788413768228348	-3.83282838207969	0.3022632521929587	7.3078589668871725	-5.362225197147103
HG01968	-4.270884338315918	-8.664540742439687	25.990990498049545	-1.2161801261083516	-8.35852462173011	6.356361699283243	-2.428282919087239	-6.618679703534175	0.8610590137476355	4.67640318833388
HG01970	7.395785564034757	31.44696784593944	-10.353030173140588	3.790261751149405	-2.986686403178124	-3.8116787119423985	-0.08401610069303045	-4.967023402205802	1.9039413413865844	1.9194257859630526
HG01971	-10.396100796811215	2.431247471220864	-12.841483856936575	1.8489684762407124	3.9963134065757324	9.714474797599614	-0.13867118850784932	-5.986403909110888	-3.964321077318807	1.50979230928019
HG01973	-1.7390181114896583	-0.7194391768633948	3.9484944529065107	-5.961215717571524	-2.479756472626156	1.4564909633933212	0.4705922161668567	-4.7502904918437245	-1.153235085119865	3.795414028788823
HG01974	-18.613907643475823	-2.671395779437615	12.330869594862016	-2.9501517103039623	-4.2420666230361315	3.298463744735443	-3.5814941539960565	-4.659537479117958	4.647070889197874	3.1394924630044496
HG01976	-8.425314712088188	-1.5434685630174119	4.268615406179047	-8.68779360971036	-0.3355580381465155	0.25161103885270364	-3.2020655851038193	-2.757950194625055	7.018062144437337	-1.6437914838202132
HG01977	-21.264939741034866	1.284007488203195	-10.217440953471646	-9.6100716346765	2.01662610755921	-8.66049399841719	2.3215383962702836	-1.118686353428906	6.491625861253596	-4.1943857173051375
HG01979	-1.1991589339088644	22.40264790232021	0.5134203410084854	5.0700452099166435	-1.3852122033563847	-0.3169286478448709	3.538711527602771	-8.539590026991583	2.694947292924411	1.4413726039542767
HG01980	-1.3195760379652566	2.4684136010584803	-23.473517221867827	-11.40193727531376	-2.965343296012462	-1.7694398975631591	2.0491900812120747	-3.869446051847705	-3.274239541921009	-11.272045943181848
HG01982	-15.794497693079544	-4.1261102956811415	7.851622234646185	0.6604014225755763	-10.753746898323403	15.556465497329503	-7.563090566336528	-8.912955771919323	3.8846631460953462	-3.3100305281397424
HG01985	14.127017177662216	-10.129651393637443	-3.5244171790768006	7.875299353592647	10.251847549849373	3.687018218809505	3.0177095631786757	4.446543862021446	-3.1242386419679735	-5.559966730625186
HG01986	-2.795107913420002	-7.482815041621791	-7.599184920142941	5.338578704641995	-5.8846291573536735	11.425723690172886	-1.0681963941165495	-6.256709896008227	-5.545470481631792	-8.947295742907867
HG01988	-6.3044928324059235	-6.182028013664068	-18.38041618287175	3.7812708325694855	-9.267132011602612	0.24793187293303673	6.238214467770782	1.9192855483221567	0.6640070700990259	6.432403848921412
HG01989	-9.991989426603835	-13.097891057733026	3.2859661608873427	17.034831118992603	-11.544634293259367	5.719080371476119	9.789876033349525	3.828197387646107	21.26780443735669	7.366211158584384
HG01990	11.13357139977663	-6.3366085565027115	-8.739484050091365	-4.262765920470923	-2.0538827460314457	-2.893826156073633	3.1302273778871026	3.2588038812266267	1.1707568835014948	-0.37587347411730637
HG01991	-1.8638630421233198	-4.599177283152545	4.480302815243811	-7.609715229872103	-4.151933966991234	-1.7085345371949447	1.4795786116677343	-4.036954039597354	-2.2585783892611686	0.7259695539531211
HG01992	-0.27690077488088255	6.631425020023964	-20.78708212204547	-10.861012915734126	-0.09852108358373507	-7.9232425995497335	6.541473485414345	-5.076777861642717	-7.748791293093446	2.344344990767863
HG01997	-16.037421133268538	-4.821773783984706	8.23852542602804	1.2282417508913728	-10.707531594628323	12.414348936371745	-3.939511311937886	-6.714311403529235	2.3960240424833814	-3.0226995707184807
HG02002	1.0590912154203784	-5.492403400696304	18.341992410867626	-5.98052993903244	3.5280811117019306	7.006375939585827	-5.121771079699525	0.12499676909288004	12.248474494652589	-3.6342784108572284
HG02003	9.121972982535372	-8.359570860872594	18.98831248274153	-5.463255620453517	-5.725416904601641	7.6250010045527485	-3.913847021218206	-7.121369931113946	3.33142020173611	0.6216548571527482
HG02006	-14.173228438675732	-4.192091165056343	23.960843343203614	-3.9139588454342915	1.9370863817406607	0.7253011031134696	-1.7043025431330936	-0.5932768089735128	4.2550857944940805	-1.3922664496960344
HG02008	-1.817122964575672	3.6342367534559763	-22.206720529563352	-11.789336048969393	-6.1124206079926235	0.948727854752741	-4.336497964988384	-4.514383736443719	-1.1729486703815812	5.160254391365459
HG02009	-0.3431213137072581	-9.324055718738993	-2.2251865619660514	6.700414636900481	-4.921956831272063	4.185796929090111	4.260185447697739	8.993194188755245	-0.31720535226099156	-5.33221058583081
HG02010	7.493174749919532	-18.482852988951063	-9.56691128208868	29.028010548752526	1.7748480722181672	-23.589074292725417	-29.234009439857246	1.8952730471710435	-1.9643878101267085	5.395372713944141
HG02012	4.958466768686688	-10.037952120018904	4.950705810660958	12.692958976666443	-0.2256574354828893	4.2829451342398785	5.188782993696272	10.055544786593497	-1.4306562959058335	-2.521798155201042
HG02013	-17.92215556174211	-8.237641289316999	-10.066977789916947	12.215983698215215	-17.157848801234046	3.262612264100508	8.06239291054967	-11.083727645596365	-0.5857180079638675	14.959116278419604
HG02014	2.207527094866091	-14.390208613709714	-8.187322088739748	20.5438384080554	-6.354265239435026	4.483182819988713	1.4452834091969693	19.044312565801466	-6.106329990135798	-0.4779813641481075
HG02016	9.841755940622107	3.2495491938055183	-5.9817080838459225	-8.987522854257918	18.073442373929073	4.11785575614062	-2.357043570388143	4.607162561224107	-4.014141957445973	-1.5174169834852407
HG02017	13.745390261216183	2.183170867060297	-0.5446289481934695	-7.7008447174282795	15.63660272508952	5.914509485636349	-1.5401608254376207	-5.159355875384165	1.1841441598279427	-5.579892399170862
HG02019	9.346677135957266	23.895923569719955	-8.890322934910985	2.1826175389283966	1.2379221279534867	-5.873180081212331	4.157116015122928	-4.499095789746114	6.548104326883355	-7.076368033474225
HG02020	7.647461907933767	-0.8935428124276668	-14.812815576082222	-8.645120988071639	11.607158256912111	6.80754793595559	-0.17578558044535064	-5.773828524602757	1.8688112760312225	0.11341226776468877
HG02023	-14.375024487539132	-3.4874876636394623	19.284052359902244	2.058681582609205	17.24481385178552	11.3228648176222	-5.434667343804294	-2.078002638734129	5.563468108059557	0.4440789779630696
HG02025	-14.042941792000828	0.08166124990210244	-13.993384578752536	-6.942749162604427	-2.315111333163928	3.5937266730148596	-1.956615845338411	-0.1998669200258169	8.163955600363366	9.582335418488698
HG02026	-3.3263542061320788	27.1357656638295	2.595395708140872	8.286039374374788	-1.0999123002181093	-2.9580935915432813	2.821107308898679	-6.591731706284891	4.6570139260089904	-1.9208375896468917
HG02028	-8.870404888859877	59.50679678718169	19.7974743741769	24.927061719896653	-3.3923820124598616	-6.46220422480608	-0.5054581920540282	1.4077128777952752	3.436217987515793	-2.52054989038852
HG02029	16.494894943791262	21.97392754069536	11.014077513241237	-0.6486570571423903	3.2134122648090404	-3.920795097888808	-1.853919283419594	6.7334970652436485	6.9228825972529915	-7.3361311446949635
HG02031	-12.324727311964521	-0.47158274950315704	-7.4306786906708595	-4.9810732811837735	11.72013065506361	3.9019771235105174	-1.3330074279733137	-7.528708140728065	2.3232125449322845	3.0596516361690846
HG02032	-10.44314294879969	28.114324719041072	24.4120938417855	11.868579764440955	-2.190989644247664	-2.510964691226901	-3.8188864541842746	1.7311422927864215	6.207297291973231	1.0444577695113133
HG02035	4.03808295090615	0.7525879235945775	-27.348428602025603	-10.008664611966928	-8.556143949776425	7.4696153539749055	-3.8568814844654327	-4.6718324453243545	0.9191653990436846	19.537992158806333
HG02040	3.6271605728546255	1.842140570008573	-19.758552171322528	-7.156696105129738	-7.792593423758191	4.676625902207746	-1.9423481244745342	-1.2761275349281591	-0.09062521375691279	4.050220325333408
HG02047	-14.71033513646771	1.2851473856396953	-10.448356406975458	-6.062869704011074	-3.6099657953168123	-4.432043927462468	0.49612727644182036	-7.019604194082734	2.699745653235235	-0.031009516296163886
HG02048	-4.109766356332456	32.104779585117086	-1.5000659184014196	7.705174771440854	-5.224712130994103	-3.56765391519954	-0.5784555757234523	-0.40281354085567467	-1.2727443041065982	4.683809097265181
HG02049	-13.262067754201562	0.9246661939311225	-6.488543147782226	-3.4375272146087785	17.25992176861393	11.452753738175035	-5.971146347791189	-0.527184106463569	4.734398510894908	-10.426715254303446
HG02050	0.016563555118458473	-4.459640372100522	23.145088100622452	-7.244457966806075	5.47304626946043	4.743418413644346	-8.226631834828375	2.766679214917326	14.239069770949001	-6.754814697652497
HG02051	-27.7639363146544	-1.5780186462717793	-4.269206854492728	-0.1264862482304301	-4.35714971864366	-3.1142551889946914	1.6797326090017033	-3.794531214994159	2.83074604631933	3.2500122020045112
HG02052	9.966690356534231	-15.6559087215282	9.613970428404473	14.630348557932695	-8.65590121686265	-1.986803999811621	-2.1511681138266354	2.7386239733629485	12.45163223558915	5.0769949783465185
HG02053	-25.089709277917557	-4.846439686072637	-9.09364685245218	6.36135342048468	-9.500605540284791	-2.2839423231874787	6.078347282564113	-2.4541297939432365	3.356127305628076	7.0374925330736655
HG02054	0.13154947215015025	-11.029269375547242	10.4971965123223	0.7402187058922773	-0.5083187187388504	-3.4831012408485957	5.855273593011195	-6.9550340504265336	4.944078070887311	-1.531281193838641
HG02057	3.3008705365695152	2.126507595268381	-13.602473772844522	-10.853421331580561	9.41457750179318	0.011871118995342655	-1.2791977964572023	-2.448785851105514	-2.28629540353473	-5.347642820691616
HG02058	-24.51073276660543	-0.8016688845286863	5.855100842926982	-0.13590225823380875	-2.5006660432775805	11.224488371803442	-7.737672111310904	-5.703610257003646	6.42916327400829	-6.716265176584672
HG02060	-20.436715580746508	-1.0179350201145962	6.372770119773569	1.6181383766347146	-9.712140365451022	14.008219511159835	-9.18161475358122	0.7913926595949858	-3.1199858950735058	-12.880760884000217
HG02061	-8.665981977918484	23.718711213294984	24.91711653463603	10.898768238165015	-1.3443171573847414	-1.0465469673552534	-1.2802491990264415	-0.09487792795468009	6.305893869413997	-3.765042205262306
HG02064	-18.0850794674664	3.317916970832437	13.130742968322716	-2.6568632926170155	-2.2347230811572207	7.667925798996629	-11.314491155178741	7.231524898768844	4.263713437963942	12.362098888122244
HG02067	0.5217008022522989	6.837724693025242	-12.009042035453904	-12.663399235056453	17.58429655136984	-1.4043455189849452	-3.4600040977877002	6.454474421538469	-1.7118127831819963	-6.506810942295202
HG02069	-10.30373167564428	-1.7866021449948732	-17.28109666633356	-5.318651235705276	-8.54875229234337	6.604491443659695	-0.4806145783301512	-6.791460911600327	3.773801975920758	12.971350535087192
HG02070	-11.797569735207139	-0.993354459629371	-6.475371677212982	-2.384128882153341	12.646344229585694	5.155382635406148	-0.7505634614393819	-6.0741341265139885	1.7898853271474913	1.3941530429731008
HG02072	8.637598284025248	29.274311778590167	10.16815594865609	13.882212950710512	-8.006976585684207	11.293272765047519	-3.197996720790317	2.7016387879236854	-3.9088492430727975	-12.188988293851317
HG02073	-19.142691431538935	-0.5131376112226743	8.180154313140823	-2.49254670736587	-6.288572901966539	0.8778783747950623	-5.442395018889847	2.3551556387530868	2.162641472838483	9.664013610126176
HG02075	-10.186353359934797	0.5705908974334248	-16.474667044362626	-2.4787318858727767	-11.499856595180555	4.095254827985291	0.35395144567089987	-8.670107420008966	-3.820872021086191	6.466856663834897
HG02076	-15.561014949039915	2.5294487241778514	14.58255346450868	1.003243601875115	-4.18667518292759	8.386740039153196	-8.400769464315141	9.078928557161989	-4.665880953465197	-7.442284760158071
HG02078	0.6662096096213893	2.638137572578687	-17.5202296080947	-8.095757003656946	13.354520899468236	8.682295333948073	-5.287976939438638	-0.9964652425781826	0.7495279178086574	-6.4858305777885095
HG02079	-13.649850293897714	22.636266306977973	14.576788435724547	14.6096286702447	17.373583314553414	2.614482609775018	3.365005184611295	-2.0991388554152124	3.555369671545812	2.016618063711079
HG02081	11.353664035388261	-2.3868643928618627	-0.655518801675678	-10.841136309856415	-2.563481487956899	-1.6925838597582274	-1.5106294884401263	0.788287094716188	0.12228265957503726	-2.9146286772896124
HG02082	-1.991033888530969	29.747676572747	4.129692092011248	8.424010179437834	3.1421909685041696	5.1516910998667065	-5.063432077762946	-1.7807072649781779	10.135563962911629	3.0266549024333824
HG02084	-14.75391963411547	1.1431084549630623	17.024922799926177	-1.8920868790654435	-1.6694488406908716	2.679436104036599	-5.660356717359439	5.645110773066696	-0.5904325632997454	1.6759504987279925
HG02085	-0.27194743371736263	28.331201634909426	-1.3782059568842446	9.661383888944565	-4.466225397788019	4.340041825856769	-1.3337194177864613	2.723798195522103	0.6478268256619346	-10.19390049263911
HG02086	12.322927912632702	28.139619845104082	-11.817257449007224	5.142716205993559	-4.129669458332186	1.9855604895251902	2.7936673947443156	-8.765739986822334	3.9502895722355778	-3.507588525668959
HG02087	-27.87240751988134	-0.734453570809191	-7.561193118259937	2.9327845065462403	-10.64759045786057	12.082656353702493	-5.9161006246439225	-6.888991353304022	-3.5927598759401143	-10.020193039370302
HG02088	8.86249515714066	2.8222856977769104	-3.025634305792877	-7.709083087776322	21.993676249668667	5.071090001970157	-5.080144622902808	-1.0710321156573746	-0.5368747110442031	0.7523093654976453
HG02089	-17.35823617207246	-1.9109618807401163	15.089706476118428	-2.5632013446896034	-1.5732924873015093	0.206574500126318	-1.9346055420088217	-2.4776135146674707	2.0677195657754597	0.6322739820564528
HG02090	-3.280996013842193	-4.674334363620208	-1.6861747180917777	-2.956641476723874	-10.797634308274157	9.72563006275547	-4.259067024465205	-8.136755303342825	2.6495678350561565	-5.035389600044189
HG02095	-1.7520326588283321	-9.379928639686339	-3.1603680408819366	8.895320393292641	-7.1575817261177415	3.2784830735530286	5.805440650918325	-0.3912680533283428	9.423073788417852	-2.388075649554336
HG02102	-17.097345524205803	4.0538321823765315	-12.880989886442627	-7.3010931526597656	-1.8997452354963587	-7.376218916956107	3.755081094341331	-3.589200954815354	-2.6613048080313217	1.8160532063512747
HG02104	-33.944450720707394	0.3367668459855721	-2.9418204451687178	-3.5514349740631386	-0.5407292740530959	-10.051279547783654	4.5845044138596105	-1.7239437919923457	2.6566452187089444	-0.2691967587480306
HG02105	-2.1954426430417446	-1.4178784178822523	0.3464267806670759	-3.717899166017588	-7.402630578559775	0.38786875776618107	1.6401945886459846	-9.800144703857919	-4.692239068957711	5.009641052299317
HG02107	12.178421955498983	-8.487401913612628	-9.811248763039794	-3.268352224927957	-5.1027650964250455	-0.992740261154434	3.194799394976946	-3.0448502970279034	-0.874030901738184	-1.6759561037963362
HG02108	5.558687599565567	-9.964997593373738	5.169424566247955	9.747771180881882	-4.518886503655845	2.0665569297056643	6.813099604457399	-0.409088221646027	16.949568833045447	5.939162821780672
HG02111	13.007244816360734	-8.907423942200596	-7.349115125675333	1.8715212265808137	-6.37251131060757	-7.351947000774343	-6.640884971393168	-6.45915177439319	-5.30926865629299	-0.06839350306426803
HG02113	-10.432193866206605	0.6509037612083819	-22.785743517550724	-0.15509872281142623	-11.922118184161462	19.056747211110697	-8.908000265690738	1.4831991445993544	-2.804606899377282	4.910456785325763
HG02116	23.366497509419368	56.53425894529573	2.038412451524417	19.522911017057552	-0.8509659924863531	1.0218525086179693	2.397832838180733	-3.5570020548678034	5.958545680267654	0.1949392800283395
HG02121	-2.8011145764503147	-1.8380506299876482	-1.4329782728340974	-1.7231872248691698	-11.253621738459923	16.762476303587253	-8.671703015417778	-0.8045393690349507	-4.15357863862046	-10.767739754750087
HG02122	15.278249161924276	27.34555318969244	-7.426294340738942	5.540421528922554	15.830631466148887	4.194027096198115	2.6602209398033194	0.38001332292837686	0.6954685722328233	8.162180877353572
HG02127	5.599842874793151	-9.950285696336946	13.280729948828766	-3.426370188593525	-8.297126706658066	2.410713618300734	0.9725445369630924	-1.7939454416449014	3.5142808602879816	1.1535483064224554
HG02128	2.079003136035479	0.06444827706585732	-20.5669029945314	-8.731280968298718	-6.132454756107544	6.913205655396605	-2.3385630688766397	-5.484435895383859	2.7613008281502207	1.1981368161432284
HG02130	-21.679436170266392	-2.9331048064137946	7.363679931788738	0.49654900942210656	-9.870800622066884	9.350393919369854	-5.925304122466843	-10.124872440633713	2.3751796146628954	-5.016597757059228
HG02131	22.465049951055107	-2.7753741525570135	10.809303587410826	-12.222007008059434	-2.1327426918998436	6.605898925814026	-4.902400287502237	4.835175063340252	2.399550386850621	3.641139712307725
HG02133	-0.17644572928569627	0.5178438412592521	-3.2653395676831036	-1.3852439162080081	-5.804062139698253	15.1817809640242	-7.0261419333511075	9.813751644835115	-2.548095884767383	4.957614092700602
HG02134	0.5007521072622899	24.87139496444076	-9.203938669982087	7.912252348147561	-7.9986598100645265	4.700166725007733	2.1719539130310586	-6.035181989573885	5.156779493091662	16.548302534576592
HG02136	-14.336269190833438	-5.567731879943947	11.368578418277115	1.5889680098547805	-6.192458020901487	6.352184331874436	-0.8179422717295826	-2.0235379036631054	5.570256176685694	3.8980656450506825
HG02137	13.620839777593575	-1.0685915852666406	3.5071388345022827	-11.675289079143372	-4.432296504290258	-0.6405520395922139	-6.758193303694661	5.857750847666193	1.3794999366797565	1.6961370009744408
HG02138	8.627154574414103	-7.668820131728361	17.850579772707356	-3.4636712421665488	1.42505793727684	9.77609252975998	-4.721667190865794	1.100170164723407	6.049371983675789	1.9356533935447364
HG02139	6.017067362026929	-0.26303875235785845	9.221053603643547	-4.876412289983996	-6.986651764845941	6.691376138752726	-6.154795479079092	7.598983701707122	-0.23714676467941986	17.749206365997637
HG02140	-18.40104588983001	29.965006231605017	9.258604929515013	12.677843278884325	-3.9306245040967664	1.9078011892426454	-3.482823069665762	1.2742146782262924	6.446978672060188	-4.508342138692159
HG02141	16.333433038568316	25.295781874256065	6.3126225846547	1.8521064432071201	4.3935059212945635	0.8015114886793904	-0.984589594151088	-0.8931821218420866	8.787778421262974	-5.512457676406235
HG02142	-16.672576573371053	0.0972806631886095	-19.089198094052147	-2.00743586086985	-7.024196720852576	10.030983081735318	-4.764150303653251	-5.141762189049502	-2.0838225406388338	-13.671758030388917
HG02143	7.159848559627848	-9.210971930792281	4.169391600020337	12.76500316310686	-1.724917608099009	4.156049898175995	3.48328644076231	3.6689803469072517	-5.65258599187955	-1.474644160415922
HG02144	1.3402296284485944	-14.02803448235782	-7.522936793105349	24.081639262952855	-2.9826495768109194	6.80923243318383	2.211254943598271	28.182042918078032	7.047788642609156	-3.189293130792337
HG02146	-24.77289002402752	6.821613404467945	11.27525667365699	3.804421212719212	16.889857531215966	-2.0510769971762643	2.8387554902026206	-0.32126539751254435	3.080565686968732	-1.9970660235653317
HG02147	-18.174884178376065	1.2739939566885354	-16.186288454190972	-5.641210688233366	-6.709995068502107	9.238459350795152	-6.753737569839336	-8.125751021468291	6.55635777501761	-8.13611486338972
HG02150	-16.302738034853473	-6.272995221354259	8.468168134011949	2.0488304591858295	-10.330434493415448	10.971901226759528	-1.5380680848713137	-5.343906318935048	4.567091297044438	-4.671517973126786
HG02151	23.82641268276863	28.883136824370677	7.1216972560417515	4.224127665974899	-3.5484340288368226	-3.5186166655302316	0.4366947702670998	6.52858396942833	-10.564714503719454	-0.1427302752977717
HG02152	6.175753077107972	25.72085328388267	13.368723687240381	6.12842101791645	-0.6942715566752651	3.9501094765185827	-5.142896666500977	2.905040939105744	8.176741623839925	9.036205492873085
HG02153	-0.3877982827914964	23.678079860661622	-10.807172716089012	13.630844457941304	-9.86302459240128	17.839199945643568	-3.74257887821949	-5.643449577975129	4.687373018529807	-5.890701053716414
HG02154	4.27103160943286	-4.11302493594101	21.59786019980235	-6.745801599839695	-0.7759183669000889	4.903588317047078	-8.02948477702931	0.13339029650782297	4.342387052582559	1.8871684104491648
HG02155	-3.8902306139924705	30.796843435572914	-0.9553707264690064	8.126802581814136	-6.3541730133709535	-2.083343328052234	-1.173765392681362	-2.8661084654748112	0.4322252945393068	2.472344768296961
HG02156	1.5096761962982899	1.3146909442521384	-22.103572342605947	-10.212320936301222	-3.7382305441641197	7.015944250968207	-2.158978671679539	1.359866137862645	3.0292462017444466	12.74440377302559
HG02164	5.0641010561550575	25.57273969135163	15.413669670612933	8.57173628816165	-5.186563847015028	-3.2952598968800855	1.9376820069257543	-4.367853103933909	2.3196557930861177	-3.27250353457808
HG02165	6.1978302822684705	18.72467982746037	16.99449709122595	5.887161861512327	-1.0109811779386257	1.4252223588380941	-1.0541400126839855	-3.8481028690100914	9.20848551731216	-3.0433879318767123
HG02166	6.275638828307802	27.615849461770026	13.468902718632465	10.30257393766177	-3.1119033310187127	6.485910652716393	-5.174635976278645	3.9620331940947313	-0.11450410699669411	-4.339065387921588
HG02178	-15.846036708654768	3.303062235489226	-14.428648899476002	-5.580826697096485	-5.646598265782151	-2.0807721920737716	-2.6509018905894064	-4.260743827173135	2.3883072623398736	4.534655654374144
HG02179	-8.975986245391606	5.596230546480328	-0.27911272587648295	-6.014084131794909	0.5820275954744027	-3.111877782876239	-4.534729304660941	3.975920856274416	0.10858363682726235	2.0836783979633604
HG02180	17.054429318864013	30.48317791356581	3.8349070508043317	4.567976910103753	5.662346817316485	3.2322039755653265	-3.265133035379515	3.239098550097282	2.740041081679066	4.160895304673847
HG02181	-0.5065440275176951	1.692795106234062	-25.390839306253902	-7.280340303484666	-11.944224881738984	9.657825877919601	-6.34160789559961	-5.634215622348725	-1.411292706140763	-1.2342845667293547
HG02182	-17.52444232564972	27.986964994951418	14.499202773559933	13.97651487859517	18.215136436733417	0.9370783524740365	-0.05442046785915944	-2.4128639847814037	5.686618011160023	-1.0378898551867979
HG02184	-11.1728628537094	0.9421437477698091	-19.269673559053995	-2.80361448768085	-13.528902716818537	16.133644931992663	-7.643262338036836	-1.3973262621617284	-6.91156083718121	-11.051352213341891
HG02185	1.9578671607300722	26.966446996816487	10.642446690441583	5.370077784806529	4.027182517370202	-1.4329171275968675	-0.10761513772922426	-0.8109252660833259	4.3806705542105	-6.709726431706457
HG02186	-9.10099107119144	7.854633345091104	-2.737760591076472	-2.151115631208131	-2.048842359919275	-1.3831179004449718	0.18914973812117108	-4.176253662922227	-1.1865219331423744	0.3402116605785891
HG02187	0.6907640918738411	24.361745493162772	-6.507305208691374	7.035024437555849	-9.177285303309423	1.778867888387717	3.032085156011383	-7.63246846371616	0.8753761755580565	7.542231908254078
HG02188	-2.006073073693831	1.6412467760266636	-1.4058665492022706	-5.353913663786138	-6.824230304161734	5.783942336842276	-3.012157050559072	0.6713882740466053	0.7329275400722466	16.80634863269322
HG02190	-7.814781329136696	0.2778015762481131	0.5696228747076374	-2.0838134699408193	37.38922496983273	14.405888176678175	-4.8905150315168	-3.572752926325543	3.7767698496436397	3.0339536176976285
HG02215	3.3106870996306	-4.846899677905663	9.91616296370025	-6.29171636838207	7.6355815608177116	7.18745390273819	-1.5863450717248506	-2.707838767660231	-0.032240293872665415	9.345221103192788
HG02219	9.313824834557085	-9.001334160408845	20.380792161067493	-8.23602158881319	-7.822299677580712	2.0839444406255176	-0.8738041548787172	-4.5824671028006225	-0.17799587681794216	0.09035114754468732
HG02220	-0.14490849967962147	-5.470416599310494	14.462452195134869	-4.7188795418638705	-5.2848671396992435	-0.8340512303546931	-3.6440825711992177	2.517264200115453	4.373386649711508	4.1712756984596
HG02221	23.234467822565872	-6.821509648022234	14.170607048352762	-11.507721431585981	-3.843879865480402	3.836998525774834	-1.769111119660697	-0.21370785154138866	3.6132474241563655	-4.359116257221645
HG02223	-3.4204976931718836	-4.432242091996858	7.6337477184929625	-9.259586921875181	0.07173453406850294	-0.7421266777764897	-0.8182539839504488	-3.2753412654096627	5.440405579570328	-3.0978929145447194
HG02224	-20.359890193212507	4.9181892998897005	-8.128837698514046	-13.935394638158867	4.1073204240344845	-14.108840990991922	0.7699932746453554	8.098304081734392	-2.972613259531388	-7.762234705877111
HG02230	-22.365566191834375	-2.401130662645099	14.024608364498446	-0.787185880431374	-1.4605720240999929	-11.417610586759205	7.133439157949584	2.9820051018042886	-1.1209099924270411	-1.1438303198237565
HG02231	-16.63743115295066	6.016232907462785	-10.243980985458615	-10.180432508583515	1.9548867074425595	-9.185234072129932	2.1850806976829054	2.0574258576312583	-5.160424519233461	2.71953835774062
HG02232	5.053528058916501	-5.185284364555982	-18.157814936089725	-5.001561587831985	5.790075528708602	3.096884707066861	5.074251878045967	-11.045021457625975	-10.431243156677207	-12.289005762697814
HG02233	12.934870975796747	-3.6909132434383545	-4.0442620817178785	-12.086792896822866	-4.631400954621809	2.041949672968532	-1.7358416868643616	1.1958925377758554	-1.8610631100325201	-0.8268601447278199
HG02235	-12.967982109678763	-3.385224460073799	-6.50627626551658	-1.7706465979318493	-4.572348843295254	2.5172322272404473	-0.568166267862224	-4.4706010107857885	7.239880977802539	-8.910720167238152
HG02236	13.072874516276615	-3.647672011860693	-4.40401067091816	-11.121047614601652	0.26199683836151233	0.48737713790938253	-0.7912812842534941	5.237346367777619	-0.4284912536166642	0.658336420349932
HG02238	-20.008445550992615	2.9539745802534902	-8.204983682201123	-9.638974886179426	4.202948578341937	-14.137987154603843	5.554800170220227	0.823203778191832	-0.3944734114630919	-4.22034489925578
HG02239	-15.352551892724085	2.7304069990101807	-11.810313964039784	-7.930588910663541	-1.6039850907122524	-5.599339136292749	1.9249499039115134	-2.952729050610067	-0.20665024691221157	-1.0678981981224627
HG02250	8.220992075521401	2.8285935236189914	-8.071479085178272	-10.487501001934776	-2.744145922850877	0.888118939490874	-3.211487140520075	4.016917697959862	3.8300327209149962	5.728829829937792
HG02252	-28.82354512633625	-0.903344374772387	-13.033620814481479	2.747394541730993	-16.426552357173115	16.890861600166936	-5.902408975197851	-12.49831287430747	1.1553514682090111	-10.724668602016878
HG02253	13.725479975698192	-2.2367292916784876	0.6480647289598742	-9.712675430812544	8.935390013447577	0.8036899182036515	3.7680786859234434	-9.17224937773959	-6.4666341982926205	0.6479861947681451
HG02255	-6.855846879955089	-5.328007187686684	-14.06348606322318	4.358267234629651	-5.73635325134939	-3.3540246298956946	7.444943467625897	-2.433633124439608	0.4654892664872769	7.6949016871160225
HG02256	2.52094681524187	-7.620137403018191	4.374261848995605	3.17024978042907	2.2578639255868826	1.2291725567475744	6.371400737727717	-3.2445890519826364	0.9826641395430729	3.7576974468404223
HG02259	-5.854676061595626	-2.6492236101153632	4.786623148946599	-8.337617181431298	-2.168914809921243	2.1275952373360467	-3.4740100852463063	-3.3208959859819087	6.146146928545094	-1.4612060977198476
HG02260	-14.763349975649968	-1.5224864510353764	8.879483927973414	0.5536232511124441	-11.359151629209972	13.653521505684079	-6.862072415869704	-7.772516511540592	-0.2628616339289209	-2.70622240634562
HG02262	0.3318538055131782	3.8877166086457873	11.692578319097176	-5.022745648279726	-6.354836957265423	-1.7654905315833065	-1.1275479194756544	-3.7954735751812914	2.0579828661301645	-1.5462213222059176
HG02265	-0.2877262491711548	6.005765533462302	-16.34311824618531	-8.11213065275523	12.19071035161145	0.7410728814810891	-2.1357447238474485	-4.954295825165647	-3.9968309725986804	4.985430111787015
HG02266	-2.445171994589876	17.278659628383537	23.12189613533055	14.299106714943926	-6.917762278579723	-1.1777532813624905	8.166186389003627	-6.589005624690233	4.347329552674662	0.42606028378943683
HG02271	-15.340232457883399	-1.0618217137338877	7.622234920346919	0.3054543117106871	-11.960319731255176	13.897717846592341	-9.816278081703668	-4.659403076517621	-2.7483942628369076	4.152512960923507
HG02272	10.338221971181754	-0.428191404860425	-6.164322029360131	-10.88050556188078	0.575857306937155	-0.5523680926544174	1.8967050170355892	-2.6924586355430367	-1.339382064100028	0.4010009433527818
HG02274	-9.494359597718402	-0.6041357410366002	-13.429545152093908	1.4985899339328026	-6.571134262995775	-4.491240268718757	8.391153000705568	-10.225731814971923	-4.14703664556744	9.498464588862685
HG02275	0.5580767487873237	-1.8238696634393539	5.4497747307541875	-2.6281105111955423	6.748867896639262	3.5478849735723674	2.7910155923060174	-12.662930290084194	-8.150835972802831	6.017531044649052
HG02277	-1.5885607195425993	9.493637476445613	-13.21800706392489	-8.743494175205612	-1.878175765574115	-5.437860079443657	-2.1654047212710426	-3.4625334952503644	5.227302548642478	-5.899925784779969
HG02278	4.53498467066956	-0.6729215865776702	-6.051608809198013	-12.62563121145606	2.0617724672263855	-5.758576717567106	2.2932759244530274	-3.450749260247896	-1.912473931281836	-1.9987456078063204
HG02281	7.92843486862353	-6.942633330448572	-11.923966686198208	-3.5911410885438975	-2.2722724456850734	6.229918870527257	0.15202782571825113	-7.276493699707037	3.198943308047379	-10.854162484547123
HG02282	6.029870878613561	-11.914946901573483	10.103747573339861	12.802861409719007	-0.09851450149390528	2.2008402141950048	10.747282362262007	2.8553393667482174	20.18053734119139	1.26605975296024
HG02283	8.397714975319282	-16.024914035863855	-4.4588132726201	21.992075709243355	-3.0057949342398858	-18.19573794873733	-27.645842831231203	-2.8425204536177056	-12.041418477392758	-2.7476451396858597
HG02284	19.421425627923323	-10.089309384980984	5.378788400804313	-1.0715856536042359	2.7175120208156365	-2.4596702175935534	4.6689701514024575	1.9012812706488857	-0.6713889613794097	-3.0327203739908812
HG02285	-8.42778171555971	-2.901166456861676	-1.7711125740624927	-4.406388914172079	-3.4313282343776956	7.965293139922629	-1.9492308506630072	-3.111489138614047	3.8461127351700006	-7.799123048568328
HG02286	-4.855908179889112	25.497771917559817	-5.857358462561755	12.575919034614188	-10.409867569284694	1.7208665259564686	6.872133429649888	-9.654483596261956	2.7044248479792796	-8.743239133278294
HG02291	-17.38302583644058	-5.358843322463138	6.522177674725634	0.8239081515604816	-13.106335452595127	8.897791361330224	-1.5585786620809772	-10.16900426666233	-0.49733932054039864	-3.1287092985547016
HG02292	1.3383813693894298	-0.9193735105547791	8.14964569639972	-1.412123813280928	8.427513589985	1.9098853889579996	5.275594286088073	-6.830177349787596	-5.2898831544221405	2.8044777136632635
HG02298	-32.48581678312597	0.6761067523680477	-2.3770964711670537	-3.5521624898733277	-1.0116718232540438	-6.379478627346554	0.4502457346803982	-4.755763801252324	3.143866246023787	0.3824492313838894
HG02299	-20.343007808257138	-4.5192730259367	10.840511209102722	-2.692741782171013	-6.391939415868465	-3.570893223007344	2.9736830804824415	-5.859847490903264	0.5799199089996311	2.7943826675881223
HG02301	-16.26642041816798	-5.140907335890787	8.29480531455118	1.3964090369145028	-10.775299831503567	13.29909162093455	-4.752028297994222	-7.3436181315505245	4.254935921212478	-3.915570309362209
HG02304	7.545476980414502	-2.9222935363192937	-0.9508979175487523	-14.50483459434354	2.3925018988273172	-5.160940338805499	0.7880829114700363	3.63673642898287	5.111878810736414	-7.7018861763958295
HG02307	8.524781515784104	-10.40234586938465	4.150985690457552	13.785639356725966	8.407358079050521	4.374063866433671	6.5275727063682885	-9.437967690663184	-0.9189078588240791	7.824324781900037
HG02308	14.282838979100369	-9.342079628474721	-12.534225445983555	6.603032887189342	-2.862940979927562	-6.487422346057011	0.22982687772226074	8.665498152266915	5.779034122976198	-0.1161496704069732
HG02309	13.716224130097423	-7.758974798776436	-6.39861420531445	3.5018396020293263	5.331010168528636	-3.05560864486014	8.589557573575211	6.4693506556032245	9.00103528136624	-1.0600248723695662
HG02312	6.416843268558908	32.7140479266072	3.994347217851975	13.170384216614638	-10.515718563189692	-4.04246466077451	6.067486034003712	-9.236826020952092	-0.562598761211311	-1.0154952010544207
HG02314	-7.276348932209716	-12.579843408409193	1.4323377352783244	25.049817542457173	5.181200678731369	11.498894342811282	0.7083602495935133	18.102089690782147	-16.318553098985713	-0.21251373429224707
HG02315	9.897088501376055	-14.829339815667778	11.904054743718245	13.422157150859205	1.5287438692691588	1.860935912371522	7.190647906265666	3.8710696802505153	12.717053473144313	2.645284251927638
HG02317	18.934903373609504	-14.946074949190516	1.8603233036548625	8.185680573589218	-1.9341772172907068	-0.934040059141753	10.60352526253118	13.830238392341457	27.530912760373027	-3.2576488777138852
HG02318	-2.897847684498069	-8.250357574366554	4.542314161907029	5.8588337283404375	4.154520263787255	-10.95710992239514	-5.919892342455769	-0.5400087237125609	1.1485475215582908	-2.807659190877105
HG02322	15.306725606117382	-4.089618991256005	-2.3083413546972738	2.0783412869464346	10.653724377062355	2.1825983042252854	7.275135618995655	6.585912188142049	11.783639149439082	0.8408401752376933
HG02323	-1.58072525946198	-6.931854534200135	-3.5042102897229706	4.440945201778659	1.141111708921743	5.7445006519506325	0.5563921053382634	2.2446646623474633	-6.037521216633065	-5.566451789161031
HG02325	5.835783796763397	-5.796404053301529	-23.691153139307318	3.5569497502404923	1.0373525864690654	-10.808143567579773	-7.200445726972354	11.16653712861079	1.6434433483268776	0.08401773999928094
HG02330	10.592969677788316	-7.008897591974169	-17.687934395313707	4.246107098502972	14.594355778179708	7.621999526186679	1.1856860117687114	7.845460934270178	2.483096598587477	9.870604935804511
HG02332	11.226424792974521	-9.092009231815913	-9.570204368746277	-0.48653774775306646	0.376709958313208	-0.6296156931687428	6.495349750521047	-7.4827202739748335	0.5851741309058216	-1.2776251213014695
HG02334	-0.7698826345323191	-7.808584542505351	-9.251630430981823	10.448856296248715	-2.737084713174407	2.452914118969538	4.482016001550664	5.950169481679297	-7.325031371746122	-0.27280205570221094
HG02337	-18.80076299294472	-10.070455461015301	-11.234132613486066	22.667958016785626	-7.697136031281446	6.206596419553744	4.601578355059528	14.218547363043632	-5.718475668194705	2.871424151782761
HG02339	-20.56682311492686	-7.147666726874997	4.729208600131185	9.319650474305293	1.1566617238126506	-3.845732977613701	7.0339891714334755	2.1613236488301544	6.376796486948294	4.756108003415514
HG02343	8.705730394652951	-10.939742229975007	7.627910020929192	9.282139417220598	-1.9953606959182926	4.053743400565915	5.272559079573611	-0.1192482858740831	6.3478269181210045	0.3516672290978135
HG02345	10.189517725185645	-5.149009643648542	22.082481152445776	-5.999130919818091	-5.068751136676774	6.4869925410282345	-4.266070188333769	0.9000017059770435	0.7064134199082073	1.0096588305064342
HG02348	-15.0804777440876	2.6847284958325135	-16.97738931387847	-3.741139559268738	-8.022063790167014	3.7209338814129107	1.4248814326145864	-7.488396917303448	-3.5750307196055706	-4.159373871449231
HG02351	10.057053805301425	25.139129837368078	-19.446834199705943	2.8412428879010045	-6.777590656574601	0.2719034182262934	2.419518206364348	-7.85048251171795	3.0380337909194552	12.35972844207562
HG02353	-1.539238664752119	29.960174682602585	-8.946257537361005	14.390038808989111	-11.81371083817933	14.097793102172341	-5.216455175236838	-3.523959592569156	-5.22352720179731	-7.695693718818555
HG02355	-0.5981033115884514	23.86136153462972	-5.779958085409306	6.4990017155313975	-10.588936907857743	12.76703426071292	-8.67795008184753	6.000052596390957	-6.662147772893366	-11.855580323830944
HG02356	0.44484907276602553	4.667966551479231	-13.770495871416982	-8.360428336465421	18.02941546661127	4.025686129639497	-4.5546543978169804	-1.128205282737582	2.155099968575772	1.5689348989014331
HG02360	-3.9554183697976826	-0.43546671977771023	0.5394721919221104	-5.985854736307909	-0.9492625321010248	7.311150780252599	-7.478771309921215	6.024508855540227	6.416540084575599	16.19799572863516
HG02364	-3.8251049566811917	31.508664293085403	-4.257622246448222	8.566145274858881	-1.4076612791554133	7.34748559744239	-5.802935693156487	4.2344814543604805	-0.1683926408015488	4.642092772872626
HG02367	4.098172938008927	23.509401909164158	16.37596914405924	4.792128690151872	-0.25591849999800786	-0.0634711422720296	-5.120169305563156	3.525800013396191	6.154001249856005	-0.3669377685143116
HG02371	-1.56271968287049	2.4283053446128076	-24.809218554885675	-11.695920003863366	-0.5151142330287153	1.7655523267828384	-3.341532773405164	-2.7335498955014543	2.8469892940448775	12.106721484328265
HG02373	-10.395557547312873	0.8246168606170068	-14.147473418278402	-4.6534173044395635	-9.745444671035777	6.133744171447205	-3.9368934154203554	-4.364092634894177	-1.025579742946894	10.760516540677907
HG02374	-17.061851769326815	29.596906719532843	15.418450315251881	13.027317434253142	17.70601833777409	0.9851600268237144	-0.7005076494846129	-2.138572195963759	4.2276099570760355	-4.672462095617128
HG02375	-1.3205669938747224	29.158651922675677	0.3294002260130465	7.732327498156597	-3.8151177482942233	3.033758152261963	-0.8288226085455699	-2.4120396913729136	4.417548608675867	-1.2175998861428474
HG02379	-12.380561526306936	3.0491879641433424	-11.452921416910558	1.5944843693106436	10.914510290994064	21.521180777341392	-11.594475106407753	-0.5677001979243435	-3.3100260926719924	-7.503764531729536
HG02380	-7.462793012211126	-2.601441795072599	-14.050927575532002	0.30710253717800945	3.850779782983591	20.9283042958896	-5.630076578245712	-8.371558342974996	-5.593685290089164	-8.294101115750836
HG02382	-23.786919482989	0.13131419983430082	12.979517291299121	0.6733309752284815	27.222681238421345	5.907785471212141	-3.806164385387623	-8.018521601854097	4.127025478304763	-2.3975818801350295
HG02383	-0.9356317197699268	29.148382943910754	-7.919155452392639	10.651871623352653	-11.642438768688741	9.762176643230237	-2.769416448589906	0.824804833670997	-5.435420713760225	-15.956434188381337
HG02384	-3.9049891212169743	32.11089663822723	0.14780924404416496	7.451517972619919	-1.796492588883514	-0.908154617577798	-2.6704524046173126	3.9085650060727373	3.6921850354902808	2.75041969699624
HG02385	5.076661035018857	1.8784254304864358	-20.70219704078283	-11.620015701671095	-8.585947011828583	1.0870720446272966	-0.8714795891189195	-0.45533346366998784	-4.778881556466923	-1.9071791560857525
HG02386	-23.30799806057164	-1.4610872476791257	-6.831932630929126	7.874249029896482	3.7844596854915724	28.213530933290386	-9.96928208528032	-7.24630013639139	-2.255012192929569	-14.990956857505783
HG02389	2.234437389292528	2.417368653553482	9.755746306650702	-7.950981612607835	-8.568622818421991	-0.8722401739983102	-5.837867165733059	8.820241198505494	-7.668138869271537	2.267676620808006
HG02390	16.470454919561114	-5.020227380753504	5.883964423010754	-11.246099117068074	1.7589619432867312	5.6185420637915815	-2.6103700961782437	-5.158993699822417	1.3697558991372554	-2.7495665919060204
HG02391	12.055811401283034	29.20664130312206	-1.9921147335364704	3.4451265285114347	18.316389047926172	1.3600252811692868	-2.7383968542263806	4.616381460051028	-0.09158387454807398	-0.08512807594649907
HG02392	7.609370364235863	20.118510708311643	16.02233429249492	5.240810422784291	-5.774577473488871	-0.4603566414802239	-0.25944467687481365	-2.3465502435967545	0.3539193522535884	-3.3594979316990177
HG02394	2.2987947762845193	-0.9309287064221097	-24.62980826494921	-10.03290738290541	-6.521152922429993	7.022943429576735	-0.9909583749633654	-6.949001845970714	4.378763620410984	10.58900208872085
HG02395	15.276185988061894	-0.24233876344756783	-0.7667000753443848	-8.011960057985405	11.814897600629829	6.756680979050864	-2.4175935298844764	0.19625914928885968	-0.184638429755122	-2.400642366451822
HG02396	-28.214936162049863	0.959712363500994	2.1048308422167215	0.1406057521675539	15.556039315946085	5.29621379480375	-3.276017246800314	-6.06878646530931	3.3835869152319047	-0.2818531745748521
HG02397	9.821526795961741	1.4147918348714232	-2.7936590026722516	-10.720684282153998	17.89590017395083	7.61365692442859	-8.140490359608085	7.044981145160193	2.36224036358421	9.20347162993059
HG02398	-18.185618330749772	0.7754944376465105	20.92844887795728	-0.3175166373686675	20.652202956956224	9.236049934673314	-10.162726969539705	2.6342275460370113	6.122450394627043	3.6541897819272164
HG02399	-16.39305301663421	-0.009468311489289172	-18.34502885808582	-1.1700011053546924	-6.403138186449656	10.287199447098617	-4.838188916273424	-3.4356637560940184	-2.0313985300031656	-14.089826223676447
HG02401	-9.923441158997088	1.0142732109723398	-8.322176205436229	-4.238427361162228	18.461740952791853	10.165575571791837	-4.184581153383903	2.448696544536833	4.829569727660531	11.346150636783422
HG02402	-20.959876146540527	-2.9456211088537243	-5.489440052189914	5.700558606372221	-17.949572943495124	14.583385788961301	-5.081548043352562	-7.285974094092913	-5.474436512237895	-6.743440498053575
HG02406	-29.05492309611458	1.28874174918228	-3.8431764194364493	-1.6973764182893654	-6.903674796722826	-0.28553049701070576	-1.2107924611260787	-0.2837655369055763	1.870219564929265	2.161132326079254
HG02407	-10.949472855052282	3.104846645962504	-13.147499347299668	-1.2742771162778037	-3.2506915578402107	15.579422568964425	-8.472434855272406	9.451700580811051	-5.1875108884709125	-5.366390276656624
HG02408	-30.664359552744344	0.5773448972272925	-1.9374065142621522	-2.0803320031870447	-4.394579859580257	-3.1116767655337902	-1.3561098101381424	-7.6066149308949935	2.203576473376316	1.7374557286485253
HG02409	1.2511861901317867	31.35036301050432	-2.1832337128386676	8.391019477936583	-7.006380687134141	0.21828109305716026	-0.46524270523431344	-0.9380705112472649	0.20000738334476564	5.528663797912921
HG02410	-12.49629829566939	11.59485855773878	-9.809055228130878	-0.9657395555477646	-4.849376851389893	-1.2862121971357103	-0.2173973099647929	-2.4609310651698117	2.28637076900475	2.7491495876863095
HG02419	-4.027737096245321	-11.07650852151162	-8.99654830140467	18.135397650775143	-1.0954557338446507	-6.7438815641989045	-2.9107109925763646	-8.694405670150038	3.289637910180873	3.610241588865774
HG02420	-2.1226745886322944	-12.238368503743667	-3.4334024078285643	13.842195765330455	6.143607896986909	-26.165497787526963	-27.1933990684841	-7.443797854100092	0.6878493703652464	-0.48605900771698557
HG02425	-2.26019266858959	-3.1279046176914393	11.155106232067338	-6.10841147083981	16.267619398286218	0.1702968045719384	1.0443084819656514	2.0262558736530107	-2.847456444842129	-0.34815888834715136
HG02427	3.0878498091186906	-6.1776497177962515	-1.1307206323705805	-0.3362552415932162	-12.858610706277938	7.524278857287996	-1.40151057890763	-2.3926970525142504	-0.07081870274457103	10.602520921370541
HG02429	2.5153329783811396	-11.834992313033007	-4.028755426351559	15.867215685000797	-7.831658494406792	3.778943383151995	1.2027850732553467	9.88879977703332	-10.05450379812651	0.9189246058074473
HG02433	2.7107159038963795	-3.2738731461340382	-13.795729643213566	-8.578474161357619	2.8341944021429075	-7.1919025748090455	2.8665179118446127	-2.429631903663007	-2.6069027127947937	-6.011293446674654
HG02439	16.807210176449544	-11.019194514568065	-2.3983382918821636	6.349791549660424	2.88586711142834	1.0779525841862152	7.811838872990672	-7.77748083541856	4.095639656343888	-3.6810722575318873
HG02442	19.39267084031693	-11.435369775874939	2.641237702138843	1.9484748319640572	8.96382997353089	3.1368379492194123	4.603201951931066	4.209178528712384	8.997370616529977	-2.371414788525309
HG02445	4.836733515460152	-12.489531608321958	4.464708328280338	11.204445457341574	2.01969215268384	1.9619751806803685	10.924607665421545	-10.946740931104404	-1.0691349794502998	6.030807674625594
HG02449	-13.814549839126958	-8.947919345782084	10.908587066560067	14.169000695784783	13.940163897456008	5.86347501463165	1.9884544590864366	2.1636990476678535	-7.573123188890824	-1.6345297724750043
HG02450	13.161939728781716	-9.115906832064546	-7.858654359996205	3.7657773353553745	-4.285994619274477	-5.995677085163029	-12.483848020314365	1.9971254491498522	1.9584044568119745	0.5137679557476266
HG02455	10.228173932441742	-8.284728365024504	-12.077421661231755	0.8519481769870527	0.8851859082200604	-5.526532542449413	2.183553501868121	0.18051486540914063	6.669272611359938	-3.464008420075125
HG02461	3.9510609192814505	-5.7184781255291	-21.951880306135177	1.420021412163237	4.607111832149839	-7.530116615743722	8.074180902995442	11.089618219120151	7.764416951564763	-6.091325546157228
HG02462	-8.45398141503117	-7.762892607637221	2.1583976575035253	18.69670364106001	-7.5204288401794965	12.444874681893342	2.9380403663748464	-2.3498208492915236	-7.7190458153968065	3.511298452488281
HG02464	16.63311930151283	-11.130468328500218	-6.665101052313719	9.49472294341611	0.38718935860422027	0.37021468885118614	2.0973139118363027	5.050832498575176	12.653113526314858	3.806260688430917
HG02465	4.747379004807685	-10.589377881354944	1.385420604029941	11.607971120147019	-1.2191268407657212	5.403669920817588	1.8319146326265683	-1.5293671596681815	-3.213877869775792	-2.635878296873731
HG02470	19.4889330388287	-12.189826446202314	-2.166807000174745	5.635931269688475	-1.2170795790017805	-1.710781893341901	4.410558168464794	2.545016748627782	1.8275597182700065	-1.0561301548731947
HG02471	2.062398699333997	-6.2883565003682005	-1.1297992144196178	12.224403597918903	1.28607740211219	3.5214422327273054	4.792877829566686	7.633566100183647	-0.08415358671050072	-2.2799300940821117
HG02476	12.936231791372816	-9.079125803782066	-9.354740045689928	1.026318001347235	-1.9067238074023525	-2.687109191529315	8.807002765942167	7.4894009094486185	17.05424722374727	0.9142599534919783
HG02477	8.236980424414254	-12.097364372918133	9.578338518460143	12.813849017474036	3.365490906333067	0.09401316897776946	9.460075223720928	8.249799918985069	2.2950960730169	-6.399700199488987
HG02479	-8.582208537204934	-5.514094299667736	-17.6929022790346	2.537585952892132	-15.476798150674085	5.96678389733883	2.366223793852858	-4.102864397285961	0.36864806100428	-0.48306421723585435
HG02481	13.033689146784674	-8.863706401052974	-7.33567516290437	1.352986563212664	-0.38472284739224505	-5.139903816281108	0.9070448648178426	9.61450498528896	0.4827921406439323	-2.7509281886839916
HG02484	-22.270836486281258	-5.802334990877472	-11.245863979709418	7.319610845931148	-16.281998945802425	4.17501750908539	3.544935859141371	-7.843476756495837	0.2182566366081345	10.093795754854982
HG02485	-5.756474661640462	-5.247012826272461	4.753179409039117	-5.339813031670568	-2.3946538803822115	-7.746318916821201	2.6637080764818917	2.4543670652546012	-0.6835592152293353	-2.3669669105266724
HG02489	2.8203330987106945	-3.8205230000124804	-25.46339079029481	-4.148539230816646	-1.9413180442580522	-0.4381149769573456	3.2578533249565815	0.5208833838150553	9.757751037679133	-3.177330634558063
HG02490	19.71268075388179	29.831906141067947	-0.9410123996180696	4.301475630497188	-5.7718082651606855	-3.2490667845128582	-0.15030823403258964	8.683583005533277	-4.024266553852481	4.878841150503147
HG02491	-3.0767366886030887	-2.164649536319501	0.8250135625852035	-5.101913938033006	-6.868632682751173	1.8123485475716108	-0.6569155082524344	1.9618527943015411	-1.7007305610279602	9.276485999851797
HG02493	19.70216454167738	-8.149913530434965	11.895770837460168	-10.792346575866631	-2.8631510201386816	-1.2578711524065482	1.6924735601933323	3.4264084211212458	1.8745649278145196	-2.4732181536594258
HG02494	9.208224260392189	-2.1260319433625896	-14.218502420074179	-7.772703228836727	8.742089261757432	0.5936669412582103	2.840209101425451	-4.250810736936602	-12.86057807905355	-1.642497500273594
HG02496	9.566320227835206	-9.12276651749936	-18.180452017745292	7.201964105296751	-1.1126147508714608	0.24553860270254424	6.471789228624875	8.551177416735072	6.71648615503654	-3.802948022694618
HG02497	-0.07108949758052241	-11.54639294971786	-11.436117583420643	18.804123030733624	-5.9740442620393726	-18.68777721358303	-22.26400076605664	-18.793713399159593	1.141594683013245	10.411345300981818
HG02501	14.114316880911941	-9.664580088989261	-5.941064999875523	6.106243141066017	3.257327604050216	0.45507311587637433	12.00197112974306	-2.5601730869477537	6.676853922632878	-2.053711813868308
HG02502	22.879662303431687	-12.892535582313952	7.1257597474295515	0.23433776860877714	-5.938525369071127	1.7945292405760789	6.5302318893556475	1.5026351088304324	17.51484801707614	-0.21968436899886792
HG02505	-16.79632488489829	-10.79993262592568	-16.081621779144218	21.149511339295692	-15.619283545315522	8.088238355534262	5.013574754115354	15.349491675663229	-6.291853604170793	7.833421638960838
HG02508	-3.5994542920043227	-7.371466286195148	-11.463407657300738	8.275934211017958	0.37552483706862216	-1.6774823215869406	-4.699985343346166	-3.4774734576246913	5.263006446849521	10.766347410466008
HG02511	4.174224169982142	-14.642420816577697	0.558207837738488	22.184308455775103	-2.7785621606515947	5.187146963683055	10.525795031803817	11.738496665234878	10.268487578066217	1.615186027483488
HG02512	7.678133874797018	-1.4661190543373022	-12.927173998424225	-11.01210684795481	-10.40365901563835	0.4859781381533772	-1.2505391070984428	-0.7170194330627977	-2.2782528551967776	0.30826388809793326
HG02513	-5.343037900986301	-6.498851360789306	1.6724410774543996	-2.1317498713504754	-3.000847484392003	-2.4268674598521276	3.6921934256103777	-6.249092049455767	-4.352149472481823	-2.217794894512217
HG02521	-28.40840777512869	6.4576004124431625	4.384279452358096	-4.597661102795616	4.244045727710308	-3.0814274749457153	-7.78429531000722	10.18611391761011	-0.728486542756713	6.822792326772623
HG02522	18.301532662860694	30.416845560708783	8.604524094749756	1.3846848696353944	1.9905239115133728	-0.41431889112262377	-4.412015767630004	5.028374467088309	3.2192265255582404	-2.340951594433689
HG02536	20.101163016529988	-11.77449195175034	2.6093671344900953	4.142938821708663	2.0618753401317096	-2.5988699866590004	-10.03074914391107	7.344054680809406	6.665428396871219	-1.2899443290916501
HG02537	-14.538241692300128	-2.252948874609106	-14.206208380933305	-4.179695332145501	-4.872143849883788	-6.001627387394047	3.756592886223719	-4.83168091430219	0.33732129328389227	1.0755243294859127
HG02541	8.624334207358507	-13.10772797125259	11.327682181079517	8.12024683322397	-1.7292471641062503	7.992205067406708	5.250149057867364	7.280484378577592	0.646673434646106	-6.650630153532251
HG02545	2.211458113457064	-12.811295763012607	-3.463008352895265	10.615284126996684	-9.416094880177928	-5.688064755884213	-4.4904495151502415	-8.559685556012415	11.956941539570241	3.642768732247373
HG02546	-1.2285597025877724	-9.40918449973843	-5.846942058806282	16.535259882091037	-4.205732745974024	1.1415440334301645	7.858405046917958	1.6598022658161096	4.032103832402229	5.343580140946692
HG02549	7.951623315807085	-14.295880379123702	6.179275513865272	18.11672175433151	-3.0249846380799204	4.496085554804532	8.344360418732293	13.768615175146904	13.110637619100075	-1.5418389233102536
HG02554	6.784883266294105	-11.11284991510322	9.77963716768054	8.686168016152381	6.408411895026288	5.815667190057175	3.421575700286039	-4.273790134476048	-4.772865501355286	-0.4605966998795163
HG02555	-2.2005595572051977	-8.246336633573625	-11.344273561123254	17.74964258824323	5.746626843660803	1.712902797694798	5.634335686439657	12.850382930573893	7.380293781155888	-3.566243077592071
HG02557	16.177879631468645	-14.016958648116082	-11.953331585114634	21.234566602477607	9.815424310453759	-21.17764173629386	-27.666692896323696	-9.0098546805975	1.0324400820304351	-1.0839656272557463
HG02558	7.04856185495757	-11.85320250143169	4.3863576072177715	8.675428029442704	3.08955193056121	7.0873678944374525	3.75113644467538	-4.097605711919525	-6.888146490723428	-5.473971179736908
HG02561	2.356577561157297	-10.708554294825877	-3.46664210336741	2.121709678311925	-16.169522105611662	-4.948114431398724	11.522608843173595	-0.8290546615786152	9.318297805360134	8.69557786126961
HG02562	2.60726543572614	-4.276723048298849	-23.38426100078087	-3.7731927130502614	-4.24947257584933	-4.159153832656381	4.576658750229821	0.14095928234946076	-2.134000673748542	0.5967777850069365
HG02568	-13.067786266305644	-12.947697857797033	-3.9325676062224058	26.996769616409782	-3.8321882550815545	16.916115131785915	6.1051962462585925	6.161725053574461	-19.217106833689044	-13.127719099265898
HG02570	5.574137259641528	-7.8371526925620145	-22.60421050316038	4.422922521777508	-5.462949942092121	-5.258780069097693	7.1983493615682566	10.673929901900813	-2.960373357563717	2.241043911697884
HG02571	8.943883108325416	-13.97754561722884	7.579813678988739	8.184825064326809	-11.61471096902039	-0.929129904646416	10.246620428850346	1.4530435326518836	4.333299560178443	4.666428292501125
HG02573	3.1827873646783083	-4.343427031542788	-16.6349014084634	-4.6834611358695835	-1.06023237862159	-2.6749326447535333	5.637080099152682	-1.2737076061670027	5.853040377793706	-0.16006759080086888
HG02574	7.7173747501413485	-17.13688845422986	-0.5582702658394355	28.05976201996511	15.429072890793176	-13.627695282217859	-18.058765361912872	-15.567256781084748	0.41256920456872725	5.260532887529711
HG02577	-5.253743899497842	-7.980137375923985	-20.018357290204914	8.704444603628964	-10.358916240152745	-0.4446167429304984	3.1164949630171632	3.1952980251674514	-0.26777883611376635	5.977759176878619
HG02580	-13.31822743402544	-10.224134349296973	-0.4758828955942126	17.71911961987025	-3.1118492483100004	2.521640891216655	10.141154828879495	-19.576432999336237	-2.6847409343291773	14.249139888771207
HG02582	12.595774210498407	-9.59151020199885	-11.464716883780735	4.2719291236942905	-4.575429943043471	-8.286877910524574	-9.733360326812674	-4.327191229514585	-1.9816641660020615	-1.6759337429396537
HG02583	16.270998696504567	-11.933016229117696	-6.9504500156709765	7.054570214055361	3.72915436393046	-8.749337436082998	-9.442655448300336	-2.064012032618359	1.5989674989272626	-2.2994088873309146
HG02585	7.559149076558283	-14.627871433575175	3.164944764023968	18.125115177878396	0.8847940238729288	1.1851863297171374	9.772936571493503	-3.27117622794726	-6.296878292262954	2.7255300799067665
HG02586	1.4861493809719306	-7.151295253781714	-5.474486454378704	12.038220393990613	9.514094695778732	13.488225104676237	4.797460784184755	-2.3781569043765005	-2.2623405007690187	11.461778254765873
HG02588	-1.6239590388519025	-10.970983965128847	-9.204938440751862	16.67397997639916	4.519100714972186	2.143096483338409	7.948363847182769	5.5544131414333116	-2.98848304528656	6.253905230407495
HG02589	21.06318138732259	-18.76524924163956	-6.379972447424487	20.627649594980607	9.690889322649507	-20.57749576730687	-21.193390633137245	-13.354623502400782	0.29226335038277823	0.1912934859889788
HG02594	-10.006429121116462	-12.402438136327174	21.449342676773856	12.866125603932936	-11.024060295745947	-2.135816562612337	8.151207132999852	-6.122641856257323	17.473831386711986	4.904467267193674
HG02595	7.620705440418004	-5.246975685062653	-17.668696648780923	6.762356899798586	10.52763043663875	8.267011763031158	8.119925269959504	-2.164788256965032	16.448460703550193	8.202132917376879
HG02597	-15.248168612866332	15.904044347278578	14.531094232436168	10.774061540497163	-8.449620615751213	-8.13326369051006	6.494695011798051	-3.0424636901667133	7.3102713207334435	0.4143143870983911
HG02600	-2.0756670227941094	1.9896970767970308	7.378777158120035	-4.962571263701275	3.205326698784714	-1.9967840139793969	-4.738721060403064	11.150475698014944	-7.211067570063223	3.4700615493457914
HG02601	15.162031954740062	4.471480051678861	-5.738257868929172	-7.847228679426368	-1.9025871732553	-2.443425011843205	-2.883343231029454	6.428659060564528	-14.642999112832587	7.831680627414969
HG02603	21.979453989788823	-7.289648088498221	8.444597808148362	-10.510980068855094	-2.59761404653991	2.5682084497895636	-0.87893804241469	-1.1976336319021292	-2.35504588419503	1.2977754322661004
HG02604	5.630947590839791	-0.5975207770290017	-20.423872644852608	-9.669024569453716	-2.0501613688993645	10.011875028810266	-2.2430682685103944	-3.8049229314967796	4.230733740960434	13.749700119942132
HG02610	9.618394750721357	-14.813347801287915	2.2443550624328745	20.50926759087018	-3.6919608369170254	-1.0499406659425228	-8.451103892594256	7.046242045902964	-4.875242528679857	-1.3459846446853665
HG02611	2.9046810367344014	-12.048669865721804	-1.4796848470109105	18.435590902424803	12.322815035089114	1.4550016020255305	11.862597980760269	-2.716524173748756	-2.149421051957402	-0.054078222522322444
HG02613	5.155619937075227	-15.04143676408174	-5.522990549165877	19.794339552749253	-4.14187167850212	-20.100906916536797	-26.573958975155897	-6.916541345832902	-13.047076403934698	-3.117119992066537
HG02614	12.998144313717422	-20.552644589514713	8.350768005635159	22.845361525960286	0.6636732382061603	-18.159598716112622	-24.623032491478124	-17.440804960108466	-5.696511075364473	2.560386404927565
HG02620	11.782863780800353	-9.85758370575304	-12.973792448525318	5.2674463916278675	2.2562527467958837	-3.248832816482853	4.241821682305743	16.22917326832619	4.466005839706255	-0.14470755555812237
HG02621	13.81313995399243	-8.603999914355212	-9.20640845939995	-1.9679369473778974	-0.7024190865611892	-3.8575281928358116	5.128257817116419	0.18265864081502148	0.29413494951305436	-0.5980879109112425
HG02623	10.201706350922406	-8.673723507115165	-16.39233592008724	6.638323708250244	3.1463290934693524	0.021024858979628636	8.164943441130465	-0.09299582179329335	-2.443437299982301	-0.8298119339488192
HG02624	-5.6829301356203334	-17.704180076711005	-2.0015532599290755	33.01156433903576	-5.7087272311339605	-10.753627816096772	-30.943009010119635	11.821287701880424	-6.862757285420099	2.30764852519276
HG02628	-5.109558904839944	-9.785440525436325	-18.95622874121879	8.306540672954828	-8.533093101838993	-4.414026384969689	2.748662473719722	-0.5168522106795737	0.9369966717372129	4.576776426574383
HG02629	1.956280283073257	-11.070771516281509	-3.5245334437379463	9.628742005740309	-5.0887000139528	-3.880817267135276	5.824100785953051	11.717130534891686	-1.3385905157554112	3.276249435573602
HG02634	15.17028701299958	-10.795105594579107	-9.435236876534432	2.562513593369582	0.19465067218808452	-1.7185334392820864	6.308166158650703	-5.286025270263725	-2.1393615727072133	0.19448558377951952
HG02635	-13.581620989207877	-4.089939902191983	-11.440782969830355	3.2966893610654697	-0.5501196755944391	-8.763795156447786	9.355572504908967	0.5100716881685604	4.609939578035809	1.6880176242930798
HG02642	-2.5283218233414977	-8.4577318251586	-13.849710211861037	11.6648070259955	4.3695052308344255	2.3238081631987964	4.76794973381043	5.030630570933705	-5.838916392491591	4.0363663928551485
HG02643	1.84396271373751	-11.740901816845337	0.6428625065723643	10.855050192783366	-3.7634288922188746	0.4183027224529018	8.959829011783631	-0.05687095287792279	8.464141894950906	4.751830226801964
HG02645	2.193175781895985	-13.401087073892304	-4.92597837168738	12.643962863626475	-5.561314609441972	-2.457042928455772	10.383068839238984	3.209321640081872	0.704983529338733	2.7574058628864297
HG02646	-16.19954758885443	-10.095259825580388	-1.2515598875338072	21.61743401398826	-6.910798274024557	-0.7555332946282085	-13.732719353987548	4.48310843249036	-2.14464959526679	-5.639692972291401
HG02648	-14.761569786155281	-6.291050576569064	28.020358994347944	-0.9238961353536489	-0.39884927857347785	-1.8125214244954813	-0.9201550294598481	-2.9014497944938378	5.890376630778397	-1.2196722107589175
HG02649	-2.227909665407689	-3.2669872494658168	9.939801765383388	-4.255670953823064	11.215163150775062	0.23517729973711565	-1.041580149003473	1.4429684515492462	0.8172568082992879	0.23599053303515682
HG02651	10.146138101916387	-4.931684800239047	20.083190507403916	-4.0413353206676526	-4.539530087850601	5.2160218814430115	-3.144342928445397	1.9166172864724575	1.7674200235260356	1.7597635274148176
HG02652	-14.142820091133972	-1.2986480056088836	0.2972510250987035	-3.3276752172726605	27.95818185856921	-3.950944602191917	5.220320660089506	-9.08537996910767	-2.232358560549315	-5.141643651874453
HG02654	-7.099547822681471	26.195117133060798	21.039125540166825	16.226871585560627	-5.155372577557697	-3.289402671442411	0.5806463613912332	1.0575689697783364	-0.2232395417350006	5.978347859159016
HG02655	0.7430175562217693	-4.496863973006967	-1.8547629169319013	-4.58015135612123	-3.2823604138746134	6.943620236374912	-1.220119070586227	-0.703947796668561	-1.302217264147215	12.918748597005255
HG02657	24.298647101911083	23.07270399412142	4.692521222841106	6.610736146453654	-0.8991783255189006	-3.3939667005457963	4.869266113604898	0.6178572167820957	-5.6952655658657445	-5.209909911510047
HG02658	20.881437264618103	-3.864622791374738	3.4378673793504753	-6.452973103619724	-3.160546843382751	0.5725641783552236	-2.3356797861622227	9.454119782635328	-10.11884301728497	5.976610618164923
HG02660	4.2259756586529384	28.933829138007358	11.193863147878679	9.704787569089	-1.1457465977798826	-0.9359894258568601	0.5282561371076995	-3.3542241676643636	-2.209531254079029	5.436379899558612
HG02661	23.699060905418786	29.78035101416771	6.180972463055056	1.486593342623821	-4.942273112825219	-0.24187788447411784	-1.9374941755513775	7.392862897990481	-4.136283876931096	8.917673497181159
HG02666	-12.359574281997247	-9.799945525417037	1.7467295450857923	16.02410455444995	-6.581123658196802	7.111290623280947	-0.935305974963801	12.89378407166622	-10.428841737734702	-2.8185054858633993
HG02667	3.9890668290117466	-10.604943123353017	-1.301370656946695	16.405858767629088	-5.337622522396861	12.02760050102067	-3.642561532948297	5.2202674572758525	11.077490994477584	-9.37170760304939
HG02675	-10.664648215487937	-6.892768049961352	-12.72188947429962	5.955619475488598	-1.1874282189424001	-15.566821388903405	-5.152599752758398	0.975974253920001	0.6304988013478181	1.080088199900059
HG02676	-6.557913385365574	-13.088313326414701	7.787585858032919	20.552502420740357	-3.9539822280457284	2.7555493550775	6.909014978444949	5.4827957004250285	-15.551701286964231	-1.5481915388346361
HG02678	14.784667054435227	-9.308177556907255	-10.719877072554212	0.6645047941389595	3.8808339656933577	-2.4135275402357372	3.555994785479376	-4.984538561765946	-3.93461213928487	-2.909245718447145
HG02679	11.156046628823088	-14.219659259841249	13.084789106974963	13.846644194097857	-5.154710378508515	2.3479013272720115	8.032532704148215	-0.9526824427845353	12.510180012848398	4.924594266856509
HG02681	-8.770583527233528	6.162334798674816	-8.427332962819367	-4.382621709960777	10.08745841557753	5.184377047748061	-6.163751149514761	3.75514227151342	-5.705080376736386	18.341800866742513
HG02682	-1.803762387505123	-4.144221382442656	9.748590569751928	-5.2121580885661745	7.852268699507424	-0.5234070930298659	0.22193285214897174	-6.977950257573211	-2.366454164620147	-2.1011402687230674
HG02684	5.485397599759689	28.60625095996362	3.685648172608796	10.64988765263896	-10.075014230717013	1.488872868971724	0.8504915564295485	6.868523364033223	-8.361016087182378	-4.873538895877129
HG02685	10.76694585583269	27.63916336711256	9.061351994927705	11.859034760505548	-1.0070247136103843	6.133505813117312	0.5958277405792076	5.224491406123826	-5.589525482815228	-3.4235491034570145
HG02687	23.903482134841894	30.95480818922719	6.71686319470634	6.4381191674583285	-3.719120151444165	-2.8855068400000903	-2.3421469005399844	10.776880971878027	-10.924294485958995	5.243126812852592
HG02688	2.198930258111906	1.1315902732535643	-20.02838105211096	-12.037465636233666	-1.6346336210643697	0.226516885928291	-1.0444314474999528	4.091250514722343	-5.896400521884502	-11.751759351711112
HG02690	23.61192889363747	3.5194124641458937	8.94399935176091	-4.366631902501126	-2.290757468160284	-0.05231175784547948	-2.1098233032906877	8.165008454622662	-11.665470307438948	2.8915512633014813
HG02691	14.355332699547935	11.49560063031776	-8.2851630759822	-5.789808830414993	-7.427717931811021	1.58049093131267	-6.275773323286661	5.787239907257224	-6.8742047755456674	10.002030301849498
HG02694	-33.16997456679868	1.8096819143376486	-0.5435904519647483	-5.816274129229227	2.1547189961757587	-13.134648465267611	3.944643008547427	3.5944924072156157	-0.228681488395843	-1.7590722030238266
HG02696	13.20367578698107	29.263342549280555	-12.063243833834195	4.253208883676443	-6.189551750062524	-1.3075361301654302	3.143491681253558	-4.109799311288427	-1.4301188533916633	2.993861721982005
HG02697	0.5803548793785122	-3.980358321515912	14.731345389661813	-6.110723782682868	2.8864863308856243	3.8843492966738817	-4.682328726596956	2.10753847344541	2.382252192323509	-2.928603147535582
HG02699	15.800061438442919	1.051424676140625	-1.4121686744831932	-13.426354014655628	-11.885945744929607	-6.02888992411016	-0.579225384739499	10.203910090057402	-9.164580603566737	-1.865739434623292
HG02700	-3.9141102438144735	25.51321683288874	1.0052449867414301	1.717330484841854	0.4367198901232035	-5.626440406964108	-0.333976637658515	1.7026720223262661	-2.2536485959925248	2.8323169991289863
HG02702	12.334244360347386	-11.45328067975832	-14.695753299375365	9.61881043120884	3.4799703741957306	-0.4227426335717458	1.9380734404379298	4.577242771039867	17.218636732211632	-2.910281203740687
HG02703	4.686228846498493	-11.989733292748074	-4.770750141559425	15.89902292067129	2.3445359762176334	5.805852140337906	2.233009826973815	3.126586049069019	-11.55352763415958	-1.2589779232340894
HG02715	10.102877870978064	-16.60863648334518	1.3337196221955847	29.193385478732395	5.0598324417723015	-0.4407737029440011	-0.10201547785432963	2.4138618437732546	-17.492231647469925	-6.2175597622837016
HG02716	16.268858410585107	-13.7702634184825	-10.183963204867398	10.321766358933118	5.219432160987056	-7.842248167032067	2.8094533913902016	-0.7861917844901474	-5.941316877110684	-3.046408183613232
HG02721	5.308071223573929	-13.537481452859298	0.46445242104770673	26.362268870178912	5.373789960823605	5.824118903805184	14.993183579773065	9.98498013760758	3.254305730674562	-8.014161468966966
HG02722	18.397706021103936	-14.331979011343332	-1.0547882323539746	7.322388078650127	3.8365958668727242	-2.868371642220817	10.648202628986173	3.8703639853359855	-6.0683966486098635	-3.5113391668404486
HG02724	-25.443126626970518	-0.2951018627894918	9.290455395333666	2.1885994141312555	30.217683513169302	2.3349021728013213	0.4896805424586609	-5.8126643596691325	-0.9772570669347838	0.47585651838817067
HG02725	21.25495952552163	3.457967483487048	9.249601455564237	-8.219324244726394	1.9954772807530532	2.6955402973676783	-3.5234752107801164	8.65217101122758	-2.960334568243953	0.13400212596081007
HG02727	-4.5592950857739005	31.41890321180164	-0.6399522602901715	8.323878740483492	1.4043599782949021	-2.4200344076765044	-0.6691696209809723	-1.9309961299951497	-0.7776544135500092	5.617251948984487
HG02728	-16.786555297993942	-3.0427812896952475	7.269193909652078	-0.4390144881916048	-6.611761621562447	0.7037939796734487	3.162345608802664	-8.118842644915006	-0.776551661814689	10.069599441051537
HG02731	0.33289588745445103	-5.1756840711514105	11.78330784965116	-6.319323482713885	-7.042043110044784	-4.240178782627907	1.319794401337598	0.12889615057628168	3.7679008120359105	-1.3751962293586544
HG02733	22.89437579403255	-5.58969573146735	8.549951192951683	-8.93307780407269	-0.7137654831573472	4.854030409235063	-4.432037093132087	3.8162449715978393	-2.5506320572583627	7.173183588333568
HG02734	10.803276974876448	-3.026572173337466	-10.859198766235588	-8.81045809573354	1.2365894085563793	4.951513096579117	1.8099998358555167	3.052419201124277	2.7571298542783085	12.727551822774034
HG02736	-8.779744334053742	-0.7252712702984518	-1.310024752575667	-6.889371361260616	4.780399846667902	2.817052093387157	-1.039685107674107	4.8362013446818874	7.4807688283355915	8.973031541142749
HG02737	-2.867799206320434	-0.2810335221536697	9.641140776537952	-7.8455327394821355	-0.3562856325873359	-4.563230307063919	-2.890415009066475	11.412419279191536	-1.7907506641839221	6.950382125669664
HG02756	6.956867052551462	-16.24178146886926	2.6901015237238908	23.308069966075585	8.300075535210647	6.212640138581122	13.407412886514571	10.080012724251366	-7.491186780933031	-7.170134406630063
HG02757	6.930626503233068	-14.152851668037343	9.978170624490792	9.570196740433865	4.489889124463055	0.712084390901149	6.589858856837566	-6.142299262523225	-5.85991107108169	-0.4646343733737824
HG02759	2.2180517353955547	-12.823137217409156	-11.993561057915485	23.358055218318565	0.8525578874199701	6.471265662898233	3.839819950805676	18.84395685329025	-13.099052764658078	-0.00436108000300503
HG02760	-6.269157392028215	-9.092055494728761	-21.017190592061645	17.59029842953858	-3.718431342556205	1.7832983968942275	0.7457915581034005	26.679682591449012	-5.5517883703429725	-3.257375325909752
HG02763	22.164588103777696	-16.874357061651217	3.4438543604139014	10.484105456318686	-1.9288966651206194	-18.443801085545893	-24.43528136334089	-9.051850642062222	0.07898795950825677	-2.8393187950446115
HG02768	22.886848704190566	-13.707541509995037	5.241229505055278	4.864648536808148	-2.460153950415533	2.224630498076215	6.693791919697696	7.381379022080162	21.924762836593473	-0.2786142543720532
HG02769	2.792420822560661	-11.21261949081401	-3.3519690980128733	13.798626708786141	-2.523271066238205	1.0129380788315099	4.348190558407267	16.821010807559038	10.761983837643832	-1.4161221653799716
HG02771	16.81657633752778	-9.626241589328686	-4.1091154664825815	2.2664332623788024	-0.8644119524294747	-0.22013396966876453	4.359331611785748	2.440940243966687	-2.496122133693875	-2.4454373881449953
HG02772	3.8299938709086607	-3.999487332009405	-24.109147995394874	-6.541115173553819	-4.91361086958264	-1.26009218879782	4.116843585407202	-2.8049144977285145	4.0784558057559055	-0.43660336967522106
HG02774	24.39170422936201	33.54456903637382	2.847582384187263	3.883156709230669	-7.24342421913961	-3.3531473867663033	-3.790616093862432	11.879462148982737	-7.79168538963196	5.276468821968039
HG02775	-13.172225613316288	27.206204873677073	9.65267630398113	16.75165467659891	7.232399847804392	2.96397520761501	2.340898947519106	-4.452330123229725	-7.115431294285194	-6.449913832454505
HG02778	0.08849293207272801	0.6219254176888653	9.114167967604068	-3.3177641406332614	13.700751421771653	4.277496321503104	-2.224190844452746	4.757666243283916	-5.303005319770344	4.666638312846947
HG02780	-24.854055648183195	-1.6867076671776324	11.92059275071202	-1.5248746017002444	0.340792574824788	-8.117677870941424	2.091204755801427	3.3808729974867857	6.288022382226675	-0.9964798881281052
HG02783	-12.252003268669057	-4.399645115718267	26.208146084686057	-0.8516251827558303	4.899343270472125	-0.41881179789311274	-0.5786243440205803	8.597702589075237	3.0577903571358234	5.281776353320108
HG02784	21.512317143784774	53.0332486713652	0.2457724052818855	13.814608536307691	-4.873569311262312	-6.029321732212264	2.6018138839083647	2.383113404761359	-3.174824384563402	0.49823866214184576
HG02786	0.6146899631824282	30.889507001431262	-3.1787472239431214	6.73398406462227	-6.790090208944423	-0.7677464300603877	-1.5612022788556583	4.651300363877632	-2.098638522414662	11.44390587822161
HG02787	-13.65884969982952	0.5967563645570487	3.855440065780152	-7.940779467507824	10.10111401131866	-5.859586395287341	-0.522821822983397	7.996811544565878	7.404520436830124	-4.373133210481511
HG02789	14.387600923057692	34.52133389543505	-7.29437503681974	6.114314134993139	-1.7286515586906157	8.872501776308232	-6.396862935407925	4.920351272862161	-2.6579469386996744	-3.8936341083682118
HG02790	20.460920254425105	44.968577473663814	-3.0233152339885527	15.149248631117775	-3.914808780921558	-9.752954718390148	13.510924528055842	-8.359039373911987	3.1698557781235004	-5.451962049759721
HG02792	21.45272150621304	27.327566734807924	8.07635954573851	5.536221554550028	-1.7369579773470503	1.886419951666551	-1.5020263431438656	0.46390524974149894	2.7184993243118853	1.7497148976687826
HG02793	-9.276230482402278	0.43788440513945204	-2.05220820435664	-7.730888512520099	-2.9994058249013897	-6.297669224005459	0.7175937792465761	4.282884003813979	-2.8837537150096786	2.3468013855485435
HG02798	15.93433393894583	-5.594479984684704	-7.144053293094645	10.665104365071588	1.4705126740510241	0.2956674696035684	4.650965492475168	-0.9827147170278785	2.4363587392441866	-0.6819100871380508
HG02799	-17.35656667518663	-6.79030984574451	6.694095089786948	5.612959457915295	-5.329063701862476	-2.9701474279122895	5.036775447906957	0.8849841346733616	-1.07257030110008	4.190064850738771
HG02804	3.7248496930523287	-17.439182188819828	-13.42379440863262	29.481843638082108	8.724721664029415	-18.337510664164775	-22.617777775980215	-1.0814881567737107	-6.278326129796169	3.4032176541128476
HG02805	2.192325770018364	-3.317055936492433	-23.16651961994693	-6.13301971656629	-3.582345110939567	1.1488526439156843	3.927598830447441	-0.0854739538076077	8.118123382783812	1.099058646756811
HG02807	7.3902286331986895	-15.431851006754204	4.384047373318017	15.782081378426438	-5.069986576620849	0.8078501862069909	9.180705208276798	0.4324125740447182	0.46337162524636155	0.3792319239070766
HG02808	10.849812359854834	-8.033625410358875	-11.511821366656893	-0.08698596289870686	-0.17210432146812876	-1.0822400313520586	3.4460068604995397	7.373551174750945	10.504921397916098	-5.349256542909485
HG02810	-2.577459940745369	-18.685561297919357	14.514481997890558	26.905618645838356	-8.654682277373318	-2.504797189335056	-7.061975026857083	1.9782625356493533	9.59418808957807	1.198130250650317
HG02811	14.834760882395958	-15.647975767530115	-17.198854551499267	15.470235281782603	2.255658947594039	-16.22199480351038	-26.59592933657206	-14.773038038114667	8.682590503003873	-2.7183492624362295
HG02813	4.778449169262572	-4.9869293854037915	-22.000524154560054	-3.9254394946524913	0.025554637243461298	-7.851170011051268	6.08004611510057	3.155868747339305	-2.5124179570251384	-1.9888614421526984
HG02814	9.096397780293678	-6.740283632441175	-16.274990759722712	4.7931135515951055	4.629862886498239	-5.902879309993901	-0.1569665760910099	4.1515256636613955	1.8130179428059097	-0.3278684830784352
HG02816	14.159743848359653	-9.72457873745945	-10.002100778663516	9.84371624484385	15.04163623808965	8.450052973054984	5.979060480239391	8.267755958950167	2.314274577883622	10.426124390365839
HG02817	14.694810858818197	-9.240526080949088	-8.79748935382225	0.5431879261824001	-1.2432836791877548	-2.315385462732753	4.170000379764719	-5.10263075661723	-2.865616506389494	0.9558435803489889
HG02819	9.686131405239372	-18.23354684489266	0.8171745275079324	27.253122220451225	0.1949682508367862	-18.237867894132254	-21.87548140015599	-6.616680975404775	5.989211258543829	1.4412005703913497
HG02820	15.817339152233675	-12.700072818844436	-1.864941936501387	11.506984981170733	0.06566420535708417	-3.9038401749578617	3.6295252321869977	7.312997659504825	1.976077549309413	-4.745378792058579
HG02836	12.270545503978388	-8.60518230102944	-14.644600765841359	5.0878462238585485	1.52894516262102	-5.077165608987587	6.835654284605437	7.773194190108345	-3.735990444432949	-2.500602770015224
HG02837	-6.0631745002135995	-17.638596152815126	-1.3087397512334533	31.5734596706917	-5.20056958664463	-12.147645043841477	-28.87534876919797	12.314421024052756	-6.736738515716993	1.139683455525929
HG02839	8.32885230263367	-9.710984907963288	5.3717947454445625	10.985865794268674	-3.4759782364699876	1.1840148407058029	5.366405887516893	4.170766035453659	-9.513172605797614	-5.893907742197943
HG02840	4.896867744423595	-3.6384025082987437	-20.953411166626893	-1.739408628677487	-1.0648764592777007	-4.7205821686952465	4.252867256898203	3.9025470165507126	2.720136835287756	1.7996322462090237
HG02851	20.659088972068275	-15.853548336147764	-3.2518480792468467	17.16925836766526	9.265652187992771	-3.631826475702069	0.1949039806056175	5.4305882113675095	14.942483671152182	-4.594722907431853
HG02852	-3.5895569896980963	-9.781522932923638	-7.827793111723003	14.461338438095796	-9.541253107931395	2.5811067216667403	-11.75985307502212	0.036174511386832364	4.197497125312455	-3.608455794481714
HG02854	14.856679270226397	-8.489292059427976	-5.205000993434975	2.3985128628808177	5.182662163656164	1.858025594000468	3.8888005218811816	-7.326901223013783	-0.6112587468908182	-0.9368646206943168
HG02855	2.1745578226571274	-14.378286080980333	-11.353523296719825	19.948547031082967	-3.848342554308691	-18.31416366618589	-29.68255533056999	0.40058008424303226	4.120151167245784	-0.14265870012498963
HG02860	2.168906516022872	-3.691159782597174	-24.832552189315994	-3.113146182326929	-3.9338078077234413	0.6605232308978708	2.076460177828238	0.7898373651766959	8.012309092574434	-1.4935895950136324
HG02861	10.482899761450168	-7.063313873596684	-10.000379877744686	-4.323801957264698	-4.698281086434106	-2.423835271636146	3.788236387777926	-2.510429417725248	1.8855570558891015	0.08171493585061684
HG02870	12.294234988694528	-11.574482839512306	-14.13446074623695	5.261567804223093	0.7694414453414976	0.8985838601726389	4.695428235057886	-3.5184539895112086	6.5669502321955235	-4.884970213011608
HG02878	0.8865448772537511	-7.658498123434672	-6.913039206205803	15.162095758990947	-4.013076815410997	2.7584667762606414	5.9889780777944575	6.264552266597403	-8.007754383593968	-1.9203519295309084
HG02879	-6.015032887287625	-7.729646439385032	-2.8281343730572415	5.212778727639132	3.339772023845013	-12.268934510524106	-6.748142860967486	2.218029591232278	8.564853703358374	-0.6340392636033825
HG02882	7.29915182403108	-6.640054985002482	-21.749922508993635	0.8758452841883828	4.17325630162405	-8.07013590861005	-0.1411243174993962	4.344155530169436	2.593255981413783	-0.13733921143128844
HG02884	-8.511966161477751	-6.269265427936048	-16.75015349583534	9.483931065434062	-2.476310794136681	1.1265363198144225	2.706942307824278	6.407323344029804	-1.6999352538775567	-5.357907663301273
HG02885	-0.2546733729813565	-18.951322495934626	12.946418013232043	31.42519688226078	0.8452814528606656	11.385869992319591	9.931878041653537	8.754061337057554	-23.514166013701796	-7.580521533500908
HG02887	-10.078556747779656	-12.643741573912655	9.763153190517258	22.883843710148266	2.472809921723787	4.410512708423682	6.513900089638657	1.3971065536194687	-13.16852980156302	-3.7723012986252082
HG02888	7.712254496109491	-14.009200824491172	5.3349045328010565	16.389435988445026	7.032688449032019	-1.3861460751419308	-2.617600234637929	-8.098525319882333	4.682569145809678	5.241253259705709
HG02890	0.2716358210861748	-13.087293501374782	-7.523887696487594	18.349395347417662	4.710248280957808	1.43652294417465	11.23176790848551	7.444024561707664	-12.182936768446949	-8.28903663825359
HG02895	10.847152282110814	-7.611338926541571	-10.223218785461377	-4.7347174836816786	-5.826783151188532	0.5674751704401322	3.9033550091018263	-3.4053345986417902	4.404998366614322	-1.6413699891884959
HG02896	6.865102611115485	-5.212242332774374	-20.061395362407506	0.8983645636041655	11.463064914711763	13.078019387736465	1.5126775976976965	-0.057235813549948944	16.211988526418992	8.634631647263456
HG02922	16.961394033959493	-12.628667016534074	-10.955048150696783	16.71060906315252	8.986688613379416	-17.06911417955976	-25.445875413804963	-9.80516122284883	-2.659064170620249	1.2090528073218898
HG02923	-7.402310248689453	-5.893311357182112	-17.9385643436578	4.220768467486991	-5.7742633412533815	-3.0337119271893935	7.399523199783943	4.424924355415008	-0.617604187243112	5.879601831795613
HG02938	3.466764372940429	-13.507334724284107	2.799171414995375	19.98963653056913	-2.2817186560429565	3.4383839609113553	11.824953359356643	2.122352647441398	13.543170062125062	3.2939183010146413
HG02941	11.359245473356703	-7.691085800251028	-13.096728031675955	3.8775740393790956	-4.977152284652926	-5.909586025840771	-7.063736517499161	-3.54218442107343	2.808591010719354	2.4516109886035524
HG02943	3.1027925036059405	-10.703442969219006	1.8835136626766282	16.31360399389704	8.611214756897365	2.9553166738430248	11.26738019499497	-10.136177427582362	4.535150985497832	4.295118346247647
HG02944	2.683144450851924	-12.886416328729233	-4.404402341138215	14.297693316705962	-6.697546604086187	-0.6448355755103705	7.777768866325117	9.459857663022639	10.249513615523883	4.022765100406864
HG02946	2.6303070731288085	-10.594502881488141	-0.43047627345183037	10.623431695248469	8.593374837197597	0.7851488671788922	7.48140662139007	-4.87902479728488	-1.9689692413733393	4.425701170004854
HG02947	-5.405215516015192	-7.9342132978826285	-11.28930530224922	10.865522517349444	8.278885170983475	9.491491478915998	8.806281184256838	-3.353096747639305	4.934189343785297	17.72928608744542
HG02952	2.480103742570728	-11.648731249383047	-0.3954363173373074	11.821382719770224	-8.48034259558799	0.2848883459512144	10.289422547602609	-1.6409576132083483	16.470285424892797	8.913942263195553
HG02953	4.394939725524315	-4.088052610256639	-24.156826661885066	-5.0224838393428906	-4.214876136213649	-3.8660303122666684	4.23273254147797	1.2642199014611664	0.8012996335021518	0.13954635049104663
HG02968	2.427758262388569	-10.526979883848501	-6.180144316830579	8.510800492768505	-2.5246312457235898	4.872737252285717	3.5624960919210773	-4.1153757437150755	-3.4965050280929897	0.3159080233074645
HG02970	-5.093679906589064	-14.163931208094699	8.739436254139648	27.504709502534762	2.0645736340055874	12.13137586915965	9.285564873731232	5.0839489158081665	-16.115400190229437	-5.176008383904354
HG02971	1.092445910141739	-18.142874030988832	17.517134439867036	25.66809390278028	-10.708826588191203	8.044369324463638	12.888511936010854	9.428597634704902	-0.3789635349331344	1.2749088096958419
HG02974	-0.9813322222991503	-11.217279398851016	-5.855419156998232	15.94381367404449	-0.7516694118364895	5.147811666027515	10.276176762806141	3.237811194877304	-14.999562712499047	-3.447364487125914
HG02976	2.899427005681968	-3.0503623834854805	-20.743873337545658	-5.9969955423780945	-4.289472620875054	-4.402493387308444	4.840077734816516	1.5962446877072587	-0.7826618155214762	1.0080248269783572
HG02977	-1.928091927669921	-17.187400686551584	16.36362243159731	23.740385686951836	-1.5090709672380294	8.345769480946045	8.85496070838525	-0.10459491221974404	-10.131384486129875	0.061289441015379274
HG02979	8.288567058947828	-9.774380841443882	-10.150764119845196	6.850648823923814	-1.8484683139707203	8.78395431310735	3.4177591388369004	4.211841156497712	11.567494334754702	-9.623324332652397
HG02981	4.38908789156449	-5.237758481766727	-22.858202824813958	-2.568480735546153	-1.332577469667458	-2.0340775068135843	6.136057664265293	4.087945834885238	7.8766889719955975	-4.176756581037741
HG02982	3.0174804489130573	-10.416958888750852	-2.6198262687415523	10.451174716780399	-2.754180512903373	1.378252794426386	5.572465840163066	5.097037487397916	1.0857271776734447	0.3008977232457245
HG02983	13.192458163263568	-8.394825458304568	-9.350328462543176	-4.936998892460364	-6.43991464992864	-0.9200808419618858	3.6172813982705256	-6.886119946607064	-1.8571222404299972	-0.9682153061733034
HG03006	-2.4306542212492106	-2.1727091916630124	9.643688137208263	-5.959980048182238	8.614279420950576	-2.834224211713456	0.9952172164176926	-1.4715517989859639	-4.6953713816387745	-2.237106142716727
HG03007	21.9250905180987	-8.118098242316544	10.62133257830463	-7.373645050333977	-3.0008829597962516	-0.38977890243632096	1.6243214207788341	-0.5237473846887526	-8.720923107967725	-3.5961418509960708
HG03009	17.363363715184462	-4.9313013792917	-0.49804204171151945	-5.820914887333563	18.631461946175836	5.897295027887094	0.6154195061591485	1.4472232504232632	-10.335294790027367	2.6007644636036256
HG03012	-9.535412457059731	-3.0378535353441967	-5.462598644757584	-6.332699682237783	-6.4035370851886855	-7.772205066060058	3.3427297541336056	-3.0769891215082135	-1.9473936240261365	1.6442274976924098
HG03015	-6.27779609061861	2.316267535997321	-9.255806235430033	-2.9274599724132733	6.577714105553735	6.776275249997862	-0.15064819620275058	-7.213170300369979	-6.054238197859575	13.656640648766425
HG03016	-11.096472674229446	-3.079499830218613	2.8995533182764177	-5.318329178564703	-0.6399804431801687	-6.620386536181155	2.3014560057811684	2.1426335954991993	5.623520392933404	-3.6500380201397373
HG03018	6.21208446283268	56.608921969513574	11.36463691393156	20.54634576006909	-2.876387748606187	-7.288416373278932	4.64720880863189	-0.24046563640444862	3.208655063599561	-6.426118201907791
HG03019	-6.381506623206778	29.01368203334908	-2.104483715037067	7.012267524552007	-3.3234947885433175	0.7520824131393593	-1.446105772614107	-2.3686347534836645	4.652877227052205	-13.833773258996
HG03021	13.700196073195576	35.44811327893234	-7.196364765358162	5.067437497360119	-6.438712416499517	5.1566295452675055	-5.4982918799465965	6.477401393850959	-3.5086855516371713	-8.130237287547082
HG03022	-0.6788750127828974	27.275596920059623	2.050129172131523	10.53033857735735	9.378294449529156	1.075774426300663	2.871128887223955	-3.0125099993040636	-6.388684900122467	-10.96948125179245
HG03024	-0.9747498001438498	-10.071760203616167	-13.598082597079399	12.266188451046032	-0.49143293180207404	10.098085198912981	1.8947026671295402	2.7500878673611515	-1.1125992637397086	0.10964292486906113
HG03025	-10.50426830857104	-4.957128614713942	-12.282008611046065	10.472215068493	9.415127471479654	0.5087126262378014	5.356103091302079	18.659763538438387	0.2507644220108769	-2.622135765459426
HG03027	21.425703846878516	-16.568964595077542	2.584027895232941	6.031306929086193	-2.292881529293386	-4.050905112262833	9.505037353961866	-3.5628584360527458	-2.2073390653501623	-4.965733476100215
HG03028	2.6503603177516135	-14.859945364879726	-7.805955296813082	22.287027275246825	5.856939223025684	-2.3754462457563856	0.1266220480877493	5.5403226651560615	-12.110252005964895	-4.684329636487715
HG03039	10.529113419650924	-9.612700548673498	-10.317252830545685	1.0924000724856504	-4.629551590458944	-0.970284594449908	7.619966516864466	-0.550169222642894	6.335537165204673	-0.7749154501245842
HG03040	2.475217216537619	-14.31225079623632	-7.884067219252797	19.09407267051929	-2.0536865309376395	4.0790154096265105	5.372518179915877	10.164645634384788	-11.571351274632422	-1.1935788674498844
HG03045	25.14636637741148	-21.378065112452134	-5.239795316804973	23.526506961616086	9.01692381762752	-15.913835779797529	-27.20716437663245	-14.570335014446462	3.005229626693308	-4.263212294413427
HG03046	-1.6615607807816704	-10.68954734771029	-4.844050286617624	6.08655219685877	-7.086321743898571	-9.363489187046046	12.270197466170469	2.6757804216168344	2.188603965789746	1.6579942804868644
HG03048	-22.244693171208624	-7.05754759169458	-2.948905134021663	13.591926878173716	3.1700025600365436	-9.204723538753305	-4.551860767897561	-12.670046526011085	-0.22995630727229566	7.392845882314407
HG03049	5.033990896016202	-15.462249874890464	0.7759298841962398	19.071706884723294	-2.810442629970518	4.748350434242304	11.775661000573733	3.351771235613163	-4.1263133407661305	-4.587771848342715
HG03052	8.776675857070357	-8.740714799613066	-15.389556862540786	5.093396322832309	1.4539972427767265	1.4858642332358754	3.871621445408343	9.277045392803615	15.405882976661298	-3.5809709444860034
HG03054	3.1310829500220727	-6.721743683060636	-22.68631184540631	4.580623810193998	0.05745711195235938	-4.022704778470132	6.939367997704879	4.73380218223648	8.938000038418584	-2.8374929848298813
HG03055	20.991035706978145	-10.357771861147963	2.9745363879110767	5.115954523684166	6.828551567830114	0.14133387283482346	5.564100192941994	-0.5887192289471349	-7.720520965770412	-2.952772825796703
HG03057	6.828468320778313	-17.57569130138708	-0.7954095050489463	20.678439967474443	1.1820678971765788	-17.26983550544747	-20.954654185609925	-20.402583394323404	-5.394130993025692	6.362397466468814
HG03058	21.66388628820408	-11.951441719144022	1.6713300383951775	8.057589939352484	5.68954138470706	-0.3218393567498361	5.632678257067563	3.4987144772996372	-8.50237039362798	-3.660736896710215
HG03060	3.9164045242712104	-13.644888207625657	-7.221193315490839	19.042012863844988	3.4114990462028545	-13.989881358920396	-26.51589110685206	-3.740578297943501	-5.614234156366031	0.8896650596887111
HG03061	-23.17287059742259	-8.602425897302881	-10.506198394941377	20.075208401063566	-3.8813462999810957	-10.286287761128818	-12.42820068564165	14.026585139758398	-7.772892894195457	0.48740670942288566
HG03063	-4.702842582240986	-7.2877509510882135	-12.996773476068682	14.18282139450438	-2.466631021587841	5.260735693279932	0.2510685548377707	17.762849323745705	-7.552156569568662	-0.1989682864706023
HG03064	7.405029040584572	-15.2545317673987	2.8264392231684536	22.64457396322992	1.4948645752516774	4.4110144032941925	13.39228961694171	9.93239182679746	-10.33780730411458	-5.69537182829153
HG03066	13.309231433529357	-10.56981381491054	-10.008796108358155	5.568969867076605	-1.9829636063727716	-5.615040345491385	6.798087123340687	13.409178924070535	2.9602448581294443	-0.0700721445824862
HG03069	-6.653198856995541	-14.073583491153578	5.987621764959245	29.17819196765671	1.5720748072087871	6.262118206921868	12.252011859885048	4.9642712414779675	-14.05805494440154	0.4944499311260789
HG03072	-3.6407627178989004	-11.00485583100164	-10.571507379141948	14.886591744689538	-3.8328124516199833	-0.43908812976545364	12.631020368693196	1.7289195441599436	9.265360398096112	2.2907801172146236
HG03073	-7.673211060921152	-13.411321139662597	0.6495043987298187	29.292714222332414	-5.1823534102205935	8.82789377138089	0.5543877581213144	19.667572943533198	-14.054275844234878	-1.0556855346101586
HG03074	1.5496784213843346	-11.195382753890222	-1.6414392122847266	9.803105237831684	1.5345346928022656	-2.2743610045527527	5.8980790170327895	4.442953963902997	-7.959702449072502	4.504805774299851
HG03077	-3.4926521578985614	-7.626359100991993	-16.322891471723413	11.731446442426781	-0.8922381858485572	6.034504172942817	3.475622310644738	8.702293417783292	-1.093368660495973	-2.0789506966565634
HG03078	5.772774693998388	-11.473919962623013	11.123466050520479	5.300009788704054	-3.478319988386147	2.1355870834037556	1.0153205680369066	5.555106462106999	9.559462911537087	-2.9078457491878087
HG03079	5.558786501862369	-12.388942729795177	-0.26714062346551337	17.415665171571995	7.4611671756269935	12.188499086361315	3.551827233358187	-12.229053695510029	-9.719592034507	-6.745728661890674
HG03081	-2.518909214433015	-16.62762095934198	7.373452175507771	31.84973981011669	8.985669743653144	11.545896902946723	12.22536447910746	5.702432259439545	-6.875565962909412	-1.6793607155659505
HG03082	16.204261911287922	-11.266238192480277	1.2400967307955222	1.4006569499646868	1.7712454409002263	-0.020377365581778495	7.212677615900177	5.660525363162807	8.750333836389705	-2.772705150137018
HG03084	20.33254179983397	-13.307840778456093	-2.8618934990460976	8.345488227714222	9.21259256027778	-0.04167238232799819	8.697462487777466	-9.963415664244728	-5.412820334313174	-3.0149843846214965
HG03085	14.55660238936351	-11.418523067515979	-2.6134291709933377	11.532163143243821	6.1551315403374485	7.542458071924539	1.1637234366411477	5.423242107928959	6.010597469617634	-0.7410886008813095
HG03086	19.795841683524635	-11.574582564485661	-2.101648824744893	8.2175788075061	4.767430149100944	0.25027707415643874	6.289317098538348	-4.576591888050078	0.5223488501986446	-5.058473887450308
HG03088	9.174245748189689	-9.004704182680022	14.878794472363587	-1.782443889767033	-10.379097736556515	1.2984273596009048	1.8015607499653297	3.4677536242976243	-1.9074567962921232	3.2522663452738745
HG03091	-8.76649846973085	-13.23144617510296	-1.1945964486415588	21.597105273029985	-13.122462061081144	1.7694298744223733	-7.818255686642727	6.2033628099551805	4.884545757823588	8.70021126060793
HG03095	-9.679657249456787	-10.252232523066613	6.738868654071547	13.619148511979411	-8.4034826823621	9.355316353394548	1.4580431146962356	4.609194944167927	1.0847935050700643	5.579004546574987
HG03096	4.948212093248463	-13.83538228983446	11.22258195704342	9.420938581628624	-5.758878444547554	-1.791140503646464	7.096940244581738	-5.842034024004143	13.783086155899051	0.6469004292180058
HG03097	-0.13593678293567654	-6.197560918504122	-6.079020424667375	11.16112048821056	-2.8433554998841215	4.2997744311287756	3.40490191040184	0.7978011024175977	-1.8099330424462887	-0.23007776280861414
HG03099	0.6865301649501382	-12.651296503735521	-8.893344614802778	18.215381612947166	3.9117575636351765	4.6802522441239365	11.128929043690322	2.2828029742862337	-14.917820574762999	-3.9553280774900585
HG03100	-0.5159732694396081	-9.769990987667603	-6.092108738347992	5.4999242893059295	-12.673893681617418	3.5034422779850445	6.879744172922436	-3.35057780418477	1.65739974373427	5.737057933214274
HG03103	17.97300406806674	-11.899812159481058	-3.98593419344483	6.749775162520702	1.2092557783215414	-0.1064747439761069	7.228110336804853	-2.053845688401452	9.470136770499163	-4.127185414367245
HG03105	-5.830897901241007	-7.965341282539011	1.4035877136790842	4.723001314818671	0.7056834961220279	-4.579266074625098	7.436233587372785	0.3525747975998281	3.435113257735152	-3.8132983373466502
HG03108	0.3276750750012152	-13.414851349602126	-10.295465565921075	19.222961024889273	-3.465778808307535	-1.635186286631714	4.511888203732432	21.11359183183345	-13.986059405366241	-4.617310448392876
HG03109	9.461811956245766	-5.069625387602128	-14.75781012596077	3.9036158859729557	6.345414225668497	-3.7543495328423018	3.9342193260727933	4.996258626545044	3.4842690238624026	-1.243586721178691
HG03111	0.776468228520133	-2.1261782680063708	-18.087156936550972	-1.6444767759131347	14.367013423301723	-5.872164671019011	4.5633862841780495	11.432803104611686	7.222214198685597	-1.6616574747351718
HG03112	14.18259648072162	-13.076880128293102	-6.49552876754008	8.575395871594946	3.5407536463619587	-0.3160893697203816	10.832367711906352	-5.2752775141309725	6.131656865092061	-2.1657217219701863
HG03114	-0.11663907977181015	-2.903419422849296	-18.340783917483574	-3.0747868045599622	9.176065686320916	-4.0752682591064655	6.766534302179259	4.494808276679922	5.062335451664082	-2.711590824691263
HG03115	10.113642910901108	-6.907928890421415	-17.442085965227545	4.661675034125173	3.1228238822820504	-8.212313856734752	-0.32035961787715667	1.8123581335227625	1.621235463735447	-1.3988115869834388
HG03117	1.4746206170670009	-9.579225887097582	-3.705632983278772	6.489873054130604	-5.2829569601359045	-0.9497945733690796	6.692250462441407	6.923361877765976	0.7250282176489997	4.9031176454057634
HG03118	15.017600331224834	-10.450879405488863	-10.747443963058338	12.872677977788594	10.33094949495059	1.4559414966103839	11.022013501049733	-0.6102077707516644	10.114468941886486	-0.8785502250298315
HG03120	-18.762888875279685	-7.623228212353966	6.547030579166846	8.62228384623117	2.2814151452764304	-3.923681842134177	6.430891715892753	-8.25968076224155	-4.37871823548645	3.808740744661776
HG03121	19.511610963854945	-12.445303362441674	-5.332478739490511	7.950051035492689	12.824500661152786	2.7475224957542363	6.27216595299626	-10.284477730529373	1.2555388254467985	1.8109846700780232
HG03123	-4.974743641645137	-7.330005442795903	0.37881322622009295	3.238725223259363	-9.507407625321283	-4.146488316604299	4.414892902409852	-3.5546557119859132	8.483946022108741	3.971718143017929
HG03124	-8.08206586986251	-7.1554129548442384	-20.882688757584468	5.480258535702093	-12.151301107439922	4.371231406349754	6.612418211014942	-2.4750574388349547	7.604994529829908	2.840256989470751
HG03126	-2.905724082638487	-12.610711624378181	12.667923674203415	17.8557802850185	-4.957823112859146	11.806671710134077	3.2649268938718743	-6.29683560902443	-18.16863838932124	-7.575898570237017
HG03127	-6.101245092034322	-14.525879380024609	6.277054557198289	27.871882861941806	6.888248557494447	10.71743765284662	11.491542461704787	5.315923707963819	-6.697779277588901	-3.289548964162933
HG03129	8.332092157882116	-14.982313568215135	8.538060749292962	11.56817431334914	3.6839716395165256	-0.017580109454768823	6.068326858127071	-9.133333844805847	-5.821351091659221	1.4892242634302757
HG03130	4.985143886375698	-14.166296252031975	-4.63989640969993	23.953132720959136	-4.097837473496342	-14.190175085956474	-27.077613335953785	1.1948648999944977	-6.283213181924327	0.8383705082239875
HG03132	3.250469474601279	-10.988573189068278	-4.69411155492666	11.591660748101276	1.6110427617796401	4.468799769660323	1.71743823536401	4.271836894804377	-8.470008091542693	-3.0145598022391016
HG03133	2.282462702487369	-12.952155571028035	0.6474428716871713	18.946928039095866	4.278474704873407	4.476158820908831	6.192165310034238	-5.723867550285832	-5.466331709397415	1.4985302779544125
HG03135	-10.85581639647225	-3.626412849417412	-10.196614644388797	3.0905184631188587	4.460443390066346	-10.579272443532524	1.9681063397874166	11.918967496336588	1.0766564377104233	-2.157077968494258
HG03136	-13.388224010522372	-1.3848075114999094	-12.604492978907214	-2.218924441316461	2.965994402018199	-8.243405906971903	4.227808042824899	7.975301010224847	1.7574735737689011	-0.7265940708061555
HG03139	9.959677798572622	-8.245818642430287	-14.338984569730579	5.3743483964709196	2.6575520505388384	-4.459057338293449	10.505153429992118	-2.6699061567513818	0.43679454360918113	-2.1748652594331013
HG03157	19.08855844076879	-13.924997919562594	-8.722627634996012	25.573192778759395	12.010706170061205	-14.892497253294698	-22.927644986708906	-0.16062292524819433	21.521674041974713	-6.799322070201579
HG03159	6.760258682835378	-14.5975898762667	0.4874991659647003	18.82383178072396	10.073686340718652	6.650260662673262	6.8188429060405005	3.4561109040002522	-8.811992293737271	-3.836512167452108
HG03160	14.128299591808727	-9.86184499309216	-11.815057943301392	2.2084882613751566	3.7088532232410856	-3.6751466655216154	5.079696107313203	-3.1641407950952454	-1.0245568787535073	-1.5512695713577422
HG03162	14.602574087942793	-14.848437900563178	-7.289941334124677	10.34187097683679	-8.167574991245077	-10.723197242154978	-1.964839456725582	2.8565508669029063	14.604821535141788	-2.5408785273978194
HG03163	-26.972614150703933	-3.991436375908993	-9.642630968303596	7.683255629503002	-4.342494669011002	-1.4847069053068687	3.946859613620563	3.5213305031405997	2.5456398678877816	-3.3259622362155032
HG03166	7.001716122543508	-7.170896374049943	-18.22689784801965	7.320032358000009	4.55411746970524	-1.500650162171853	7.593508518125599	7.695517669080362	2.81420672372747	-3.139988337370276
HG03168	14.781352806916582	-10.620806595444902	-9.201212988839233	5.385954785980324	-1.142194317653367	-5.140321185366448	-10.69470202515988	5.821558773724062	6.89948624614051	-1.8013344530796127
HG03169	13.370783128858621	-13.899814186430236	-18.945528203154566	16.895792847668346	-0.12594148413439732	-17.516751136398256	-26.876292743717435	-3.26565811591718	18.131243268705692	-5.703009930614407
HG03172	14.505121551049063	-22.260117015959864	5.906989131824886	28.177773876447898	0.6010750912392079	-12.357102311000887	-23.843102027966246	-7.904579828290956	-7.97516770763546	-4.724526858702908
HG03175	4.615903636875629	-10.105115848532625	-0.706498990156696	10.206627377803095	0.9778123203104232	2.560372333716771	5.57207122580817	-8.54998777734258	3.953961824894037	1.3084838539398618
HG03189	-27.47861443668304	-4.643610774561656	-4.46743855799196	7.359232934647524	-1.2352059522712522	-5.291011438912371	8.896017776939393	-2.2379929973027464	4.373597872305643	1.6462984366084161
HG03190	11.164855336710453	-10.839871033778737	-17.701883324054	12.919738808564318	9.205523515571837	-3.294589813629048	7.8556006536018295	6.809820487643179	6.13227126033207	-4.634838139208679
HG03193	16.42381955576034	-12.654461624003126	-5.039725457314325	4.129085547350217	-0.5845158210249839	-3.4774912429339118	9.701439981166168	-1.5910305016650068	10.017626619049002	-3.792688306585984
HG03195	8.98724176130168	-16.962388940676117	0.4177882582910336	23.852337613341938	3.5745761512111804	-18.15296102944452	-20.26742280855765	-18.42829774955466	-7.751532624450497	6.307535957107285
HG03196	-16.206238694608	-10.893119251287589	-15.934961404025302	22.47829755541214	-15.843150913979656	8.691817574818925	2.485292161643472	17.087563012293636	-8.01931000858332	7.569064498992156
HG03198	4.4430368210335995	-6.502118866448364	-17.878366331473156	5.793256786026155	-1.7576735342533567	1.7521504910094752	4.6317272515963515	0.255646690534304	-0.9884614559686916	-1.4887973880523422
HG03199	19.863611221740268	-15.210975468444659	-0.7092664489915217	11.107101797903455	10.337194705065954	-0.3654182985787334	9.342256478816916	-5.293458652889448	6.1648655705466595	-5.938167898415377
HG03202	12.554380755671918	-15.44709698855262	12.732816689592104	11.401036766453796	-6.136270770554583	-2.177136543935893	-9.899967009918766	-1.2747493806584045	-0.5194685955605935	3.881472624421804
HG03209	-6.328836345754904	-8.756243721908092	-20.907706428208265	10.688859732657154	-11.521532828864288	-1.4852512635940252	-0.5346435238152818	0.9633617044497599	0.5972527529543721	5.33084121559358
HG03212	15.2863479552315	-11.863597743577298	-5.106091436688126	16.717082341491825	7.372528435152238	1.5340710675085778	4.8999709827324445	17.02118142783233	15.244945952473222	-3.2786745076188124
HG03224	-23.76083346197553	-4.661210506002757	-4.922634135088022	10.221178254986793	-1.9430297071533038	-0.17014714223289706	4.177916842729057	8.659965529516104	-4.040509360758141	-0.010732489056578413
HG03225	12.854320862664023	-9.703087566370694	-8.311228087664004	5.765724727430215	2.441632578820939	-0.5329597265487779	6.310996135197129	-2.7714542808924394	-3.5494592502708673	1.9945324284316035
HG03228	9.712931242724299	-2.7506451792280355	18.3440770463762	-4.144721053140989	-2.216536565052664	2.922085321782438	-2.2978683195833494	7.599600322113627	-4.046418263634745	3.9386749577710503
HG03229	-11.62320849684256	-1.1518061826620445	23.86415853276625	-0.5419832020581199	-3.1296182804228025	-0.8782702706735415	-1.9763467460246473	-0.7556608667424091	-1.7598117574287575	0.8701108929871748
HG03234	21.90211987446033	-7.7216008445585524	12.1854149511649	-14.272838622913255	-5.2461749383925405	0.8701242517710955	-0.8058942013106164	-3.351387467009614	-0.428324490514961	-4.578822527613532
HG03235	1.958105273206493	-2.641153205095411	17.23609271046387	-6.64459310013247	3.394622909998181	-0.6006234167092415	-4.178578639260938	8.606526793981605	1.789881129942711	-0.3973544206482619
HG03237	-16.012251661564928	1.018016945300372	-14.065708862968405	-8.998446308296158	-1.71979329445664	-2.3534030139404836	1.0575568420513635	-3.157835052415189	0.34636453683030166	10.670214989062025
HG03238	3.7462671070597513	6.839053383507341	-23.128065485604164	-8.364684686483878	-1.5276222578738872	8.511710595441643	-8.933332101997909	8.415312203898221	-2.87997451612969	24.12792384344475
HG03240	-3.562829781320669	-9.459641615998356	-19.545493457456082	16.35619886739487	-4.419094818777115	0.6769848292178433	-0.7032831637873819	25.594096815123557	-12.79213590208968	-0.6932688501701774
HG03241	10.868368624191579	-4.353603477330068	-12.1981586218366	1.665975182429161	16.222819858956818	12.000174627731255	1.5274766918624674	-3.1176553761755614	8.764658228282414	11.122473151891468
HG03246	11.473668154885344	-16.46126240774423	7.505575033553883	17.422814066758544	-2.067065354743628	6.656469163795924	6.835243645639922	2.094170810984428	6.873040196113587	-1.609991298400366
HG03247	-2.1612800756739166	-9.4826472203237	-9.038245270379932	9.51468476197401	3.160351310752756	5.029096160859374	9.456944560371095	-8.768217059892674	6.31667510911071	6.053379226097685
HG03258	1.309775323235025	-10.513179730589853	-10.709133185785145	19.398302255497516	4.425557124656056	-1.0931619985282985	-2.631737307476241	-0.7941030837475038	-4.218068484526963	4.688406139788279
HG03259	-12.741973174740098	-13.330748650802297	-8.917877649877616	28.297591603341466	-8.990419082418576	14.342101194386716	-0.8109988724464463	20.05841460968637	-19.065704576318034	-5.162555326970597
HG03265	23.392805544346526	-13.664566108454494	4.620176883946983	3.791654015670845	2.8096015752146104	1.4307322452934337	5.25566907535325	-8.079109893773829	-3.315549871424979	-4.699630879330916
HG03267	16.69256808598354	-15.733748625551462	-14.129954448004126	16.881259517725404	4.650620163973429	-23.38403388737643	-25.785915892523736	1.8555953532000835	-4.07090083782532	0.3796135069766159
HG03268	-6.850555409976008	-7.263813016218693	-20.402486059164797	6.838120298194177	-13.303011600233004	-2.75276234080597	-5.653264623456954	-5.5155813245844305	0.012215018683039869	7.501577190391161
HG03270	-8.456636073028525	-4.143578232121374	-2.9425588310580877	-0.35409526211632475	-2.3904646138067926	-7.6244809059370136	6.36044359586435	3.638271416453386	5.675055581731632	-0.3926787374737578
HG03271	-17.632972762524606	-10.834390422935243	1.808515577203728	18.89614210572025	4.5115326507367595	0.6967191349130654	11.439451348409627	0.7942837430110419	-14.264201799586253	-4.1691031475739635
HG03279	-5.293597624834746	-5.673532586180647	2.6041614193054414	1.3815419935805762	1.5956339412640452	-2.0323811009012043	1.4715166284795271	0.01227363502337564	6.1596257872665126	-4.940715008682093
HG03280	26.94342891600507	-20.716098513309934	-0.2372839536553537	22.015998537960478	2.8534703219169844	-19.359657789440647	-25.00945574806827	0.5232406941987691	-12.029012373041883	-2.73483419498968
HG03291	-1.505617999445078	-10.615516843449448	-5.453849354394471	10.129871382382381	-1.801187243371884	-1.3870198341151054	1.9959071399777608	-5.830369048029396	1.8341380851862605	2.526472547436535
HG03294	0.19393083295082447	-11.645315508709963	-5.4580483400298885	14.193931210661603	-8.680303248975157	10.006162822998807	4.0820797886780396	7.559563656365638	11.553108946668456	-9.106868302469511
HG03295	-10.57862770084168	-11.497862169013597	-4.258709518013103	25.210549825882794	7.513571445300021	7.373021052077696	7.198227162336981	15.538601736760622	-10.481947930339183	1.641861563523383
HG03297	3.267938571471221	-11.046755720632298	-2.3985583905748658	16.849592279102993	9.762203497459634	3.169093909584664	10.335134753867319	-14.924021767314565	-0.8959949362817003	8.19220371223016
HG03298	-25.87407037814939	-4.542516808800482	-3.939939723471361	7.208052924695377	-5.22658957007896	-6.385218910930728	7.159461681212427	-7.200572589066697	0.33163124100807406	7.415068301093613
HG03300	-9.594601384377631	-16.758196839439893	-4.709437204503387	34.353763245248174	-1.4399824350759505	11.430751135122199	8.66187189953018	18.104450754605672	-24.06461609579455	-3.619138757077161
HG03301	-6.353273725727847	-13.29750635436684	13.24574697681312	19.649675192168292	-4.093762333132798	0.8304741932435203	12.093902856707883	-3.8780185098521085	7.901391952017718	9.322613054911024
HG03303	21.40370596691561	-14.72397562200876	0.03852320837568057	10.181339648700687	-0.16809962418239005	-10.717943323042473	-6.855754732596879	6.354513822506086	-2.556529907467057	-1.8413798544299822
HG03304	10.20974197371045	-6.7188481970179295	-9.122846515812741	7.967440693180479	5.964966937087809	-1.3090221265455586	10.511289596278008	0.24204105533850861	4.897437890337697	-5.174253205351434
HG03311	5.082926382018945	-6.860782723762584	-24.29573779566719	2.8625386847045897	-1.2880749851979165	-7.301878668815634	2.55216187064403	3.643416699417287	0.3777610998105111	0.5671223391168226
HG03313	7.954150447135525	-14.253142219070646	11.645560857247672	13.069382045699758	-2.2990848292452313	1.696511342453676	12.87740665452323	5.0297133701535435	21.454947864003103	4.122855847515239
HG03342	24.04947643335887	-17.867889091796012	-0.7668088192777699	15.182613194754884	7.939894320982792	-18.750778128616794	-24.840839759566848	-12.421725920262546	-3.121983915520083	-1.6403007751432983
HG03343	-2.912486838959555	-19.717382874606628	12.964195042223666	33.67905049740037	0.2573343219200368	-13.82072053950129	-20.743002374974594	-4.844055572384631	-4.557636526910961	0.2645422992647011
HG03351	17.35328708334055	-9.186948488312668	-3.1433711082379596	7.132494647562592	3.2688029902613036	-6.299846082900019	-7.199886278208041	-0.06887480731513618	0.4171510614460448	-1.1801364190446395
HG03352	-10.851360587519048	-12.959368570489186	12.004367534237549	23.94211170869579	-1.9455605957220414	-21.369661302844616	-23.861990401451845	-6.910205172895279	11.979817678816326	5.896832731877891
HG03354	0.660517752893395	-10.604648685313174	-4.95933869118281	16.745429573416875	1.7798078156950483	0.5315848107187041	12.205375707181334	-2.195857940994828	-6.221782737339037	4.779796728850837
HG03363	-2.366970201487405	-11.335880949018751	-14.73801580055999	17.15063120731844	1.884848097584707	4.058321565758099	8.609221790077488	11.267832482083397	-8.291499656257718	1.7727696843265328
HG03366	-4.429899076533159	-5.983817974959616	-9.486695868164961	4.873682406348702	-2.488642474667845	-3.0301049995989304	8.001702272026021	-5.0934571282573895	1.4988038165314443	6.209433986367998
HG03367	16.63725569696565	-9.988623619623974	-2.0285293786334826	-0.4706054906076004	-7.589063501157102	-3.158207221561715	7.21154305925742	3.814726669079993	6.297069618872613	-1.1093212225765128
HG03369	1.4646848234794936	-9.852676870122274	0.03302638120587853	6.877948088800721	-8.068785621015813	-1.1174172690326751	6.261627023189606	-6.287505743115758	0.328631055936256	6.869043663057373
HG03370	2.741673275567797	-15.09364684729903	-4.150839137954128	19.924512176504525	-1.7212132202650787	-1.2223613747699107	3.2497853912156125	10.910177548997188	-4.763193741997979	-5.117580556574866
HG03372	-9.960893780628181	-6.96467737036236	-15.799802234307814	7.530743996613961	-7.4318348149512685	-1.1936889696504749	8.871950588374263	-3.696932915358567	7.618725302746325	5.153011382493581
HG03376	7.376321004102121	-13.504764977510684	0.6638564010706536	19.503647889699558	3.935406867497058	-14.384247878152847	-25.130152366093444	-2.857315866115899	-10.341784497087156	-5.2010877009580945
HG03378	-3.1180233646660995	-9.776235890168152	-5.59125413342252	7.6130683424470025	-11.376838155871592	4.7082871538315025	2.8909959167018924	2.9665289187479376	6.508824990847015	3.513291274626656
HG03380	1.2850146046699487	-12.412590809884595	-1.6214012852606496	11.64615001657304	-2.551406147303397	-2.027964646531428	13.003406377185755	-8.868117409796016	-6.379093960131268	3.6286609477792955
HG03382	-0.5225861860402132	-7.307018734712262	-4.905883772344615	4.236822467946617	-8.512781326365165	8.861668382854798	-0.4203208370701704	4.348576172847444	-2.3841748834010126	-4.106683448401803
HG03385	-1.7032718665208155	-14.430159720967275	17.41518029544983	18.88909238149345	-4.621866079293298	8.739826751485548	3.908116431230464	-7.593462434666789	-13.140675605690197	0.34303787916213785
HG03388	0.33808468234397027	-14.744080910015702	-3.592807033636636	18.142730062797774	-4.209578595003147	-23.158632898473567	-20.51434013078452	-7.302747262493503	6.573789669102019	3.5917276752656995
HG03391	15.689233539055522	-7.9188326818634405	-7.130504275415234	4.448062389981233	7.460707028013429	0.9160371068281405	8.576490382463419	-4.569732730515371	2.2099802890705873	0.444033476861366
HG03394	7.890589753514222	-10.800805598140684	3.810072294940218	13.413089498475005	-2.7761015142368968	-0.027850624539919933	-6.919066509453592	-4.256486699120907	-6.773298608057328	-1.9335867763831696
HG03397	5.0836032976671675	-10.919375608121726	5.14484620396932	10.72541863728672	-1.7434353519378276	1.8306906314718812	9.95066976533399	-0.5130293111085695	13.568133130596422	7.33813620469315
HG03401	9.016334879440944	-13.084030624634577	12.14819597237936	11.583481623089476	2.3085724186855194	1.348150025701743	8.192018784366473	-3.9802458811555494	-11.619653836146323	0.6147489542159192
HG03410	-14.292846817041879	-3.250859440433757	-13.184264879284616	-2.807922468672895	-2.4173810856788056	-6.294561007663786	3.9070482756871483	-1.4048467214094205	6.242717656591729	-0.5507454353383382
HG03419	-4.008317744280507	-6.738504188376302	-4.948374267715531	5.20078970695805	-5.498625548078966	12.57048590867571	-2.0226709859324057	-2.6511608795752015	14.319920341762645	-7.3202442006483475
HG03428	13.35706515643724	-22.3015110607671	-3.265715859401677	36.30925048078504	7.374673251441667	-30.293802081124745	-50.686472504378756	-22.90773197947988	-4.093805691480738	2.6683041036042527
HG03432	17.863541687846794	-11.834028086155618	-4.969665284616649	8.73494317681441	3.89298007661775	0.6368123712114946	3.0863491873132656	4.201407221599792	1.0678824933283624	-5.064890844457003
HG03433	13.928629399725178	-21.703288568015466	1.227729601086999	33.35096734380241	9.527529348943725	-9.42414900973691	-19.202735065945117	-7.319061501140076	-18.010060969658795	-4.418624144348926
HG03436	10.564414104567879	-6.760910896250668	-14.289227914246696	2.1071816878323077	-2.9289973637355793	-1.0860482873967976	5.629265584466809	3.7613592734461627	9.987169154407615	-1.1341144233167622
HG03437	1.6823026879068648	-13.65094817368333	-14.677855828863734	27.36866387844616	-0.9626347086213627	-14.055700117221674	-22.573869425276747	-9.908411347888883	-4.068546691984982	-5.138389248038791
HG03439	13.024233720245455	-10.714291139662024	-10.417471881537764	5.440240698542866	1.4017694951359614	-3.270785278989116	6.194451472356026	4.404949244338316	11.11248865220545	-3.7294708219297723
HG03442	-23.888273987945098	-3.0124161505423706	-2.6999609140221126	8.694000390680594	3.457615305427187	-0.7771560683547847	2.6831723100278047	5.682514665516612	0.9100598991440343	-1.0463055607328178
HG03445	-0.037934784521190076	-9.334618027951812	-9.590128964528322	17.996686503889272	0.4262615265127342	1.7281011739540153	4.720863252564761	17.711791497914227	-2.6764488726842153	-5.086355720551085
HG03446	1.3639629082281417	-9.999754423339162	-8.427081726265932	23.787583785430186	9.200516879088838	7.114493001006597	6.87533147933503	10.409649477291026	1.6047591480306789	-5.8546793276264415
HG03449	3.5260924518344874	-9.938803297130562	13.113640740595603	5.790701902165744	-1.4727582836261444	2.6431314480678743	3.112878393561469	-4.059747378933126	1.418001454664703	0.26193355401356044
HG03451	-20.947508387837594	-6.169878197319381	-15.503177915125766	11.651292658113965	-18.622619271514882	14.76233018125716	0.44936627052947775	-3.0871842591504084	-3.919460518795658	-1.6248262441378807
HG03452	-5.272185566485976	-7.851581228434389	-17.661581351449655	13.577207680540596	-2.01443332534394	3.366924886997501	0.8850405080472552	22.51199867350876	-8.592063094068218	-0.09364631685372568
HG03455	-8.159083771045108	-12.70060134379862	3.9965678610692517	25.223740617522243	11.472648837730087	7.473608245531766	13.657922845292802	-13.731859671925177	-7.542982415108438	6.615937698213385
HG03457	-4.260226985764603	-4.948278115478352	-12.897669916303547	8.943724641996958	-1.2441631013112224	7.237009650248739	1.8553733193207644	5.7574323519986566	8.175182089223927	-2.275498704557509
HG03458	10.877142155413543	-12.945930478762055	7.571717005393108	12.185951984045564	1.989827676259601	5.401203064621202	2.0737937693722825	-1.413248923462707	-8.519578150932464	-4.955967235074521
HG03460	2.0566348606810507	-10.92157657989239	-2.404317701211241	9.117621867634224	-3.1079489111568877	2.0881728008858635	6.793246248481703	14.647913762799602	0.8842477924554262	-2.0889351351966035
HG03461	5.608226209396585	-4.4699348963974845	-21.8452428350431	-2.2207894396826666	-3.113255291297632	-5.166928303848878	6.69029186906721	0.15269355185869116	1.662056085750886	2.159054865252723
HG03464	-3.7580813630106693	-8.648947430228912	-8.5988755603857	16.47713680547929	-1.3708775088935394	4.038523264665499	4.860873670282756	1.4774405834318978	0.8666129834766507	4.695168719251314
HG03469	6.3559351350507	-11.2492877057252	6.713773576333234	12.481772735808407	-1.1316077558318622	7.631775777379516	4.82575708955128	6.791178736904891	10.405690865637558	-3.220445975344813
HG03470	18.42890584822279	-12.387506831747702	3.404007815818138	5.663708587594646	3.9908581438569444	6.776327284785244	3.819253180075511	4.595735941705186	8.662441099479569	-10.55986502808233
HG03472	0.564808091137019	-9.338343811120074	-2.141919010894079	8.699076797551408	-7.071483684248456	2.955047089245348	4.269577817063264	3.4882899821072435	-6.919429107097516	-0.7245642322991169
HG03473	11.555608121960557	-8.031371808894725	-13.71104572087774	1.5707389031901455	3.117095572944929	0.8889484603472381	7.418554485744983	-4.235250745645929	0.004327089102970527	-1.9359865472153752
HG03476	6.173334993058239	-19.72327329323825	6.615285335969039	24.632035074589528	-3.144219283009744	-22.083837589646887	-23.132323071778327	-3.7872678629457974	-3.4779880135341923	-2.699280416347442
HG03478	-0.47348648168364854	-10.571537892812412	-2.134256870148616	8.61434419465127	-4.134740003813347	1.4641761906338713	5.167955492871415	3.675925043002529	5.285551516468274	1.605263635690138
HG03479	-2.806078761519543	-10.561846258242525	-12.513858274437858	9.080063025968471	-15.094139796544122	-0.19824187218850475	7.247498389987576	7.939037368187497	-1.949545572387653	0.8770676729295068
HG03484	15.560595036799697	-10.456849739010968	-5.395682077305163	9.704961714726487	6.422939789651625	3.2109813375433784	1.8516771141257569	3.2621619852229182	-3.9751890011536943	-3.093682312771039
HG03485	9.949137411859523	-13.382227316671338	8.338607325611525	17.844859891771858	3.4101807032543463	6.478291212755465	6.129263112444043	2.786699035532033	-10.648143269548267	-5.046823717429704
HG03488	0.6354578632614596	-2.425450423283895	-23.537982010090253	-8.66864480111472	-8.344083598442715	4.711473353149275	0.0745023309572273	-3.3732345939633346	4.290279663295584	-9.748412764056036
HG03490	17.10754599702519	2.1013375946584594	-2.509657922724619	-8.976064730774194	-11.470078963988463	-3.918798618076408	-3.6012842171464525	11.478752196600453	-8.716097213525961	8.617620808522464
HG03491	20.992554132092476	18.255553196698507	1.7866172895093877	2.7112907297459374	0.8308848747100548	1.1790631092750377	1.6337269061091053	-3.9846254394311824	0.8163339119434669	1.090445473136088
HG03499	-2.1102328837720057	-8.140433975374698	-10.086695488873113	9.215108499929853	-8.775219362985949	3.2955857240805786	6.246022726496909	6.9055931902331675	6.558614109203127	-3.629021374445172
HG03511	2.805928041479657	-11.866655580870313	-4.940929801468119	10.165048809368368	-12.17585705491909	4.699329991692792	9.385632752212775	2.9009894355581367	17.065168747919596	7.498625829650976
HG03514	14.308421039256784	-10.575457494999853	-10.463270105540593	3.220328948082512	3.46266200067067	-6.104740602926266	0.7793799523776028	-4.0096931807706655	-2.2611139314508844	-0.7497713277497513
HG03515	17.059302806801572	-16.242360160281198	-13.092451975159697	12.67725231029621	-0.30520780058750097	-27.288170078834245	-24.60175556588863	-6.02054055211089	-5.682749231417292	-0.8280550431623179
HG03517	17.999237168860486	-10.94154570149527	-3.8965143226089993	12.317410644243004	8.467196609804017	-3.843996651604632	-2.9789379733537578	-0.8914664563486021	1.5411890213213317	-0.24033013392170105
HG03518	10.619973776746649	-7.877175236394239	-13.1386215426081	9.199190868558182	2.081888595238759	1.5051514982920275	5.871620989322658	-1.9752604868465407	-0.033933890924627785	-0.35043348977321875
HG03520	10.964865204487456	-10.59197409879792	-17.24011457860129	11.983704291716268	9.140117035480335	-2.3335698497471986	11.54152670056047	4.7553028278992695	5.487620793354772	-3.5422328131642855
HG03521	-0.6059083414066296	-12.147900020126757	-7.735201413891804	13.869638126665139	-3.0444844630851042	2.9556937010554694	10.142910871122101	-0.0025835230873798576	7.807347501780935	2.500876859639493
HG03538	1.6315821593151627	-8.278340869818166	-0.3098475119838245	15.423370329230895	4.07120705109217	1.377223498203791	10.35915264098671	-4.039673369818743	-3.202054715042936	6.021961631955132
HG03539	-9.394238583783794	-12.34683854564119	5.258078770426452	19.502505597231604	-11.101246581338271	6.370530367345854	8.880601060990264	1.9055134025810385	7.837908678418761	7.3118633478992905
HG03547	3.7036680588584234	-2.6872241621341444	-15.789778121307775	-2.9745457805347466	-1.877627600655827	0.03814910664156107	3.3689713487077486	-1.080946377880512	1.455826593793737	0.7304486477770592
HG03548	16.02935831257056	-11.398507720283687	-5.848613757662859	7.928548096351672	-5.473028678064115	-1.0983017493591258	-10.362254684546704	-0.23163942049324326	13.060985472535043	-7.370104067287237
HG03556	-7.327250056653896	-11.619882657919296	18.184334477746294	12.393375858342523	-5.829129702009802	0.44822255234735675	-3.660594926309133	10.839504597831288	0.7398101805236539	0.06335093548511518
HG03557	21.284462219037906	-12.231558795272067	4.902072232658845	2.9637601231047523	-3.7048351629958267	-3.3946720912390447	-6.912293527610621	-2.246218782618045	11.518546161196337	-0.38962169837781535
HG03558	-8.969350565710439	-10.438794843412175	14.853525780364306	12.383290077999018	-4.453230574723837	8.183418525763905	2.1793455966462	1.5004843296336596	9.57385312256464	-1.6730283407947377
HG03559	0.37173894616041236	-14.244254781473085	-18.547556453432634	29.30404210698636	-2.2063101257695497	-19.25769312953828	-29.626026164433508	6.114839791278316	-1.4588499332863198	-3.925227927636391
HG03563	11.64383254238224	-5.691042204304319	-8.641557327021443	1.3556642707550066	1.6364573067869435	-0.6780394534489536	5.4017312481539	-1.4699329205033775	2.618677891593066	2.348111920618486
HG03565	4.746363841077735	-12.31171561997716	5.4789012723506385	9.742632783058736	2.2710709314566975	2.2720292204133967	8.60354002912405	-10.916505112475948	3.566269949514437	5.002526525482553
HG03567	1.380368448950983	-9.621615017388871	-1.6062531135974476	7.701822887351107	-2.2738547285327995	0.22294181301080673	6.871752189379565	-8.105491385051007	-1.4722926448123494	7.344587242380134
HG03571	7.283383171020082	-7.327967766660385	-16.768795001026444	4.743969673332238	-1.874814175541308	0.13883032594958666	7.698792550586366	-2.1853922195610402	9.61114601728684	-5.915762364382911
HG03572	6.612364590465104	-7.604548590131406	-15.825993686272056	7.624378242139673	2.4760862884848205	4.085541832010643	2.548328739091424	12.503652177665641	12.27021797431454	-2.8763267463905056
HG03575	-3.76447528352634	-8.26920656312177	-7.530125024825397	9.35600021216869	-2.3601328918662725	-3.2122942514474913	13.577924650130381	-1.41156640453245	-1.6685199441852183	3.2118303832966957
HG03577	8.16861855265585	-15.61661537821808	8.704497022306517	11.134606860569175	-1.0509771118828237	1.0466832376988875	8.410573349675465	-11.341063747396062	1.932588522479346	0.4310421989648511
HG03578	10.387910512941572	-16.378981336441818	10.304876972797505	16.426423589308246	-1.1432392684431172	2.3253415364572985	8.354104184810572	8.101426233829404	11.152990698081618	5.614371216975786
HG03583	13.241681121036311	-4.688300447009518	-11.902411257079349	0.18516662524565797	-0.9691390061163978	0.6199014689366655	4.836448932317115	-8.298126339667913	5.250239320674708	4.973667445588114
HG03585	-1.1310331009394055	31.410212210401006	5.714765033833133	11.938681940361425	17.201976636814756	-1.3397367053127696	2.802672639351815	3.7686019208935306	-2.2026598324902844	6.4870160018651415
HG03589	-20.75168984512036	-0.18833287053239078	-9.294476729870139	-3.141246638533018	-10.158307254571119	5.714092010428381	-0.8578535883982572	-1.376527178111548	-3.01170044071545	20.812811886234307
HG03593	16.232318797272292	31.300364413291884	-4.5701155100483595	6.567791487730057	10.921804485788337	-1.5055019715894529	2.18075662954815	-0.0853747257844808	-7.520678296321113	4.248673433987665
HG03594	6.413503376880017	0.704660184740662	-10.132049295050265	-8.396616943448144	-8.340593773245995	8.571081095239197	-5.489708222405636	-3.843976492462059	-0.4762851185302883	-6.860523623997249
HG03595	17.800551615963684	-6.172860424647933	1.649743264914433	-10.388747411167753	-2.4528198297299366	0.883925062302593	-0.5319733578139485	4.798571475585658	-0.9072639622528783	2.3248869476148872
HG03598	7.439478068858607	26.897830562413827	15.97923874394137	8.320876650855643	-5.017039444780411	-0.055188092393714305	-0.9959067489608293	-0.7687911843907569	1.4091787369849942	1.8406125943196447
HG03600	-32.93586199941672	3.6906930319487046	-2.345034335606589	-5.508380208662936	-0.30151885033374354	-6.595850465692087	-1.3313919761600537	3.7458715263588145	0.4900842533235712	1.3699299605502921
HG03603	-12.154018645812076	0.5685486223215305	-7.178348955678153	-4.375148791730081	10.75777512270842	3.775969992407154	-0.14281536602526806	-4.863616978670789	1.0142341798628582	5.908098447592943
HG03604	7.9990381888109345	6.411816136749707	-15.376615038051012	-5.572656054466367	13.266555615941764	8.283584968909686	-3.002232060607148	1.132052265101553	-4.4751289994399	8.076317852010648
HG03607	-10.450768196980414	1.1556665369522001	-5.87343746095315	-6.057401246521552	6.584032051239614	3.521381768159845	-1.0311042569237023	-7.238271570739756	4.564484805494336	-0.8939208666121967
HG03611	-18.3693930811012	25.851576496795996	13.197018849103177	15.406621738277062	15.01124214289451	-4.983127492626431	6.525240663048598	-7.212462828168768	2.55188504881703	-2.2372844790099395
HG03615	11.508101246108957	33.287452726943734	-10.879020891495681	5.743632835473376	-4.118920730730949	-5.290257471484877	3.4385894827758476	-4.943140607441703	-6.342620592447578	7.802391789418346
HG03616	21.178293649473865	23.125942126442023	5.409851510935608	6.601733463466586	-2.9402946303500426	-4.2049248009892874	5.719175020318098	-3.5161830834338272	-6.999257543405972	-5.775100771996552
HG03619	-16.019386394331224	3.1365647047079657	-10.326731207055165	-7.947854620428487	3.6045984267080815	-10.03364614603166	5.3743209854689935	1.2976830513142725	-1.8630433149551129	-0.3869050955469584
HG03624	-25.53960420759265	-0.31082249760340536	11.47595204708929	-2.0380319785730356	7.972257502082306	-6.878082937281821	1.9467048074147195	3.93333469738476	-0.07683253405098178	0.36122051678794465
HG03625	0.3015736594310763	28.250387538319135	13.106764361803386	5.403059606381845	4.953576506507622	-5.965192081270072	0.042138091067031036	4.9147737640373865	4.380676976057949	-4.327483713958613
HG03629	12.630373391657042	-4.164290735946935	-8.5721343067768	-9.948306380867477	-6.163502271983279	3.6581826368293826	0.849873907966967	-5.27213186349024	1.7645449671479043	9.254429721334047
HG03631	18.19029740198393	-6.753671583408233	10.551124928775275	-8.36953674998061	-0.7557650806392224	-2.2215083500964283	1.5288421556016731	-5.55936776801647	-5.038680134468073	-7.786757937885481
HG03634	11.552835756196307	0.873417849258505	-5.577155372683398	-13.619926602527014	-3.3640495573403353	-6.117950280678302	2.8254423924774974	0.8069506108203863	-6.163175602713868	-2.22335501565745
HG03636	-24.243761105854002	-3.343550276055774	13.653181762266119	-0.9698033572357223	7.88993471949679	-5.993270485822111	3.077272766231909	-6.060182292880295	2.24200551752321	-0.029029193021201855
HG03640	3.070281680986968	29.027768835936897	12.701222732674323	7.451229186323094	4.0316708953880624	-5.080253407049752	0.15284426544240404	9.558636168258243	1.1815777167148864	2.909535300152126
HG03642	10.968589030677775	7.650642571618082	-6.739286912498306	-8.976885709687762	-5.062972415856686	-0.5738123527913824	-1.5797155985734883	3.618417399010486	-3.8094466600659356	1.5584055993974362
HG03643	15.797028580637317	-3.3088884132996204	4.063990599330134	-12.328724052170541	-8.756544233567752	-3.0793543777051324	0.9039583937555529	2.026982439222237	-4.605152424594394	-0.5356776956392245
HG03644	22.646283243544552	54.22930986330099	0.9283730194025883	12.851002496349288	-3.0636363211501116	-1.448806390124926	-0.5088757349506572	5.36453308336816	-3.0953647673328737	9.162264807315527
HG03645	-4.980791550615178	-2.8535495187286917	1.6828351657737957	-4.616980317670487	-2.726669932699132	-5.039708093612455	0.8490402377505135	-1.818629610156674	-8.607446595180532	4.572242958350577
HG03646	21.27145644512174	35.34862172917774	5.294182569627547	5.414328686393878	-5.000574650987062	-2.6695114649765124	-0.6975559844091926	5.245476965395531	-4.560197888914461	3.3643258084629153
HG03649	9.562407750812604	0.5015215740682575	-5.755564848740777	-9.60473885266447	-0.16456394749476744	-2.313033480034458	1.5219491482682523	0.7210354004846545	-3.2081092339199344	3.0634846676212866
HG03652	3.8408226527287965	-4.6760363605588005	21.904036345631763	-7.324331055057013	-3.3609368937338844	-3.755553819645745	1.0418939702841001	2.778294935169535	3.3568311318694484	-4.266467437408623
HG03653	-5.050552397544466	28.421324718165895	-0.6449323942620862	3.9969457453263924	-0.09800541083674824	-8.622918415668693	5.185368277385723	-5.646391100144635	-1.6430815789029918	-3.115861801928186
HG03660	-1.5776620609612266	30.634941098061706	5.451741508489085	9.023933571281393	10.20534895863542	-3.3035657224920296	1.5714106382269406	-2.4547365894965902	-4.424422298538667	1.5421792344744425
HG03663	3.359038209652944	27.589765182499995	1.1582622254910018	12.736415860358282	13.421274998593214	5.990364177216314	1.1938415611746616	3.7430364222482932	-6.408836183863611	-5.143273633677871
HG03667	14.210347564616233	5.522203853512179	-5.89880179637183	-8.686748607819322	-6.962617218523583	2.0992483336544967	-6.687354783128669	5.685602219121897	-6.522703361182431	8.88713909050584
HG03668	9.902616188635598	-1.9692223605896295	-2.486847559337159	-11.609815359807252	-5.222857418279875	-3.3795248351903835	-2.0672080433172284	8.435470356021325	3.1203086591232543	-0.9708921244303508
HG03672	-9.254821950959737	-0.35511004461084367	1.1257723144729068	-3.36881400204317	-4.504498657014089	6.468403027413119	-5.972684056182409	4.599829615934562	2.6037466553512085	-5.729668802529074
HG03673	12.340663133267983	2.5039270461410066	1.2472497898559998	-11.365747308318468	0.27013139479003523	-2.140655501303761	-5.8407780989303975	14.21370474416182	-3.1774165803890204	5.760283118554885
HG03679	-21.377354981926583	-3.3473040561052616	22.57127391529031	-0.8320398107381016	10.13046221360882	-6.596803671658354	2.6790932739335265	5.940487713720784	6.061738827808902	-2.31335700633761
HG03680	16.994325768320042	-0.732643785716321	0.5161803741786191	-5.663264038584645	-1.5110224934319236	1.6519040480983096	-2.804268036801688	7.776360556084436	-9.596065597176217	9.23735239481989
HG03681	18.976523489071084	3.723810877200556	7.010803641943475	-7.302426881117557	-1.5678728624937497	8.687302120136675	-11.35894668970818	10.768083650528407	-3.092842349458025	12.281508304655462
HG03684	-10.300955928100404	47.18821181959845	11.187625819564923	22.452855545627443	-10.067677569653721	-8.500667175852954	7.46452264863568	-6.79032040677289	1.679405626249577	-0.5527590180454477
HG03685	7.345537523715371	-6.953373803193005	-6.9399345810669715	-7.278785021067456	-0.7732123482768153	-6.6746431695057975	6.012259432662404	-3.9681245337783198	-4.793438211835111	-5.565003064863538
HG03686	3.2241825351249864	25.395115750479754	13.882648538426164	7.789717752257584	-3.81725836981122	-5.183322167569917	-0.3646425773942849	7.7363690693233105	3.397192186395568	3.719933117893647
HG03687	10.135383483753966	7.140191108889886	-3.4804780912169013	-9.71278120401358	-4.5647678155115265	-6.238687415949736	2.126994235113238	4.003565667356418	-7.059375955808433	-2.3185534424687413
HG03689	12.942897003791419	-2.7872643950327136	-8.943424851296838	-11.615490693487484	-6.093028716447579	4.1735612157681174	-1.758041584862216	-1.0299698077175239	0.9317939355206206	9.243066755447758
HG03690	-2.0954158952699453	5.126327309981699	9.088894710728363	0.06845443670262863	17.6374142790944	3.799405315346645	-1.5873498580537087	4.137930639384781	-1.1038696071647502	9.066223715858419
HG03691	11.155357807184426	27.427569533418826	10.438144345247602	12.662383595733722	-1.9272113361840015	8.538865749185302	-3.5792764511975133	9.17015191933101	-8.3537286433587	3.6228399375757774
HG03692	13.752284266425075	0.6261940558567554	-9.610957149781052	-10.093067437865269	0.6509202822911995	8.085890118832987	-6.87886943585773	12.81412469096733	-0.40880473665797734	21.486350199363663
HG03693	3.3045693689136537	24.806839642687255	5.532939052550836	6.4039769328789005	-7.928237916701019	-2.9176825580070576	3.3744431880665116	-1.8862392151603748	-3.0602549256984117	8.60739642270389
HG03694	7.740633875198312	-2.242703096996274	-5.023868721481167	-6.732913921464222	2.79599649588319	-3.9202643801790034	-0.06182960069705079	2.596312774993927	-6.785261631393456	0.6308433745368673
HG03695	-25.56127585615432	-1.3874549068832691	10.361515786998341	-1.0545025873258767	6.325670423681176	-7.455078393187703	3.0342696889933194	0.5471786655018204	-0.09761600590266317	-2.1404709785131244
HG03696	7.461401635335702	7.2992093934336815	-15.736930120302798	-8.472029756914377	9.486995134782996	6.0960889816634145	-5.3667507490162025	10.389604639383936	-7.095532604687033	14.963615483648502
HG03697	2.0501334403531075	-3.845201161423538	10.298651775061186	-0.37299830671383416	12.120478444704597	-2.344000269426611	5.2142742504689625	1.5132929221275258	-11.99514510313301	-3.1712052730361537
HG03698	22.621561368681053	-7.864031807095144	9.27132314691371	-6.823246395753335	-4.322958766895783	0.5067516707314761	1.1765739548601908	-5.090436936709049	-13.32046383635505	2.9116687039813614
HG03702	-4.316770690514741	-3.8133221426996924	5.854144692745961	-7.282802909870226	-0.341528268483511	-2.2559711842352583	0.10352495743753765	-3.522340505519184	0.16038747642996476	-2.8793837262948228
HG03703	-8.177617745463303	0.7143119252170061	1.7543142888145111	-4.618334743581703	9.609805006525397	-1.1190807080928726	0.011746638490722924	-1.4712743923339704	-4.101598528110023	1.7625972943472357
HG03705	13.377482450599867	-4.309803601660347	-3.1770693069828564	-13.399799739448742	-5.234391326287983	-3.7884149028957617	1.3275640939939772	-0.4486987062928798	-3.9377842526160656	-3.463683552808518
HG03706	3.5818474201919304	-4.805658043877433	18.899195942282873	-2.5117919205819383	5.014624908343143	-4.080042393095068	3.7638254638099857	10.699766129151236	-4.222458267198838	-0.48679906613185286
HG03708	-0.48346049634576144	3.82436142635588	12.91232999124235	-6.4401873148094	0.6295503610713478	-2.824198506953939	-4.993152701396804	14.739185725520796	-2.548055920124212	5.375465077624488
HG03709	20.325666594254507	-3.018912530614159	9.261585870813853	-9.328389526392996	2.6494131627596365	5.711259652675952	-2.448972009397973	0.9985092802078208	1.4526156468969873	3.065131342503304
HG03711	-15.90138388421656	3.7827659845565247	-12.197526249572373	-7.618084304078318	-2.220598894261789	-4.976177198432124	-0.5946100848515513	1.2993253583779425	-1.2241190228156102	1.1104607428836233
HG03713	-8.454471531824787	1.1260423482337938	-16.981772741854776	-7.769198908501188	-9.006880603648279	4.742563342220743	-1.556124816744616	-3.4097737986363454	-2.8115678167859075	14.602727980920596
HG03714	-23.02733756334021	24.598434993657445	9.309826944350554	6.975142133966972	0.5118267883275223	-11.293046303032375	3.0232017666028024	0.3441718331722603	0.8695041726591022	-3.0182466099112113
HG03716	12.726500857039678	2.643391417133893	-0.7971647707403661	-11.314777995231575	-5.608639724335778	4.518155387562799	-3.9885986286709163	1.89636795010536	-4.545390102949498	-8.456101426429676
HG03717	3.3792061218298195	22.675364819490575	11.769720811208476	8.200735896367135	-3.984430294392958	-4.003131036454247	0.6936144713469037	1.723479454174667	-0.4311115367987158	4.3275205146808435
HG03718	4.4389586201923015	-5.015844722486847	18.6919113876732	-3.0319811909298995	-3.818050406111491	-3.0363564606257247	0.372395967339616	2.908543271729762	-0.2929509919748877	-2.3721841472167435
HG03720	-4.508117172175347	1.9056137153579187	7.5824034702111325	-6.9964599269736105	-1.0715229575544756	-8.202380047208768	1.6402702827692073	10.210387031502616	-1.5889441347253026	-2.829094112412811
HG03722	12.35071402439772	0.44231647804648255	-1.9493289652507797	-9.434345911960504	-6.106686583542818	9.4935474666256	-5.648394579699781	0.43497554084304446	1.2262773722677007	-11.841141131136482
HG03727	0.5269009009434353	0.5702010182547669	1.0455095710584397	-2.87320504364254	-4.49032115258943	4.5476704912621875	-2.73407531329409	5.875577768536519	-9.470751615241669	17.88319149686274
HG03729	18.15775653809757	2.064936509618038	2.4041301048861774	-7.516490064335947	-10.202790275200966	-1.3690193972964793	-3.809183337719928	5.973764726518308	-6.656827703906299	5.4296422214609965
HG03730	10.15096731816148	26.073699626251116	-13.06620977648356	5.03118296120207	-4.072994506172079	0.6285495281308444	3.221346512148211	-11.315347233985193	-2.179801121918766	-14.173514940203654
HG03731	7.462749577866273	5.075598731600565	-9.606592192746813	-6.944890831296308	-2.4277794183015007	12.699030259940956	-10.165292089773581	9.340451909370847	-3.4033535287327235	2.1881190237201125
HG03733	5.9673191233692355	-4.822863951871525	9.188400146990455	-1.361654985003596	-7.941907232440043	-0.8283943095661668	0.9612182887400069	1.3645708426612309	-10.06808607949598	0.6809613491128528
HG03736	18.488880220258288	-1.6476230680566737	4.594149285089488	-10.947309420849727	-4.963810195316078	1.0620141159674237	-2.4820736811531514	6.019300698927756	0.2743216460064136	-2.6741766685417305
HG03738	14.318231091961898	9.795262768580002	0.2854223906971068	-6.053112527162767	15.022017857053926	7.248175601643334	-7.920841525426663	15.249671933010768	-6.846035686227155	18.876501986417964
HG03740	-17.536009920966528	6.5323057993184825	6.49517601756371	8.024637026677517	16.726620240021695	10.452823839494494	-2.7571871300104425	-3.0545462961491125	-5.751130317192031	-3.834524182594913
HG03741	-7.181160625841683	3.732136735842216	3.480953821679944	-9.001003931529715	-2.798499108295708	-3.140748489363106	-2.2404221536713855	3.573963173005871	-4.710684767508923	-7.971652963173551
HG03742	13.213388512681055	5.279308592474196	-2.50748995198865	-8.185555258237985	-11.901358192386661	-2.173784793034901	-1.8723208553587474	4.046628968026248	-6.568397727384731	7.819840089869762
HG03743	-25.857808792999077	0.9200129800027164	10.614319478689985	-3.2431200557741735	7.081766522992029	-7.69240049451568	0.06616686468645472	8.661494133892234	2.446085800529767	-0.001914277606728021
HG03744	2.5795226970790104	23.643961144870826	-14.920523841793308	-1.8213559263486778	-3.0989574915142475	-9.087393865039147	2.3039277251771098	5.423295028728157	3.9814047633825336	1.349539308657056
HG03745	18.036348689972087	-6.221908010294033	5.556435068365845	-10.927182739410323	-2.3394079913401176	1.0187224535004744	0.3135343682568137	2.5951077949918893	-3.292363281162838	3.7259255606493014
HG03746	-2.142290853857441	26.611177750957175	4.214676988118427	9.06809060128798	11.552351656222324	-5.9621681577154915	8.41822789821567	-8.338105304305083	-0.27088846315154125	-1.939173506590954
HG03750	-10.619249271520665	3.7829233119627297	-8.456759979159294	-5.891816685440804	9.723299496052865	2.8732722582183117	-3.8166111516394787	1.9718068512137434	-2.505543533604329	14.159341351872934
HG03752	17.50685689663043	2.172639196534894	1.1831897298028644	-10.529049114168156	-9.275334034555707	2.905801783398161	-6.418290905021096	8.534284755354006	-7.02526012484227	-0.4476871028743967
HG03753	19.502647261540737	-4.09859643553268	12.031758169305068	-8.048792844864371	1.7630000031784794	7.930818425048667	-6.055690014064893	4.510948695597164	6.026341730656274	-0.3629816677738398
HG03754	2.4195154154349927	7.315748626659731	-20.621253576878534	-9.888360272634994	-5.8137691999510945	10.655474743840308	-7.257862372806232	7.065130414540414	-0.41773639273966934	-0.10506088535498537
HG03755	-4.55677144629168	4.94849557543482	6.824161828374436	-5.496848692916691	3.9364074546088377	-0.3398090020955272	-6.724395155156573	13.721196898161107	-3.1796456528742394	7.024654927950383
HG03756	11.100887184441964	12.605974812050006	-6.727104733141332	-5.00772252883189	0.31500457046054686	0.9943457881556992	-4.271592625093646	9.435743370627778	-4.600037696054455	10.982825607995549
HG03757	-6.7246081898007075	-0.2795088740858762	-1.8369791054281965	-6.689725900597677	-5.908546644865952	-4.534243775290798	-3.3488017107136185	2.0859174700972263	-4.744238355782251	9.412276872052335
HG03760	21.734963759617422	-3.6398981993471384	12.383835220584329	-9.817790533669786	-5.948639157476574	0.019810055554156936	-1.6959613542634162	3.2144386929969064	-4.4149252942134485	0.9954263029481702
HG03762	4.237830953548079	-6.809392871330534	19.28374335653135	-6.129930469725237	-4.542297712665012	-2.4150555996500804	-0.9871364083711676	2.034633807004176	1.7957182967824294	-1.9259131264710263
HG03765	-5.049130065772835	-4.029103080990523	-9.946515787182253	-1.403308999746824	5.3888653221053335	2.599896244699926	3.8690605612886535	-7.87746581069236	-12.101209122107939	8.140228987752247
HG03767	3.0517143557656663	-7.080681260278457	17.842334837893745	-4.375511394253644	0.5168669397796899	-0.058846093492646245	-0.18015183463549178	2.791303426565508	5.753940180523139	-0.977973191111474
HG03770	0.9943678594388181	29.626896164487004	-0.9070160965415257	15.51005545163296	4.5619033350822855	6.547353191168117	-0.9528926861355927	-1.5958245182460473	-8.37395937196507	-5.111739740449471
HG03771	2.508577778914246	17.47938180117157	15.368025798696369	3.7811410425654293	-0.8245284532722397	-4.136851507862909	3.0182047957873417	-2.94641256050018	6.572315557208209	-4.3460197065710595
HG03772	-5.857726155071707	-2.8569514915903365	5.195711011728977	-6.109346277049316	2.7427935605230376	-6.42057321308457	1.2216924038753376	6.010071708807361	-7.812329502462733	-1.8628939716931625
HG03773	2.2989250673729753	-6.95969855880904	19.206233714618175	-2.960931482213757	0.2649498097768029	-5.359320073733154	4.818558513643053	0.43367183878139604	-5.706536066660197	-2.5253225650649616
HG03774	23.662950603897325	-5.943923722580853	8.371122220380478	-6.931235628161641	-0.5494347804855968	0.559424610444857	-0.5874888687498455	4.605046336464036	-11.16717428741011	3.064254186098426
HG03775	22.73614511178451	55.43939711924866	0.008191661392628613	16.860090913263008	-4.43027805500486	-5.868273887497565	5.358663240473229	-3.4296476765581954	-1.657933103601731	-0.32699482245814565
HG03777	21.584045917904646	22.91445633298254	4.95826442721779	2.37606734340008	-4.946940611655746	-2.135731189760034	0.9907833029023138	-1.2936507999485967	-1.3081272922850333	1.2285961279937552
HG03778	-16.195689230647403	2.877373358715583	-12.014531738669666	-7.187860920247071	-1.6458186403374386	-6.8473675375771	2.1417233290430913	2.629474242852002	-0.6698680722971762	-0.0466240427653887
HG03779	7.412790702203884	2.9286555909078027	-13.010502385611472	-5.450173211815702	-10.024975266818183	-0.11642898836646914	2.1226291592646063	-6.505232180331081	-2.163569297757538	4.455372547032727
HG03780	2.903286461581517	-2.8971094332859164	16.08399279664384	-6.810024307686994	0.15232522023174844	0.4744476155008358	-4.117836951266445	4.196449470178459	-3.10121303224554	7.9279915422099965
HG03781	-8.703011335488462	1.7574428970381772	-2.798055111735962	-6.518608860877277	11.955534133097705	-0.646235556249516	-1.7356476706418402	-3.3974904330552222	-4.919070005191438	6.308221457824396
HG03782	22.486003355724733	-6.551245098260619	12.088893090573697	-12.85664577366167	-3.1244792628571907	1.206635331872377	-2.2818966642438205	3.425790309979874	-1.3052470806943384	-1.5341613536332486
HG03784	-15.025888546920667	-7.160957828009839	15.664875275546644	4.895468140098385	13.494586150698812	-0.43329559813117063	6.359177691093582	-8.853950686716878	-10.351388378072713	2.261065750174733
HG03785	5.4469302827158	29.54352898165052	14.741607649968703	9.905430736986693	-3.6638536668668675	-3.7345381971778115	-0.9060951291511566	5.194702333990694	-0.6283355716714709	2.8969831696765698
HG03786	6.011388509889117	27.211914491741215	-7.401755960315192	4.339983124347152	2.09672495169557	-12.330551966076541	10.651362809694486	0.4753833792763076	6.2360704538746985	-8.292400961664756
HG03787	6.768333954810608	30.5964590147066	5.685951944483915	14.267241010419673	-10.019823659298211	-2.37931128381089	2.6075480197551943	-3.849403268378177	-3.27689618981384	6.421435743156069
HG03788	-11.706043899496454	-1.5372690839207248	-17.733399898088503	-6.593358369348973	-8.36135004492141	2.970100895166648	0.9317815153872564	-8.68715406512198	0.5955864279462333	12.828607137935329
HG03789	9.670795708155904	-1.0387305283452615	-6.923213032074638	-8.788084531533823	5.01897536575395	-2.6166950513361944	4.961045459670593	-8.1531890761336	-6.545294876195373	-0.8327878893379158
HG03790	-1.5234685789542708	-3.973929046505361	7.855924963593101	-0.9067412139727148	2.183496105528095	-6.374884555687309	6.431073637541804	2.028323300956572	-10.960536560466462	-3.4239789033413985
HG03792	22.23548031458978	-8.606481874619986	10.871752630675976	-8.276068769663315	1.5962884581412555	2.001822612499451	-0.25735671743613087	3.982910854791138	-6.7586588920634085	-0.341654268030531
HG03793	-11.73642991474939	0.8148378251365606	-9.373483444955896	-6.6478219745762015	9.736149810347575	1.7298593470632577	0.7287703197376226	-5.663966320580601	-1.568559971916896	8.973483261381597
HG03796	0.04205020424844583	23.31513043426488	4.061632124109918	10.203430892147294	14.930137270615575	2.2940325288760803	3.2770007183274137	-10.494983325781266	3.3613820421849896	-3.9628470021448416
HG03800	-5.518591727628588	7.157612122684674	14.305316202403056	-5.486720279418588	15.02107383286948	-5.186644708536322	-3.499048389824933	12.890133122648194	-4.610903230562689	0.24844601246015874
HG03802	4.794611128051289	21.884467726195854	12.116082342403194	12.73194559406494	-2.193233924014252	-4.910892304878847	8.535958584536083	1.8239713623089582	6.998438156402936	0.9069249491735588
HG03803	-16.998465925261545	25.42734285594801	-0.9977232421444837	17.540071006286873	-13.096071490291939	10.918552261240174	-0.7422931167890285	-10.658364090340712	-3.3381213780089087	-11.016179623570691
HG03805	-1.2027123164959572	5.130734865439813	-1.6726071167589096	-3.715016270574231	-8.56136171597937	8.382070785792822	-6.236272029725051	2.6074154529083335	-3.9865364382281365	12.342214985566317
HG03808	8.365049994313576	0.6821168993812871	-2.2121851150421277	-14.095240753762296	-0.9250792917440378	-9.037762382939352	1.095038281759573	6.556312361498026	-2.371613025070522	-7.101378961521081
HG03809	-1.1896945335824034	0.8469530616896463	11.241280279811752	-6.300789454992992	-6.612817328098651	-0.7531961720980114	-5.7210253292935445	6.829752299432757	-0.8358108909042382	6.0248555350322635
HG03812	1.8321601061708108	19.658712754880348	15.45927517009129	5.129478598334294	-0.3363390104835251	-5.568653088421692	2.151689759211509	3.296520534695779	8.84043115983327	-3.9799077095990145
HG03814	-4.206995825685035	9.936991706156476	-9.308857832761444	-0.9314341617064457	6.328914670973688	7.762670059374886	-3.3403691988416386	-0.8927613833284264	-9.43247832975912	18.54905653881155
HG03815	-9.560472441309093	1.337951402970372	1.2570402478936376	-6.6398131657512325	6.569813710753631	-7.101614522384621	3.6462606209875017	4.533812744060461	0.49283592486705674	0.485739655217288
HG03817	-3.738571570254795	1.00147324486519	12.544254168741595	-0.9076210392938961	16.73956065884093	-3.284969317162933	-0.41295089579676	6.06489113432341	-7.7383705244772605	-0.3942523904947344
HG03821	-5.512403727194412	-4.297912650684584	-1.1905100954994452	-4.320044597864646	-3.796388678798233	0.3750730851398296	2.2183554699482877	-0.9145766880871162	3.5082867945316507	9.253049028973379
HG03823	15.312655846196574	-1.3683241292352248	1.5492368339344162	-11.318320816612102	-8.535362161938606	-3.382860716256575	-0.35520971326178985	6.384301494232235	-4.99450401521988	1.0140928325896348
HG03824	-12.988197049363862	1.2527331654571339	-18.833660353232553	-5.90720416641301	-6.401743254718893	13.154675489275409	-5.742110265504366	-1.6477477455445575	1.0699769796620526	6.545968708413585
HG03826	22.701679837883294	27.96249818880251	4.545697731683747	4.389350178746084	-1.2856941615611954	-0.5899155424456346	-0.5649788912400999	6.985275111649042	-2.585620518834892	4.288419585878153
HG03829	-30.13020258553509	-0.5072038206440393	3.9429031824218166	-0.16627470235268105	13.712265239894517	-8.84283712265929	5.46241394265726	-1.9397871847099313	-0.42093628451489284	-1.3311843109871895
HG03830	5.360899962499792	-0.9533418534251049	20.39969403892631	-6.259465523901041	-3.553458279241922	-1.8716466641755516	-4.323928723061733	4.663907785394461	-3.0351483775085226	2.8680906480076627
HG03832	0.5527280009560094	4.5558005046628445	-23.204861619074418	-9.755153234954358	-3.2321360623135176	-2.553411111972409	2.829470236623164	-7.0460890114675685	-4.392743282770308	3.9331600369518185
HG03833	-24.33484656315683	0.5687706069675567	13.150926977763271	-3.375697973051545	-0.6671723423852697	-8.34434410347611	1.5439837569438837	-2.957903824188774	-0.13369784394074236	-0.6186313435962028
HG03836	21.725267167439537	33.00208257318616	4.799786900446647	5.177104149420529	-4.579661338254808	2.180637405048375	-3.1593686257449773	6.6476744919764785	-5.181457790508141	-2.9446637569704825
HG03837	12.658617366867158	29.00924544632113	-13.727422739890121	3.87916343149465	-5.706763987458979	1.0060931835087705	2.837522352635438	-4.153281795908496	2.0527537810868823	7.411315097823783
HG03838	3.527559339160193	-2.9006108174746412	9.396662667160337	-2.755279763536631	-4.046947662289263	1.6326151161323426	-1.3185213438265717	9.265694996754824	-3.4173564791343742	6.794511180048299
HG03844	-21.00719737440475	1.1926383910017793	-9.24925419494688	-9.455861151556192	2.117839692088486	-11.476386844944937	4.303403596985063	5.041959987007523	6.04857129039874	-6.031506077652335
HG03846	5.758742812315034	25.26626047654348	14.031361541532023	8.190313575194914	-2.603387800565421	-3.9084662801288914	-2.7821644301330837	7.165296671279648	-1.5732270656964187	3.36050207036861
HG03848	9.545003919848998	14.4246868620453	-15.512934898387929	-6.9621736123351186	8.749341875479061	6.7802740930556045	-7.586284179199322	12.069615856842137	-9.439159029260539	21.195499408083446
HG03849	17.54173240956639	31.9494485323972	-2.683924915978702	5.3045835517181175	-8.66986413617913	-3.0689209619006745	-1.8536241735829893	5.495717763418684	-6.830147199920515	9.56789545225267
HG03850	-16.489668488218715	1.5106441661749712	9.691010035119069	2.698247399424072	-4.125125112055427	1.17032986762214	-3.895271002350716	0.46977559163962834	-9.485940805153257	8.064660514014378
HG03851	15.954231649864846	-4.172680063950269	-2.8463601553624525	-11.536464100168425	-13.010219070121519	-3.1688394945506517	-1.7978825689645581	4.649643429705668	-5.186090677958667	4.220860548464077
HG03854	15.110223038947195	5.270554056775641	3.6855946269600235	-6.869233596507957	10.668593583104917	4.582681096831289	-6.3096256612221255	11.170130534846717	-9.999795944769284	3.9971756119407384
HG03856	21.935948098285568	27.10128417607534	6.530084921625448	4.330168769837939	-1.406727410847796	1.5211476867381188	0.15725702731055935	-0.6260357977699689	4.9933959934770975	-3.6337369403192703
HG03857	0.47742396139302656	-5.256661152956655	17.23512604479265	-7.238987871038544	3.943980185143921	-3.051390322005774	1.1113100665297222	2.4208623177296302	0.6269664816585802	-1.8175955126795706
HG03858	-13.620969175686442	4.764545088594398	18.657005015167844	2.778530671417703	1.8774506110244826	1.73988348366988	-4.499493114295853	1.003567129949707	0.8473070276226655	6.664719255499745
HG03861	19.89130745551511	22.222521651035894	-0.3562307514673595	3.8328675021710836	-8.561910831119768	-5.091518399186038	3.7767051674923025	-2.035412327824407	-0.9014905538683466	-2.736790356655919
HG03862	-22.69858993926862	4.786161843744336	6.794747752865361	-0.8155054861796713	-0.6350911011136199	9.533499134211569	-12.236797113566531	10.098045837291068	-1.3152976304401611	2.2038173330249973
HG03863	-11.603483266489405	-0.7551963406292723	-10.974160403234851	-4.772298254682766	7.92609593536152	4.499856359443885	0.3910923912734616	-11.830552857548142	-0.5692317116458838	9.667608765739484
HG03864	12.747298119850186	6.906165141334295	-3.0338158158362694	-4.517177634802772	-0.6917926762144941	14.485061232504735	-10.389484168082914	6.84428731197519	0.7611236296744366	-1.5220219536514827
HG03866	0.5305277610084429	30.182441176204946	5.414948893888627	10.816269128493902	12.645939018061663	-3.356133605960697	2.590674289128903	-0.3235619854025349	-13.016354370940714	3.258227808699961
HG03867	12.91917625945644	1.4370003415520727	-7.626713113492685	-9.915935811561669	-2.154033236281865	3.8888286477500893	-4.756642969246316	3.1455281519755958	-4.625563949222222	7.202796482611821
HG03868	0.8525790097297925	-4.806162678635214	15.946843778784604	-5.881269574762189	-7.263584743050976	-6.075865220214065	2.352953642213378	1.7875775917231904	-0.13438515511324134	-2.716889763094462
HG03869	11.836854728087593	30.47144898142396	-11.895609273072939	3.7579761462879175	-0.2312272407546221	-2.409663018205558	1.4722356364993048	1.1653661727250864	0.7979215474955053	4.73893760777139
HG03870	-2.306234340544017	-1.0811257154708531	9.967566273516093	-6.271226806225728	1.6630894596827799	-1.2664852430779374	-3.7933799778669575	11.09903150681363	2.530202351071006	7.0026833413365654
HG03871	-11.88484989980565	25.49732436475991	17.123856446146643	12.029003697959864	1.731604162878162	-3.2387381303416656	2.949858748983957	-3.9616252329799213	2.55295816477712	1.375290410532389
HG03872	-24.493292426502485	21.78869310155904	2.993955871947578	7.508922801745399	-4.389461380905476	-12.926972514147494	6.508429219850809	4.173263692232686	2.0602481534830037	-1.3340336848545957
HG03873	-3.284359419692395	1.8782397381868228	5.703644519646598	-0.25410604683684956	16.719661547910675	6.411346101220348	-3.6296756008705358	-0.31103868333569507	-8.868670585504102	6.0417076418305475
HG03874	-25.19882445087388	1.0082471922259502	10.885806843584625	-3.885941073568329	6.237475158874106	-4.056142269025112	-2.1000986786715736	3.6080430885124297	1.0916039655557719	1.6218018639763352
HG03875	12.157958375882425	-0.027316415854187953	-1.825569623665656	-10.675508910656474	0.3909765710576562	2.083558078118382	-3.4282550077929934	3.4643737582178113	1.3639059655977963	-2.611673729486798
HG03882	-5.694891032625154	-4.698628870745292	2.7839140749631577	-7.400021411991079	-5.525611681649835	-2.7087611013200155	0.8599206737276576	-6.41340218440718	-0.05957504578937933	-0.9592410970498908
HG03884	7.062161486510403	25.259418802962237	13.055737362204775	9.750903697608083	-4.664718972007117	-3.637322767039438	3.1900372234748784	-2.376897846763136	-1.2937411419523217	-2.8128725096943583
HG03885	-25.161421597937544	-0.7912540069568073	7.968408168864142	4.187304295795765	32.13157350234206	1.6871905672527783	2.3676027704868092	-2.91367105044688	-1.7628675505389788	2.848314804622104
HG03886	21.191459015429068	-6.7970520765730935	12.485874854806864	-11.689653935049899	-2.3899647620385984	3.5654268928099473	-3.825592043833085	0.7340456929002385	3.615814431512764	-3.6620239380784283
HG03887	-4.172256503000621	27.671714936449103	0.36706387471960206	6.884767432077668	-0.3331132428913053	-9.627223259098617	6.964763764722183	-0.8250022191641445	1.1598879709170675	-3.00557067614697
HG03888	16.19181706009973	-4.394529060994681	0.0943069168166022	-7.834522835350647	-5.674985272907832	-0.21216454113728378	0.8858814555318958	1.2744967439951367	-4.3215470012478345	3.261030382098669
HG03890	-7.559060386735194	-4.387617554825453	-1.605717698855444	-4.536136672527946	-4.2345588766838995	-2.029901852291142	4.7997392192760735	0.8331032631415607	8.083904783866554	9.270042870225936
HG03894	16.063262159883106	-1.407996622989054	0.0850349493865058	-13.966792432009445	-11.09636419100798	-5.001202964612839	-0.7568159447251451	9.28329967262837	-7.124772971899599	-2.5046611080141465
HG03895	2.995523423745765	21.48313914061603	6.410404679144344	9.37333063101931	7.935928243848991	1.9011133440139705	3.013002713717402	-6.775216599276266	-4.624604137460585	0.7125841217342435
HG03896	7.894643236628202	2.2614546893308396	-16.921579760250353	-8.995991153621949	-6.62548781284119	4.115793659681859	-4.336381914691316	7.442201109212007	-1.529999797340257	20.078678688557215
HG03897	-9.468789965802637	0.5836936932310793	-1.2786239950545313	-5.436661151378674	3.0731022802941945	-0.8387825501374584	-0.5975438694575887	1.2985948889535799	2.7160227022866232	2.548617406794291
HG03898	21.661909851117215	22.563042787348085	5.222392069505144	2.975832948082422	-4.071312809732159	-3.1193914149992055	3.8013375332682644	-1.6607118706922712	0.8437191046180408	-2.783900436449266
HG03899	6.047349324080071	-4.999076137084152	9.080524342333028	-1.3120101512970994	-8.011755389344248	-0.8442183539891697	1.097774665086609	1.4612740736086243	-10.137004788310286	0.668587582528137
HG03900	-14.656199708611393	0.26920639466500496	-15.330715746080376	-8.367141286807835	-1.5249348350907965	0.9076754999482297	0.006950375013267493	-5.682167095466358	3.5958279272721994	9.945467048214773
HG03902	13.987631132294096	-4.582742380300754	2.4168676659395176	-8.757863643517643	-4.084537396341135	-3.2428518339292602	-1.3534917807126292	0.899028124034861	-7.286666582681027	0.5360168832900349
HG03905	7.166782345233757	2.3970349145537138	-13.864655924910382	-10.493870930440725	-7.565810279076503	-4.952748702241948	1.3585557743959258	-0.7564102136729498	-7.964108055150334	7.337318182760846
HG03907	13.717114713512618	34.242313437158174	-0.5359442716057083	4.6146385771674066	11.443274404732845	-2.9604338365275407	-0.21648451927508067	6.021660143499171	-7.024958347718865	0.935551010510572
HG03908	-2.793923534091689	0.6964608692393454	27.305020789011632	0.4797669428838367	-4.650420451446626	5.770040333925826	-6.639439492140429	7.16337587160092	-8.440236575769624	12.593819261045171
HG03910	1.88242507156434	2.2192978373562946	-22.466124958717014	-10.626669192517705	-4.696284781396502	-3.455296497146758	4.074835708560641	-6.801749472729181	-5.091533644719794	2.739483392568296
HG03911	-4.154444841532081	2.3192542984984432	4.150775545387916	-7.450731728099167	4.056850080221242	-1.7921248402627352	-5.487034368089275	14.1311138693741	-3.5658573438914507	7.914549808972774
HG03913	22.986824969027857	-8.197499571768505	9.85541915033261	-8.680015091572157	-4.248848062609934	0.13576344011760022	0.8701304486142619	-2.577389543873574	-8.856292857264656	-3.983885659205666
HG03914	6.804676560585559	11.582215016948048	-17.54073034758361	-6.9738219450864944	-0.6284066742664995	1.016335550431877	1.579089172745926	-0.648989716627086	-3.498350047368355	8.35281715382197
HG03916	-6.869683278574611	2.8904305573970355	-2.2349134663678387	-4.3763692358470445	4.3262249114880245	-1.3502001019468717	4.169749919805147	-0.9480172726652558	-2.519638329615016	2.7778804592694364
HG03917	12.865704787157634	-1.8886108393110614	-3.5993878076179193	-11.458939689553683	-4.1850188592398165	1.5688333318895789	-3.7131751642526614	7.9353790609356825	0.1995294156526004	-2.2608269178624427
HG03919	-7.743743851044934	3.0970366298411385	-3.1154078589746104	-6.782008456220839	-6.104704165076332	-5.12901246364737	-5.711444875710657	8.317087715921557	-5.636669852039942	8.61893261038921
HG03920	21.230740159563016	-3.985811210112421	8.678816189138598	-10.170507336027205	-2.3637573685045936	8.796264830774566	-6.499875452868196	1.6248778663754226	0.7296757465687801	13.923176682228279
HG03922	10.61787480658479	10.702240855829178	-7.746800138747428	-4.751993475836659	13.35420623003846	-0.5829016523444075	3.249693663457901	-3.531483027757738	-9.311307771235926	-2.783206450271941
HG03925	-13.230674349441104	0.755722062297116	-4.757663685402557	-5.935170556873563	11.650420600465976	-5.090837557093323	4.272860388091167	-4.266784988438371	-4.242802512977201	0.5029383647827826
HG03926	3.9384013626320296	0.8841673146969947	-23.845236637279324	-10.099976406072686	-1.5179660112083784	4.1337933279469645	-2.743443088732287	3.3286306308471065	-0.7109556650837343	15.79343635148887
HG03928	-17.784073690053738	-1.349839223774162	9.335552657540427	-0.011281455871560764	-2.625571585324576	3.6375351742401634	-2.60797361803892	5.180086035449982	5.557903445492313	17.667587732163234
HG03931	9.624444627498166	0.23286475131421558	-12.007851513162993	-9.161250391430778	-8.863566357382762	2.675934676999167	-3.1232669929162755	1.6141454738710523	-2.59015963417756	7.834175404371117
HG03934	4.330670387184918	-2.1995142464264585	17.604550618310256	-5.115230939875777	-0.1966885359124244	2.532761970795455	-6.682030119546182	7.149742725805573	0.8188302137369095	6.698212325351852
HG03937	4.370062562171884	-1.5644746330043182	-8.451057371123712	-13.826308954009717	-3.2138542290194647	-7.645254135706067	0.6328733406962042	2.9934129575215023	-0.8398293760327239	-5.356046074724769
HG03940	6.736987986910145	-0.8238163465969829	-13.21049659923228	-9.481145318824062	-5.522985710078316	-2.7139923978549083	1.0118403840772574	1.4084199555272865	-4.076042983297929	3.5449844953924363
HG03941	-4.489470508459898	32.20729742164157	0.5152145957678139	6.739196147341004	-0.5031144133220151	-5.503898080940883	0.6147420682835211	0.7831470454905396	0.8236213245978583	1.6890272103848472
HG03943	-14.375078821357272	-5.664039819232329	19.218732907315246	1.6878174202481075	8.239208336405346	2.7728671139783407	-0.12676623979692386	-5.622777740093623	-0.08636206234570176	1.26947454524963
HG03944	20.401543651875283	-3.822698384846154	12.871985742566638	-12.356837613617165	-4.4968878262100755	0.45285100775106524	-2.917089638821013	4.249815405528058	-2.8827751203096863	-3.467872784022801
HG03945	1.058378529519468	-4.784063522147086	10.320580691290578	-0.5775702590747325	13.901949495193655	12.567905850494904	-5.973467899536758	2.2024541867510714	3.5181144247639957	-9.248555711542984
HG03947	22.133781514018658	26.39402449006725	7.1859889814935896	0.7127361054246966	-5.133777536853312	-4.035914964953115	2.9789175293877923	-1.595589040501273	-2.9131330981186774	-5.322862086093421
HG03949	24.329554263841725	24.337586355386733	6.081404094566289	3.6638437190289106	-5.3866678917985285	-0.7460024543445415	-0.014879692615397788	-1.5020843965693707	-1.0441003559411195	2.6813637152406002
HG03950	21.463718539704594	-6.304585155798702	10.65935017715974	-9.78122403398556	-4.555042091207538	3.277041989001716	-4.513999068988767	0.415342398922399	-1.215204304053025	3.313634717277199
HG03951	-15.978162331539954	-0.9374590520811892	24.861187096439085	0.44342363750538494	5.455926668791732	-1.6123542922300498	-5.32346562645293	11.480423195763466	3.6511702995664383	7.277235615669302
HG03953	13.525585306479602	-7.618233738579247	-0.8578943909924731	-6.164862042511705	9.335816902645753	0.31961189068492835	4.956657348519104	-6.089146876219473	-2.864361522792072	-1.7417180479269756
HG03955	-5.391529611119789	-1.6832229427573673	5.945613130193509	-11.332350850144467	-2.8144132328154607	-7.255136078105128	0.7259134552589922	0.7845980431266963	-3.1888075824872626	-3.310397275256528
HG03960	-27.264122039687372	-0.34904898385438715	10.438041252472273	-2.426013515883877	7.224562608343752	-8.04653350792569	1.486804682573277	5.4158998044995235	3.7678091325325545	0.42745021664893934
HG03963	1.232737080385352	30.297134190121017	-5.213201981472537	9.518079510320707	-7.9406520333828094	2.3905870135153595	0.7190198778594857	-2.735094412771957	-1.3890512505893629	14.224596835952621
HG03965	-24.340244320081734	7.863339165382931	10.348687928391263	3.038902550095978	18.425003464030688	-1.8362775437434375	0.49055260284258695	-5.056271129206825	0.33045718627974563	-2.819517322544632
HG03967	16.962685560353297	0.036902974305455194	3.94557865784307	-11.67581330427548	-6.595971804594352	-0.03172147248271584	-4.7385915295716705	8.470775863493065	-5.836695454731749	6.910300771448663
HG03968	-1.5412658495265972	-2.913655050933995	0.44582515960556174	-5.918256796851557	-4.168462030705999	5.325439216046625	-2.9695111405430143	4.178788685144915	1.3307457282035036	13.197709603809468
HG03969	17.332503136738758	26.429028415018003	7.907239283435958	1.7931543433432897	-0.7275896259784278	-3.487878369490614	1.0613724441397134	-1.0015279443245335	5.290820957101552	-6.808205074552491
HG03971	3.2546946800288303	-1.919693951383116	19.017266228682008	-6.322805411567755	-1.96507466404039	1.2888609582955541	-7.434482853727678	6.562651969111265	-1.4540318202564602	2.896827196877867
HG03973	22.108496791127703	-8.477326089687777	10.903724318424866	-5.846249889299274	-1.4565030700600499	4.837723000015075	-2.27681903392199	-3.4522545086259973	-5.956349181827768	-0.3709839132135932
HG03974	4.883738937895272	4.713952675474343	10.785238386889056	-2.252804784050237	6.960939909769495	2.6464889277367156	-4.194401612170169	9.200429485877278	-11.440783212945309	4.996024593794801
HG03976	-2.7152247337179993	1.5395797173358479	10.270639052668939	-3.492205024659437	0.008163367807175193	-1.075105287885141	-1.2489890731552875	0.91810097257431	1.0543786032606222	3.605750752379969
HG03977	4.200721912219263	-5.527454335261843	9.1213929910392	-4.451030453161428	-12.263345974416032	1.4874847777516231	-2.4889479174004827	-3.692364813455849	-4.773854661496003	9.098613983798764
HG03978	-6.816063906410218	-2.8846510083223427	3.8995148369949	-6.058000825186959	-2.407103705745188	-2.0623393095214504	0.2651284570838819	-7.400491135136805	-1.5487231433514832	1.1844537805297062
HG03985	12.028291606007842	1.8121885030925748	-2.329626250235008	-7.9441558523583105	1.2564427462038255	6.101517743033258	-2.7285281431603936	8.54623051909514	-1.7496080927910005	-3.380911552097929
HG03986	-18.35454138371068	2.9614247462399734	-14.096434281770572	-5.2295881537951585	-3.883099728920422	4.164383008704024	-4.59207612360278	0.4843770308939637	0.7024824670833446	-5.488088696916629
HG03989	-21.18627209871399	-2.5299905956639512	20.10301543713917	-0.4472645882626343	8.013005430639712	-4.464670295513105	0.13302884846705382	3.094960543600361	4.993653578061442	1.4805526695849578
HG03990	2.529556256448198	0.3636516406341911	-27.41342948965145	-9.694454070440226	-6.752782118853742	4.96287327012463	-0.13369504763143214	-8.138273606785742	0.6781057627028666	11.714370477776228
HG03991	-27.640543063172696	6.248476354625867	5.76036445937897	-3.3198340555210626	15.047109018312044	-8.029803209438453	0.9759020501761784	8.828027030293986	-5.451353432988858	-2.6639645437208457
HG03995	-4.808225639278957	0.9539350721383584	8.373968086986379	-4.694379261936497	0.3747439140374639	-2.5684796140453354	-2.5746191704313244	8.333928241119656	-0.8169686377286876	8.739004500504715
HG03998	-3.4434653688504127	1.6398220348473251	5.97052394870734	-0.28411223295793075	16.21377826136107	5.796921629549686	-3.335493068355862	-0.2923798820855268	-8.121408864076571	5.59056896376506
HG03999	10.02419721947102	35.36794603925091	-8.460409082696598	1.6460866369601783	-2.3914186975426923	-4.522708921380563	-4.008056370666213	10.06978361552041	-2.7968049363368483	3.535703239139244
HG04001	-2.7775893932622946	2.96450464065311	10.54760156563079	-2.697325031390998	0.7457458702256732	-1.8623755677087854	-1.309864208179188	4.745292058880302	0.334613251217481	7.438735512625895
HG04002	12.880178134675988	-0.3352621837738717	11.79199507078697	-11.233692370933403	7.54652763236246	4.1232191129081945	-7.966957026461313	8.353496825334329	4.513877851765102	1.7255221587202492
HG04003	12.807467140741101	29.752579006282236	-11.291034376754839	2.913439687556102	-4.247075891375835	-5.53810662998962	4.620099375013949	-7.951308491589755	-5.571902176297311	4.894928130924892
HG04006	2.4540273672190196	-6.237332447043612	8.952961352736182	-4.160548361556553	-9.009578739629761	-0.5351435250508081	-0.22316744912996078	1.8990998385915194	-3.39505692606898	3.639494459762056
HG04014	9.32415601603211	4.323290407679767	-13.754705512662534	-10.468867831179374	-1.6950835652983165	1.156464595920601	-3.22967208761439	10.499697792323701	-3.149309754177898	13.503838555779797
HG04015	-0.04287128428608675	32.50818516488129	7.203370198880827	9.791594961337179	11.275577688237894	-2.884852516174238	2.4657265134660564	1.362164370950799	-3.423235777383792	-2.4412026985193287
HG04017	10.285191339649295	8.137293740955974	19.435794887258574	-1.1496253290958087	-3.4926466217173346	5.8129384973907285	-7.444161050122397	6.220958239349358	-1.683722355932448	6.1316800861111425
HG04018	-0.9954834645284473	0.42954729422371574	5.904014697389658	-2.6831764266153093	6.746225566491035	-2.0985823142781697	-3.5956979390077204	5.539009066944686	-14.847714167692398	7.946264512787412
HG04019	-8.938182505591778	0.7861341471714856	-1.7419744541160362	-8.479565252379441	-5.188681600102179	-9.814982576218302	1.5908021882397374	10.148597128696581	-3.0038369289623432	-1.6279314389377588
HG04020	0.8141985162351765	-1.4914286161131654	-1.0225719965584936	1.9648749065609392	-3.1231672533877957	2.6151182064952505	1.1033742865854221	3.6195044522868547	-14.639877863449898	-5.548801289854221
HG04022	21.63224597880981	24.646549018820984	5.639456407053369	1.984369714631929	-5.199471881097011	-3.63069327735245	4.12955970798849	-2.8124635048749766	0.01781783585744351	-4.627063405767523
HG04023	-4.427934416038752	29.044611312395492	-1.967374769016187	9.064640706154334	-5.615337405712609	-4.616413075150231	2.139842614372934	1.399312678051295	0.24548113845240915	4.318254952240502
HG04025	5.050039186832181	-1.1189182208670618	12.619373132713816	-3.5277517024095975	-8.031194475784272	2.3049491466045278	-0.6200320941589262	-2.5583386160564885	-3.0822472332641264	5.961322654328846
HG04026	-2.116059871706892	-2.4855528062145225	1.647077741680894	-4.7819239452988285	-4.4419948303478645	-5.169516145469752	5.752845407259774	-1.5042191959123217	-3.5413379670633214	2.989910747120475
HG04029	-8.588794309422328	0.8720959503564444	-2.056551236512361	-8.686813141435398	2.5473493934579627	2.596730138655447	-3.7359726171476844	2.9593341480987068	4.461904451349067	10.257038335389412
HG04033	-29.091244848754183	2.9595005947942337	-8.205890203677432	0.018066318235919532	-6.329161325256552	8.344016178069657	-6.7183710466537745	6.524452509656697	-5.129960273325031	-10.842537944682027
HG04035	-14.589016037186726	1.5700104093335414	-13.757589810650137	-7.413683936282045	-2.1320826736018024	-3.466726099264447	1.6523883626651106	2.998926540478075	1.0347748364081468	8.654136233375384
HG04038	-9.197868196711566	-1.2888469215084215	-1.3213089954888773	-7.251720277552881	3.843802564327985	-0.67790288335938	1.0037994946588331	4.638930226546361	4.318352830520321	10.383291206066438
HG04039	25.379033335229824	28.66683463124807	6.701078116549331	1.4333454122425013	-6.770484184987387	-3.24330197325238	-2.9085690433736593	8.815798070129421	-5.735076855854372	3.2559024655085604
HG04042	20.17088611445126	-0.8711812072948796	8.332844106481208	-6.41492232273188	-7.526325651090224	-1.1132396566597196	2.7210597412923008	-6.892838353844229	-3.2096089165301342	-0.5869448895900379
HG04047	-7.669850811950718	19.32814839715173	16.036532203618542	10.825755037694968	-8.747882153843987	-0.7120014602766875	-0.5749756387973296	1.8660256818682013	-1.1612342638160928	9.08381287231275
HG04054	-8.444901705808059	-0.80443215773303	-0.7305903372436121	-5.923630686616823	14.51826347597585	-3.4280050320093247	2.9512155143516194	4.702326411636837	-3.985763340876698	2.4766604350378616
HG04056	17.33913926649429	3.0728292202622294	0.77171894863734	-2.0084414263134156	10.155780397769869	-0.548677857409272	4.0326936902722395	-0.08230018546083256	-15.41899076937584	3.3528034466285
HG04059	2.93204268360053	-2.021062221312324	-24.608731196865648	-11.730631562488568	-4.188066150114572	-1.5631766631333326	3.984768675867621	-4.275849988377108	-1.406820069310818	8.361185760678595
HG04060	-4.6199273269733805	0.945683502460072	10.813115379106021	-4.3628250655750636	15.432498258588728	5.000995764258175	-6.188525645841319	0.8525490683995611	-3.7745349626766624	7.9331733716327975
HG04061	-5.198216810675451	-4.7761605924753905	0.49220298609012014	-2.3008735284617665	-3.4433208535893263	-1.8268259599965002	1.0710735267248876	-0.5255901622338739	0.425903631906663	-0.38928696164144194
HG04062	10.668123088829821	31.2962653093102	-8.070425965308655	1.1059598488940483	-1.128943222922092	-9.412230241768098	2.689644805553112	5.107808383306206	-3.1746375522423707	-1.057884162886789
HG04063	-0.9187076143741458	2.8481248466634375	-16.746685805955938	-11.02898396112069	10.061303735134812	-2.954011752006077	1.993446050939823	14.671924321197112	4.439328223084479	6.782983362858297
HG04070	0.8941626578732212	18.128141116548985	3.6192959485423293	2.75829394696816	-11.260925209619431	-7.05167934343349	3.332786950059315	1.685647413797225	-0.7994921397052981	-0.08347081123774036
HG04075	3.048469269080327	-0.37325454832478533	-24.919989279375066	-9.429649383180932	-1.4653350037030284	2.904009239144285	0.15413821390344873	2.3634745633594214	1.3721066547234344	11.251595043844706
HG04076	-14.389278397645823	0.7824099034697507	-15.47520798733106	-7.840647952270113	-3.079165933780614	-1.7988512047195453	0.5031886724177593	-1.2574676123039517	0.7865020497509903	9.378273502960907
HG04080	11.727455966459457	4.333522972588096	-4.855550908650153	-6.780354800164936	1.0800870718337865	-0.9524583312620103	-0.7591463577843379	3.352720961150612	-11.5188678654135	5.1068856271989835
HG04090	8.27121575116192	-5.361165430657665	-4.961608405500653	-8.491839532357258	1.3726085941996629	-4.80317757097081	4.3228125318855435	1.4750936684240725	-3.8517779718480147	-4.771163599449336
HG04093	13.982637881117698	5.035252317391727	-1.382702790516916	-3.666553079564329	-0.750322482967039	-1.2966413511939214	3.6949670666339793	-4.938284793841197	-4.817736694571506	0.46257115062086696
HG04094	23.068979165399345	22.788681932400316	4.766350103713211	7.2836815084508295	-4.151566218571287	-3.862509931265102	4.6547425157998	0.4355878908883644	-8.610871876177603	0.7594021053584759
HG04096	-11.395387641721912	-0.4137419580816092	4.128062091154434	-7.309561846549503	1.0437799096490497	-9.182822204072147	1.2451870326636487	4.929469493744467	3.056912351642228	-3.853829164052177
HG04098	-10.692869446295775	0.48700490045276945	-8.022163591266194	-4.985595051127158	5.598109035889076	3.6465307471255333	-1.5177488720481753	7.708432853046186	6.848259800009089	12.984891047324897
HG04099	22.619167693392836	-5.979938716907288	10.517006842649932	-7.133802228233063	-3.3224700255459503	1.7548318078720497	-2.272788219712064	3.2976109825842745	-9.041509690811045	2.707052997791742
HG04100	8.429618901544124	-9.477911623908348	20.34700087962644	-4.804341512812754	-3.120034108755464	1.1642700634621643	-0.0015470339615718531	-2.383534111684629	-4.406897961227568	-3.403662557773285
HG04106	-33.46064899204848	1.554548234476536	-2.780708075746311	-3.2030127554676344	-0.10612613431829221	-7.048101022466025	2.674424769935073	5.558465441196242	5.045349651596599	4.213805094967367
HG04107	-27.802986799008817	4.499054170705836	1.8566833945204455	-0.24849511266956123	16.234436669275297	2.781065229325681	-6.309608594807991	2.250560534094074	-2.0984239140360534	10.34976626721282
HG04118	15.810315102549964	21.88369945121164	6.359693165036977	0.42713916796736173	0.6779739063862635	-6.101556073349382	2.262270038155838	3.6243312312430307	2.004483190717675	-6.572593039434016
HG04131	-2.694128249684331	-4.450968202675691	10.341163693372993	-4.615845847761318	11.358108109179803	-3.2453279495038645	3.4325242785979606	0.27944857093660114	-0.33321758059541273	-2.998721449943324
HG04134	16.157337176300143	33.901260123866706	-5.713439819541249	9.694409723598481	1.3526692564346146	-2.1970687724865057	6.025112249882778	-8.19604564972789	3.6843481358146617	-4.109334368539809
HG04140	8.564350856186053	5.1548866429458995	-12.292721760958772	-10.729868950555105	-6.147172921800781	2.746049683406474	-6.844910696089767	11.42175200642624	-4.499580577277715	8.898938591823594
HG04141	-6.413205824367663	5.119837107168126	2.5483553094026106	-3.9190854862169093	6.947921961080786	-0.732435464398149	-5.17881354422689	6.433519064661705	-7.7799257957265615	10.227234830504926
HG04144	9.068280890514334	-1.7807314423949574	-2.791189553539228	-9.683820703355668	0.01954330151230721	0.11159499377505244	-0.5524947945113607	4.618353965140292	9.213698750897851	-5.667407617151915
HG04146	11.168552303808287	11.683529573651692	-3.7554216831274116	-7.263082908264887	-2.986656265302339	-3.6418578473700602	-0.6426888057549727	6.167691892981816	-8.532326165735405	6.195977180791714
HG04152	14.37799035285376	-2.744062755065404	-6.3484222591108574	-11.168221464452728	-13.21991041891997	-4.8292046802163675	-1.9629150549247665	3.9192771951503413	-8.053430322937643	10.382583383542684
HG04153	-8.285078993343017	1.991136069361493	4.909540739807279	-5.7981749208205615	4.562914682422606	-1.915800182951384	-4.061489908534643	9.212752545582156	-2.8363487117445523	-1.970942786491873
HG04155	-3.3501340498262335	1.8848249406469386	6.579570495746297	-7.095575322581175	8.06491731567583	-0.40772407458439563	-5.088101087955434	8.260490884012905	-6.3703385626618205	5.46046395295858
HG04156	-14.875325527466202	-1.506405238625028	-16.813147367481843	-5.731414774124094	-5.795392633468199	0.10419030976648153	3.122044330272784	-3.6948293846983233	3.648065612700767	9.83759653407524
HG04158	-17.3323152476082	23.958752587725918	2.5733012036804275	9.738842081040982	-3.353074566874005	3.455988018616972	0.1041045917466783	-5.9754836527675375	7.658034891272558	12.789741141234146
HG04159	23.67652577890937	29.09219883415599	7.70978130676606	7.219212338927414	-1.0210118404953907	-4.70725462084118	3.7778919228712224	7.959561045230828	-8.40329959995546	2.0897506518086866
HG04161	18.274324825654855	-6.767712296365209	3.8825876758839106	-9.228688328116778	-9.799054569000607	-2.419031317158133	2.6230733579546266	-3.678090665792228	-3.645880584708441	-2.5729583655725508
HG04162	-9.689657439188247	5.3011853047659905	-12.976132381570345	-5.291821970089927	-6.574660706651703	11.886350957183488	-6.845972441139199	2.1863332726975395	-0.8043984150156247	2.9247335921446354
HG04164	-11.341508094482553	-0.11715305800269715	-10.05834737847823	-5.452194812997043	12.44318714661546	4.648093905438462	0.26308495631972134	-4.583361898243567	2.2385020675915923	11.84767946994215
HG04171	3.610415246673167	-2.3790554416892755	21.316512009341654	-6.487743131502372	-3.555876768658029	-6.50897712414383	2.9871578729751427	3.725486184465189	-2.3202740743810812	-4.071612603306019
HG04173	-6.298132351478921	25.60482112367494	21.042726239567013	15.280418722790355	-3.6705280063720096	-0.4484534655039807	-0.5963830056527755	0.3885821699018465	4.141965600954396	4.220417176948266
HG04176	-8.497291306985224	1.137335607066583	-0.41827885561132483	-0.8839241897151079	-4.439527772117055	6.630553519312872	-8.352345811547684	4.12214761526408	-6.917463728402403	2.8730106563839914
HG04177	19.20045428579215	25.478902688589912	0.22531880733906806	4.155856507876145	-6.216146623471342	-2.809394265101206	1.9923119941032463	5.449744620390387	0.8112908363993061	4.454524195963752
HG04180	3.5456458099078296	48.00488209628371	2.9721217303094667	17.72272324949359	-8.654411312878906	-7.248032465910204	4.700047909300968	-1.8315026385920605	-0.9457960140524014	4.182239145853252
HG04182	-16.131054685430886	-0.7803885666103356	-18.610087479946362	-0.6758506612550295	-6.770700104711707	10.074282710111497	-4.768976555316709	-2.458972656490744	-1.707931110802094	-13.930410905976277
HG04183	18.846694187954835	-0.5676829984011781	6.18240194189145	-7.923610379458991	-7.066641633509736	-2.452312884103356	2.72974589045472	1.2914428295712517	-3.3081883273756776	0.39647856347627236
HG04185	2.9091227373226607	3.8214628971214424	-22.127888521600234	-10.557027161000422	-5.602934574382337	-2.8464092616348116	1.12812953912752	-2.3085612510135265	-6.733710023805838	7.706269562981023
HG04186	-0.8820836736065787	3.859796373737727	2.3634797604874027	-1.5472356748237537	-2.7204948117059073	1.7399409635076046	1.135932640096935	-5.002142173514018	0.13353093685487782	2.793539351207217
HG04188	15.01265583748952	1.4802523971429782	-3.5522484263864875	-8.740149663491568	2.3473303394914615	6.854360116614195	-3.932782004329563	9.772761471193943	-1.092452589408273	11.936255740844663
HG04189	17.935885727886188	-5.805021436512929	3.727606422952829	-13.646569364831604	-7.112999390977822	-2.600524366213934	0.7342088499346272	1.9591459729967466	-4.773130619214838	-1.3754975584505609
HG04194	-1.5143182203775387	-6.746015695595649	12.120024888212248	-6.89605810995861	-5.710760405776339	-5.053788561512903	3.566889257879932	-1.1546124986212543	5.392588118322406	-0.2792419726885035
HG04195	4.7452397604865935	6.574036935860425	-16.573292126552296	-6.553041199857524	9.634216142064961	12.584805347033623	-9.902939213472074	4.82711801358359	-6.635359156573695	2.337399680405799
HG04198	23.181910978734088	59.236492093820694	1.9884664539930719	18.114131867959003	-4.371688222538497	-5.767629344014078	3.5874240789304004	2.4725143409632055	-2.1179366513502127	-1.266323347145609
HG04200	-13.564443964985786	-0.8939039839185263	26.506902411329122	2.598960664053453	-1.2724458299221935	-3.7237886868409444	-1.6177877285718554	8.308637978326239	6.747451762917761	0.4244438934336551
HG04202	14.943132499409346	-1.7611547999082822	0.9798846096479035	-8.281947064650156	-9.684031596580251	1.4210562805028049	-2.8299732958783785	-0.4243371475527682	-5.546175710865111	8.419642156507544
HG04206	7.797927465927076	5.416658538855777	-10.174887226575873	-5.827072945463577	-7.130594145608825	9.5088525924973	-7.2890295164313175	0.879060684335897	-0.568095155679309	1.8795071680325057
HG04209	16.30190356167969	21.495370537709388	-2.7242019835030753	3.5577119020395886	-5.781351825714042	-5.802119083410024	6.534522373574199	-2.9289151416062698	3.2452797960267397	-3.930055781505009
HG04210	-5.768050745461957	-1.242550030340239	4.454870457404172	-6.801919508454215	4.723542918290353	-4.6810153927286	0.6192858508648517	11.411561347662172	-0.30869034466308287	0.7918780226111194
HG04211	-12.008579341147911	0.682381428324234	17.837037508879643	6.622322425110316	1.7407408400042648	4.6169630539572	-3.2479313668662995	7.5642984075268975	-2.184557493706192	-2.2151720098493053
HG04212	-20.362060778913396	-1.1111752473794738	23.80625914234367	-1.8782625601238525	13.090000152719321	-4.118225100841493	-0.7763281549399732	12.040844860849084	6.363074541141454	2.261660900432658
HG04214	18.766957959362394	-2.8249062009962236	3.413176511547014	-10.200964956270715	-5.8359381557395835	-1.7471557313966513	-0.21819022883032196	5.917637765609978	-5.0176940254991615	1.3101550416222727
HG04216	-7.165279708526007	2.4105692952948443	-4.262634273273729	-5.983927017246281	-7.491268456027833	-0.7853373091094147	-5.02751863154374	3.641449993285869	-4.031893813563601	8.2984837703238
HG04219	15.094814409177431	20.4193777875084	8.958346142146729	-1.970392709492927	-0.1896441310728043	-4.925552465529285	0.0961764812537137	0.3631212597743185	4.968403309948817	-9.053309000796506
HG04222	-16.199832993082836	4.380798522777117	-10.556000973355829	-5.485472850978596	3.2880200181804398	-9.140803452246383	4.862202336398668	5.226639359057609	-2.0134968944784264	2.936887191879373
HG04225	2.922441029455735	-2.409117343136602	8.741945827117663	-3.0465176858645666	-9.078799473684862	1.8030663517022723	-3.0001962154247113	2.319871749063396	-4.246554692110285	11.042362432266092
HG04227	-3.179184568872723	3.316545390577413	-17.10929345203166	-11.3747463885715	4.315813767923927	-9.144788915882657	4.928688691091699	0.9016012428554308	-0.23329240509409122	-3.7111902947891164
HG04229	10.181366721984963	-0.34548793996367877	-5.251598782464942	-7.020412178086881	-5.612784213104292	2.6743111981031067	-1.4704913530055648	6.967243978039192	-10.319516581356377	-12.086830940727605
HG04235	-12.538908409093318	-5.0859279031040785	25.037333156273373	-1.2921474547698892	2.3644811532213095	-0.5809776819575906	-0.1513253516754441	1.945929284952053	1.681841420450183	3.63948529451711
HG04238	2.1328681141875774	-1.1500635001225499	11.719065935932536	-3.824594150086738	-5.114252310537944	-0.8669035805428116	-5.003695509295764	11.048833033883867	-1.9197936146038357	8.093756066646545
HG04239	-8.403647255510444	25.918622978661787	14.607159084448906	14.225122934780348	-6.172329037848605	2.8314752777256262	-2.9483896833008734	-0.11870234734433649	5.205366886128054	6.776425909767385
NA06984	16.63183884288061	1.1922889265598022	2.1544168212601806	-6.814524328050015	6.389608082066337	4.720367850477218	0.32575396282165703	-2.583389259784437	-1.3485507207083365	-1.604894573722266
NA06985	19.391857835035935	-3.4007803914825203	12.645733005124235	-12.153320638909067	-6.444395802913374	-4.263222790433955	0.8816046007481319	8.382207137886345	-4.985548307349232	-3.67097546088136
NA06986	-7.1750610760458375	-2.15151115973942	5.139177515774391	-7.182142852890163	-1.426869856939608	-3.6756159764701968	-0.1468504734069766	7.5010372673335235	2.8095985721485617	-3.48256455669319
NA06989	-12.917496753422224	-6.623408116383084	23.297930755586744	-0.859474733265528	-11.178843176639392	-4.3535791162003346	3.198080568562432	-6.420790153628989	0.5187595374185189	2.8111490802193693
NA06994	14.35645947715047	-8.659075681820639	-6.441152099141266	-7.200518770152726	-4.364414442004943	0.8550572954151452	3.1727603660788093	-5.9244582480412955	-3.309449700468147	-3.1433108856698717
NA07000	8.880461413471854	-8.522881882032738	21.045057539134728	-4.608005115169442	-3.327078185697448	4.217604896046429	-0.08707742993582879	0.7113958339904063	4.069047503870979	-0.40680876540695854
NA07037	-6.263043755539264	-2.1356242298689976	7.392143905137141	-7.790196119838647	1.7000907488014918	-4.000442858601208	-0.03177148051330747	4.55558768397284	3.15529607979757	-2.2909284683682403
NA07048	-18.93850098138056	4.724700454728959	-8.44690476950502	-10.740094888955763	6.079802599823668	-9.507083607756813	-1.5144301847403683	11.322305528250608	-0.19432000488926637	-3.5892103637343236
NA07051	-0.06391001387970999	-3.536975427850812	15.769729522596233	-5.701262231242107	-3.244916816176243	8.308051835184845	-8.371526761863858	0.23805440317426785	1.8374623548031386	-4.212132389988862
NA07056	10.734385486182092	-2.0532458305070334	-6.16473109815492	-10.010285886131348	-1.5907126961719817	-3.3174607256936968	4.56595797480361	-4.232035980089569	-5.0718533190438855	-1.2473798649155305
NA07347	-33.104440650784596	4.602683305466657	-0.8145834207965166	-7.385118681416488	-1.1788645487364369	-9.460736346632991	-1.3637428382897008	6.816951026088711	-0.5638770548365151	-1.582108231322533
NA07357	-19.46601137040107	4.363057958129694	9.553892397967243	-1.1784758762690213	-6.000881461046	-5.011216987316563	1.4863832598577618	-5.701191007190614	-4.729970752680301	3.3286801186246375
NA10847	20.712576915887084	-4.466223304636507	11.613527660983854	-11.426842106807726	-2.638059795242112	1.3800446912701867	-3.674491525126566	7.679909967333423	-0.6725683572557725	-1.862976198759537
NA10851	3.409291506087903	0.7761786526098917	-21.68861429725823	-14.046020968929618	-2.5451129725058785	2.929655456984629	-1.5323210791778794	4.8283947190437795	-0.5462612352893539	10.283733294586808
NA11829	11.6555746218305	-4.132799044127917	-1.8865098420479858	-13.7809850842276	-3.6344338750426743	-7.434047886020826	5.077647878484217	-1.7733318580802877	-2.6522281249238246	-5.606473873976154
NA11830	20.68310194361064	-5.583571574940823	10.225573518589798	-8.949659008207863	-6.2394572070233405	3.629466030819649	-3.6668768046783793	-1.3785540173903499	1.418099122065352	-4.342045353854393
NA11831	5.518869285716344	-8.462255015377355	15.980651711385397	-3.8439264024956663	-8.46972457857528	9.904770698976172	-2.764144061420026	-5.842364908796588	3.0364442854008575	-9.38743449935869
NA11832	-7.293293887625342	-2.6601864398095407	-1.8757502867719098	-2.0979819963966806	-2.1515929672948597	9.053672442241846	-6.157436389754056	0.5079898189641117	3.88769801712655	-4.6994678255597595
NA11840	-12.943381080200997	2.1375612951610097	-11.279942553511566	-7.994771060904517	-4.222807502250376	0.6020318626769016	-4.336221231806567	2.8373089670627247	1.7391903523179306	7.315607397524868
NA11843	9.999984360631375	-5.399081182657838	-8.372272061213762	-9.793836344142754	-8.273485699254657	7.12030573241419	-2.9339586982218124	-5.053977368286614	4.548650848884401	-11.170029049639316
NA11881	-9.573997028792096	-3.5786678709948037	-5.825550396270449	-2.2631685237824453	11.625389760635255	-4.762189537243139	6.37969816867427	-10.01091677477597	-10.96704491466284	-2.4512524110575846
NA11892	1.4635242101895891	-6.613962474499675	10.178399271138483	-1.6205149873784348	7.298851429676292	-4.352135705604171	9.353646535842715	-8.497364456838008	-13.76986597025338	-3.3643913719094454
NA11893	-12.282883418181553	-7.9254338815622445	23.772770641009277	-0.5429155929604107	-7.637884156922706	1.0231163959741871	-0.9967782221789127	-3.71112323141701	6.589993625255108	2.095077873699799
NA11894	-5.978633314159325	2.4880364304679916	-20.01604788850278	-13.371074861837664	2.480344876631979	-2.694414173087851	-3.222760521280215	0.7061496833064225	3.8085982666950633	-12.012111007254951
NA11918	8.822272608173297	-6.6421705048592585	19.29700989381903	-7.05073660439459	-7.605281028811715	1.610495640339241	-1.2441885724611548	-0.08506366776223562	-1.1784431081040805	-0.03441760568011132
NA11919	-6.375706019886402	30.747839078024004	1.179662260532376	5.841990660266109	-0.12653701705060372	-11.165394871005041	6.662705267143913	2.9498568420301208	0.12206456296295665	-1.984502915054735
NA11920	17.09022408537943	-8.014390597078561	0.2853381260418423	-6.938164124529361	9.464857426181718	0.08552180085150707	5.368987453836736	-10.98525937244073	-10.846013792098848	-3.025618872005381
NA11930	-9.606132437756196	-1.2784692004400529	-7.024957526768132	-3.5052409192287324	14.467214899475582	4.0702692031693894	1.6348734541437875	-2.8643959625379956	2.6307038836158467	10.806319500885097
NA11931	-2.2302449105190334	-3.7867783917215783	3.040951876134764	-5.85915268028544	-5.583184677782933	-4.492863670734585	6.142386199627465	-7.085287108101449	-4.121709984612221	1.3530916634138894
NA11932	5.895469874596442	-8.784249985348628	20.154372738463923	-3.315803115157616	-1.1018658242213517	2.6758350709112784	-0.7026893477064742	3.921763776315166	7.0219197922728895	-2.1618349519604134
NA11933	-1.7166832415315534	-1.8319743759462552	8.526826753962986	-7.2832630211019715	0.8081743337981675	-1.7172979867791323	0.20797905245137005	6.089421051689374	0.9954941938857892	-0.43032059176586324
NA11992	8.435995450485697	-3.5147206270117426	-8.189025352265718	-11.780808112295412	-4.69507254883925	0.49590642458502887	-0.2581282195661275	-3.2372887242845954	-0.5145609693304568	-7.012902125465523
NA11994	-32.95462974496565	5.4236662226158385	0.9940390034950691	-6.951332828355631	1.9801762147698634	-11.831724877890213	-0.9784432941677323	10.362976349125194	-2.0580096580864886	-2.067674852056231
NA11995	4.697256702822871	-7.189235479739097	11.74766531404327	-4.134832589500435	5.954992531704392	6.468150804531606	-0.45089480810225224	-9.190549117044826	-0.9727081616292921	-0.09772835580898022
NA12003	-5.184389530410977	0.4367936753796201	5.114729661284347	-8.929189773285165	-4.144330943735299	-3.2519535516028766	-1.7580712010446091	4.3537801206098505	-1.0801771056275233	-0.6096013503752263
NA12004	10.8462930464932	-0.39599134249666457	-4.317100786510213	-12.444313447234137	-3.534813126700989	-4.870107816674405	3.2592828052372225	-2.6184009335411798	-4.918767831789417	-0.14165469554383314
NA12005	-24.86779435608058	1.4517728162044472	2.567185281538393	-1.4098127539556518	2.1365620035721724	-3.8031410326472543	2.7081886028561195	-10.108946981611997	-4.729590542791057	2.290883069694926
NA12006	18.89075899953342	-10.398262513436737	6.748450687115969	-10.425732428985	-7.928010429031704	-1.2281041387390077	2.962953164447998	-3.566414568453567	3.874540381415265	-1.2605750874230428
NA12043	0.3147188863294248	-1.6755899095048208	-20.349997240733153	-10.67629197955448	-6.316116999937737	-6.026247741682252	4.8991256988697	6.4036172980055195	-0.23144349911287554	-1.665649634754498
NA12044	19.743250879521728	-6.298531044824198	12.081008380472449	-14.150997618831788	-7.300119946438359	-1.5458487995548649	0.7843698792174725	-3.2655110993706407	-5.71038191318916	-1.6483441274428858
NA12045	-3.2430016332295613	-5.458326424231277	3.5118105382307054	-6.594985847194039	-6.111937165203348	-2.366466825565121	2.0927035925657878	-7.166502032631964	-2.239422020940099	-0.0443912912616658
NA12046	-17.423718133363547	-3.261488440252687	14.34305364254728	-3.0244107774945337	-7.782499834165812	-7.578502766407192	5.756794920693929	-2.2568186318531667	-6.108209757065814	1.9617087256912416
NA12058	-9.613222421784302	-3.2035337246378504	5.971016244424599	-7.851285243998496	2.065223205262502	-6.601949446175007	1.901916477018063	-1.54217579139099	6.829401322387824	-6.132476592922762
NA12144	-26.75756784014876	-2.961895826613298	8.336784486024806	-2.36962366818946	-3.5582482706422236	-6.808302281869661	1.5652425836487847	-3.2993842077207205	7.0191984921561215	0.24667583384654507
NA12154	-5.100143406816916	-3.7933360527809605	6.022777451262145	-7.830034729342289	0.8113266227501692	-4.415513385094001	1.7079986058787928	3.691875828029443	3.7993995491600367	-1.8747348806193591
NA12155	-10.5593802875078	0.4777186625608556	-7.785992521263885	-4.520136097175189	9.733927315779551	5.155041332180682	1.3182084479494778	-3.373309092909495	4.039731821263951	10.690685159959969
NA12156	13.03280717682435	-2.3019803746608787	-4.432955202660973	-12.60883681469238	-5.790486646169499	-1.7816862588796827	0.8505445099399465	1.551114175597562	-2.7725524348964536	-0.6518074916234671
NA12234	6.151726351150105	-6.767401295985636	19.32183022446765	-4.253433723316863	-7.079011161223383	6.118238061115821	-0.9260953903731817	-2.501885103222385	1.4990338288511817	-7.6071301123150725
NA12249	21.372994931495324	-8.72624120353171	11.248782256364931	-10.905266320015853	-5.976706727296628	3.1054626208341514	-0.3436413898718876	-7.598677760074968	1.1782525662155527	-1.3920867306610565
NA12272	-6.270982465733925	-7.051353550582439	2.1867430275806465	-4.260858489921745	3.483059772085196	-5.835883653489586	6.297694204424994	-8.850101676642616	-6.039789395450675	-1.0617401619268312
NA12273	-5.287080319194441	-0.09293094682642411	4.846358528178933	-8.528832614891526	-2.65286327393649	-4.390760031095259	-0.172582348795759	1.3815132948249627	-2.303548786237399	-3.095598051306658
NA12275	-6.777036446224642	-2.4525921355833606	3.9713248791188804	-7.990933584879142	-2.7929362084395266	-7.644406985846187	2.7806555521624845	2.054009751246243	-0.9436665700740376	-2.536411697206676
NA12282	22.359073714735988	-7.012974921451329	11.717719668145454	-12.72954406872954	-5.561140286191755	0.5770088848112332	-1.2861696917819716	0.7422236736846424	0.06123360098750591	-4.566711240519654
NA12283	-9.104042394557823	-4.095003930717647	19.73267421994319	0.2227223643895796	-1.3609607909788728	5.981727512399316	-0.40004771560056296	-9.458783846602138	-1.615929157944569	4.300497986202796
NA12286	21.831124260139084	-8.763269270724678	11.992951216381947	-7.022038691481446	-0.9898524674689777	-0.7933399054421165	4.467911216171234	1.2961682993181456	-5.000870174903718	-3.8782068941512606
NA12287	9.722662454072754	-3.733047394676495	20.534534676559215	-7.015830342795079	-9.012504058488958	-4.053027098230761	1.9920463734317	6.816323102637719	-5.666937115717508	-1.9715724435724444
NA12340	11.5976330859853	24.339818053630033	-1.8807840093269947	2.8130298205835507	12.569282861775562	-1.324243166889114	3.531303095459039	-11.310971741274262	4.525138723797408	-8.758474201156295
NA12341	-33.90962689372467	2.7080399851213786	0.38634770624145914	-5.185824878171712	3.5862328647932746	-15.767815689940004	5.561172146017357	10.127095298844527	-0.2718717076224997	-3.0759932052943104
NA12342	23.522841411923686	-7.678475631257363	11.811822009422922	-8.733892995177097	-4.789273763582367	2.4351050431309917	-1.033300899127024	-1.8114230066234485	4.586139935915028	-3.863508681855538
NA12347	7.075354351967388	-6.796703426394655	19.97094843720811	-5.031778240376595	-5.835820330733997	0.9636025506688982	1.7730410431923733	-3.3845919751002325	-0.39754046094725837	1.2811519239721336
NA12348	-15.802060191158997	0.44738515936687057	-10.83756575647385	-10.925030118761772	-3.1185039787641013	-8.907501850728202	2.8404893362357884	-0.23963206113297963	-2.4800964620480537	-1.9105416263327981
NA12383	-19.483931548659356	-1.1097371855859257	15.06160998078544	-3.528138093605721	-4.983006975706811	-8.588104415260158	3.9256850178801974	2.7253714962472224	-4.641761748535984	0.23537435376419652
NA12399	2.696303043745368	-3.6833271458418215	5.634205905070419	-4.9627828498793045	8.02689143222428	12.047650219714997	-2.8576844103827455	-5.46418072281728	1.667875277683625	14.18312597403341
NA12400	10.301092799807963	-6.293259844656311	-3.578028519387597	-10.362236766462287	-4.581040110376329	-2.3745999037693886	3.676271368061198	2.2174352175279637	3.438806418334082	-3.3198287189518814
NA12413	-6.102291679571863	-1.449311537710058	6.229842626730673	-7.907682457137376	1.3996745626763607	-3.1278798791757665	-2.4242717506585403	7.56748715799335	3.299977640589122	-3.448859326031996
NA12414	5.367108993269849	-5.372304146722976	20.951771291104265	-9.514417691904873	-7.09087584461288	-3.65106394579682	0.8042121558678563	3.1766795232053093	-2.5607542597472888	-2.691448845450246
NA12489	-34.302259816923346	2.4711195235090315	-0.16247563047945945	-7.643290349855654	1.185863005102716	-15.617180574543296	4.1941443937392835	5.181868443214642	-1.319150884790889	-2.8013495102209927
NA12546	12.680563552229273	-3.5508750398164795	-7.634585249235663	-12.778224137502013	-4.958855943462083	2.754289263363785	-0.836022573631095	1.4345260034375307	1.3736226410670331	9.817078121961996
NA12716	-17.50334763057684	1.6341500885292723	-9.180688121189727	-8.720412628844471	1.641169739705231	-11.264562390861826	3.912124603141576	-2.5580116318404924	-2.0543662567774503	-3.841012533242199
NA12717	3.585590567218113	4.843363183322024	-16.891636933842417	-8.641426916401825	13.361743830671006	-2.975090243794866	6.553557446033761	-8.655685400909578	-9.132252263776662	1.4619169001419723
NA12718	19.436204928593764	-7.233643213698843	13.546133820997147	-11.141995705932914	-2.5412237810489664	1.2128199111132847	-0.37838548547089973	2.8831797928350533	2.08634973617836	-2.7031555069536632
NA12748	9.161144658328894	-7.8597251480040935	20.99412203424063	-5.606872558630004	-8.895495173056316	3.2056149057690373	-0.30614760566783883	-7.13470234760223	-1.0708848816213854	0.5290402788728953
NA12749	1.3660177444464707	4.754174668820289	-19.093199245943065	-13.985767057984862	0.14940014830389836	-8.920305361915826	4.56531268404284	1.795491284390598	-8.565451986905108	-0.7493677948867368
NA12750	-18.62612376792831	-1.3830230865270128	14.115615463152448	-2.476699576851787	-3.4288400875542657	-3.4976219093191494	1.0157678990625807	-2.5161402975444855	-1.4593713967074509	0.5262439527786633
NA12751	11.41981079049897	3.06253373953476	-4.271267023999601	-11.048890193899018	-1.2392735650966802	-3.1742308298391153	1.7495351993343418	1.1556311078819987	-5.879800103408638	1.8832395499210688
NA12760	-7.281932391349165	2.172942781225431	-18.44901317966505	-16.516884849635876	0.2436596124483919	-7.949999046649204	-0.8615775948841999	2.2718614971382975	7.372224155725516	-7.719670011698956
NA12761	0.860910729806242	-3.7827483227778393	-12.933543918912934	-9.147960712439666	-7.390814809035383	-0.9949752878591525	-0.6991336614616421	-0.6141664766952348	7.8890863349536415	-12.16023951191138
NA12762	-7.849186727607807	-5.871736839064899	24.20470728225054	0.9556121493383409	-8.493916757848162	10.767722177249398	-5.371674426514872	-0.694373305907833	-0.9063479782864096	1.7576919513241547
NA12763	-3.9001143910818046	-5.430505270197072	4.555657404833777	-8.240931171910493	-5.824272217082615	-3.932401737624437	2.719282283482026	-7.402828241634957	-3.103897431577792	0.13163566318863976
NA12775	13.608426247148287	6.625770398920734	0.922191003632468	-8.787524044426418	-1.315454798454525	-1.8132964168363601	2.235781895057532	-6.3691842315371305	-7.287813789212444	-0.8350242526784446
NA12776	6.546102066302672	-4.743573383954913	19.543613325995548	-6.50828825977259	-7.474228134850866	1.9159957308695081	0.49585482194583985	-3.754524956998584	-4.020094005803103	4.704903177095144
NA12777	-12.728399411528505	1.2121977390893903	-13.63970415379356	-8.381535716738211	-1.4501926327395536	-3.6728435699698903	2.398385314882127	7.176631170920054	-0.445969969282735	10.673180743748114
NA12778	-17.91106397128012	0.3017843660184075	-5.451486450535567	-11.580035708247038	2.6238916297089805	-10.777615140009624	3.777742995932638	1.304651725358465	1.900523989518331	-4.936663308170254
NA12812	-5.518835904859592	-3.4191149084853762	6.975347439097601	-6.246259711713504	2.178986738969867	-0.8659227976468469	-1.8479089616343811	1.6051851574070959	5.584027702601178	-2.1576995687550267
NA12813	5.702350123900623	0.5959041717153506	-13.198381778142942	-10.036734118715136	9.747011508220707	-3.952073589508154	6.425318206936603	-7.483603000212218	-8.056461264687478	-1.5525038640108746
NA12814	21.736867582429223	-3.7129850480864026	13.984208357645867	-9.56434704767505	-5.9048261649513485	0.518752911376875	0.41577782753920517	-0.03138372343620999	-1.5006603405209524	-3.0938308091504014
NA12815	-4.556100072956175	0.6526279717230679	6.81607101162023	-8.856709268154633	-0.7563048103000292	-5.137229065190282	-1.113699898837793	7.1070187123833195	-0.9176354212327624	-3.6608349290242557
NA12827	-7.109112362748392	-4.9030039554285665	5.868717084134873	-4.941714334851437	0.8749111419082912	-6.632328174853933	5.234508928670858	1.5524188472754124	4.498932974269362	-3.388342459093033
NA12828	7.185347552141063	-4.698377247308154	-15.372264231783983	-7.253169333063727	8.737616406337699	-2.7057080092945016	7.499897109922768	-8.063244890844363	-13.545949653219637	-3.3718077116279606
NA12829	-6.313410163120371	-1.8825751752803626	6.573630267845586	-7.1061664639321025	0.43475469532592925	-4.449681321791623	0.47085724069118473	1.2398631742801478	-0.09056647768275228	-3.452190319654621
NA12830	21.73151930691207	-7.068197139786181	9.377644577658849	-12.464815742627536	-8.707186661306027	-1.4170058083602468	0.8145064637712955	-2.109875221304366	-3.4141601137754627	-3.4008998344518457
NA12842	-5.8174822523962035	-2.9684175459055284	6.603712768452054	-9.027631647419968	-0.3513640099086365	-5.9588939635430505	1.6667875594433181	4.144425576825323	2.359806657056919	-3.9658784238760756
NA12843	19.996050913230647	-4.8201898806417205	9.968702242784017	-10.882128046205352	-6.453625430802275	0.18783718367129476	-1.0611916439664653	0.5738559199467426	-4.0464760160428765	-1.948441159461994
NA12872	-5.966080987071984	-0.12016324552351243	5.143802690393912	-9.754736692284316	-1.960319873485954	-7.606524795727953	0.4965069479153184	5.869821381865939	-3.4000469391712436	-3.600944817194762
NA12873	20.412130901571448	-6.8782187548697395	10.525319194038099	-9.434538038609373	-5.539937146402892	-2.0815050630649417	1.9599305787014893	-3.20574924282727	-2.768089240111287	-3.4432061420107516
NA12874	18.08311155668764	-6.302446063961435	2.08243690234185	-5.868740025301185	9.569054116307331	0.5643156433998401	4.500972777256144	-7.705259145386071	-10.670868459318578	-3.8534493246614927
NA12878	-33.125179864186094	2.0288462141692496	0.6621208562472762	-3.997928301380893	3.213241426359019	-11.889722925736457	4.717586913394958	1.496879427084055	1.5802912087028873	-3.222446935854767
NA12889	12.552847451769072	-2.764729317440726	-1.888902354845234	-13.020528729686742	-3.5043587057338326	-7.1718754280483035	4.962730612252621	3.8423197111393264	-2.803758032392512	-5.519728739725408
NA12890	14.62760545599809	27.45454291713965	-6.673689602079795	3.3776255612558743	5.095083690143213	-5.575087400951013	7.729374939753719	-5.93199900340274	-7.196870647569367	-3.8618454140520333
NA18486	3.561316726703746	-12.681018717924077	-4.035739055425873	23.497920576978096	-1.3253051574643067	-8.343090367293694	-4.85151434219165	8.227919465471285	-5.704269426703767	5.3891058496787405
NA18488	23.59762179071579	-18.964448379050577	-3.378771325532754	18.291460260806332	0.9805616359311857	-17.398853428125346	-27.64478820834792	-12.708072574167279	-3.4501251131685526	-1.381437053175981
NA18489	10.228538160228151	-13.644173647631204	11.805297761086521	10.802602572463439	-1.224573959438819	1.980059234405807	5.765865524408121	-9.268000448187744	-7.81775346119607	2.2981921589912897
NA18498	14.25050783705942	-10.592095078291651	-6.1546735533296175	1.1436496082260452	-1.1179827984420925	-8.996614634737778	9.157666737760726	11.305135882985729	-7.268222269805507	-3.948021790037656
NA18499	10.614732487313736	-9.219859523514444	-16.26571523043748	10.302781511310835	10.948814547752649	-2.4304686763907974	10.568509994933205	9.524868431733017	8.27504048098131	-4.024812197764675
NA18501	12.391304853960378	-7.4557885986175805	-7.173000118355865	1.3795490926382368	-0.8749224863651246	-3.803406887473768	4.631079268165789	3.891208803448045	-3.1654005261184075	-0.7073236669706708
NA18502	10.643902049167473	-8.726018231834749	-10.073059945881317	-0.7571346265738121	-1.1681460608846153	-2.649311650872951	7.746938983356624	-6.873085348695803	-2.102265376584194	-0.9945824971248769
NA18504	8.656306366360223	-12.838453902552162	-28.350037907637983	17.3187486591494	-3.5900139601166368	-20.137915378029152	-27.816208035730522	8.111125366463103	-0.3001325182565022	1.1324064198944421
NA18505	-2.128236652644834	-10.495836696556104	-8.366350913179348	9.445450348833509	-8.74627665930143	-0.5200465310451073	10.042315097312498	7.816145590420844	-11.16570902369345	-3.6198597043981113
NA18507	-9.542606233931686	-4.647567315136846	-20.644136572090666	4.675267774727485	-11.419807424399727	10.099312526022544	-0.16098948717880013	3.021056544694271	-1.229020705873503	-7.921444568773512
NA18508	10.9047958826624	-17.76654062462232	7.390799732307704	25.09058434850902	2.8067305447031057	6.919913238673667	13.598602004867795	11.279196389842564	-0.5322813092362202	-4.512741833860123
NA18510	3.519284652190758	-12.628661803385274	-5.068371304100864	11.36814078918555	-11.339867304444239	4.6979443992855465	8.58957725664879	2.2268033520427784	16.04985395389797	7.163287780172513
NA18511	0.24824231044484824	-14.677039531976897	14.819704459393224	18.11395728740159	-5.334536903932904	10.643852604023271	7.250000150620886	7.286172532702133	11.02111568765957	12.637445685258049
NA18516	11.969606939974062	-12.119564213605381	-11.96187434277617	12.734663340085984	9.258473541896018	-2.817937970593823	7.741819277942436	15.580343970230796	11.537097490620654	-6.566115572020745
NA18517	-20.467548857885973	-8.688093297238257	-17.084535149514004	23.088777892793107	-13.738067189815528	15.720626495612956	-4.098417428639948	21.835281867508915	-14.64746621725182	-7.476457418822006
NA18519	10.751992249817466	-8.037727951705739	-17.447926017217068	5.28121235051162	4.065224903222049	3.3598536633697615	5.660015067689943	-2.3236455732167576	7.9351453779040355	-3.396091363680065
NA18520	-12.946592276829328	-11.214091339498024	-1.1890677226778514	15.204490834667453	-9.69759571028354	12.633679931492248	2.7957867695469227	-12.25105655289845	0.7959530776891408	2.7806685142932652
NA18522	16.187510130335895	-14.553581976076595	-12.423162415341276	16.240800483451256	4.828928254852583	-14.82464474024072	-27.932704767335107	4.434244107454536	-2.127876394017525	-0.766092746546212
NA18523	10.27240436034878	-19.089276235610914	-3.0769021527076577	32.57640542650091	4.628943852008868	-12.7449067710982	-20.088112177744133	-8.865897096736063	-8.584875304671503	-2.2568639926982828
NA18525	-3.4033369567563705	-1.5354672375328864	8.009887100557496	-3.452238543091033	16.341862720594566	3.7585289275156692	-2.6566206819946547	-0.7876492195258709	-2.9024453420642615	0.6783945607443065
NA18526	2.7678208003529403	-1.0487602907024822	-12.501251865455647	-8.89656546299773	12.882645703643213	3.984146474739834	-2.648627113623688	-5.15593260139015	3.5921924853595497	-5.266381367164366
NA18528	23.329509876812114	24.795669713198166	7.838542178678478	3.3007934447114726	-3.0077297690316813	0.14632908329863364	1.0386608219081712	0.16306299337844243	3.6820113211568137	-4.6941269496497275
NA18530	12.220177355202535	28.61652332421299	-11.055569685879002	3.7942550574476823	-6.409823649015017	-3.2628145570409526	3.7644043335970556	-4.161590723092816	-0.7908218175450116	-3.2099675635280285
NA18531	3.7435729471496635	20.90055462949246	8.517828489481737	6.8103850227993785	-8.769071104833468	-5.434908928269575	5.180989937906197	-10.462038865268447	1.1480920619092907	-2.0158286179582903
NA18532	-28.54705247599677	1.821397404651156	-12.119922192607024	4.254858346085665	-13.36792966173034	16.156987149165897	-10.355840844095926	-3.1563756801571254	-4.077191366769367	-3.3663509234661193
NA18533	13.439818444261295	30.764526442427755	-9.24108406266313	2.6297023874029644	-3.245981456495568	0.3889781618296638	0.07310103945956192	1.6797889283865	0.3178134415333673	-1.335717930332804
NA18534	-2.9698692108646307	-0.9038991184576484	0.8444585205654382	-0.15853290809623688	21.460685471852795	12.747808859351256	-5.594793701505246	5.671096119650024	-4.004610636307969	7.308424555531119
NA18535	-17.04346663626671	4.08146196481587	-14.688081964340677	-4.073035136266185	-5.787071940185293	13.587575091161485	-10.016673436737827	6.097096861104343	0.49347444325579065	-13.38373735287665
NA18536	-25.742208948627074	0.21259457400605464	1.011747144610986	-0.28007423897299555	-4.308194502854286	14.355679246017784	-9.383140152371773	-7.4287222246424	6.979180299431819	-6.419593398912057
NA18537	23.28961917008986	23.331368186668907	8.24332846842469	2.968819616928198	-0.5505044939388981	1.4736973520196937	-1.8771871617588922	0.8229761083366316	8.094253483476376	-2.703032156520993
NA18538	4.995378127497641	-6.181647899862691	18.710377387137225	-6.420269498716247	-4.208157765177302	7.515615965937929	-5.161541809931212	-5.82729066911598	4.329404472386108	-6.114247652210814
NA18539	-7.315590969428376	-2.3770508680220983	-0.12870544857586852	-2.7519853898997058	27.08012734924817	6.304785822752766	0.039692212306348534	-9.54407127315591	-1.3032344946796226	-0.8329301347210234
NA18541	-0.9792954850062583	-0.3946680989124106	7.6808732548053	0.08187464099039146	11.493142416337086	16.771195094492242	-8.256060540039407	1.2060922269777594	2.1698109907593115	-12.615887181834195
NA18542	-10.013953131423124	-0.3664343216390017	-4.002886970094684	-7.085443587849137	0.43242615969570763	4.163877983120145	-3.6698525756401423	-2.9565748228901705	6.050296826870181	-0.3744876114061569
NA18543	-8.648410812386402	5.905379194465922	-5.90333296846335	-5.596558323494716	10.558515472459515	5.3341194018842915	-6.426890437797473	5.0253154294705205	-1.3459279183097919	12.380674249321055
NA18544	13.202340149226979	26.10558372144545	-10.048724873451572	3.887533223309105	-5.0685067304786715	1.0976790547544863	2.7100353698918647	-8.734022308720261	3.526357836496034	-2.7930237548326287
NA18545	-4.648360922861747	29.891029378525182	-3.2691884179263884	3.377275668984818	-2.7560222463066184	-1.549529932656478	-1.5865494815603038	0.7284221403210656	3.8523040649374023	3.776260313624019
NA18546	-11.877116990962588	3.279110910963351	3.321402416365786	-4.256610607690548	20.490860535655752	6.046991831410081	-7.041379449132036	-1.4918086039932699	3.2044392460065994	3.780861293600902
NA18547	-13.386470282394109	4.999883653573315	-12.749635788922498	-8.173439784282992	0.2254865999453376	1.7560130169256623	-6.164110990512825	9.662670879134287	2.8486039428066925	13.856522970604253
NA18548	-0.8973856865346886	25.391218358695255	-7.512458422603015	13.262891207500171	-8.83568960514086	12.85143750100485	-1.786577082426518	-4.72438198472741	1.307261710680923	-14.701334509232408
NA18549	-0.9561500556617417	29.28530055866795	7.145339385877777	6.492321010533218	2.1806845690112815	-0.09322743011749368	-3.492172187094358	-1.2244158412469774	4.0702220241379745	0.6003653544651677
NA18550	-17.074967927694924	24.92921124107389	1.707440557909433	15.441980625925536	-11.458197029158052	7.252203074836429	-0.3313097834968971	-15.627902628260628	2.235562014448943	-6.210123003660551
NA18552	-5.782313620043073	28.325784898633703	-1.6185694744744412	6.141105002860472	-3.604756702564105	-6.420319802166308	1.9080875209749912	-3.1362648326600517	3.7183275104462847	-5.23964384095599
NA18553	16.833295236021325	-2.1646905987229395	0.8736481093375177	-9.480877399653838	12.721855097478755	2.260716656375132	-0.238989642987811	4.922308943636726	-6.395791172054962	1.0874977464688036
NA18555	15.236318550012188	-2.987176279010655	5.757822497537253	-14.22237510719295	-4.20832149183923	0.9615836313554562	-5.466096471169584	5.192934205182338	3.131999248028411	-3.8875723614330244
NA18557	-4.096281890808366	-1.2033002258819705	4.320547287676959	-6.218387657497927	-3.1454473927069575	3.5979614061058185	-5.823098318482044	1.6110660392450842	4.1592957626256	3.268883141305449
NA18558	10.361657309441439	18.51480884548135	-11.913476747854078	-2.8769866915134066	-6.799307652884623	-3.140779843947925	1.99944947679412	-3.880834525697522	2.8763718932645217	-4.97569146046613
NA18559	-17.66500621443635	-3.553299444325474	6.069413438275282	2.535758921467588	-12.11127647618136	16.542059092334814	-7.8192027389884515	-4.190864329051354	-4.258232950273559	-10.371624567441996
NA18560	3.7821356980139242	-1.9953432391197499	-22.819610076138694	-11.07668827463541	-8.044616569881581	0.8980335738756692	1.4350589135466687	-4.549651562542248	-1.091587502922685	2.9458629977023265
NA18561	22.087865637703768	-6.7500399783221585	14.406446364164315	-11.44232930965254	-1.0609269690634342	8.759160334183731	-5.854451813708772	-0.3273393750420871	6.223283397051818	-3.857245997261499
NA18562	17.097059836057763	13.658114786154218	0.2175772590938878	-1.123222760486395	-5.310527824122297	-2.0423539333127567	2.1764701254144163	-5.827842657453125	7.502603729992358	-5.30181765383717
NA18563	-3.3130422324039595	4.421610223505311	13.940763807705839	-6.701340290347771	13.822697537531683	3.616886352049141	-10.026626680749555	6.886730480301484	-0.7176773879436058	-1.5684790655381107
NA18564	21.04278562738081	52.46317917319124	2.00538208388687	14.429169950004212	0.14576488295432055	-9.212715635243995	5.36850495184942	1.7546726506434918	5.569725217538496	-8.617924596394992
NA18565	-18.990014343586473	27.272245737331993	6.738622867246225	9.871130365006515	-4.991590808103589	-4.868442202487456	1.4972750749674792	-4.704952085044957	1.9058158412171613	-1.952678715691614
NA18566	-1.0201975729056338	2.6481619617684498	0.032211411642456944	-1.164758764833316	8.02754788262464	7.147971589033463	-6.167326108394246	3.555726598996747	-9.93414903270944	18.14288062332013
NA18567	-27.61987617697938	3.6392931773547263	6.938180254990331	-4.115862292246685	2.919416549684305	3.11074784398255	-7.460470919608771	2.1169512674724427	8.597117257948783	-0.7517612362268568
NA18570	12.49566396116249	-2.248016763328061	-5.391484366038578	-9.960127318684433	-7.222362043715906	5.206806263189925	-4.290227881719658	-3.55180674356365	-0.2407285866199016	4.753995759132238
NA18571	23.219737896167377	-3.7638804621059765	13.045594385185206	-11.463535423176042	-3.342477856959004	3.452223821490494	-4.007428597606346	3.963295398211515	0.6581218195891206	-5.323053300486504
NA18572	-24.93840193745158	-0.7702399670076894	-1.8275784973654001	4.495025728913597	5.547515057764643	17.440713598576856	-7.449019518745871	-6.007688384565505	-1.0895113249620294	-11.616692927000186
NA18573	1.5443890212362652	-1.2071266219625767	14.722559933087517	-6.671316064237143	3.0139146273272814	10.999464804069003	-11.717112461452944	3.0521455075668245	8.74683997680135	3.1991944674215977
NA18574	-10.396522923692123	0.9294969175346203	-21.079880805898817	-1.1938608782514386	-11.212703286817174	18.855230831595197	-8.178931469651852	0.9544271975343661	-1.455135154465391	-0.6932666127512414
NA18577	-8.31474172926331	-0.1803635141121399	-7.587050630319501	-3.841048275188691	7.423184757736152	7.970340648179822	-3.5814218345948614	-1.7660462066655245	-7.009212070210054	-8.561604936750113
NA18579	3.6575256642895386	-4.386869439422874	12.663014107982756	-6.347000249324222	-5.9672121625220225	3.7789240977027863	-5.355088691966043	3.365710294230225	3.3727160333229405	-0.7774004012403108
NA18582	-2.3882911115084995	-1.7873790372016858	5.777055923075995	-6.9144577319584055	-3.2583115358996193	5.331760810713875	-5.899052397608141	3.2061513167197493	4.7790791182308565	-1.5589040798221914
NA18591	18.86631327488765	-7.748090352659406	6.257684774612639	-10.962974881145369	-2.2189431931367887	6.836983125688311	-4.18052247211753	2.812155225913476	10.589771003112997	4.080423121061333
NA18592	22.403759453953466	29.629879261041143	7.167753004349922	2.471808641343388	-4.750732297739087	-3.543757899432216	1.6214250622496913	3.4025996357793105	-3.9407901325032846	-6.087737410356482
NA18593	3.229126240170821	4.650172155164668	-23.36973662837075	-10.225834721352351	-6.034770489964793	5.9475447971982	-5.1820406345091	4.532045251359607	-1.264181696762396	16.118242669704447
NA18595	-4.119883042562434	30.180869774916737	-0.3610144209711831	9.324426971173647	-1.045428322234646	-0.5223156708374554	-0.5457230432941219	4.745751157344523	5.033590570097791	4.292000706506032
NA18596	7.11221636350751	-0.629916345335025	2.6844708815496237	-12.1169164238469	23.853452132072096	4.799378518934641	-5.303105521784989	-0.6103873319386359	7.430885329236441	-10.919444803626254
NA18597	12.63073096051249	-6.331651048589083	-7.654266447049781	-5.702761521194758	-2.2457569551532712	1.97787555638934	1.1796184522331858	-2.486744757010209	-2.911811098267112	-2.8102062445160767
NA18599	4.716038156541221	-2.3806913378551227	17.50918697522169	-4.644264677985109	-0.5919712499206986	5.2723615008865465	-4.502175865403917	3.4307630520131553	6.446029230145142	8.119679004879446
NA18602	-12.33976829578766	-2.075806437539943	-18.297198817953362	-2.2931281878784793	-13.496573087414548	9.407086369570811	-2.8708259500029016	-9.957327036181907	0.3762116454174552	-4.201584618439528
NA18603	14.55074843132329	-3.2938753195421677	1.1422060698342138	-6.7520968953563685	19.878020902976285	13.108635807631867	-5.983300210026253	-0.8895403811623294	6.915519738572749	1.9067311326228427
NA18605	10.997107187221074	-3.89357087642143	-5.235267214317709	-12.88863286413218	0.5542653719438699	2.7078962478050608	-1.2488453887506235	-0.7623616018043452	6.021836508905109	1.2274930760507738
NA18606	-3.231841789570178	1.578793973235666	5.7305620478291095	-5.854583682709389	-1.4745349803557959	4.424466616612137	-7.65528812147565	5.647530237331797	4.868449685658382	3.6957492380943746
NA18608	12.705945275030738	26.464145311029345	-11.46267508299781	0.009039210490885408	-2.7807986742438837	-1.34494988726162	0.4140800159051592	5.528074985014369	4.203350029295006	3.666543018179892
NA18609	-5.80574408824251	5.794778420510511	-5.956716564502329	-5.338177130369531	-10.45208029405712	7.542184141661896	-7.5055479968551495	4.8694393221716314	-5.186590889424406	-7.9735840164518015
NA18610	-16.31567912405218	-1.681621085525903	25.504025987030936	-2.8760473275447085	-2.9046406043614175	-3.2090788722998402	-3.921252836123445	5.198373136484741	5.673182028627274	-2.0354964162864184
NA18611	-2.876749584327572	28.55527327771959	-6.063843100448873	9.716954849695963	-9.457089003425384	7.431378207088504	-3.540952350651168	-6.05356393672708	1.3344997241363792	-7.703661006136908
NA18612	17.09876517359279	-3.375894810150352	1.8954732946521622	-5.938714748368842	11.39279309604013	1.7862447807848458	0.19956067731143337	-3.372072401732542	-12.555036198780215	-3.97694425155046
NA18613	-3.911496269224061	30.062689796477517	0.18595979837865884	7.343448789115485	-4.964215239386994	-1.7564489465959916	-1.159319243501768	-0.28454950559116	2.793579290379039	1.8143050171218995
NA18614	-8.88033740564089	1.731328511401879	-11.496144168123728	-2.3382063419631374	11.813811475250315	16.20563995048698	-7.963996861711104	-3.165326363459358	1.7324191643482232	12.958691338987778
NA18615	-26.96914202154878	1.6858458766966924	-9.75944602183622	0.36550065791933545	-11.152438272068359	15.076061116859215	-9.035802701018396	-6.39537091194837	2.3949821305202104	7.992340681755083
NA18616	-1.6961838930127024	27.612860394954293	11.557150025012279	6.971205705692149	2.606481797618178	5.8239370276016285	-4.882383438042288	-0.792217198575861	7.264810580441185	-13.767392553635123
NA18617	-4.039375063297901	32.71027354788003	-0.4381249214881335	7.29810571936709	-3.7374753394083458	1.489793771229043	-4.486336102855409	5.21826919566805	-0.3574981434443829	1.2099655308406314
NA18618	-0.776113258065112	-5.059792737924606	9.99349807941424	-2.925635937675145	14.308134411995947	5.325481565998838	-1.8887647077076555	-2.971647240877138	5.1647046862562025	-1.3064588667157253
NA18619	-17.03002218162502	-1.4007938727111466	22.681992832208845	-2.268994083399636	12.325098381295168	4.900845755098379	-6.265690384451005	0.6241525241739692	4.162623797433007	-2.768807564387605
NA18620	21.953631585517723	26.631743975499663	8.132166158134863	0.5037750080958214	-2.1673072202513555	-2.9195841229245234	-0.6430025396372179	2.8034658203512817	2.1188882753530014	-7.773604467349991
NA18621	-3.489223028211628	29.108308787569833	-4.166482822349652	8.86225315741125	-6.224940566824165	2.9979595920905067	-2.753270881479117	-2.4026040170468295	2.0937893929475866	-1.2939856338502473
NA18622	12.158294258773925	1.7644083578904577	-6.573013105841124	-10.00762161855685	-6.427889000454141	1.0145431093087551	-2.0502965003456954	-0.8384338529795179	-4.054176009101322	-3.0205099199149794
NA18623	-11.693000453053447	3.1816732255111217	-3.031837741925389	-7.2541895458417525	1.8598943580668779	-3.4006287291550144	-1.2141404102674225	2.8529365212375524	-2.1641772155579417	-3.1165576335772736
NA18624	-18.794581364993757	-0.9828118724845885	5.440080573306834	2.148029215007118	-2.715576568939096	11.352197939968542	-7.740520843862377	0.5654419378055013	-2.1671272954809124	0.09348792965505145
NA18625	-14.147853687041168	9.36837179289943	23.042474547284403	7.971897456520487	7.963460356769276	0.11029594261324249	-1.2208782605640376	-2.2744231036456264	4.371194116166958	-3.3743169995942957
NA18626	-31.161898976047418	2.1300708117836424	-7.23931856388183	-0.7997489185046094	-9.455117984949421	5.261916032686471	-3.766391624047923	-1.782712463824427	1.7178058973863717	-5.852353805746618
NA18627	1.4770320738087428	4.125116439749364	-24.9993835395492	-7.664953332896241	-7.763004546608702	5.798261695675676	-2.8809321565539396	-5.778593002790727	-1.4401370257972785	10.783922390959946
NA18628	8.10635892518124	55.317185522056356	4.483988044286185	20.72690399376052	-7.841853417432668	-3.5455955051478236	0.8180946735701695	4.71570215081158	-2.950024077527109	8.0341588721427
NA18629	-3.4688579381739504	1.7355796579865683	14.456483663551435	-5.06297816415635	13.473311643666557	2.886819398646342	-5.982706764373795	3.3085444147714	3.0378538180887826	-5.418724609135893
NA18630	-26.184266739403895	1.3146460284900847	-5.253623543337865	3.2000776072233337	2.414525250646876	14.646171108113954	-7.623393933566538	1.4624195000239835	-3.1459176000950833	-10.697980685200847
NA18631	22.376135773989862	-0.8606663849356395	10.367339949575433	-10.901125802494612	-6.343226152515166	-0.20989912761238494	-2.9348675191827125	7.407391871150196	-3.348683035691444	-3.473483559385242
NA18632	24.69909211643268	49.48967459932814	-1.677989504387134	12.403751977257102	-4.73341490407863	-2.191643270721869	1.581413084810433	2.942808169348768	1.9058542849966007	6.585416202263341
NA18633	-8.269832136128803	0.0469417122235567	-9.775968944378295	-0.7094306489170765	-5.574302436672165	17.64609938163032	-8.016016652173992	-3.5241892384802087	3.313413723902419	-12.884882027874914
NA18634	13.862982092843888	-2.024806125238785	2.970115415639884	-10.151407535673291	8.838549048309137	2.748495204981717	-1.3965270255830413	-4.290664393987714	-3.5624291750002843	-3.1482271817342995
NA18635	2.5111623248864965	-3.2005607958692766	21.591406916709158	-4.5430642324162465	1.7235209688327733	4.730826230459581	-5.474327318539562	0.9042944260989954	6.577278097489081	-2.3944277980266024
NA18636	-7.741408750019986	0.29570999816515453	-10.629906557112847	-0.1762342984291787	9.308541351111128	20.047128948242918	-8.001166398389195	1.7642786864804298	-5.69450074995173	-12.834950878119717
NA18637	-0.5948910634431832	-0.7907377680423999	11.410307209071103	-3.257321164841633	17.42250889169359	7.665900452664098	-3.6618768721205477	-1.636332323951958	3.233391946527677	-3.014975820824689
NA18638	8.773932989164576	3.804989254600926	-0.77343476314934	-9.089657902852673	17.274968608981304	1.8503225892537472	-5.002987733044205	2.040120686882061	-5.469637751114045	1.5488594089354246
NA18639	11.788062656033752	-4.305238565955585	-8.324349434048996	-9.511495880112724	-4.868487199247287	8.35950339488221	-2.6903277359515876	-5.307826785715802	5.742312641755083	9.827801570002778
NA18640	23.236963176025643	46.05538487569441	4.725034641790673	12.561287091610971	0.603440848290035	-2.640499322690181	3.638028774314191	-3.1840378076238958	9.300665977934402	-10.62003380608931
NA18641	-12.985107725473682	2.546738160394281	-9.032421885328194	-7.992885307895708	2.0144327912102966	-0.1765350075515767	-3.1056729899958597	5.965194435828885	2.1948025343538613	-2.4279016377323597
NA18642	-14.705230756807673	6.168276461481663	-1.1274542369507539	-9.057398017507495	5.862796646431815	-3.591558013973336	-6.644009847226151	8.457906963074443	2.552322188448639	0.05039449392234663
NA18643	-1.202682071065416	-0.34930066977052626	-20.269823572088683	-10.441458067931524	-2.1604565102752598	0.5531628664037146	-2.4014830108181733	-1.7149588099068136	7.488502501789027	-3.42068697685321
NA18644	-9.137039109218774	-0.2971300072946279	0.72914921034335	-0.6160326059312209	15.110052819935028	20.164382370175943	-10.15514018238477	-3.1179933660506935	11.688323744704748	-7.982547978040997
NA18645	-8.043313571837126	-0.9922854213664775	25.389592804001143	-0.6985825339061917	-3.047911332005303	10.77839864380352	-10.986476748027092	3.2294664702158533	2.7430562197303043	7.0310741964465855
NA18646	8.658694013585825	0.685754001315293	-4.5290974611179475	-11.532436037087905	-2.9639644716809386	-4.174812092289873	-0.9476085287931216	4.7493989387215345	0.19961044885320312	-5.917627147022418
NA18647	-12.236817443769183	0.6993535507949875	-10.680968504311835	-1.4973108419342964	4.891311376288122	13.222528908639358	-6.496981509076699	-1.3214455913314804	-4.565639667909892	-15.631030886345917
NA18648	8.403645741907539	1.5964731723675185	4.62778698433495	-8.551767115613954	21.566416980178776	2.8627391925074006	-4.043128205257004	4.726497398135624	1.9725362814418477	-2.7644826234306787
NA18740	-17.770773932748334	1.7580921146756032	-0.6996682605611508	12.687784619197124	17.955733627050463	35.79277949306152	-12.79750142209688	0.36668860841060336	-11.796615143232728	-23.416870514874784
NA18745	19.28292360378947	47.49300809653791	1.5314778746597537	13.830167001838365	6.287512909693169	1.2406403305237268	-2.3388013898452855	3.9081753645413198	7.4795491427656255	5.6876415446515995
NA18747	-5.488732656811671	4.962189001036247	3.9848529407283326	-5.177968312805779	-5.894799101083696	0.06033050695980957	-5.60950959233601	4.4183757019608905	-3.4602824528339067	5.054860129387366
NA18748	-13.890118212779381	3.23986238205859	-9.471345695951625	-8.072192011148111	-3.245263081400437	0.9292144682665753	-4.499631284058237	1.0005232502110557	1.769014452911777	0.3288326228401853
NA18749	10.03632051950786	0.29679195986473683	-4.425531348733587	-11.23515743074387	-4.051038018073985	1.064519425093363	-2.4122344932849247	-0.7002976002531505	-0.7889082786400458	-3.584730125573018
NA18757	-13.113270735184743	1.5631086858052003	-12.86824787291344	-6.070654284261961	-5.560555133636334	2.2215534278562665	-4.872715485100321	-0.9690000802722567	3.093399666460627	5.648357622987981
NA18853	11.036748434605782	-6.730545354579063	-14.460462868148438	2.738284991718603	6.354945930915615	-0.975107910311696	6.525710243269373	-2.0789726037756764	-3.566439775959988	-0.6938983446774283
NA18856	17.91721948486516	-15.679924536867228	-10.195700224099857	14.815269594655115	-2.909955679346614	-24.704974812526547	-32.77356822173505	-14.969131261735395	-1.8502495239455214	0.9436954750400421
NA18858	-1.4463123577337218	-8.413882765290687	-8.291745515426713	10.66547884776421	-4.101017876859397	13.133783006468668	-3.7516789471453325	-1.2705658565946694	2.5139582212666953	-8.204204697025848
NA18861	5.0333199040029	-13.65821230070556	-3.272911086264134	18.20981222795016	-3.874314800976132	2.5599147033298904	7.856804048033781	11.108738507439748	1.5401890315161282	-0.2436179325147697
NA18864	7.4807919901961615	-15.472843042521625	3.0000340471503546	17.78981405079453	-9.761252275101828	6.3207729430166815	1.8583092211153613	17.039347653148624	10.006129847045557	-3.097013545632363
NA18865	19.50222720928012	-14.05735989593423	-5.6978123612151075	10.859640203764222	11.383361330974976	0.22719528674583422	9.650494213072633	-0.6619879556875062	-4.659575573305935	-0.150320847076593
NA18867	-7.757420242989919	-5.127487493582962	-14.180581084222244	1.9518082323770307	-6.331006448904	-3.8918577410304263	7.39352042308844	-5.397514115583348	-1.4985414681776743	7.28723478582386
NA18868	10.51260999114275	-7.827531768305258	-11.295737317856922	-0.857502053350712	-2.042170558405963	-0.7072646958522907	4.225778492987137	-7.893204085232952	-0.803201342087666	2.3327164910765217
NA18870	-13.046770595253275	-10.21550251769823	-0.6358136151200195	18.40856700692712	-1.7037155750342934	0.5079416657680449	9.569420663747605	-16.269663238210065	-1.7718142238129604	14.095843253955584
NA18871	1.0927043112129202	-14.655088839455393	-8.81599767826727	20.318363509980053	4.1469557950887985	2.55978235735657	14.22928410895601	2.22286614901883	-17.162294451914033	-5.095716712431277
NA18874	-2.0498823145782565	-8.171403526881406	-7.462205608555686	9.451452847392543	-0.4790767736833987	2.744637083519203	7.047710870931533	-7.515687177685561	-3.314554765804415	5.2350507136455455
NA18876	11.362875024592228	-23.9228339575531	-1.4779479221842657	34.54700802542066	0.10435408880748487	-15.311625379721397	-23.6097785838154	-0.15442039416361028	-15.98724465971406	-3.9732602619062445
NA18877	4.218349937276959	-3.8456680655108517	-19.98425686363406	0.5533700433336725	0.4204697639543461	1.2439220686273043	3.951791449309684	2.2343603500356646	10.617667513360812	-2.5809339405925225
NA18878	-8.517590489415406	-6.348359784588536	-20.552367236782597	8.163076071580818	-7.586471772210163	6.1389015846011254	-0.6516390916885498	1.3868663806779544	-5.378208372801247	-8.308730611750251
NA18879	1.7355668654155911	-11.113235088349382	-15.456303592823172	15.538503526454187	-5.839306261157372	-17.5802421310246	-26.096225871307528	-13.437376376913827	1.8621333067736994	6.433408733789902
NA18881	-9.609255620692611	-5.1753217162220535	-6.8266973565581575	2.6715157275541417	5.291814905741931	-3.909127523401304	5.3686217328166554	4.203138671198737	11.271480836000228	-0.05215783458333509
NA18907	24.156756391438815	-20.17847092394209	-4.0823725630243395	25.044700333343894	11.031868299962975	-21.345016609957092	-29.930288869669624	-7.400704383062511	7.257980429065403	-3.8122507610475282
NA18908	14.200416210975238	-7.699083307717628	-7.085639238917321	5.010723798876765	4.935742934568418	-1.0696727451015104	5.400822658210983	8.5398514624602	7.581033519707366	-0.5832966480798197
NA18909	-3.7655977257025737	-7.5953110038242855	2.119552498248249	3.9285924495351034	6.862592283893935	-5.271034369532344	6.6374371016931235	-4.367291786923186	0.6473551515454634	-2.7498074090785476
NA18910	1.0555812404317773	-13.134552013824846	-2.1909294919367737	16.264891445862304	-5.1417721385805	-3.7766439018634754	3.166984553939084	9.033455508048045	14.76374461915354	1.926658390564448
NA18912	17.701145565323344	-12.504936393154123	-8.906760893025732	10.036227819929348	0.009440470756442372	-12.367773332458214	-12.566814025340925	1.7813040652856746	-4.012794633457533	-0.8932275626943984
NA18915	9.404846895052469	-10.418406208024804	-25.20006534594635	10.152920642620158	2.897490251631052	-25.56511236018814	-24.846978423476024	2.0065474728614268	-0.43401254856199245	-1.0092734384456943
NA18916	-6.036444818034585	-5.975630570433443	-12.888312367526776	3.649138153240294	-6.519934754222341	-3.500652996524709	7.761098302975917	-3.459020188033186	-0.7753261873732378	7.5374487180864325
NA18917	2.7784740507581547	-5.124751532241671	-16.166716609436648	2.9170806898633685	15.05922076952829	-9.944859286102151	1.9554333224100775	5.4176799451903435	5.5899007406088925	-2.3970839465016907
NA18923	15.03121595852597	-8.258272500493597	-4.354359528718921	0.19802136986795116	-2.7678282501519216	-0.6683454174120389	5.843772204012325	-4.779254070438133	3.2770487918981104	1.284705471887145
NA18924	9.92233298108758	-10.49056109746149	-15.209337854643872	8.877087781624994	1.3263653701962324	-18.87266830407122	-25.42334604459989	-5.937505788511327	3.180810438745748	-1.4307121142120094
NA18933	-13.180399399826298	-10.954872642277913	-6.27191489225835	18.127534265420845	-7.872947130585186	3.3760982380787006	8.877051276957648	-6.982010732384346	-0.29206494987034937	13.574831164410659
NA18934	19.880446649067576	-12.30450081609888	1.6368620410666066	6.168782477597313	-5.322554249152243	-3.503669080761979	5.802092807384698	10.516708733977453	-1.964180321060987	-1.553590048770169
NA18939	3.8120911815140595	1.2738730608259488	11.097772029252745	-4.100504203971198	9.288488649298053	7.276114958483072	-3.772041898007204	2.856776148610981	-7.509480656518848	4.694204136328241
NA18940	-13.251516576037467	1.1004718222655154	-12.25112244810865	-0.17324027969688097	11.47167626879606	17.13526818829241	-7.900376499308192	-0.9571056073801234	-4.873374921479119	-11.6572325877445
NA18941	-8.038227363618384	23.100589662570435	-9.05002345683343	10.65788230679612	-4.4439523042278575	8.429969050942448	-2.5530620589057	-10.456432663470299	6.657335636969035	-10.101573885087651
NA18942	-10.880551108296592	2.2895827136973725	-5.10425432554416	-4.825359392058823	-0.34614633975089193	9.511933971387688	-9.876393990998587	-1.5348472106177034	6.025389323701832	1.902093565190277
NA18943	-4.594257451293856	2.092951968379042	13.80625276868811	-7.024358100247699	16.031849903718165	4.345680860422909	-10.301821470178156	3.272590134098585	3.046467646118264	0.025191822774565775
NA18944	13.130702686781268	-0.7814574154344279	-8.340139886416532	-10.293508075685535	-7.164417459736669	2.6802361029314863	-0.9250733461451812	0.6402244830371946	-2.014919343620915	5.294732823718237
NA18945	10.693005917838901	-2.6973797640989003	2.635013462555058	-9.367813060479838	16.701653177822735	5.867286991376927	-2.7025323250126108	-6.108690933463922	2.4404860450995196	-2.7125694227490507
NA18946	-16.572999201901553	-5.3161479100423925	20.236426849365508	-0.6656610044855342	-0.7777968303268671	-2.5353951264454286	-0.45230532896423603	-6.54375083798272	1.6571299088110694	-0.12751252272061964
NA18947	-24.362020538964284	0.9114917995639873	11.401438292775381	-3.733379474417266	-1.287532116899735	-2.378720782798871	-4.1705751382431835	1.2180663147706925	5.763421761539484	-0.6209216097544121
NA18948	-20.634984557971258	-0.37470510454385864	4.427046833514018	3.0695797487589793	-10.042176022014965	12.862345719843345	-8.216337320702815	0.2729491654202227	-3.194461339553163	-11.659009861267961
NA18949	-4.773175988124569	33.214659880227266	-1.4885942230045455	4.917202219527231	-3.132522406554899	-4.178754136263313	-3.766531003277981	6.140711754385444	-0.39561682866893566	3.60037686448267
NA18950	7.366411328492126	7.678821598524912	-1.4850262008998967	-10.136765025890973	-1.6132643295260443	-1.0411382411804846	-6.433720819266324	13.151880942502126	-2.427778294176515	0.12549577425935898
NA18951	10.684513333164588	27.760539458915563	-8.468170025364127	2.4013261078221744	-0.9676908115190553	-4.335223974600679	5.60621321317023	-5.779885700436801	-0.1306396254801676	-2.6114079781840456
NA18952	12.043491997025315	27.721833962211647	-11.7923045901383	3.1097388015207605	-6.90391255141215	-1.8641276933191966	3.4518710221261655	-6.586746767674913	-0.24700054541305128	-2.377558916190068
NA18953	1.9530565609339388	2.218210138879048	-23.50782504515251	-9.998294929746644	-7.752247715473376	0.4400022620236592	-2.3018239782952232	-4.866976114468482	-0.6134143176880894	4.269405688955922
NA18954	0.44224535521569486	-0.5452956807025094	13.757996071944593	-6.021540180015635	0.8266320424041611	2.993135937748424	-5.1395329289594365	4.536318147058486	5.166353753431086	-3.40956184716836
NA18956	2.3619013926908474	28.82938018225656	15.071742964992596	6.1314839522392415	-0.5343879522587804	-6.139783066643282	-1.6175645274087154	4.681683413576875	3.22345683744822	-5.547330425011411
NA18957	-21.509657972974047	0.7430147136453816	0.9257530004362956	4.914531335348859	-11.859185785955953	10.451172960037761	-6.242219701376922	0.9752520264278622	-3.5233784345383246	-11.076568919702392
NA18959	-13.984948798116598	0.4888735050574866	-20.247583541423747	-1.0414692357159996	-12.508504102515495	12.987069490610642	-4.832956788146826	-7.306875767264449	-3.643510980304246	-12.372603733010571
NA18960	0.15846471148817282	30.48007407059931	5.966889237006261	7.737956065652533	14.80504575429395	-1.2708415123701804	1.1791187218936512	0.9455158863721294	-2.372110202100551	-5.334910447043601
NA18961	-16.79300186782042	-6.081007912868555	22.87916894373437	0.8177013357537406	-1.1820103426743684	-6.678695836188724	0.5117526310886313	-2.658095477277303	5.318327748229021	-1.248511385957311
NA18962	16.746043630665206	0.6560109657810504	3.0605881008277707	-8.39130231648937	14.380881852538495	6.741718946467544	-3.5058571803741803	0.655054225965306	-1.6624863519467779	-2.965239734949198
NA18963	-6.083068134708811	1.5259283404560067	12.702931234974574	-5.9002766661312975	20.60010222278745	3.2430416299147025	-6.7858898798727125	5.745730913929238	1.8607131027273898	-2.163241327192239
NA18964	5.317164007835536	29.27244850116751	15.537784159675759	7.934512464139847	-2.811167610702749	-0.8459720912430179	-3.677880811039151	2.753553790445535	1.3452404409945982	4.064646605398162
NA18965	-18.972759866929394	-3.6216423751212767	4.370266794115895	4.453523987278023	-12.096725625223803	17.976515879792316	-8.407934108589782	-7.7545972055493095	-1.8160078913030522	-10.869161567364559
NA18966	11.476502672737855	30.413153014915135	-12.072191813767894	2.150566843641272	-3.8648117060342657	3.857670129542567	-4.074649347208847	1.1549000440150992	4.386542622577623	0.44084227920609975
NA18967	7.1449843130452875	8.529187501853368	6.858945250698532	-10.056090636216823	14.780124462880948	-4.17497407527784	-4.36779995798875	9.275006905406745	-2.802545828600314	-9.245126253399928
NA18968	-1.1739882862894138	-0.15070662295024861	3.8303333424938018	-6.990304275248082	-7.803830835339627	4.055858333965494	-7.687486654390112	1.195318907662045	-2.7025484715748913	6.435842892752728
NA18969	15.933121445592409	-5.235063548878948	3.846193793149392	-7.431772191130554	17.284164974307075	10.833034862259174	-3.9296611170214883	-2.67087754747196	5.070122421799146	-2.5935315154695155
NA18970	0.3795478238161957	-2.456665159343537	17.484769059216433	-5.2131944226186375	4.984725868778149	9.738707762755094	-9.950316634291907	7.177786244574486	3.5702902742245475	-10.918214052434621
NA18971	-5.312746462345936	-3.868629541738769	2.3689642009254444	-5.53510609842097	-2.7259458597506265	1.9032792291413942	-2.2046683215025578	-2.2844677101370956	6.697901245505346	-2.218145429303999
NA18972	-8.259497840471806	5.291562495942443	5.435894559287606	-5.443393683207051	-2.613398445714197	4.998464045704696	-9.5905146393673	8.495251347140059	2.8742021602990158	-2.7727158378876915
NA18973	-12.505735981363955	-0.8106990240272249	-22.709698922518378	-1.2590571025777515	-13.13816030607516	22.14037389689629	-8.209539921852263	-5.8001665642476254	-0.48093312911915187	-9.304424311501283
NA18974	-6.773600707230999	2.912430091806635	11.27245403392648	-3.0947533738020563	15.24315557018373	-1.825622143866985	-1.7665312999095655	4.304565012079573	-2.893048451106323	0.40998873221372323
NA18975	22.343331482518114	-3.6286252719221235	12.77409706588314	-10.897429953026716	-0.7725320140962689	5.895572326232676	-6.105506609834176	3.662163238132293	3.625867560703914	-5.284211381419283
NA18976	-1.684771839623989	5.787121803985809	12.44207864510056	-3.816011368920153	17.013808790190126	4.327481979931701	-9.615616611439924	10.694841970782432	-5.0658762193134095	7.316790775484835
NA18977	-11.434134521159347	5.674958819570281	-9.678577817086431	-1.1136977668898944	14.06342969123421	17.942619085360654	-13.347361036382315	9.727039546198357	-5.372039597869074	-6.373299669013056
NA18978	15.236599733857222	-5.633256791459687	0.907967988789592	-8.385925290512901	12.866105814170131	8.82843612568491	-0.7549743372935027	-3.9475274014442823	2.0170370161162063	7.177180580657126
NA18979	-28.74138040274993	5.124676540910931	-7.332110357635289	-0.3671162282535796	-8.30731028820189	12.311488261610947	-10.400323924739299	7.748183965223526	-3.4592117332354655	-11.510095536867727
NA18980	-9.586071596692399	3.5897318358024646	-20.11203841454039	-1.7260082593137072	-11.126880585956691	20.473985690115704	-12.355504821415435	4.847507585738166	-4.431777300004499	3.5488027753923594
NA18981	3.1616284411720916	-3.1846727132441215	17.998438331206685	-4.7013422672027705	-3.8214493844792026	-4.0976170363614255	-0.827222794152748	3.2587040599602553	-0.04051043042565383	-2.4120834539565985
NA18982	2.1246383546454046	28.10088149223512	5.393059217876934	8.879513488390435	2.8922656277003984	1.848721546045373	-4.62972471994416	5.194225469147932	0.32428453846989014	10.12919290345036
NA18983	-12.592909430530556	25.26518382482554	22.74353585404428	13.090360108458961	2.018021568544798	-2.6371324461898036	-0.6543719165132093	-0.23279170982697361	9.409026149189138	-1.2353791222135826
NA18984	14.174557898127551	30.598220048664285	-12.66356218317661	3.541405746976607	-7.062771303593282	0.3259396944869055	-3.868379023058799	1.041297965168992	-3.5569202483076516	8.544789109912593
NA18985	-9.939492999936256	2.096952610655362	-7.071399597226952	-3.6121463482154814	12.960179741153391	5.1423358076701255	-4.704328150373264	0.8267848322273789	-3.7934129289819616	8.768090582976011
NA18986	-11.965175423898389	7.317431624655914	-5.4552539898137375	-4.847076287380655	15.964585732983563	3.270519716173732	-5.763172146278816	8.817914154830834	-6.072129188264231	8.467548611307265
NA18987	-11.316747483754567	-1.6028034711529953	-20.883389894806257	-1.0967922533899321	-14.79166824993145	16.22656244252799	-5.574477265185177	-8.84412727856858	-5.97021617533148	-11.185928521498615
NA18988	-15.525110256805679	2.118694204110086	-6.712328014275057	-3.920835685537229	17.543551185265194	2.308606677415991	-3.7124570322496515	0.08686165271180535	1.3871294348695589	1.374986556111508
NA18989	-11.135724989105801	2.530406923317385	3.937022633366731	-3.686279612225091	35.55616634491032	6.646933398141407	-5.569988828040493	0.341756411987693	2.6366620156272926	-1.1968962134301877
NA18990	-4.240232271286713	24.24813626871617	-1.8573936526192114	4.005054334993998	-5.518797194308901	-3.2159840285739567	1.1780618847618112	-3.9449426554127536	-0.1234294375204037	-3.8471468567717015
NA18991	0.01904001690668361	-1.5292420318884061	12.576185295515954	-4.01656155758363	17.991976368119904	10.349982972435669	-8.275391902662818	2.0377550751205704	4.668730432974069	2.907972633926236
NA18992	7.697110671522118	-3.0641761932614346	22.129888271734302	-5.05381649987833	-1.7582247970956588	7.3244661180736035	-9.849024068136268	7.003788351296852	3.3782470619789096	3.1238498799939123
NA18993	1.2344078177641316	1.1231822558084343	-5.319499002660303	-7.93519720851733	36.04526967197108	3.2979093174568637	-3.0717753755018204	-0.5459235096247419	3.2026075892474113	-5.363692815840927
NA18994	6.649139685034878	-1.2958807290374281	21.746706300127634	-3.6991146478737966	-0.9380801991769874	7.321471983906497	-8.399013901494364	6.184836747139796	3.325681657055081	5.3177363406527505
NA18995	-15.599030906939937	2.3563293158762795	-4.803215082755164	-4.908252082351667	20.843499907390154	2.6216966600178315	-4.2775465107853465	2.937511778861033	5.505232586110549	0.07472807648871982
NA18997	9.426376785562724	0.8412722556780985	14.85134479379011	-1.5471553261340343	-6.503653233449475	17.68745247280452	-13.220789139128003	13.208675309874197	-5.8690097853259795	0.18145960816606233
NA18998	-1.033008115732241	-5.1480177344856815	11.220709514399717	-0.7833401978751131	19.830102677912038	7.965496279266961	-2.9996477135109267	-3.124580292481336	1.9671490033392236	-2.8908948008946576
NA18999	-8.158297249088646	25.967357199675718	-3.8745034988028624	6.103825706942763	-5.9101335356715845	4.115563046831271	-4.208014115844486	-4.118711803430126	2.9895790465461474	-10.028387461492443
NA19000	-0.8213179306933275	-3.34562416801265	-2.1321524844005117	-0.9304350730187543	-10.290276539758016	18.7510513341448	-10.222829586515555	-0.4444207691212172	-1.0484469863276018	-8.069874144430765
NA19001	-12.36952524852833	-0.2438292923961059	-6.879878478236166	-6.108990660482898	-0.5499460654983728	1.7299602792822122	-2.8575581088848168	-4.183933171218834	4.646259836094122	1.8074185747728964
NA19002	-13.831669912041146	-4.232161728405235	28.322199352556655	-0.9912070156544575	6.401896341948772	6.223673280891843	-7.432551211120434	2.06426748274326	10.699981459631415	-0.5542350984474912
NA19003	0.3080911095933278	22.493152581185342	11.944369928581356	9.952014109081054	-2.6529005296524244	-6.831183976331486	4.455946340957189	-8.465434833856712	5.593131983284126	-4.233543614167729
NA19004	-14.468348034668157	-0.5827813271931302	-15.019005623107095	-5.743714612058234	-8.371814646498986	1.0770911051614824	-0.7231929347859257	-8.980715050048632	0.9152726438256967	0.7981670373186875
NA19005	-12.622200414943169	-0.3545932212809402	-12.058266317483076	0.21240711503480203	10.483107048676233	17.259527209160417	-7.163683299489475	-3.99790672535956	-1.2113812519788618	-14.36683002568171
NA19006	-6.9389629691939145	-3.534531165853589	-0.19913692832926977	-5.343096304974492	-5.458562010937117	-1.727891239708107	0.4998693645995791	-7.011258244980445	0.7285599726892158	-1.288740289879805
NA19007	20.588647085910466	54.17420585673767	-0.5267082755421061	16.45742718327794	-4.636089088102687	-6.749815169506501	5.059044438660423	-5.794813420877884	1.8854058532742284	-3.540516181967399
NA19009	13.898571056604844	22.011344858234132	-4.351699157548227	4.63941768073461	22.12634418103062	4.103466025581614	2.1760738733053517	-5.4406385332039395	4.778618189664019	-3.7024616845549514
NA19010	-12.317077992007597	-0.029627350808721864	3.796049260950312	-5.348468998824126	18.864783890514524	0.3912334484478289	-1.6876237418291506	-5.7440093701825985	1.6921212655035867	-5.372238814336867
NA19011	-5.287156461130721	27.18491594046321	7.912237911976642	4.808133506750059	14.72281811551024	-4.259605182299863	-2.6828616053758143	0.5305076125950186	-0.4989205350194432	-1.9291387123862294
NA19012	2.523702346730732	3.648110710412375	-15.310939988833606	-10.65599035434436	19.489866914533707	7.291103840902897	-5.457846464815649	6.335170693381473	2.3685121035226473	8.141123780948124
NA19017	1.198734407268724	-11.906127692279322	-0.3051977397618632	12.65147501099485	-1.3018682999480027	0.7562626070734896	12.285203513222676	-8.296138677947239	-3.756550311675978	4.665769742278627
NA19019	10.825948527479367	-7.049556548719938	-12.844185200194147	3.9143903455337012	-1.694827071328877	-2.2989767632393185	9.716569562736403	-8.315979798967359	5.925709950260492	1.1408690522478262
NA19020	-1.6101106091982362	-10.462951099246354	-14.120249187687548	18.791064578153666	-2.1383279242540287	4.703356227539807	4.761067724525483	17.003226511956292	-12.715609417557673	0.8998751294443619
NA19023	-16.75182338939736	-10.617333696237031	-15.544320040627492	22.461380532694292	-15.767009479947143	8.258027790218046	1.2271861622340219	17.451941557552804	-11.0341681483581	7.575139474151879
NA19024	2.1728100263479972	-9.932666437870388	7.256272903519525	4.4976439589877435	-9.030128068295891	-2.1596796571320747	8.008052666461175	1.3837259155803439	8.79712267586968	3.5161431030978276
NA19025	-1.7724678541054153	-13.18700227632245	-8.229393127989628	19.06619331512965	-4.012104819155624	-2.1169692353849143	1.7771092712189254	8.291221050531952	-1.6795050320007454	1.9421577260249114
NA19026	4.186114805201978	-11.010380169114574	2.2954798566469434	13.29335165670887	-1.5839096042974228	6.073429637899313	8.023378433151157	2.4144935218483163	1.7751627474178275	-5.356693227701863
NA19027	14.644807965853614	-10.610706178213782	-1.948541015145254	8.17235803713102	14.043332028988189	0.6996611906859518	8.266588258091058	-6.071636574759346	2.1744121406702206	-2.353580761261363
NA19028	-11.947642320015637	-5.046826216351191	-10.441517036802827	1.162596680495831	3.372733799790238	-12.632329982975852	6.088702669000387	3.334217599702924	0.5849704754978393	-1.8532514202213686
NA19030	12.144000261592593	-18.358504253442472	7.05869023035538	24.859669444058362	2.5294927916117156	-7.045107682034272	-17.388377669626458	1.0214121122465045	-6.378500100999399	-3.1873731848728153
NA19031	2.4301203960230424	-10.782712677963769	1.6214628253657848	7.236650094066312	0.5926185809180814	3.065116250867931	6.26468142436908	11.31199363899008	-3.726872002093499	-3.8957625218122
NA19035	18.6500094015685	-10.153216432306412	-1.6217045429520278	12.248040260505713	9.088882538201299	0.9131435153236638	-4.557510141881581	3.2207410327785655	19.861511608656038	-3.779780349604304
NA19036	9.891225956969992	-15.864730610819857	13.807593137551827	13.603933397867204	-6.10976177446397	1.93134286690769	11.714237492623433	3.788679536937696	24.54624423231988	2.982230208046681
NA19037	20.820164260078865	-11.25897338513169	7.251836733042106	-3.497680915328552	1.266975292406137	2.423597256645118	3.541268307139724	-7.950597291517505	-0.683847528085197	-2.213895481558112
NA19038	16.95859015984492	-10.403017829626483	-4.554844224895846	5.505677350631856	6.982284704365464	3.801287332868763	6.55979757085196	-6.9184731580727075	-3.2215464009053574	-0.4022134672657155
NA19041	-18.30222277759247	-7.952453240385984	10.381292669043722	6.265266571193184	-1.7690449125269165	-5.484507293586122	6.095571058210663	3.6726794492176134	10.792238251239521	2.3703414050059552
NA19042	-11.769093435020103	-3.1113863988346795	-11.316528117857036	-0.5546334699824822	2.524498027199564	-8.712283510117917	-2.5475765608207603	-1.5754458923501982	1.9663251511426743	-0.6340616155269031
NA19043	1.5233679538192144	-7.6867159632439375	1.2012825269088714	13.006229210763326	4.281619029805597	1.763855992671423	5.602905681729278	2.157005596913671	5.0794993718554355	2.095936720638068
NA19054	-18.282498694436338	-3.283145162011772	6.360418388777241	3.8012468215634527	-9.658714315493874	18.482596094520506	-9.298341210923265	-3.1604430280801203	1.2595914923159488	-11.089492325520261
NA19055	5.380892703024083	-6.876444877560686	22.17702345790966	-6.009404092024252	1.1866342880530945	6.2105694722628515	-6.042457309392265	1.2942152158143638	10.87709690012784	-3.740487559343461
NA19056	-17.04546635771444	-0.3278540620167874	21.671091006240946	-2.031470054672233	4.345005416217372	5.53381167955269	-9.61846352532531	3.5312460167880877	8.308631891129695	4.028873357627998
NA19057	-11.590770816831078	3.609572594190314	-19.251861822240148	0.9403925391187098	-11.081862297943816	18.913375269065604	-10.472240351408734	-0.605047102368838	-3.0798723924191362	-3.858287562059845
NA19058	15.652244467432617	2.062390723847238	1.9885045793983185	-10.615746233239902	1.1044715389786504	5.326923693439014	-8.05194878621808	7.191422638479547	4.258030053668697	0.3055966186959057
NA19059	4.125471809028145	-0.8148125860820501	19.901442776573116	-4.0572097420315245	-0.7560862338810622	3.3467828505003037	-6.209641760845163	-0.6737289054140037	7.125671522175439	0.5516376109548359
NA19060	-2.124771995249046	28.359464069333857	-7.513093782122709	10.853814463715127	-10.40149878524574	9.446659340236984	-4.550026815462448	-0.5227745356195637	-3.332465569927667	-11.419989622105177
NA19062	-2.7714371414105496	-1.986331065091791	3.4016448819986214	-7.245851189322083	-6.373508916162305	2.8504135107659287	-3.5556554880925915	-1.7077018076380184	-0.6247054687367106	-1.7315520303608771
NA19063	-8.528566883562904	-2.116293479453467	0.2048508416511704	-4.303520307286387	-3.3615593722504666	-4.913726625464133	0.9982570840924915	-4.565925616349058	5.075758799135104	-1.5017503957979785
NA19064	18.3610111827073	26.014041248450376	5.593088715961393	7.983604799525847	-0.24914571133515917	9.62245708422354	-5.17963548082731	-1.0063273621793736	2.428067023712259	-7.325501405326249
NA19065	-2.763662137030378	1.5588367446095195	1.855318699133008	-2.8515002559946607	0.2544305675341325	7.984725337043298	-6.960803081799773	7.375310028401094	1.163704805275709	11.10017241805544
NA19066	20.488373161069052	23.881501004538475	7.102462277669463	1.8403202589375431	5.689207831094418	3.7300625103998346	-5.386630313057835	5.1549064457305525	9.033856084619918	-1.0958009352561482
NA19067	-7.268543626027492	1.3155980760271484	-3.4914725400107116	0.20702926342126893	-10.948868693729729	13.965606728960463	-8.7695157599097	-2.765961711311226	-4.305157761792886	-9.018631388878157
NA19068	13.236620473931033	-4.392924596614819	4.38242559766611	-8.88446594513049	17.87760978972839	7.156347859000553	-4.091231303786108	0.013050931535079302	8.77099523251092	-6.247510716978791
NA19070	-0.07031767419210586	-1.9268802312241915	-1.6543438282344387	0.030205568249342507	-7.648470939690908	16.096434206810887	-7.700795521085029	4.2911009816124555	-8.56592295548899	-13.726668922308367
NA19072	0.3676374266902374	2.4612987348815976	-15.13369346104002	-8.61909429274731	18.018320768789845	0.1609751492171536	-0.8302340823733095	-0.37043415477068775	1.4623784169969083	-1.5266431721212845
NA19074	-24.90160173708692	3.3790957637481207	6.789459961689355	-2.5096521605069415	1.845818077577009	1.4056196137590875	-6.172095596844355	8.15966697873488	4.822830419782786	5.316195585487142
NA19075	-11.263674038431143	24.50971773032672	24.55649844991675	13.745186238877457	4.157512683118142	-1.0332575590077955	-0.6300185204947685	-1.2729119923946308	4.703686538838841	-2.9893032666752504
NA19076	21.852204420371773	-5.055684710225303	14.277212574653687	-11.711938319318348	-1.8455244577655026	6.2875144738645385	-5.549684155707653	2.468326854854018	3.0100100791250872	-4.002759660487488
NA19077	0.21801751504414704	1.2091722060099035	22.7621995047126	-4.452200498969073	3.210400994296326	0.6649903137002549	-7.653468545631965	8.277890174052878	-0.7758589132023345	-1.9424583715352186
NA19078	-10.410085607859532	-0.634609657794172	-5.457485960625046	2.7380247021408963	29.57969666488672	15.933513895111831	-3.276634172678695	-1.0183182447179218	-6.41352676803789	-10.839189126094302
NA19079	-0.0013612969289784338	28.945459865488367	8.640461616975367	8.201115347766152	1.7973169918370042	0.39009609663291117	-0.8989790529881012	0.09889472439354541	6.884736652350389	-3.278649464282603
NA19080	14.770915552631424	1.5194692102883112	-0.517440439009677	-8.133208529185453	16.545290288786777	3.9240528025968473	-1.682724584866626	7.842697766603293	-1.6480850202827575	6.357600999540563
NA19081	2.2778004562486345	0.5857368014875963	-15.153154381378718	-9.081839099213093	16.404446479627122	3.8172337814282344	-2.290846431630854	-2.0133535473253983	-0.7030589478121952	-0.42801854710619636
NA19082	-2.866304093209778	23.012919081035268	5.336608175910277	9.227661744644083	23.58371193346046	1.996973145036052	2.5958936182789607	-0.391369586438568	9.141669296763876	-3.4925670208585755
NA19083	-2.099090674928809	28.267051879373746	3.4066477027008637	11.167323507555	14.486077498407312	0.9851247005982252	2.893001841328747	-6.927905285464815	-0.45463591085927907	1.0767163332871335
NA19084	-0.9976915851595265	-2.7543783366862766	5.526062294064889	-6.907791581399755	-5.099746996886011	3.437436801755704	-3.88089476345596	2.72294273307577	2.3099739323572153	-0.36383541471943365
NA19085	-4.668669735223799	0.19293471582700206	3.006216546339085	-4.376644736177924	-5.762242868074529	4.777988214289303	-8.405037754289609	0.01867792447898564	0.7824265181979703	10.221476128240361
NA19086	-3.5634335940991613	-1.7742857046448854	3.0247689824975525	-4.791096189911663	-4.074138424521629	3.717350682848947	-5.673310011532817	-0.8325521723523617	3.194391507292745	4.288516870136629
NA19087	6.520403311153232	-2.049117285604257	-15.22767307749689	-8.129278224610083	12.303361974743805	7.803349434910362	-1.5555603123067723	-7.7915693237605685	-0.05416967524595284	-0.2973380371293951
NA19088	11.674658718737293	-0.2952533963134658	6.567871940586787	-10.921293521084774	16.069999118367946	6.519831702947144	-6.89896963248532	1.5629769978275472	2.360444182205556	-5.399592498905833
NA19089	23.45293566730614	-8.179676953732564	13.56817192103687	-10.92759170203354	-1.0450837943375069	7.819816839070435	-4.984562096739555	0.4368888075137622	8.00979773594919	-4.407009141614572
NA19090	6.805120116161984	29.68782395333675	17.56339896125956	5.7376536188806	-2.2637814083563828	-0.9646767054866794	-5.911307788185976	5.905434496414951	0.42296263846154636	-0.028879127898173818
NA19091	12.351274827789235	29.581699648314842	0.9958998965426706	1.1991751992369022	7.462171557999893	0.6745010081968636	-5.8470527611755445	2.896069817047306	10.059450789615532	-4.1742410934520136
NA19092	12.179671023705284	-7.065628420167775	-4.755765154792725	0.6347733910411297	-0.11148242729861713	-2.430785216620941	6.576025169040013	0.9616719981792881	0.8893358706564596	-1.114507915341908
NA19093	15.746153883428015	-13.478303817931367	-6.33054043473946	9.848261477073699	7.135529761996216	-0.3758443304863167	4.712834723168914	-2.959924902345467	11.641630069708933	-6.1935898899229915
NA19095	18.121588561864026	-13.508672990206097	-1.2387361142986688	3.156000339926284	-9.080455734847424	-5.14733715046931	14.095927601513843	6.8222553153406755	22.598088734577694	0.42886187761039785
NA19096	6.004255565777738	-7.562876273477181	-22.97679993005233	6.1675032328999935	-0.5605354709532602	-3.699705256476582	6.161412702169915	18.348592462446746	1.7299571522428878	0.3913205382107876
NA19098	14.341794374781417	-10.010552304938589	-6.262026999920221	1.60031707604701	-0.658561624730238	-2.900820597692419	8.718474388318667	1.3005504975814621	9.310182231211854	-1.4988873140029386
NA19099	-15.927813690254968	-1.7394767474658916	-15.781405608798007	-2.943362576452868	-2.602298476837533	-4.878896126276321	3.063392538296811	-2.9000569678042663	5.928815461805584	-3.0806001635286004
NA19102	20.265066773756516	-13.598029331913278	-1.756020742773838	9.372225166965736	7.78060312765645	-0.7497674372194114	12.20474489829797	-8.758092687080252	-0.26474824667845775	-1.5895976104686174
NA19107	-8.776040721152144	-18.117148771968463	-3.2296295299692055	37.542344224160175	-0.3987481044160543	9.976078934470754	11.59475570543091	24.814706675957183	-26.923542136999785	-6.067107759965943
NA19108	-14.25318942705704	-8.564295589594918	-6.246993116694854	14.01480386695325	-13.312477749940438	4.955493522058952	8.079860348937192	-9.515922382916976	2.17459494693206	14.204286485323106
NA19113	1.825438496617015	-11.271586536093922	0.1606339368715334	8.913842421090544	-1.2982642202891415	-1.996263762885565	12.490027988074571	-7.349683987144091	5.234040122832004	6.546511713479893
NA19114	6.846889956919422	-3.3398450490935376	-17.051375490257914	-1.3151899807452732	2.2662720216155536	-3.3154211391502337	4.110821831712757	0.8981653895261199	2.9052866556469286	-0.25382800791792703
NA19116	17.17101499528049	-14.74814906875519	-2.8972148804039883	10.313411301784154	9.755232440897705	1.6488750818379538	8.948448646986067	-7.449192622717353	11.39546782547493	-7.833874079127215
NA19117	4.869432344579739	-12.771954585700504	3.6738099859847058	7.035734092769901	-4.74183429811764	-0.345948560749026	5.471622235592764	-8.528931057854866	-1.0241482503072996	3.651761348615584
NA19118	-2.2809472971355764	-8.111316177917676	-9.73776729433429	9.016508472273083	-10.951390840148518	7.245104973914606	1.4505108825214574	4.630908368492432	1.9009712908545597	-8.19668687493087
NA19119	25.844084179000752	-18.68931359637905	-1.2425747933515099	15.944963623518614	8.20476002927832	-16.59538271487134	-26.53699813800187	-15.945243785551236	-0.6273032403742416	-1.5255864253658156
NA19121	5.900310374956217	-4.760899396107744	-8.1607267965061	0.1302410235878268	14.765476471369315	-3.5705820929215433	4.56166208869168	10.386317768443	8.241142717551602	-2.2394962507863654
NA19129	16.42196283295624	-14.395215518184715	-12.719467469742954	11.95719171315374	5.59535269824718	-13.263237558511074	-9.284740414497104	1.771596454988737	-0.07160165487979375	-3.7159647240751204
NA19130	-4.440501016064803	-9.979126674305355	-6.739447651991365	15.025689001737716	8.48076324580705	-21.042942307070824	-20.077919302596204	-9.419032129130866	-2.0101355447234632	-0.3276828271849829
NA19131	6.9442779248190165	-9.33590300880373	-26.54280536881767	8.701418625763864	1.9855787460827674	-23.936656157239614	-22.700742756947072	-0.2451636244830404	1.5995409793092268	0.9215841953540416
NA19137	22.353828428949285	-15.906809992072711	0.4046722936632659	15.413871290315733	5.142075855014524	2.2150928229626166	10.154243828508605	10.702376698835794	9.564350446141335	-1.2942369826409026
NA19138	3.3224907474954235	-8.482899263023732	5.295691722931347	12.036416295982528	2.6554464468002887	9.473308375565495	1.847838114824918	9.624204626720271	9.26282810104262	-4.726288155303671
NA19141	9.876457571394841	-10.668649465007288	-13.749349683233195	8.08452588719562	2.8788447774510084	-1.1997420425967618	1.6352823584287397	-5.34892932599282	0.4979350354304549	-6.962881675810534
NA19143	8.881890322679121	-6.0294940872770955	-11.644924004930774	-3.9189125421181776	-5.464730118137519	-5.126135803528329	6.8010435820151915	-0.01794080933363884	3.4544921518666514	-0.8706842488174802
NA19144	2.700860631984729	-13.846690138298058	-1.1458875990707886	15.271507264912028	-7.68327093639552	-9.578646006683194	-1.2843687144267566	-5.337298021488399	-1.1702365328133992	5.740642909449943
NA19146	-7.633399436983154	-5.927617465968767	-19.66162387629854	7.081244703858332	-4.174819326975206	4.342117644504695	3.5662128653037737	9.596610016341174	4.67122420381441	-3.357626688845758
NA19147	-3.050719096358553	-6.095745377694556	-8.226235666802552	6.730025419291968	-6.289117311348478	-1.890580735794138	8.29262901816222	-9.526606233211645	1.6197919503787674	10.388604650033676
NA19149	10.490650545502273	-18.41920642893659	7.273323989635105	24.88333408058543	2.2866274551870767	6.020090845590691	15.100258441237488	11.950693257910562	0.47822511313345095	-4.907484968180997
NA19152	11.155320522225093	-7.562227781654011	-10.953108561376723	-0.36939445085092004	-4.209954082390595	1.0090956195826921	4.923607252655958	3.8704259465448296	17.297689768787265	-3.082289430724908
NA19153	26.597081518996028	-20.268583349384098	1.7914305319343133	16.082535547971773	4.175379278972791	-20.1736189799079	-23.75102351667595	-11.535169194516941	-3.397003927510831	-4.016114765335758
NA19159	3.7307232529813046	-5.060017771469935	-26.092513277289118	-4.103748802275865	-5.777566782618152	2.7620043351912273	2.3784383130768756	-1.7397645700850355	14.128029886248122	-2.8943084074416134
NA19160	25.545786493153393	-21.406909680399785	-0.17423130744641968	21.75469853096796	-2.922226217808735	-20.82333004894261	-20.581987916929865	-0.5476313293859392	8.989199080074707	-0.21060870357805977
NA19171	15.25622063781508	-9.873432200018668	-4.99423856025676	-0.060563468139552934	-8.919189189867247	-5.502046671628959	10.20220807810008	5.756328834099897	11.979193327438727	-1.6316865650521917
NA19172	5.470476370863143	-11.334662189239591	3.6946647524613683	10.29398480850132	0.08688292409984888	0.4196407316272246	8.112200988093097	8.5939268678851	11.83454629301989	-2.724946445048375
NA19175	4.771500193464922	-12.73025481590269	0.3427188299115452	14.589181273413153	-3.6948958063848307	-2.5934836806846606	0.7629615099144738	8.203493543516224	14.98540852889739	3.8012358101185284
NA19184	0.9171010545833435	-15.391890676950116	20.781146358669325	19.348689394025875	-5.867810527898637	7.251716999896148	4.062343207092273	-0.3190443034528865	-12.262162107530813	1.0699775275609988
NA19185	12.857243263309968	-9.620529390137111	-8.75646103369912	10.899043479406526	0.44981335520526483	0.7710035561969514	6.690805026695529	9.391580668249667	4.427521089979111	-3.374651384463853
NA19189	-5.749096460762456	-9.081836517139756	-11.8572344007958	11.831423592015271	-2.8485263519723505	-4.010508945416275	13.678721395339513	-3.7766213637349715	-0.45308057858582684	5.628069058775646
NA19190	8.298157958548115	-7.547205268675596	-16.82972276550969	2.1323848076238243	3.39974096583183	-7.466528351925632	11.62744209454589	9.84147632279676	-6.458029018385359	-4.396018766717408
NA19197	13.864226573695834	-9.311072280964616	-7.923708560008191	-3.0692665023731367	-2.009278133283964	-7.65597338761031	4.467359988453886	0.7605814080908277	-4.855519364836575	-2.1372511571418173
NA19198	18.911011990049484	-12.00551350078624	-0.6746214312909757	8.628374344735064	6.269341515261935	-1.8854837959632507	7.386692801556919	-1.1822325293717186	-0.6536422542870755	-3.2756346524804107
NA19200	-33.49175760776485	-1.1045519500417478	-2.6778341029862007	-0.7105912089811748	1.0610376748627472	-12.439736009627158	5.137267435325076	-1.5901253213217872	2.736875718017612	-0.2260983999798575
NA19201	-8.848795854551623	-6.514160849078824	-5.687474653829014	9.708494991347713	7.130504539557067	-12.791798592374326	-5.6778969548102065	2.753625395386795	3.382403587039254	0.0573360128924565
NA19204	21.246159817181677	-14.242711623633523	2.7215594040294873	6.016618562861385	-6.656063066981814	-7.626915869950613	-6.758279283425081	-4.961885216814823	9.136147132768338	0.6192610470861173
NA19206	7.004133753326434	-13.560662353855758	5.810151665341793	7.97957459339886	-11.49859024645244	0.38320778894157653	10.442892520221557	7.513860405334164	9.721754823585545	-0.4522365400405336
NA19207	3.8512194142483986	-11.032312057273055	-0.8881472261873048	18.350654119591905	9.539487162698862	3.720684886646668	12.820698867700619	-7.838033840706828	-2.1596883854838347	-0.9101860175823403
NA19209	-6.393868855508226	-13.073522116615026	19.203880000700995	14.627774765563634	-4.752441175084076	2.3506761665523426	5.993268229439716	-9.806415151453132	7.217945623551344	7.282711765084099
NA19210	-8.575267751586367	-13.967614661871892	-0.1873226832596454	23.861334243017687	-12.20817807458097	9.694544155026534	1.1769247998308126	20.607180341785302	-17.315644531301377	-0.3412252122496852
NA19213	17.000496525705714	-10.536014786354063	0.12631296807309111	-0.38278961881462514	-1.22041991021751	-2.698625243231211	7.573773318155501	1.9440479474229808	3.823457593288053	-1.306745975902348
NA19214	-12.310295612983433	-12.667273537310834	-2.034803963552345	24.560101052874018	-5.0943594728200345	7.134799852560403	2.3668068477973994	21.654269283741673	-5.044080849334179	4.990612454718716
NA19222	-0.39341393167408023	-2.530286565694049	-16.039795290231947	1.2424259260982145	12.869193827089838	-2.0608984007584734	5.483406890247615	5.062162164689391	16.215529229584	-2.9850033620352545
NA19223	13.39508399739632	-11.411004392593124	-14.40502685218513	10.852290017371832	5.549696230359815	-6.594120288920422	-0.23586909666776565	-0.8570829593636045	-2.7456594841683923	0.4188858059896298
NA19225	-0.3927622006103112	-8.740054345651746	-10.311833710265061	11.658743745687078	3.462070927797448	3.2729345435274015	6.514823478684311	-1.253204111629969	-7.147059668278191	0.7627643753342623
NA19235	10.9975409014114	-10.871756195399218	-15.57474499947679	12.539989984285405	2.830789284900159	-9.809974558884873	-2.8753397277993025	2.9596297922484744	6.148145223342745	-2.7089122415630262
NA19236	13.378283426279294	-7.569586605264754	-6.686989481043377	-1.136873912365394	0.3884000134509372	-1.8374228631390077	3.7259773624251604	3.7453972985317567	0.9887974709646727	-4.605861542491961
NA19238	-5.846586492646642	-6.153549297961874	-18.75162182719458	7.62376637179071	-7.233320036917701	2.1481462245843805	5.719718899309522	0.9242382305335473	6.96129557034866	4.334147562019025
NA19239	-2.5903952838973217	-7.484825439028141	-5.5492276805364	8.61104374628612	-0.8083938567903981	1.4079574456303048	6.831203043480761	-6.736199682787374	-2.1565145974887043	3.9792898920351756
NA19247	10.598252065514234	-16.623343893238335	6.267915298888745	23.30687686186438	-0.15754681190374964	-12.037664466134796	-17.073750255921198	-2.6827297152501712	0.4103309758478262	0.5342150650783037
NA19248	8.49316448015869	-7.959570809299572	-14.564836127082508	-2.8653364234526624	-6.383612613558447	-9.46625529549374	10.917786286061965	5.933290836338015	6.126784719186579	-0.46682791207072954
NA19256	2.0644199061098134	-7.802399063749967	-1.9890936773347552	3.752339020548046	-6.359336058783383	2.2365419228060075	2.962363795726604	-1.9034535265570942	-11.965842470674453	-2.4353196931178807
NA19257	7.2224989137676445	-16.33814622306917	4.839023160730545	19.387478718905502	1.7689514780234412	6.6554192468451125	12.1628565219647	0.40268703406896567	-15.217256291930944	-5.830905532138712
NA19307	-10.842577211989779	-4.4521817272649304	-16.029414343804657	2.2891077208475035	-10.445345125670679	3.5290543814501847	3.3663891067255434	-11.649469882259316	0.054871106145401916	-0.144635500726488
NA19308	-3.709944634374968	-8.612335312327055	-1.1972933469758547	1.3957220623950566	-3.772618813042625	-6.811470528523027	7.418666606361802	-0.48759894753401606	2.7301228020057664	-2.267249848500931
NA19309	8.8641568886435	-4.885885292959674	-14.297816806348914	1.261602167176896	4.2286342389996205	-4.6566021016843715	7.652166240017483	6.923823151183121	2.5151201129383707	-1.3976593309161067
NA19310	-1.9458457193784162	-13.80857010260605	-4.748773212784275	15.921963971783004	4.821224026167756	-25.048034510025325	-25.5093896182995	-15.16296155777715	0.17615001062327384	-0.5736719288389431
NA19312	7.182025676978577	-12.16096393526182	5.570594330270689	14.621891576808794	9.623393350895379	6.834450221634648	6.731560906134818	-5.022113123936939	0.5310001380289542	0.5576363878115254
NA19314	17.338928358230664	-14.06507368701545	-1.4354899086816275	5.5336956911318005	0.10702346151611508	-0.4712653099561783	7.774009678916808	-4.505795119737617	5.48109885754766	-4.498832714747838
NA19315	3.248111166033624	-9.896717927426517	-0.45684520796206896	13.989636562183732	11.149170220611014	12.102738279898299	4.657818655612564	-3.3688356725214077	6.0577622915939635	6.198212576300736
NA19316	10.525051755661519	-9.583841096520064	-6.733573599522838	4.552472483289055	2.7278841308299344	-14.527131327952185	-3.0343334493487637	6.8118799083329336	16.67971848916914	-2.6213106918826283
NA19317	8.399014147772613	-9.465102828808059	-10.948540308583475	-1.6912728820365392	-2.705832164579784	-5.130194175133634	8.942661835795578	1.5338151709384058	5.763364580300215	-4.631994393831923
NA19318	0.6921435770118303	-11.046753587880039	0.26133091215958915	12.8853976391703	4.479702465437202	7.554302357160638	5.405378471762673	-4.630653884884024	4.932390680550822	0.3147541041842902
NA19319	0.45594824038643317	-4.406890115698037	-18.626970050035112	-4.352139506781345	6.0917312071433125	-8.987961304826834	7.160033065868844	5.995681270714519	3.6396447164938945	-5.8349857370430955
NA19320	-8.774016595439873	-6.426498578202619	-15.348407040782261	3.9253039494727764	-7.421088373828922	-0.03766460886789257	7.395209495283034	-5.356012864947124	4.543730669190435	2.057708943044485
NA19321	1.6184323822601665	-9.06171435107696	-1.0651653051413352	1.8052860923364404	-8.334960677205228	5.474631934231283	3.212440901574499	1.2414263548228035	6.4078734798678045	4.277874522406027
NA19323	22.536399446331046	-15.374786534077472	2.6368274474984834	7.0255944454199355	1.3606606230960359	-0.4841113584026635	9.573332059157126	-2.3307327409618246	13.849315084732341	-1.740888903742425
NA19324	19.450486238102968	-15.683648241871863	1.8631970977419061	12.980688290133317	4.633517816238773	-2.9574148586524798	15.10026424453888	8.287389173717692	18.972989314409286	-4.304701470798669
NA19327	2.18934952489784	-10.918855349091766	-7.613953149410335	17.09426604790653	12.03028331433212	12.435980730345147	8.402669739729285	-6.885329927015805	0.5410482700520489	15.811220878096522
NA19328	-1.5311256344523603	-8.757067803311784	-10.938646015031447	13.010044775557729	3.8753573039987748	0.9586943996760637	5.628831943637731	16.89522278040844	-6.9572065223652615	-2.980320360857519
NA19331	1.190158395693574	-6.913348406356983	-3.811522411098728	8.524048189423088	-3.3390253533435694	0.15585155567320957	7.693621017144278	-8.135476168400983	3.753530399632816	9.439800906612529
NA19332	-22.314634418343104	-3.3254496346758384	0.7810207999833667	5.604992834056644	-1.1563908849607787	-5.114015980494716	6.455774669801438	-5.639196127572331	1.2157766909165602	6.250336622969419
NA19334	0.8897068884121189	-6.440045547640171	-3.5737319370659466	7.8385249604987814	-3.3633696197199643	0.3358115054720104	7.443940954126419	-8.311477319693342	3.410376658939188	9.333006418017135
NA19338	-11.904734237235756	-4.621654245839737	-19.247026687347	3.621256482008194	-7.509546938102392	3.9002045763649438	4.0833402144742905	1.4673618313003804	2.0824894180767295	-6.081249026274001
NA19346	-24.451183644246676	-6.095550365032319	-9.506502895867587	14.803814004568494	-4.162103164223717	-1.4086477675683033	1.0514097802214661	18.11445430175765	-7.605083915829074	0.7703560525201638
NA19347	-1.5994891337713115	-8.63871097830306	-4.275797417259117	2.365507746472989	-10.667983063574491	1.445858465472905	4.064123316438035	-7.239350739863215	1.232052552805892	3.921226093703779
NA19350	-16.571646325041343	-9.256767635695832	8.808646872126527	12.48971372392357	-1.5951245793081232	-3.7482124971792277	3.1512604966122923	5.345192227731189	-3.9010602920566724	3.465434126879843
NA19351	2.2265796241630182	-11.287230884957193	5.145247839914906	10.385226340006598	4.745217892603144	1.8617815723976403	5.531530695091437	-2.0035906334337876	6.778375341724745	-2.606235293022801
NA19355	21.613278890639137	-10.78266429887452	6.592532727919922	2.8421122539505834	3.9271900676299816	1.552385117694775	1.7633554606974735	-1.893892580432488	-2.5216317159112878	-2.6838855930861047
NA19360	8.739239204901274	-7.904453116036722	-15.915979741187384	4.878885651612711	4.973456895788963	-9.353190252816624	5.154419336511815	4.143522292790054	-0.39378492037830504	-3.357947507387514
NA19372	4.371741012510311	-11.795399823503558	7.569417200104343	10.273842158297079	-2.554020203844016	2.0251245344341635	8.504034859277018	2.3055838443105916	19.877798273937163	0.1831528614422339
NA19374	13.27655327374308	-10.01314088296914	-10.552058735718498	1.0353077086182318	5.3373140668801735	-3.1701633209969136	9.074255638736645	2.207037672499732	3.59467130651838	-2.3794064836429016
NA19375	-1.483090439626328	-10.099053561308633	-12.302205967630783	14.034545749461923	4.891470599450215	2.00219417529452	10.186902237188217	-0.13533090792152414	-2.894836379416698	4.750188499973465
NA19376	11.057069792274437	-15.464004984034247	8.844557766273244	16.412390272458552	1.2145855935419065	7.601334324026654	-4.313549402023785	3.0686474818239136	-1.1022781798700183	-2.1692402904713446
NA19377	4.834204156480418	-16.407832791846168	4.939900471151087	24.783789067303076	11.86080991658178	5.01152071848988	13.062571143744817	3.2901920365881	-9.970182661996189	-7.028152474979895
NA19378	15.659227236460522	-11.205645067110483	-11.043168907941714	4.955959287367151	3.432572678198658	-4.333970834835947	0.9634767450181343	-8.554952282360812	-1.6507016214536272	-0.0462051755286747
NA19379	5.13168386177936	-12.512255123504444	12.537209185681967	8.881848762846781	-1.6811624768124505	2.082760281508154	6.042681340752431	-8.346508258863468	9.55041821316099	1.7552674081020372
NA19380	18.138068119887446	-9.322545151128818	-1.1744386965519027	0.7130183173045533	5.633097129434545	4.561747654188534	2.92455911085678	-4.116538670974183	-0.356288121852685	0.5256212925900704
NA19383	-9.95683038942162	-11.91527738329423	3.6142639418114397	15.523189942893694	-14.31341444375068	5.376472213292228	7.626047587224333	0.46496140941138786	14.357247124515192	10.475238067112741
NA19384	-26.08452816489116	-4.899409851990664	-6.0309102482423125	11.441468337853676	-1.40328452935494	-6.4803189180573	-0.4410735711900696	-3.2381000255015735	5.601312132606014	3.8709321711701166
NA19385	-0.376549465093014	-8.17020915656025	-11.591859530238848	7.968340204072907	-1.9204283430250368	5.412500979673335	5.18134651958108	-4.887881297586895	-4.583481097824485	8.074556616730089
NA19390	0.03485711958766963	-21.583678267243172	8.095248313304497	39.67938237330149	7.495356375384997	7.471750475002944	-1.12221215921482	4.429075018890069	-17.096385194333045	-6.008564127984785
NA19391	-1.6607512912844635	-8.587397329180149	-9.261043252597075	10.386153673292222	-7.556839422768912	2.683636774895792	10.102968697338557	-6.396239938272926	2.1774757534668385	4.204222188756006
NA19393	-2.400623346050686	-6.656291561980408	-0.30386387475258	6.746493036253182	3.464930304476785	2.461942972453183	2.4494951804616645	2.6509601784557364	1.904526405041119	1.2623314688420186
NA19394	-19.12496681788333	-4.8743779003897805	5.467081223346528	9.342744638880454	8.43675486994147	1.9320576701901193	2.9456590812132246	-8.228118158074246	4.523027054550467	4.310903731541373
NA19395	-2.0374197140279833	-6.720819724935936	-10.37347977167575	1.6812036472385508	-7.2103449380945435	-5.04676351076236	6.18718504709895	5.795438120000975	-0.7294124400364274	2.5650507170588592
NA19397	1.8503261325077673	-12.829464466131697	-5.850982418711685	19.782843666571086	-6.154644864988957	6.202410691622461	3.612357837183755	24.07566485851669	8.9784891099158	-2.254091259044006
NA19399	-4.641163197859973	-5.496290541706262	3.6384750192833364	-2.161985718082335	-0.5159759037005307	-6.59972977970053	5.040538916106275	-1.9835158378680502	-3.953965999867217	-3.1383471446200906
NA19401	-15.671642201913746	-8.739021103145443	-9.226864572485983	24.01742383728501	-1.4827054922081924	12.389642612987569	-0.044038129527505854	18.774969270285794	-13.83046099982118	-10.02564366075226
NA19403	5.4896225836904025	-10.302786887617705	0.7808229776190232	15.626226868060616	-0.2742174987730993	-8.696623340069362	-3.030606345776062	-5.6041723686921285	-0.027073796706418032	5.772183460001781
NA19404	23.890204982204978	-11.364617175415724	9.203828972170031	-0.5014618718971617	-3.3336522798074375	-0.8711454446980476	3.507119902381601	-3.493500822295655	-8.478497041895501	-5.594371272396421
NA19428	19.48316035842511	-14.937354501166872	-1.7295428705570335	15.848716375570755	8.569698035122117	1.5022000574891663	14.662802560417807	9.886124937067164	23.33749290446014	-3.63283731628988
NA19429	12.232742667869015	-9.888987235638574	-10.787775427102714	2.919774999926865	-3.507298996283348	2.41751209008974	7.490705550410122	5.666260383396605	25.584536731496314	-2.7803619523977576
NA19430	-9.319715106360881	-3.2746328286891107	-6.330886463968922	8.41088916625321	10.865959984898582	-1.486440432977679	7.5691701318608695	4.057618108207545	16.734639125335256	-4.188848613250883
NA19431	17.002940887389805	-11.663274649981402	-6.659743391933275	20.6253050963289	15.801701256912235	2.7663947141885687	5.62832842468161	5.191249736124304	25.377144733026338	-6.671826348851595
NA19434	5.049063510043863	-12.893575270699955	11.938702731301925	10.157298893206463	0.23165414847898635	2.9414025931857357	7.219674523585244	-1.3562878003720356	14.421354568989903	-1.3051670795087698
NA19435	-10.712875411718413	-9.170185557621247	6.121313378287555	17.331515183203344	3.9050919152237253	4.5662784034263435	9.184232738195488	-12.945018631370372	1.0684295834417719	13.420940626139489
NA19436	-0.020198551296568834	-9.227012952755318	-3.5380136916097	9.856999167506196	1.4149062566809223	0.13018217831690776	6.439395663166946	-2.999811631234387	-0.8750874372858164	1.7403743309839097
NA19437	-0.29763201090384206	-9.279687508057458	-2.3620237632926995	8.660524931834892	-4.554685108722294	-3.2730224734099944	11.83807825649659	-7.810633791704075	-2.8982160225331164	4.9611401938976245
NA19438	3.440276288044864	-7.0668951925300565	-3.66957348361928	12.196894222203916	0.7384575365681065	4.293655114516476	5.163239894140084	6.633854210112079	-8.167373431086414	-0.954482240557187
NA19439	-3.8128548363821833	-8.81518752137133	-11.650132131687144	10.707200965055215	0.7028025441266731	4.128685918998084	6.8574925003441525	-12.177053700254906	8.30134952247452	4.271561845130379
NA19440	-4.769801736645021	-7.96985804088267	-16.87626465549126	9.610689097624238	-4.681153761728359	1.9549868330181872	3.408136141364436	9.42669893789749	-8.09989885854432	-1.6957915659600067
NA19443	17.932092784986	-15.908334604468177	-9.445582332594013	15.512983429605448	2.643879470649158	-22.909230494194386	-19.95642381021946	0.9206787243722432	12.82798914599169	-1.3712979189470464
NA19445	8.296064856199516	-14.418071161400945	11.711565541830721	10.9167844912996	3.036819443607826	1.3607859280710761	5.7191028711735985	-1.7595228838618302	-0.328324744690369	-2.6198463559895755
NA19446	6.7140426518688905	-12.840998995969914	0.305024707636663	22.429209562514718	6.683740153391002	1.3396088181927657	-5.383605002347636	7.478108908368677	2.6431041692263	-1.5044880242038756
NA19448	-1.441266079184953	-9.603422053448508	-11.938694691805862	24.404475380091732	5.157249313607959	7.538759972965099	7.037703139784316	22.11530755785595	7.328775279999337	-3.7821281975275944
NA19449	16.032740924779866	-7.923826079529759	-8.79099605378543	12.406155876521574	18.562082877499456	8.550982357755304	8.033996219484582	2.1755802334143586	15.45831843802358	-2.5182260322636836
NA19451	-12.176057036889391	-11.640060740913171	7.403999943185937	17.088758414358345	-7.075437482852751	3.9098056648230846	9.12741783354451	-0.656555219179561	18.17807530001549	5.999114448545452
NA19452	-13.511043462516636	-14.670849578386497	4.902742997543418	24.31497221466923	-7.5261586924869945	-17.33693436729221	-19.185699406340305	-11.375544535698841	12.185763160598555	6.357002238480175
NA19454	-14.610426400356872	-2.8024187657799873	-13.39165142513633	-3.7445983656947632	-3.126481344517595	-7.716565190476327	4.3241528783661	-1.081286726401699	2.9129389610682814	-0.5900498925740808
NA19455	20.67408918486855	-11.55360782899069	6.842354228480781	-0.35356615643909595	4.21013218676571	3.429525407711898	3.812671431111106	-2.1602219080836966	3.980261375094888	-2.5651300025946573
NA19456	-20.172548632210546	-5.924627566940647	9.624872881181135	6.260022027595575	-4.039637284747357	-5.696304430029973	4.787574665764341	-0.13661322984343505	11.481964880906242	2.367382815967199
NA19457	-1.9652283678394384	-4.755785962061514	-9.335850353030553	8.017544378370665	-1.5106655076175057	8.25666205747297	-0.6830449596135708	7.569414686693589	-1.0539767915549212	0.7582460779338684
NA19461	12.771672949319585	-11.065957672017245	-15.489867424528207	13.360157904810391	10.267025360599048	-3.7976578350153325	6.171359031557155	3.386041681073045	7.395224421396856	-3.3161957054447826
NA19462	11.292538793075112	-6.1240287115535645	-14.011740291870819	2.61945247641131	7.7243813627000835	-1.6337638922385205	6.66363530872379	2.1336393645857026	-3.307292111550811	-0.8405095108182425
NA19463	22.528212161410085	-15.637500750041335	3.1016442941248292	8.128719820007463	1.3859204418475364	-0.6752205384264844	10.872502279472497	-1.8893759569859037	10.052000332761239	-2.5349738853217536
NA19466	9.524955536176293	-5.249454064038836	-14.494708559362595	4.5520160200538005	8.755557531249664	-0.3936147536213008	9.122208996912176	4.5296186696494205	14.724177775298205	-4.23464802066433
NA19467	-8.705143836218499	-8.42326765076433	8.791671002544131	22.07890371968706	3.656837872276574	4.140690249944351	4.875498220826627	-2.802445192456055	4.09760625171951	5.9305881548893975
NA19468	5.5662264227299465	-3.1150142898893947	-12.576056933242194	-3.2901694253080085	5.167639967162361	-5.8158505465610295	4.324068359354548	5.3916493273149575	-0.8109382014807169	-3.851232282198873
NA19471	11.400135375478479	-8.976967636403845	-10.75478628933329	4.87605442338176	3.8496981904072856	-5.046018045791074	12.145775693058619	-3.197797197951474	0.7249609601456036	-3.8040661105824363
NA19472	11.988175167728102	-10.53104254744223	-12.128610915687412	4.65355636512125	-5.4909436847745505	0.11964015860652105	9.184778758578677	4.251153233399157	18.451205195857387	-3.2118235163841824
NA19473	-18.071533588511205	-8.873164353590422	4.31337352376613	10.088112985030778	-3.8671065319148274	-1.005724627020942	6.475288499094752	-0.09774767430757181	-3.3453142166762824	-4.868407412298483
NA19474	-9.077420323558936	-3.35326998664038	-2.4940313714342417	1.1446522537901207	3.2597681204531797	-7.911697034317003	8.092092682885319	-0.88042443204856	2.1549512184592734	-3.331879614076004
NA19475	0.21603457405488014	-9.50577770470217	-8.49299902863254	8.224417124828475	-7.56129329313093	2.2868031360709233	0.8840603766225468	8.315774747735103	-6.394146267156124	-1.1183891940878068
NA19625	-16.79724242793958	0.07501064637018995	-10.548686110604594	-6.245866189634828	0.8953678607409903	-9.730911511272422	4.218461520041376	-1.9437821604268903	-0.9881741759296855	0.5691315072895903
NA19648	14.424362278559915	26.870598980674725	-8.888501979732828	2.0920632748886128	-1.4035446794113395	-4.445948359660809	4.4714712092476345	-1.7779747692255425	0.8723677807756314	-3.9484249915924474
NA19649	11.344827289726531	-7.173678422712516	19.479213163603035	-1.9930388720347625	-4.815362070647613	3.5223321419378353	-0.9997006747085628	-2.039874942283377	-8.412290683463556	3.5807677302473984
NA19651	-20.979021028685196	-0.02927772665405226	14.157166597934562	-6.616815052526677	-2.1038714631872155	-6.2321667788024815	-1.5576176782920785	4.356982644250625	-2.6695524695506574	-1.7781176402014576
NA19652	-23.004243209895833	-0.7894085686268892	15.60214922305098	-6.029435413853102	-1.35610154282874	-9.090805162990138	0.8299986549641536	5.987818372118727	-0.6705135309321819	-2.681341752937389
NA19654	-16.449279069728092	0.4803355319680741	-11.934292778704503	-9.305306021463918	-5.255525415744346	-6.731348091748243	3.0516015190150454	-0.4756851342018307	0.9356308374063149	-0.7108933717013574
NA19655	2.816439611370082	-0.7776416599522931	9.106206979247341	-1.8272729777586187	9.1658329692988	6.858470776574221	-4.116449247606304	-2.240224369148386	-6.886161423240917	13.516173737471807
NA19657	-3.489116989347589	-2.390316318127762	-0.11253124143324189	-4.734192734397816	-4.819208526860513	-4.3430076319624416	3.8525604326459875	-7.009630240287363	-5.597277988374395	0.9967825517486337
NA19658	-0.7111784165246088	-4.414183284982798	14.480416735257071	-4.185635980504327	15.57625231452988	6.854409447389003	-3.18980103723509	-2.6665388158617294	7.5883762446725065	-4.119902760766436
NA19661	6.042655004821759	-6.4716216233752135	15.472718884117471	-5.266836759079638	-10.09866054574415	2.601156851580298	-1.140974353552814	-5.875746049530534	-0.6380078947639949	1.6623455193554115
NA19663	-1.919117864696962	-3.7424807637127824	10.300822227108121	-4.40863961190518	10.297679378399204	5.548917728280539	-3.7020468177123735	-8.304451084897838	2.7783255497102815	-1.973986690153925
NA19664	-10.256346804582206	12.245923939227497	-8.346343594517116	-1.267830420732142	-10.45757433112771	4.880369512546749	-9.84461388459856	1.2831588700556522	-1.4325669097605056	2.3399467559771856
NA19669	-17.146090545107487	-3.9211159820334536	5.996214965714355	-1.0417738648341308	-9.684854120882491	-6.542526688749991	7.914515459768444	-4.911154781270087	-5.802443026494574	5.824077060121437
NA19670	-21.94261428605616	-2.2516599793532004	13.09098267072646	-4.187384990868599	-2.740717709365807	-5.127027771620094	-0.4748769426824378	-3.1828804604079317	0.0370928942961537	-1.204668074971678
NA19676	-22.162761889539254	2.473819091543691	-10.420174345580778	-9.01546868053935	0.9568695980554499	-10.667449675485335	3.820195404599456	0.40219270020543696	1.4299853775292495	-1.5092879488493613
NA19678	-19.144868134329727	-4.9276018543670865	21.50634974081864	0.07978892897885348	13.368925450239503	0.20631349389623432	1.0895707410441637	-4.326772651617351	6.496251382677629	-3.444221056571008
NA19679	16.229712632731236	-1.3360173513584255	0.8136964442085407	-3.0409365706896074	13.755210334780596	17.243346140173045	-5.5552566394652425	2.108192783368761	6.172336141643594	18.03288388749241
NA19681	-13.691432333769324	-2.756320137768164	11.931397828967711	-1.000814258841474	-4.23295470800592	0.6870458064457038	2.6911614146412295	-4.347045185921007	-0.47579784097321065	4.246447720616932
NA19682	-0.6406162921019728	-5.57582066171889	10.759511256657534	-4.191133714144124	9.48052660596022	-0.8081664182578857	4.251151648335513	-2.848004872283831	1.668439132825053	-2.509415327258891
NA19684	12.132193423916636	-3.388875282551964	-3.203727038351747	-7.330467132777358	9.372944960084743	5.638009481486785	-0.9216890246770961	2.5732954876643475	0.09433197590389475	12.939493152629804
NA19700	10.141559763193792	-9.66705689068072	-9.06423312248801	-1.0560452731780137	1.8879977139498991	-4.448016227019026	9.237191353196193	-9.942769462111379	-4.001018462058252	-1.9815175423299387
NA19701	10.555167406874602	-7.666339612939449	-8.537866270453375	-1.3804560216268191	-4.039849290863352	0.5864073728834149	3.423457856735146	0.02723675472340842	7.4157106529876415	-1.1114750359928924
NA19703	-0.3946959378448024	-3.005702598990445	-19.59869761161506	-6.9267018087380725	4.593852521714976	-11.922004166652293	5.1685901849882825	6.028200417289482	1.3211682902563404	-6.099062522675331
NA19704	-0.39434388401059783	-8.715461568458686	-8.833087949980944	6.441968693476901	-13.306380946295535	3.800298870452434	6.451512335341379	0.3710893460157658	8.278390883303143	6.118134752720035
NA19707	-0.6006368740975216	-8.324134071955818	-2.0943567576902495	4.316887479872946	1.099082896032105	-1.3924770905935662	6.496387015796367	-6.893275604407804	-3.828442402688514	4.983388088979791
NA19711	7.749360113608073	-5.596873618988607	-8.810949749281061	-0.6436977700593914	13.095387767999283	-1.8770501550962664	3.4073559208456445	1.5495472901033	-2.568276431721746	-3.412764284686179
NA19712	-25.24745458805708	-0.7299594630895214	7.2879168704705615	4.566751134757981	28.691591280512522	1.914810911311379	0.6313880229942863	-6.486486603729885	-2.4611720233130283	-0.017146739558748153
NA19713	-9.646078492044493	-13.412736194177711	0.24958846999495876	25.459638305772437	-3.814746222030622	8.520317498944301	1.656332317008798	14.781662554157148	-12.683130436131629	6.033706821304634
NA19716	10.307137200038818	-5.581807459906027	-6.538147556492277	-11.76759225872554	-6.858380863583041	-5.144779423012024	5.875508698065561	-4.3560865698770375	-1.039939170213867	-2.2340431711154487
NA19717	-10.714711398632309	-5.338328284288976	9.736631546528866	0.2103064562171721	-4.568289473105496	3.830112027570584	-0.7355863250738852	-0.7982085333408744	-0.6732782128907688	3.5260821273720606
NA19719	3.5039792065452016	-1.7013558908191855	-12.495216100747697	-6.09919211528721	16.656047073242874	0.25663279691015406	-0.6170689038495116	-2.0638457853103556	1.554810522445515	-5.383661123853677
NA19720	-5.677958576408112	-1.2460937286541984	9.151055199109575	-6.073426848265535	17.60420539966956	2.725791014667159	-1.904986574409318	0.05429494908093657	3.9249040949007417	-2.3769839196136124
NA19722	16.722520615580834	-4.8221452577161426	11.087897279921744	-7.708372491980154	-1.2739098625211096	-3.876470948614676	1.4152151439941585	0.19784278033838842	-7.075329663463884	-5.681616748826414
NA19723	14.23407409998393	1.3926201719142437	1.5025251525562981	-7.480883627578463	12.296429791744949	6.886682295668427	-2.650641851912296	-2.6965466833578553	-5.29102654934961	6.2489989116109115
NA19725	3.8083282163373084	-2.9939225671113716	-18.421613061076375	-3.2422774736891626	10.926727260531612	14.020451212949387	-0.6038543437960787	-2.583384668368975	5.090683070637305	1.7044797595348606
NA19726	-31.43734935330595	2.100563783006647	-7.116576244300779	-2.995539822265989	-7.095124929616303	3.7492516337260295	-3.987015496068948	-5.997670733776107	-0.9661444231616078	-6.6153368113694935
NA19728	-18.343805198494014	24.938049332358155	5.531424548142119	12.599050594737376	-6.2698987237056105	-7.291763556899853	8.438001343346183	-9.401719628244177	3.0410016173184227	0.49957973087633445
NA19729	-5.787597886997091	20.97848981233974	16.091340987742022	13.072844640610166	-11.944336932895387	-2.719078267426541	6.212232911819978	-12.425519131163366	-1.6970128454861595	3.853863978397386
NA19731	14.198609049408237	-3.650947598204996	-4.463695268698125	-10.293495356285517	-5.855652199835649	3.7599010319054624	-2.372903150515321	0.42266249813915113	1.3896646920591977	3.910573881847028
NA19732	-4.274293952417063	-3.59198424212595	1.67860652848172	-5.45433097947623	-7.2068786011988415	9.027751502071155	-3.0230653889659433	-4.733127917193488	4.73046919858827	-7.945067705544805
NA19734	-6.879861164272643	-1.8155606874554509	3.3505563214091842	-8.65057470045144	-5.048619798395814	-6.213406843821071	2.286931648931279	2.0716289926672875	-0.6190826633223021	-2.397720140397175
NA19735	11.788170489138622	-2.9685898292882777	4.229059802863925	-11.110078018239099	13.894037148455425	2.8262701316382137	-3.2822335827884603	-4.175579866020548	-0.1126952466965021	-4.42214028797626
NA19740	20.746269979520775	-6.61237795431288	9.68268380678501	-11.953255734694595	-8.020310985808633	-3.5682444008429863	2.793396543698959	0.1073898911648804	-3.082802692919876	-3.6460883963516357
NA19741	-16.037253035927534	1.5439386744323964	-3.4568057969057864	-6.106892276917502	13.879223207551242	2.2075548996226604	-4.47410216595693	-6.143540772190945	6.797154157089208	-4.046430458425141
NA19746	-0.1560697194489404	-1.8836621016190394	12.942958764051678	-8.230310785219668	11.729942644361753	3.1197715376473987	-3.551682062425809	-2.312015780359583	-2.6097630276246297	0.7810341697921686
NA19747	9.567193882499701	-1.4030948784748845	6.509216110210084	-11.639664440054888	19.424860508542505	5.046335530703643	-6.567597569147569	0.43209648333524253	6.87257028276926	-6.024906921879593
NA19749	-0.2684915127275439	-2.8814427155381233	1.4091499535819632	-7.289122826342331	-7.4814183766252595	2.8780119276616225	-1.0754259021660861	-1.8324244808132784	-2.0296318248778653	6.841569646473207
NA19750	10.511116006344098	-2.6796515840003217	-5.219697607228507	-8.505693877161672	-5.678966388099799	9.292033943355927	-3.621404442223565	1.4544372801192602	6.979751728843546	-12.168084661858877
NA19752	-18.727085227692367	2.0945513546393357	-8.233441575814822	-8.7780072530172	10.182202379058293	-6.878693884005271	1.7005366501753738	3.853492994879317	-1.8929338020639994	-9.498247490155881
NA19755	-15.932214487533722	3.4243609469802174	-13.521109636736083	-8.673343133663783	-1.5366255978083498	-7.673816186515858	3.4853487125625904	-4.896295791034743	-1.3145854755026383	0.9643595540637688
NA19756	-15.97933777960018	0.762433756276556	-16.562177535083283	-7.54388388603356	-4.31573467783604	2.097627362165909	-1.1846739705825704	-7.4273133347039755	2.9120619737875884	11.081129024866126
NA19758	-1.6208806611308137	-1.478614652976989	2.2021245135441485	-5.8580294616655575	-3.0374552239516195	0.9264240841999243	0.5513577373877268	-4.071533894959896	0.09024019804908301	1.6925041611220057
NA19759	-23.01236510538082	-1.0206551090224965	8.901937897488615	2.3794916807026185	25.698125042278452	3.432890759999284	1.7019392572377348	-8.468686330519407	-0.019099057662811836	0.9080071732433006
NA19761	-17.93798709599076	1.24061214243157	-17.45233284139415	-5.4302263873114835	-8.329786364059679	7.443922626956587	-5.846087559946	-9.80254681858303	3.387945333562076	-7.475715077219547
NA19762	-5.6861803748597834	-2.2893740887558245	-5.627945293753843	-3.063962752999691	8.832441981253314	2.2256942111128595	1.2907418430702746	-3.765316806259965	-6.176565460359406	4.059817482479135
NA19764	4.7099042267173665	-4.708383958978493	9.593665446013773	-4.4832740331502645	5.642580352804149	-1.1250104317645488	4.15962394884293	-4.0085441575310945	-17.317436269631244	-2.280090853714642
NA19770	0.47604807273509403	-7.558570281764282	15.136441203705731	-6.634760872927936	-4.830940088681851	-0.5205764211293988	-0.6649189632390642	-0.8607076537143554	9.040758369011659	-1.7827208500456773
NA19771	10.800282747880042	-4.134079604074869	5.927978479171983	-8.691927260802645	16.97692646681407	4.552316905603549	-2.783066463501708	2.104048212982108	8.646336496771164	-7.374873151786238
NA19773	-27.657099480800873	-0.27496536312190595	-1.8028762833232617	-5.040437555402852	-5.127983176006128	-4.85763753494967	1.068287641000298	-2.0479525419227245	-0.8462919247191535	3.2200373077903546
NA19774	6.658804264544065	-7.6844027886212025	10.757928842587402	7.479328380139931	-3.593993100198607	2.5979368875368367	1.2080025264756253	2.4616392700045058	8.584267697743881	-0.9542465349474061
NA19776	-4.876796363381515	27.948831041202425	-2.638925379700915	12.777508189810323	-2.2609089480509943	-11.332631540015399	-7.304703138256541	-4.586400382659174	2.9971534062866674	0.9626239154467662
NA19777	11.13988156922629	-9.455990940737774	-12.791104384667808	2.560006756917983	-6.952594752980133	-0.2681023039380561	-12.366583227694258	-7.374763125906558	0.8500519938098694	-11.162524057595617
NA19779	19.420093780000165	-9.39432812199168	8.017925680466616	-8.511688637843873	-5.136658280272502	5.486606480551713	-1.0641041277469854	-4.493196904159387	-5.116826064034853	-13.968083639172669
NA19780	-18.774997935861137	-1.1440252304454481	16.168282541815856	-3.149151926682424	-2.5138208838948706	-5.229755267345517	1.5106527381491168	5.285034136078522	-0.3153446066890585	-0.14797124809681184
NA19782	10.742144141743449	-5.578753608595851	21.44441804025814	-5.789598298852696	-3.5279093830315804	11.142244421686577	-9.361448160268324	1.3078617308037774	4.84589182544183	5.848904419297321
NA19783	19.356512268067352	3.9889778972630854	3.387312630623754	-7.819622527399224	-6.049270330652616	2.1889410735648003	-2.7441896260803644	0.2439918210336321	0.40717878371329397	-0.7451315942174594
NA19785	11.15928694425412	-3.2707813861767376	5.199413321768152	-9.688158211719482	13.165452863947067	4.701442428601995	-3.220508189498108	-6.778102235484604	3.5258295298161526	-5.00223064287565
NA19786	-5.988542926499188	-0.35849522711061693	-9.20235179360834	0.5304087597130097	11.916222205497208	7.757357235845958	3.2762067812342863	-3.650160128832747	0.45543875278340096	14.385489350036814
NA19788	7.810020967013185	-3.890478472182378	-10.555700209871189	-12.359232754445578	-9.783745241131648	-1.536196134940405	2.01314244054465	-8.081164161074076	-2.5049182209991785	2.0077843862310396
NA19789	-16.083105989300307	4.264814728266677	-11.578932677428169	-7.244943024595826	0.08518911627723491	-4.173898562574969	1.6476157451711604	-1.8611762893547417	0.638823082372197	1.0112517240125114
NA19792	13.873571437821974	-6.326594856062246	3.911090793785839	-7.398185608131265	16.393299770857865	1.5235311218543957	1.4787398318831955	-7.508877889041505	-8.194878037276958	-7.77542221157538
NA19794	-4.994616505550268	-3.616151103222433	-0.08661755686244732	-4.946848198987351	-10.339144690772	2.5734983338066795	1.770150564194376	1.1083841433214752	-0.8659507942570501	-8.887250399612235
NA19795	-18.194565258595805	-1.5442699482662232	14.605174687612795	-3.762845638735591	-1.3811965624501847	-0.5751622107340737	-3.447060739392617	3.361921395829535	2.065904015613216	0.5296520177772333
NA19818	3.587328087610378	-11.279412098056852	0.357553916801452	14.345447678959742	0.2689277566025632	0.3100750730851388	10.636732451683098	-8.009010951414547	3.814148112212346	7.536748857459123
NA19819	-12.330700972926978	0.23149429143476002	-8.638503926348283	-3.570700025076255	1.1358510123187304	-5.416198592304598	2.8084499392046713	1.8698546137329028	2.134987170636382	1.008495721072382
NA19834	6.714876925358191	-6.961333954381063	-19.96049388235944	5.863760901785881	10.30930386727056	2.5038016624642134	4.779703126746918	2.6177936403054582	4.147781366457698	-2.6980935053126367
NA19835	3.2872062714369457	-12.90636502640946	-6.408406543384837	17.59169279731338	-0.5325522213960343	6.627305804822737	1.2271500712069814	15.73099446773335	-8.273500401413031	-0.6672905919883294
NA19900	2.0051912771012423	-11.016548492138941	-6.88036694792452	7.507863487097952	-7.60360987341806	2.9160143855884004	5.2230068575063155	-4.529132266500808	-3.8583686434968283	6.208788849249931
NA19901	2.900826808638778	-2.231125699313866	-15.502692494876655	0.1069190041936553	6.863744759221456	-0.5148672791269603	4.288692165642422	-2.4227426144015407	2.000928994610033	-3.7431382413645173
NA19904	12.091471428572909	-7.330861855506394	-6.282987624844243	-4.648295738162677	-0.08235896526294922	-2.1875290843914232	3.349043630294449	2.8153457823486336	-0.37429495131500545	-2.775232385691886
NA19908	6.214879869846059	-9.983312506085834	-27.67153410012806	11.51407237278844	-0.39956931321514494	-23.679171279355312	-26.79447790680377	0.29414647414258344	1.9675707014546164	-0.4869951340573886
NA19909	8.599563857280415	-13.798280676209806	9.096481660470273	11.336708013717157	-6.72505965696405	5.156022867593759	8.475894183183302	-4.951624729842518	-3.1359199500083736	-1.028246517410063
NA19913	1.9899224686643908	-10.711276043777632	-5.7662143214094455	10.491885201525072	1.075598188145594	0.8757115431211537	4.929115335625593	3.555887144620578	-9.44586174927097	-1.4854804037760936
NA19914	-7.415305902253058	-5.109486948732625	0.2336676567764916	-3.0113043251460123	3.5808731399432574	-5.791531246903424	3.75964192064004	-7.195042739588641	-2.841611323085908	-1.1613559417301724
NA19916	-18.41079921062905	-6.532053466070277	4.965076527127998	3.367111180771365	-9.140596490441016	4.711182926431301	-0.0905457701293908	-2.14699388035343	0.6164132804426811	-1.4551485735073644
NA19917	15.081879761978708	-11.974273590243886	-13.174765676996946	16.150627004562686	9.522356181072059	-6.106773140455536	-4.282524044434073	-14.805996377595227	-0.6692626018042888	-1.648789515327108
NA19920	-6.180171219414642	-5.834091687600142	0.31107568905969	1.3288888595156965	5.8912413654933085	-5.218778719968661	4.270747326412118	0.7532364260776162	1.0714303483325431	0.21549388857042073
NA19921	20.334002158020052	-9.965270155002544	7.346445427477728	-6.813486205786478	0.8914972386368369	2.6849248918708817	0.6762557173467995	-9.060221104432445	-0.3402094037413226	-3.234251781628918
NA19922	13.0589105194342	-11.918495982262089	-21.525905793153605	16.0776163280741	1.5743923471569785	-24.247158277464735	-27.73594707121141	-2.047204719230846	2.350309876504934	2.352097143767264
NA19923	-2.7738467283151165	-9.408203584268774	21.18289847462798	7.589570461624467	-11.72258387648935	2.5569460211086907	4.671534577622942	-3.0837947830878667	-4.340229844603954	8.449862098427634
NA19982	-15.499588922493519	-9.947548112597742	-10.463361695783032	19.11236433988806	-9.03044854601311	5.92604679114625	8.715606791621656	6.376780738841976	-10.937353221409076	3.1589393481653767
NA19984	10.977760282868259	-6.758622924067439	-7.461407172407712	-0.30512737277953883	-4.394480140850235	2.226629418042442	-3.6241400964749437	11.470199793269975	1.3572757268082314	-1.8335890511371578
NA20126	2.807217655963135	-7.197196455693844	-0.49802538993611384	2.0619987236599724	-9.65431325327387	2.571188804939107	1.9202085041220187	1.604944207856929	-12.639567715035993	-2.6634139028809507
NA20127	9.064995190686423	-4.99887543068278	20.97980243071451	-7.070704694635392	-8.834979978027187	0.6041945611916926	-0.5799997005503821	1.6036989659994354	-3.2312536374827046	-0.6095925578710493
NA20274	15.809017737240923	20.752303075723017	-6.5845732197269085	2.6937961771027794	7.690028767831334	0.7048878418214971	5.307261442450961	-17.67680688218584	-4.743275015652517	-1.8913847715025143
NA20276	12.008320607204862	-7.927277931161612	-5.526857655326716	-6.466294360239729	-2.7166871769410257	1.847373997424846	3.355514739788322	2.128991516705915	9.836029261097124	-3.2540381913026493
NA20278	7.931059680184271	-13.608892098987972	14.287720716828456	4.497325987062961	-1.104045395083027	1.6967922193884617	7.189362550412527	-8.115637162088328	-0.4895879271358057	0.5093186730044937
NA20281	-25.200430551527663	-5.12042595873282	-8.390546547923359	9.810313154841145	-5.377681007570614	-1.6553484423244669	3.800271531400777	7.265585295673603	-6.650860212831592	0.5878493271463163
NA20282	-8.233635765209529	-11.462012191463966	8.0258777003902	20.848755481423673	11.104061424014331	7.533583772251032	10.087299475058277	-17.38665969235723	-3.453788051647906	11.279869521987488
NA20287	2.509818323932491	-9.510596427691404	-0.8316365873773799	5.173371347992262	-10.436437309202024	1.88854957482684	5.177505360196422	-2.846920210862142	1.574866595925997	7.3340433717989555
NA20289	11.063523961500168	-10.641832064060768	17.278094623358744	3.2318568379343953	-6.328660622740098	4.711993870260388	0.5883483469147561	4.014911474944715	14.561470008250742	6.833027864904389
NA20291	20.00341068989818	-14.905225624757717	-1.114039726717782	14.154437294031904	-1.4577909106095894	-7.765658830467013	-3.965482793713595	1.6977535983228484	19.20582740442044	-2.158857473419141
NA20294	-3.1017271761113934	-12.895391030187605	-17.134985392938646	21.576059353022405	-4.092983208180369	-23.59291781681968	-25.46318166836131	-5.401611848625548	-1.1865752737504007	7.50628068104116
NA20296	12.287555270479556	-6.2310411522077604	-5.721938599027549	-5.140931274141947	0.3860167629056186	-2.107354800084652	1.7135928027442615	7.388207940055857	3.1260652669113482	-2.038911254619113
NA20298	9.487882573811923	-19.263682951091386	2.1565125613719403	27.966805509564722	3.455492791464012	-14.705729833105028	-20.386208480290318	-14.698497227805879	13.825634647002065	9.703097860608933
NA20299	18.87127129137385	-10.684734405710671	6.4976674034859485	-2.8910293787610732	-2.7181959089780188	0.14892867261680204	2.1285747222872056	-2.831605361516173	5.558772808528141	-3.0604379456235424
NA20314	15.806119208499377	-6.409970580030818	6.050901804548076	-12.244036787618857	-7.269281024742019	0.8240190514808452	0.9730318242339032	-0.6395059392961429	-1.4607968436057683	8.434544230493351
NA20317	-20.886956308560958	-5.963471848967827	1.8643522882500234	9.943372476225207	7.170524932859998	-4.396794936700093	9.504528962625344	-8.816438311241152	-1.780136939384625	5.644039150871451
NA20318	-14.932023670757223	-1.54104931865009	-11.362078559820155	-2.9810474761271335	2.8122828243909193	-11.57601995203331	7.043015393964867	9.22214672373517	1.30812951965085	-1.4261124571198924
NA20320	-17.74896502668822	-6.6840427825662605	6.487926112912336	13.186908827164425	-0.6185931010140095	-2.448447442554741	9.074115732692977	-4.319693191206107	1.8072171496642444	6.453764308385772
NA20321	-4.109612769154353	-8.140313349377612	-4.476294575338548	9.668139229170299	-0.25631321005390495	-8.383525667114784	-5.870619720157968	-5.604982320007651	3.757213201970248	0.582117600156995
NA20332	2.0137301682973003	-9.59147055325067	1.2456715969986825	11.032197651978455	1.8910781153615288	-0.4923233810234299	9.179882773870304	4.104990826615878	-1.2716674337989273	1.412336345372714
NA20334	22.14120718177236	-16.947776684824948	-1.87609051542786	6.838918344735332	-2.833964240221417	-21.153395001005943	-25.349171968779064	-14.518019855054968	-2.8322546647783184	-0.3692731214571936
NA20339	5.0078632912845755	-4.191826932442329	-23.63696750780377	1.5596012466103906	-5.912261589095522	0.08351229209427657	6.342968866970702	-1.2720531545930065	15.297927179725868	-2.564235643583448
NA20340	-3.9747866552956697	-3.1594460037691863	-6.488211865830312	6.271201072223442	4.673402615715501	-1.1763859023907468	8.563632182295368	-11.013411948136955	-7.14411464628958	6.577941800651088
NA20342	-18.558017328098327	0.006138214475065407	-14.169831658764538	-5.715714500748247	-1.3927085369051764	-3.553885051523582	0.13066172099774764	-2.3447031692248643	0.5876616159965098	-10.701920265941869
NA20346	-12.4992930223377	-7.070949943883661	5.456090417147217	6.496344643702321	-6.821970871303515	5.726081993780173	2.0095193702833933	-1.2444374287177602	-7.834782512225551	1.591472833241585
NA20348	3.7869065569185505	-5.01590485470455	-13.661557438883776	7.600017174035362	16.176788680830462	-11.81647664977845	-12.712199189907464	4.521009989568525	9.143950205309899	-1.9794531488138443
NA20351	5.452980838933389	-11.485985886328951	-29.323157606529783	15.298753129347798	0.5534109720584707	-26.47176145294741	-33.127799254626346	-5.741347187487456	9.636026831156359	-0.9202833145056971
NA20355	17.870892968688796	-10.200192045482913	-2.136506522109475	-0.616635030944914	0.9308529540275603	-1.0065863238970754	6.503279957137612	-4.346885164394317	-4.839798347429292	-1.2656668606569783
NA20356	-10.385952913493243	-10.125546556917518	10.534344317829923	12.433708069115276	7.8965061863030375	9.993392259705551	4.630195744145266	-0.5427377174857781	-3.327139626118517	1.0535382947143606
NA20357	13.171564936416129	-6.802764111060046	-6.688451030217786	-6.401921877979245	-1.911855333141997	-3.5365209492104697	3.770186977327964	3.7959231608630404	1.3037516356447565	-1.1810718739644757
NA20359	-19.731808269863155	-6.852250353078671	-13.47034850182209	19.829297482250684	-11.25060013936808	18.683043484556645	-5.62592611716128	18.890672903644173	-8.968621901414991	-8.456009160046449
NA20362	-25.22449920630734	-2.9783171371111345	-6.386450141732543	9.476663358611138	-4.167530874599845	-1.7655356613998325	-0.7120814147760991	21.42799544826719	-10.867675339834353	-0.8726160722549845
NA20412	-3.294139355511386	-9.229118640147474	0.6831019627993646	7.016719870152798	0.7228444402456804	-19.74374474500909	-29.48038342970881	-10.804192064255014	3.5399558782354497	0.8518440720758708
NA20502	-19.214143090528633	-6.838516779665073	11.525550151302685	1.9469767542303162	-0.8835499729070125	-7.858388866473829	8.149549985115392	-2.6381855390909483	-7.527479860260294	1.1328454674425015
NA20503	-5.516167555437278	-1.9984432892393025	5.665523812536428	-9.217129131021363	-2.6895565969534507	-5.542843222338647	-0.31052347221342275	1.4506113766799196	-1.9255560227057424	-2.453043835129514
NA20504	-6.610776869623644	-4.931854697801208	-0.9688776257297002	-3.8982338206288114	7.894952137304565	-3.990931232893817	6.100881834204781	-6.465098929622808	-8.364800352552745	6.711911689318301
NA20505	0.5296521255927331	-5.594033609868034	18.073100951619587	-4.233871922330734	-3.8192474250568664	-1.6077649443465167	1.849508525932922	-2.663880204456817	5.809621054836169	0.6124178795209185
NA20506	-7.042103166521533	-0.7294741003133987	5.470770235833262	-10.113406491694143	-2.633951316432004	-10.119156849779886	2.8371506006994442	6.939362600130417	-2.5896871327975717	-3.902669169810581
NA20507	-6.589118825099153	-0.1736423759159469	5.439869074898421	-12.31800113223027	-1.3249498093311733	-4.075637444497973	-1.6100298174279677	4.9657731513995795	-0.8223799865788841	4.235193319555713
NA20508	-11.091000773753155	-2.1130970331306553	0.2473175932482151	-8.05141892916487	-2.2221229395532007	-7.3431927669230515	3.999627073449752	6.1956645239370625	0.6733303019361578	2.641760059081019
NA20509	21.96169474630476	-6.652757439158589	10.974444995156231	-12.175793818845428	-8.259746279263826	-1.4050732166511146	0.777999674756993	-4.435459563479316	-3.1814155864157727	-3.620919693327924
NA20510	-0.6185004583833662	-4.865353391821803	14.427826205197098	-7.25719114843228	-1.1224485183010433	-7.339781333412547	3.886343454290532	3.914192614491459	-0.7652780578453864	-2.6385444890703464
NA20511	6.60794151375876	-2.0790539042436995	-4.992296052282728	-16.375523397845154	0.6994218491211754	-5.166340721790388	0.838831427336979	-0.33573447604439255	1.0286853779888805	1.8082335454458571
NA20512	-16.021411894770456	6.946447137079128	-9.08328641303139	-9.468195020237113	0.42352259863807734	-9.803159868490193	3.4187137051545866	-0.9181737945406765	-6.298330024125306	0.8394662315023381
NA20513	-13.132824707663863	-10.420542101282273	21.20372566253947	1.6173473814565162	-6.431576889615176	-7.193474320756216	8.33299499993765	-5.259187166227883	-4.265865172745536	2.1884956332489383
NA20514	-18.117759304488885	1.61256866583608	-11.230768699528248	-6.629884947017397	-0.8188483674335121	-2.3403997902546476	1.4115660704231823	-1.0974447312662394	1.6046116332428495	-12.735209508918135
NA20515	-1.5550360814159365	-4.4531147995474045	12.229280569820016	-8.073997964353318	7.866969717960608	-0.11737045575486404	-0.25733061201420476	-7.990601809529001	-2.9977885519841223	-2.734657686701999
NA20516	-18.551133172681748	-2.5117973585400595	12.84215790750537	-3.3174428758507	-4.007105588507832	1.4346160401404962	-3.3459372330503063	1.1036529299857754	3.887909718951253	1.0191886384490654
NA20517	-7.269644157501852	-0.9548536329961279	6.425932388892645	-8.76620294914375	1.004460393674257	-4.910607078929828	-1.7978247779913845	7.373952422558075	0.022618591589164794	-4.025747759753206
NA20518	-28.8529282171675	-0.2711394098317897	-6.613966724230633	-2.924367761075591	-3.1210008020262285	-3.562467680152424	4.500538136514342	-3.243713216110658	-0.26357547825856453	13.69468838483386
NA20519	1.7343028271029197	3.719522875109776	-20.871053483885202	-8.955757713866245	2.072514026697461	-5.05970535284912	3.191728965702493	4.71259907167526	-4.469986578512904	2.718051201648078
NA20520	6.5692809008506945	-3.605443369410915	-17.053322838071157	-7.515549095094785	8.249427666346323	1.3175141825437968	6.232926454344343	-8.85421194292681	-11.983166330305584	7.767160342142489
NA20521	-1.864499732793815	-4.8100424508840405	11.1380043325738	-5.461210503941046	13.532182346470954	-0.017031533052175446	2.168043045023926	0.005784016883833232	1.433840303468191	-3.040885878846416
NA20522	-3.781007197851034	-4.295127701133287	-0.4763037789671923	-5.3321807609496	-5.3086718268896185	9.540696337494431	-2.963418346300785	-10.334210327689195	-4.86481084131127	-6.225913523938222
NA20524	8.116794351840452	-11.037055294931688	16.144031270987156	-2.4512088370143403	-4.820167397350922	-2.0259376047568534	6.150766273363481	-5.290199772473704	-10.615740902116908	-0.628290978438417
NA20525	0.9812059436727817	-1.797573900628647	0.764704017981132	-7.565510414366056	-5.592898097247762	8.70709815245188	-5.695848817138023	-1.0059002506559136	0.12079284896861076	19.051105264116504
NA20527	12.531041063999282	-2.1419020258633465	-2.9241593508184183	-14.032474176447307	-3.8989819478974006	-8.668699068784697	3.8533870922078943	9.497222435543293	-5.081445306389391	-5.18798748801285
NA20528	-12.949650347648324	3.8766472056635237	-10.76381336817282	-8.693450851687594	7.028661458563884	1.3895507972004775	-3.0899510614942813	9.36401961729104	0.4429412319203705	9.83900862309486
NA20529	-29.755742923331894	1.7992857509539864	4.7881508523342875	-1.8351248000182863	19.530523814873575	-6.399924145703727	2.6068615225521787	5.266441250545746	-1.1471619788271494	1.1876961244762734
NA20530	5.342916745748332	-7.44528860410365	19.0925615258321	-8.581603811853638	-4.319115561860616	2.8749354479614473	-0.6208656922294549	-2.316210813250069	4.892861811936852	5.430988607761579
NA20531	-16.089519047252907	1.0918805072075575	-11.123389231277452	-6.871755063827707	0.9090820208555634	-7.698655075937417	3.8372658056548974	9.643996066087414	0.9131209120162123	-0.5363612195855006
NA20532	0.0777115310612237	-0.9652426403960884	-12.919351814644141	-12.436975043873886	14.448984319022696	-7.525704341561794	4.725068915020617	-5.347028904891866	-4.708859917523006	-6.077568879842514
NA20533	8.694016232492116	-1.824847569012535	-7.61956910838922	-9.342818693287656	-8.34192109456594	6.8599488730555676	-4.944244060945308	1.3663647684702351	1.6122987227612096	-9.879798706462447
NA20534	-32.63760525496308	3.1825943452491026	1.6889004286627467	-6.292784323009489	4.7921666503571965	-9.9416513313626	1.3104862363863905	5.232988066304343	2.0929900584207752	-1.3595354566382265
NA20535	22.17611843539612	-9.15528211091278	9.987886646636314	-6.953888591043435	-3.956083298071319	-5.003029294587447	7.431603062510618	-2.8688679203041985	-10.023207067312603	-5.356520375944473
NA20536	-6.422605355622171	-3.8604900712340955	-0.24554761596262534	-9.393353991371654	-5.04359920912183	-6.557168794480447	3.1341936868321327	-1.0654629662258241	-3.5335109267454197	1.9789228666579732
NA20538	5.36509095996723	-1.9262481540250276	-6.644986174829462	-14.755477142153703	-1.9051831980969118	-7.399764336422911	0.5220458134851432	5.12652561445376	1.5472834586986082	-5.492983634573307
NA20539	-15.83429278884045	-1.827304445020484	9.835371930580921	-6.458734448925252	-2.268126599647421	-7.141022243062704	1.7382936854472288	3.632136616939038	-1.5651466115136032	-0.4624173774688126
NA20540	-7.12316659202875	4.224478684514137	5.378163353500444	-6.6656245369016425	-1.4305791268651264	-7.831534676628186	1.9970287030129046	2.3468901628020884	-4.4365304104391425	-0.6096789666029059
NA20541	19.308899230768024	-7.848502104191585	7.676587372172833	-13.159287144805448	-7.539103754755468	-5.10683606884547	4.064881829387053	2.1169153774427554	-4.026389935774583	-4.447077757538855
NA20542	7.550193593263393	-12.501252935562087	18.125586558288727	1.1333572530974354	-2.62423230206207	0.20972875598769258	5.780988130888311	-1.8281376312500814	-2.7449669932595793	-1.2695591538454438
NA20543	4.539092255763554	1.9197818900106127	-17.572168436321338	-8.262278307168652	9.714090281288833	2.9083447661583888	2.3731661135664712	-2.612136074185021	-3.9274863517935117	5.506963386848817
NA20544	-5.256203504929804	-1.6914014101229784	5.736749235092866	-7.240122372954848	-3.099670648903979	-2.5479842393424947	0.7525815387454075	2.247001064541655	3.042709009040946	-0.5430328597837492
NA20581	-3.338248780577367	-4.503667641726689	1.612601452796687	-6.443452262758454	-9.858467936234538	6.1314799149527275	-1.5379931134373022	-4.059485171160036	0.5614404729374036	-8.681232494967338
NA20582	3.1061904925379396	-8.219209033047074	17.115117115089223	-4.574201373805448	-2.850302855272215	0.4666637907490867	0.36831922121603067	-5.212494548626089	6.778977306087887	-1.5135829570468518
NA20585	-3.2529869591922744	0.45622509453896465	-24.536217015719167	-10.139697047858855	-3.654044726670407	10.851371871767247	-5.628707083269082	-4.535302582855628	3.8877077799603454	-21.019206877234
NA20586	-11.213965682746206	-4.230519579974712	23.963020967772767	-3.0270699917462633	-9.377321287757495	-4.773676819792119	0.4160289458312452	0.9848549251025435	-2.6514964730300923	1.571753469137005
NA20587	-4.542943532644874	-2.8012782989954146	2.7261489915051964	-7.455000136266784	-1.9608777895690574	-4.508389025621577	1.2549508443425255	1.2515235938274194	-4.033388791423579	-0.6028400819594955
NA20588	16.720400565918002	-10.058882070542357	1.3017497078633513	-5.683778052217261	9.192395722013469	0.45391905242537955	6.995066351934735	-9.89556775506469	-7.815225767227595	-4.421294745711567
NA20589	-3.9386360789385013	-4.875076792458848	8.203697466316573	-4.785878180433234	8.954908701247893	1.270360406271128	0.05920720461766235	-8.64781431383631	-0.3257991079808722	-1.980094753696265
NA20752	1.571208865471879	-6.847951500246099	14.643247441617934	-8.248372646017408	-7.846201134706724	0.010452557659007766	-0.3498764101932619	-2.1709600103473257	-0.2500796107963381	5.024752725905709
NA20753	-25.912400472790747	20.49264977449684	2.3914376262359816	5.675939578293582	-5.248888010845358	-14.373873467389195	8.64952584747152	-2.9734426791376127	1.6126427233113272	-1.4674430310811841
NA20754	-32.64142100687165	2.1271899310780356	-1.410536506613382	-3.4973948554592766	0.0592887691803794	-9.603418411667427	2.0550696519381444	-4.540256688710403	-0.793509877023112	-0.76275865922825
NA20755	-17.85559755196163	-3.8235355882282285	12.545749893441103	-4.090546328237714	-9.468170844447412	-0.7757577694068631	-1.0048400084105356	-5.90516184955805	-2.4053085716266667	3.1739009044758646
NA20756	22.722362339010758	-8.193953774889083	11.590328081218438	-11.542837151355673	-6.087755949540952	0.1829904780396514	1.5254409930201347	-4.669069918509022	0.17465967991595654	-4.221054167086585
NA20757	-1.6182652111501796	-2.1831430257146516	0.5176072411367041	-5.234403276533922	-6.725221859516131	-3.848713198977159	4.510341880967412	-7.372369764136739	-5.805625053352501	2.1315038594722675
NA20758	-5.114997543350751	-2.8222721837423115	4.1965596053761605	-9.95843062336996	-5.382046873895145	-3.6516256826171785	-0.24093228488683516	-1.7573969586186544	-2.241391619746334	-2.823400585978446
NA20759	-25.09754619934913	-1.1312940749353855	8.07685303038869	-0.5526346067742731	9.222820442132624	-6.745135624742321	4.92990363174111	4.960541232819154	-2.2816071209834123	0.2932309500529775
NA20760	-18.448277922122966	-5.441217065457652	11.550116912806722	-0.7502789309149538	-3.3648509834241613	-6.564569687508732	3.941164035816501	-4.635268919867209	-9.88957407049518	0.6243391715906561
NA20761	-4.5621751574443445	1.6253257617403245	4.9039054487550855	-7.391928967851355	-2.6761596488999833	-4.109142984083194	1.0058033496324947	-0.3146700717333799	-4.74383886555317	1.3364015647154526
NA20762	-9.21010303499111	2.4609355660500136	-1.6526250706416106	-9.015638818586607	1.3082453247834238	-3.5862847319121536	-3.48804111941686	5.887235861482939	-3.3466872379596144	3.1979989196528242
NA20763	-21.039308639706228	-3.896494677596665	8.133611337035516	-3.5589072363172383	-9.049739412171121	-5.328360233618149	1.704124005031667	-1.763402374839429	-2.80982524786417	2.4790108085987517
NA20764	9.634494610097773	-12.617913524042102	17.829040212355107	-1.68342600434157	-5.527305461258868	0.5035066400321627	5.213450610032531	-7.95244133837697	-5.169732661612748	-1.221254787502746
NA20765	9.484913052906983	-4.596118653364805	-6.70735984148789	-11.55514739153009	-5.042681782822424	5.10750650937639	-1.8983142491336684	-5.074437287724635	2.157635272540183	-13.17186339557118
NA20766	21.626165593983973	-3.9871189115064474	11.670288492884827	-12.377878961798114	-7.769765085621882	-3.9362742657230907	1.527292464117571	1.8293735201378394	-5.211017259187422	-3.959456494117869
NA20767	-9.510603977475178	-3.664643106682196	-4.598079029072151	-7.876325890293341	-6.246870333481148	-2.287294320966505	2.544210778284965	-3.2772522106435575	4.927552874597885	9.876761852141925
NA20768	-7.642309992860255	-2.069284295791938	3.2395613583331286	-4.516995836286418	-2.5733219450943396	-6.108379745988687	3.8685740787801635	-2.676816761147574	-0.885668924712707	-2.8251828626114976
NA20769	2.621479780997444	-4.167105957923853	9.287853863825468	-6.4080715665671235	8.237742533087467	0.4611366945596157	3.718223436411908	-4.465229915864918	-7.163418429424613	1.9745014276970694
NA20770	3.0494570490260515	-5.449574374997662	8.175875912400715	1.76928067654968	8.105522237196901	10.532828083256762	1.8770709445324634	-3.600639050258675	1.904675175270654	13.91221303863919
NA20771	-16.979836200537818	1.1666813296698073	-10.411378274427726	-9.753935158657951	-1.4983540759710015	-9.754915212463187	3.0940046428181214	3.1226897034799643	0.03986917471908957	-2.822403247204816
NA20772	21.948449064361817	-12.285862182101317	8.194712653905121	-6.3534323436949265	-4.6551963804403025	-3.6982300269989334	7.416654778167153	-7.151090626739986	-8.027174322597931	-4.114012662499572
NA20773	3.8494836124901437	-5.881840178705445	11.127666691553655	-7.707790967685922	-12.382446301092708	-4.2713955133628465	1.7380070310959645	1.1872019822412916	-5.623632514182903	1.78627988028325
NA20774	-6.1936398874339265	-3.1990250125784425	5.1334638725450805	-5.325256969122761	2.0363711281560146	-2.782093294343899	-1.144645003180466	5.198993315325687	5.219227133159563	-2.0807600366736305
NA20775	-5.87972943317051	-2.7609764077763477	7.0422221166231855	-9.445262258184657	0.21487991175222146	-4.692901670609207	0.9705777784651308	3.1282708210864865	2.7374431915209763	-2.800702814258176
NA20778	12.815582195147986	-6.435503661434208	-4.779451662599705	-12.511104906474788	-5.088136981801244	-4.265608176488573	4.58494641122504	-4.666526328086435	-2.984326273598157	-3.30862397642839
NA20783	-20.947055642129474	-0.43233655677732596	6.2288391666307374	-1.9109619004946206	-11.85502607330794	8.19799499651838	-8.035953382330622	-1.6661537581122012	0.19237222966449374	0.003663395881266185
NA20785	-2.72261539998634	-0.24142663418751908	6.011912166516104	-9.840192111971625	-4.644660324441435	-6.206945023494305	-0.29288143982291315	7.734980339714751	-6.0121289710275825	-2.0692026284347307
NA20786	10.464302056804396	-2.6906760085876997	-14.722163716030904	-3.805207058626679	22.56500815765432	17.546830539167036	0.3398084064047544	-3.8600085149663483	4.341483801649276	22.45368030940533
NA20787	-15.17694445740832	-3.113002659079418	29.591181348515338	-1.1435158513184862	-2.3370593193257934	-6.771137526306816	1.443456309070954	1.8420492317099602	5.415414727737076	-2.2395114708589983
NA20790	18.499900027268033	-7.167809617123001	2.8471148823685684	-8.032475167324971	7.92347806191148	5.9475063654496685	0.7718137749088199	-2.7900405014857266	0.6974897190206767	0.9272436402580285
NA20792	7.128709191481998	-3.8277753891396813	-3.9833921245752943	-10.530679247397595	2.01146484427128	-2.2014845758861163	-1.1234096246448357	0.7882829993919815	6.330968057184795	-5.301293846203469
NA20795	9.459110749371092	-5.448499997999799	-10.741266534808185	-7.124576180031491	-6.955432717046312	8.660992204712764	-3.4452789738120044	-5.782771364296203	4.688039864725884	-9.182429997128791
NA20796	2.0854048331248656	-6.132173148935012	8.47175377032627	-3.3595725673332413	6.251537061252318	1.3160045311501427	3.1211519909529	-7.801802226769469	-6.488496542728663	6.437604950501739
NA20797	-8.524173796057733	-1.253709891704287	4.65173210152085	-7.4057625090842825	5.020453688529386	-5.784566087074188	0.23430711071150567	9.081908518147838	6.261460336214714	-2.4958141421534266
NA20798	17.182187128209975	-7.74543385541838	2.31211970110637	-6.951223358399396	9.515779885752588	1.8078682338812864	5.04859282054706	-10.165679522492129	-10.545380417121889	-3.3367399925112737
NA20799	-14.691964780260419	2.4821844381385234	-15.586282511708148	-7.521354422659601	-2.812146650672	-0.6016840198666074	-1.89041341823871	-0.7457455813771314	-0.7980163665255361	14.854792868288781
NA20800	7.116902472393883	-5.963156018893746	-19.51390844305267	-4.499401679591743	8.060406868186785	1.6359243448679455	7.49098929158178	-10.036121269311788	-8.35797537009724	6.627423462322457
NA20801	-7.803338677713894	-1.2776914573181077	6.62442099023626	-9.137353312162103	-0.5799003676567491	-8.56243116887362	1.172880133579326	8.573139409299372	-0.4354443525743126	-3.8827129267255143
NA20802	1.3064959032571941	0.14949643106779398	-19.399810194601518	-15.414443902182992	-4.882589620060603	-7.797839146128171	3.1477615969425496	2.363296768909617	-4.918539199756308	-2.7299898467051213
NA20803	-13.201122318026645	-6.094751004334618	23.424370946860986	-1.8310542447742317	-10.161529668794177	-5.280640227001219	3.397612014813289	-4.672182989955083	-0.32425175983145293	1.9285587138879765
NA20804	11.964264821096894	-5.056816003930091	-5.9952743594478335	-12.195340591133169	-4.004723384740038	-4.352583930717675	3.060086955180528	-2.1556471997395468	-3.9580321325231402	-1.573499033574016
NA20805	-33.0722083810716	3.1585431250418248	-0.8878449601975344	-5.1191221850460815	2.790059736931746	-12.185032236983778	2.2186437991263146	6.958018195448823	0.08518544449941534	-2.579669981296196
NA20806	12.676393212800367	-0.14046916412868204	-2.9171516643607878	-15.146155192188989	-3.5816000685131844	0.9745476059507918	-3.489551845662312	1.9224379818704098	-4.54999902774842	9.214532173710548
NA20807	-6.955609030950568	0.11242088323825922	-1.0810262783310418	-1.3515518711789474	24.74177439429185	8.507237102793653	1.3852227254941103	-6.944730842217907	-0.285306855882572	10.970087407648194
NA20808	23.562177178523907	-11.592439306040072	9.568458286932387	-8.605400457699064	-3.10182749954877	-0.9314385548466546	4.640623500845273	-6.983684785834985	-7.611533999262607	-5.563303103957277
NA20809	-15.132181297531789	3.2407731326439815	-9.58067613279519	-11.524670834746052	2.2573130697049355	-9.166147753164438	1.1957174614084405	4.478605762772231	-4.996841229241718	-0.42914769906216454
NA20810	-8.962280406161135	-3.7345052084899626	3.3196023389783056	-6.228630039845598	-2.2922206008462735	-9.701253355037403	5.568485617340818	6.467218239649405	4.599634274652857	-2.7968949108588967
NA20811	16.152084165056007	-5.500093502634175	-0.010800192064162606	-4.694803389502615	10.926990793068839	7.835061970714731	2.292294294120586	4.209909957321449	3.7816836687244817	8.974241915981821
NA20812	-32.25004057736316	1.3488990342802634	-0.11695430346321004	-4.082947992399733	4.276055324843803	-6.621374382007716	-0.21815924919001606	-0.3488143617747945	3.632063763237518	-1.7909151825173415
NA20813	8.077958281477747	-9.307152617080304	17.347611701527818	-6.103057134631964	-9.69666629563883	0.3135551080162203	1.761686429891732	-8.900050867519845	-3.3837953069789295	1.770034851140967
NA20814	-10.420921298996168	3.6861053405773454	8.161172716854718	-10.217129951061198	3.254290997243552	-11.384574229342359	0.28198211536172546	11.663989047782483	-0.658766988524734	-7.215697957430575
NA20815	-6.8053375577341555	-3.363015977610373	6.227719055213831	-5.50059028076731	-2.110556501476389	-7.606839090445138	5.531213842557074	0.600843436204705	2.2506959797349344	-3.6118318560588962
NA20818	-9.681897393324968	-2.1337447045032043	5.876338869728249	-8.52975633926066	-5.831589517098002	-1.8513830689965571	-1.303583694653759	-5.764087240083236	-1.618313230190664	0.7918903500646897
NA20819	-8.779020173236114	-3.5420208378606657	-0.31982754308798067	-9.424053209085935	-4.931683172342375	-8.252105542017123	3.3309736795643676	-3.21219304544549	-2.7283246230960607	0.6414578762741828
NA20821	4.464085084219566	-2.3958108038121417	-5.615915325075473	-11.552318279131297	-3.6630497595611056	-5.629071986318027	2.694847271906045	1.0432236529768493	3.7729550270609433	-3.5579537101989733
NA20822	5.490068455440818	-7.137374313880769	20.896573293402025	-6.399452776810991	-3.3075099715776353	2.9571128597773004	-3.908406068150617	1.4697191381535675	3.948489453397912	-1.1450145244705496
NA20826	2.834602333316807	-8.215568379769588	16.92483019476881	-5.435618911680289	-2.9516051467413917	-1.7996989014005293	1.4241512770284797	-5.798669599137911	2.1160090566173375	-0.9262381152059069
NA20827	-26.053960802162205	0.6805337496402429	-7.451366472872422	-1.9456213022339766	-3.2548223866494874	6.510829753572069	-2.1453632400922764	0.1240904511641332	1.3491655254221593	20.726405459319686
NA20828	-0.7481220032398833	-3.7875620525545157	-0.07306281673278858	-6.773559259939283	-8.128433029274737	0.10075711522914577	3.170630578132876	1.5049390239271419	-1.3375568926517027	9.532782914677862
NA20832	-15.977834783455624	-5.794606613451111	22.43960591196435	-0.2953986871839166	-2.7097138023789054	-2.933153138100399	0.7088775335943265	-2.6709673684486845	4.981668624650478	0.8575130626546534
NA20845	-6.615102772537911	3.764818813536162	2.4474614900415466	-2.536501807876819	16.289217286252445	1.9828777127771702	-3.0824471541853846	12.311310476504985	-4.596529327782061	12.48650532264304
NA20846	-17.685151056850323	5.069632859099073	-6.59405267235352	-10.130891041754273	5.018259620310955	-6.38896518871824	-1.3771667569610975	4.440674400468194	-0.10908443105757382	-2.3647318038918543
NA20847	8.122547509405539	28.62835380226779	-9.11018084658086	2.5064737743705745	0.28728152682916785	-11.058594139380592	6.992503558677851	-0.7953633306820151	2.242050191105122	-7.996262734864337
NA20849	-22.18680419316361	-4.979673178935159	15.250681894247192	1.871180192415494	5.178048855731759	-6.986105956053921	4.492916923137155	1.6141397585123558	-1.6362283529787849	-2.7649424414484916
NA20850	-6.162254589451114	0.7754722169506185	5.493084089818764	-7.889372066031888	1.7853174512708698	-2.664011120582548	-4.906538122978479	9.883717790275302	-1.0210642038165725	4.94256026007802
NA20851	21.35328627982574	-9.442918908550642	10.37338870800927	-11.151930007588307	-7.961501704964907	1.4750947519653288	-0.1709743516465293	-9.930898074352516	-1.3807502658272028	-1.8660603904494764
NA20852	-10.684604851295525	4.414940448731345	-4.293338723433459	-7.897671732744071	12.301002890488874	-3.324006916056229	1.252405618054341	-4.039918098806335	-3.6699442458236042	-2.7412179873901055
NA20853	-8.789056551696275	22.924236250696048	22.030912418833545	15.448980270891434	-1.2004669906867018	-4.796855516943104	4.849574681115416	-6.025917092288036	-4.699548623577018	-2.3734193629577676
NA20854	5.043725114039224	-8.139111462691753	19.13151369721637	-5.227252692478813	-3.3325761276797006	0.36519335451175555	-0.7923105971906821	-0.8428098901296055	4.834697297918447	-2.2302116096754734
NA20856	16.932504800827157	1.19835925924188	3.9643375879257294	-10.371251170981441	-7.914051330179326	-2.867892204785798	-1.8129497278052484	9.29351766911877	-6.454949191605767	-1.1235179436198965
NA20858	-23.770496252178262	-4.419062996466166	12.513871301697051	0.5008117228503859	3.4916981810356758	-9.50214629912879	5.488076352647777	-0.6450619749308227	-3.851214602046939	-3.0706834711895308
NA20859	-29.740104792143317	2.425154002061632	4.305184015224353	-2.602372228149083	13.046349698004883	-7.486190245964858	1.0645674095729958	0.8389420395240482	-2.4027223808883535	-1.4478311870031546
NA20861	10.012559103181554	0.7703590953838503	-10.924230636128563	-13.119070097931667	-0.4409746144840829	2.9357317335669713	-3.257830994176316	4.4787781119182295	-2.6969705425491206	12.740355133177673
NA20862	-27.677486637106956	-1.5906901060778753	4.165570919247678	-2.909697338859456	-4.045000289774549	-10.122790519638091	2.6190559300509726	-1.0532236427093187	0.5030509825319924	0.9247195156291983
NA20863	-8.297601735572133	2.0528997509630003	0.9007136814559604	-7.222089733134195	6.625162027276553	-2.9810901433227883	-0.758814280775956	3.1860920948939535	2.2329313539533393	0.5608265459861809
NA20864	2.2983725592509243	0.7004335759057532	-12.920008143816663	-12.0592681355202	9.985397489477853	-4.193342750225526	1.4000401138496619	-0.07974265663262736	-2.8890813661861796	-4.9295180600335
NA20866	-17.52327627454541	23.807571710207117	7.840490684790374	10.081218072867562	4.997307805434828	-3.090926239313091	2.2187520993347674	-2.065741306156754	-3.8885479171574993	-0.2713905173959805
NA20867	0.4838374033337387	-6.689381759962554	16.05771800904696	-5.2130288667113325	1.3384225333252466	-2.4443646261426	1.623150584188724	-0.9568841963926553	3.3837090472243907	-1.4388574391895015
NA20868	-8.484799691458274	5.37580162424755	4.731906494075526	-4.431787104696818	4.107347243572445	3.8393486278690934	-5.399320918411824	8.806597231093255	1.7393564250054725	-3.9062047108139826
NA20869	-5.34038400100001	-0.7707268104998599	5.6843822243283615	-9.75575117198403	-2.8133943443814227	-5.672136896502903	-0.8556835988548719	1.7812060753880883	-1.5412349387853803	-2.2003553066306387
NA20870	-1.7938672619264802	27.656291193098966	-4.497322650686503	8.228787819976665	-6.093510665611159	-1.5394673477551888	5.294326049384062	-2.8963467871350854	2.5662594576177806	8.343203246395925
NA20872	9.699215860571519	0.3257429374953428	-11.673275030138212	-12.678512775757536	-5.241658303278148	-3.5649783151054235	-1.4715711281884163	6.881957689073592	-6.62746611772799	5.615940707949376
NA20874	9.285666945245511	-6.46263896957938	18.427069221047734	-6.01539052235071	-7.388733914384069	1.677554083694952	-1.4161496390538368	0.9125484049018671	-0.8686350820048863	0.12899897133088256
NA20875	3.7617998515951365	1.0688768402376199	20.211108278299086	-1.1947966469084	-1.7933449390311447	-4.5692674979060035	0.08342849074509695	10.91227424985936	-6.676126074474951	2.4012365175933197
NA20876	-32.907603810869716	2.7258943304603322	0.567631246888515	-5.202529243850943	3.3633094680858164	-11.329720598973749	2.606732148614482	6.520822192267772	2.1285383958531	-1.4630150324922375
NA20877	22.813162789154646	55.87474142901274	-0.47286242782782534	17.714249825694495	-5.502009679241192	-5.709380192064442	7.622932106879962	-8.931188697832823	-0.1376156985717556	-5.723263496811974
NA20878	10.867884901226871	21.334798390821582	-1.920819545929386	2.9660710940724857	21.750280605881624	3.8421434059888964	-0.8135177138165152	0.782240405733311	4.88525213960301	-2.5737737125873137
NA20881	-17.30069224428493	-0.46640369042826535	12.494562484496429	-0.905334956006391	-4.185692527048916	-3.4465332822535113	-0.5651011671024971	0.8244868543689505	-2.8026147277898934	1.509276241814377
NA20882	-11.942182225971619	5.055430346996181	-0.4488472480774403	-5.07552809946296	-0.313901778303183	6.620374828959177	-6.400016495497473	-0.9177980605928276	-0.13170672126202976	-10.283646192936152
NA20884	2.467949373769661	8.859297033904927	-11.81210614694962	-6.689304199762654	19.23773356753821	-1.8696021557961235	0.00906412818694724	8.469208298789306	-1.9832680167221373	1.5027568247144454
NA20885	-12.752238924902032	4.7990043407697245	10.50670790595538	0.8597207384875057	-8.472951217324411	-3.0471110989031533	2.3338185394452484	-2.06282388838939	-9.293882541624827	5.262122269293471
NA20886	15.820714401919185	-0.18772304395099304	3.3066738862244702	-10.141837040080684	-7.643587886782516	0.9339274466632848	-4.927418671727276	3.882565180116263	-5.5016328481276	5.322645030351511
NA20887	14.981525374354453	-0.8813450567930369	7.18513591389106	-9.93076224291791	-4.610828728318073	-2.8306589522503733	-6.146250365807654	13.263175094360612	-2.6312580938134693	4.914592079512308
NA20888	16.58457237295901	-3.8886950858438136	-0.4611267034205052	-3.9961628088436285	12.142103688765875	-0.2298784170636582	2.5850834034516668	3.886423897163179	-13.410124067257184	2.7456046048794276
NA20889	5.102972754868509	4.907216596695272	-11.990063539525307	-11.57466048557905	-5.264907931274076	-6.598603661864104	2.7775054468421776	3.7640393043726657	-8.218313284553625	1.4372112164653594
NA20890	12.03086839903922	28.921389315066833	-11.56663155194498	5.300849353741391	-6.6418997198183405	-0.2770626041218559	2.0948090045704477	-4.144059536850078	-2.2362173895198194	7.863911592168207
NA20891	-3.1705752721906033	-3.6053235654849147	3.7465895726288956	-4.085228902748254	-1.7361339416457624	-2.750404337146459	0.5308950035681578	2.5495021134788867	-6.159047706415738	-2.3849449513002665
NA20892	21.12449627401969	51.238122539923936	-2.360828103127911	17.124697738895243	-1.4822170455350587	-4.4627092578383545	8.54377529815116	-11.614888918890136	2.3044757619699583	-3.0293528517835946
NA20894	-16.497691997917723	0.37618000366794413	-6.36337989592744	-5.228488919631566	11.084745533627332	-3.134862583721735	0.9971061229965235	-8.038718399743695	1.1714567468363666	-2.537175560756026
NA20895	-2.022869397761268	4.747948280165414	11.789282353337175	-8.180103975318277	7.116843863872598	-1.0205437599854463	-6.358546276922123	10.667143469483976	-4.5596970563815695	4.488523962277174
NA20896	9.341668879433666	0.8054282148744526	-0.46112061499919565	-12.175861731213537	2.9998808344713837	-3.241054755133275	-3.7919167270919623	11.884214749226466	2.3138783501129034	-1.1896239200188738
NA20897	15.696534868412563	2.1519782430450647	-4.754009063842012	-7.701183181081435	5.0342506632204165	2.331011691729455	-1.0662364355102163	0.279583577760162	-7.742039951509044	8.329433430606148
NA20899	-12.673782092542952	5.833365988155764	-13.382563952575504	-0.36255363798312945	-2.510089016871119	21.62792543791032	-11.591797439850984	2.6737455433217194	0.6413660916274908	-7.319213991647759
NA20900	-8.848092115216236	-0.1459343716595568	-2.9294477628229956	-7.896379366655188	-0.3919958139433207	-2.614037357440777	-0.7198305948808865	-0.4273482208215501	-0.25849785005412085	-1.727039199390801
NA20901	-4.085314570606147	1.920500927568157	4.2793178251930994	-7.171295285943889	4.3817585144684745	-1.252880917003947	-5.2753712681880485	12.839830141367216	-3.366774295725608	7.078174977248898
NA20902	1.066190414260017	24.927407481890846	10.760096598169792	7.573854692939414	2.313375701224048	-7.9755745989636555	6.365908924960634	-1.4463728051515654	4.20123827689491	-5.104024097510051
NA20903	0.3705630423957419	1.268680497092595	-24.495067642742978	-10.967320128631387	0.5732282041379242	11.244129139342578	-5.294754305025139	2.3674757857826947	2.7363874021492394	0.11508519489236557
NA20904	1.2214080836172776	2.684524383425943	4.255868419101507	-4.698614727698937	-8.985673443474326	1.4557283478436385	-5.255314056867288	12.141255586202508	-7.574352809110257	15.140371578076373
NA20905	23.112776820189367	59.35808694962768	1.3587294980134905	20.965939013976904	-4.402347862795975	-5.575570009556305	3.332519052860482	0.1021986458578964	-2.456077260195161	5.367481549857353
NA20906	11.844625025990657	8.659049896870116	-3.53702031627534	-5.364284234449375	-6.260421060901752	5.138349060624231	-4.6959614147688065	1.043387021314432	-5.8551584125230285	1.2954262753976666
NA20908	1.6102505740354343	29.103089623895176	13.146412776030155	9.626025642034117	4.954504595383344	-3.172284761421751	0.9048052994377827	6.436551459965074	4.643638602063443	3.006511112950884
NA20910	-10.247715255612047	3.700537860204899	1.189556269227808	-4.860296497959059	4.904506691715516	-6.686854769462441	2.1360825871668707	5.195384216403386	-2.1562186552852416	5.468448215534374
NA20911	4.068519536388918	-3.5745340820294174	9.538979733790752	-3.844688867963408	-6.097066474107654	4.237036699868637	-4.236471170518448	3.4985735047926085	-5.938837303714349	13.568787086262635
NA21086	-16.530549130883195	28.383991534233395	3.436179340658832	15.872360520425264	-7.176736460200619	6.635341942855899	-1.4290458740714382	-1.899255973030606	1.9464496005749188	-2.933244491835662
NA21087	20.583659545975806	29.67049500862926	3.4855231469163646	4.923992141623534	-4.000865239406616	-1.7959973917740846	1.1595834530953602	3.5081104642017698	-0.44928498790111715	-2.782164684692698
NA21088	-15.436150703964794	6.113420895643216	-7.414871063598868	-5.356998566986579	-1.4924294775936295	-1.4194473318101006	-1.7792516637915234	2.733665639298448	-2.48264696476956	-5.748675402638213
NA21089	8.885489144198527	0.7404845461706696	-0.8774695542694583	-12.034102181757463	3.123024574940006	-3.7146747998135807	-3.480910857033887	11.911640163048574	2.6255042446821224	-1.3256380783826858
NA21090	23.612192246538783	33.08748498901159	6.979188195936231	3.976408978161142	-5.472521602278432	-2.62540585327371	-1.6733539469199803	7.9660989741101105	-5.7935131302716645	0.3640860797420922
NA21091	12.785438649071608	-2.901665669445583	-5.403007447418057	-11.353131422828582	-3.2568425219835557	3.223383599993459	-1.5751997602729992	-1.9799159452995536	2.227166522759589	0.5274093168637916
NA21092	2.0831413563126553	0.5501293501618596	-25.029461680636746	-10.337011290171015	-2.9729718737739037	-3.3727657489207568	7.125046158403221	-3.4416683898046867	-0.9615360643139225	9.075848264648332
NA21093	-19.072207314326103	4.507411213825642	-7.503715761491515	-8.602177898523086	4.353911921497063	-13.910240064778213	3.6881826655017758	7.704586671785869	-1.1094969937554024	-5.036443906098864
NA21094	-16.27274458331006	6.205353091814155	-9.191542741132025	-5.5281642084639895	-2.881480230294587	1.8508031181424234	-3.604632099857468	2.503723571911534	-2.0599016385027373	-9.43376733714227
NA21095	0.5174486089551157	35.13553928570529	6.743712745378812	10.845681546331422	11.941522757512361	-0.9837302218470729	-2.5581381600232835	4.053254499172138	-7.11065060701882	7.049033671664912
NA21097	13.274394263438383	6.519710430521039	-0.6818088635179046	-6.689291128121657	-1.1647846180886354	-2.5385886606136836	2.739746642058533	-3.3620281084439676	-6.564714653004904	-0.7982869610068822
NA21098	0.5141458811434831	18.559385548484304	12.397466296475901	5.181033868009448	7.351151181576832	1.2917792171170668	-2.4661657316675587	2.62050410159112	9.01359409599306	-2.6297866177923996
NA21099	-2.019148346935613	9.826832798713479	-14.958077360108627	-11.310475636703917	0.9198690912395339	-0.15561059649300724	-5.048584542223947	8.975572691279107	-2.8362677709575297	-8.965060864510244
NA21100	-1.6231350505827036	26.05247360957072	1.5350265730507184	10.221603259538973	8.48662638723876	-1.9657289119409596	5.132101106545463	-17.024860216492698	-0.5078855880387734	-2.7234863562265352
NA21101	-11.809738323305753	-2.569004746518934	5.944118454575998	-5.773041719139315	10.090723619750298	-6.424154676432647	3.8271958494440623	-5.0990911352442865	-0.1389054834311868	-1.9358459464543971
NA21102	-2.4994363355944587	19.976398528798544	9.205172553440395	6.3843502863855095	4.067734180112408	-6.077195115470559	4.834706698911706	0.8640048134513112	4.5932859885083195	-0.4186222965144215
NA21103	-0.8514941717010964	26.447618780513437	2.7939318469751346	10.951240902436732	14.393954887480001	1.6153497502624552	3.3225326332022918	-10.447716947860126	2.7727027541159575	-1.8304934092432272
NA21104	13.153727096259061	28.504567751223874	-13.458932655340213	3.9018693519767034	-6.390560128276883	0.18680228628670964	3.369444409607481	-3.4485559554924707	1.2613557885296114	7.614466091074543
NA21105	-1.8705434885365018	25.710166663950748	2.258333372696001	10.130785208769305	9.04138832949864	-3.81691944144067	6.308399067359085	-14.020180613825893	-0.4920121123289646	-3.082290358487389
NA21106	3.495795698394761	17.614154500747162	9.007165770265058	1.5912916853959946	-10.076191050112678	-5.844170311734184	3.2739630739693473	-3.325700860343587	-0.2030081613627659	-2.4049754523935922
NA21107	2.397312738230897	-8.315048257489039	8.086822335936423	-3.5318950089658223	-11.505608674775893	0.6234223218965934	0.6311571602432681	-7.021591062820002	-1.4293209113365988	3.0020942983507073
NA21108	15.125663872232183	-5.044584951971744	3.5823448260915227	-7.373648590334224	12.92303714863798	3.0964854261347194	1.481771780839448	0.5821361307299465	2.1530401943512185	-5.493574033760539
NA21109	-5.521794444131015	-7.089929263841366	0.6566225815460086	-1.9895148250097023	-3.9519250308756186	-3.964060114599352	5.515957236195611	-7.635687492563994	-5.652188336557347	-2.1069207071429554
NA21110	-6.998702833594816	4.395975446713106	-15.589300701928204	-16.5485343154631	5.975852185018717	-15.920519682674886	2.797941596289584	10.903409401396502	1.122779610141131	-9.895072546035788
NA21111	9.876706393236573	30.66314448227918	-11.508905050812926	5.017836701684273	-3.9458154036410718	2.9879783887879103	-1.5645146793380589	-1.6508554788258043	0.5604993034271181	-7.2795843305132495
NA21112	1.0462131036752556	30.460773578081774	13.503604081188504	7.263117464990445	4.197970202805394	-4.844194307553722	1.4707075340208746	5.260355024086461	1.8610496001066692	-1.3231958617625503
NA21113	13.263768284564163	26.39346824626097	-6.470434914854737	5.707652143634447	11.631932351300556	-3.600764945488383	8.629865192678086	-10.302829439945011	-0.886958779614372	-3.3411285740155345
NA21114	6.747189193284893	25.69116353453408	-5.745394608686174	0.94001560420059	3.942984668172955	-2.458622112817684	2.187480442084741	-4.307788021123888	8.730361005773288	-5.184111699543879
NA21115	20.893678131057722	-7.208472148793979	10.891036650730365	-11.775984238955802	-5.110701167403173	-1.1565322167354033	0.3078295717770278	-0.9303540145132991	-2.0904668624093956	-2.6374186488796045
NA21116	-2.7016255712986568	-4.140082931339815	11.983086061289388	-8.230661166206541	-1.951821291005393	-6.951254433562272	2.489094019735929	4.3241419122699005	0.0985873825109409	-2.03219859525307
NA21117	-2.4054554771711096	29.29107284098464	-4.579611625911639	11.328073294609418	-3.5782604967391394	9.986126571836717	-3.061193795663436	-0.5264999468568861	2.7125797693972125	-2.809600410906103
NA21118	-7.22368435919205	20.90003923572371	25.019775712305915	13.750965552825178	-2.311192611293392	0.3688031651826684	2.665533312667345	-4.595129741217053	10.29691503033021	-2.169296388622414
NA21119	15.717402803761294	-3.092585373700199	9.575952182509255	-9.579430816692362	3.191530927912253	-2.6002130106920673	0.1592637706926387	8.165143858738297	3.883526332044664	-7.105507508008015
NA21120	1.1225178652887229	-6.617006412997806	17.64626003890344	-6.288206618057855	3.2264122114968274	-1.8803723966626857	1.470253987171732	1.126099906120355	6.03643901972302	-2.8110259068165564
NA21122	3.713959276786743	8.290634971444042	-13.408624592528898	-9.347212396721735	-6.99397720660301	2.5698369190727197	-5.072374475625657	5.278333236752559	-7.513264376774915	-1.5156283402032167
NA21123	12.005206654149903	24.979603448919296	-14.864215615119583	3.7429836339084313	-5.8161077309060625	2.759028221871389	3.9869350062825046	-12.195437865232446	3.334648814257866	7.35499887931531
NA21124	2.739052496512419	-1.824440974257807	-23.672917547795734	-12.40965006938001	-4.774750723029916	-3.5937755673191067	5.064439157080843	-0.7956416884625036	-0.442458119650075	8.550907201782904
NA21125	-10.945885099449411	30.85957347003276	11.377842250522539	16.76220870968699	10.959298582838992	5.433118774463705	-0.5460813270271015	3.0460823869276106	-9.241917240163954	-2.78987865970932
NA21126	-0.6191402048813227	-0.9905267692530679	9.715887672191043	0.0615801419455419	18.072118797164325	6.3273982739558585	-4.030450992828163	1.7358099522617494	-10.688491800459394	8.650628116919727
NA21127	-5.806910561382619	19.216671660497568	4.416608679063965	1.799086541095315	-1.6341044531724314	-0.20104919068160965	-2.8122275080812926	2.3105604446437003	4.471893040968725	-10.006382439261248
NA21128	3.2703381255110027	-4.88191064521894	19.83621274226505	-5.821152265056806	5.528421328984827	3.22554276985421	-2.67399630610043	5.923876850581248	6.103877135095466	1.6568227145481926
NA21129	18.77386838325362	28.433001445055368	-2.4308994092921643	4.03158096461928	-7.4647034769769665	-0.45466031738074436	3.132639725971749	-4.04303725293141	1.406333603187188	6.232003194906013
NA21130	16.111464389622387	32.499673333427566	-5.257050108244496	10.175889685804528	19.751943023963335	7.434795948557667	0.17148204179868332	0.13429813587239647	-0.7971081137788474	9.149458606574727
NA21133	-33.04342428137687	1.7813125068223867	-1.2858859127154798	-3.4475961031228235	1.4815464210044755	-12.199362838307419	3.086479516131676	4.342489799270566	0.14136725273122863	-1.521734972393237
NA21135	-10.516564760289137	-3.0713599134228673	-1.0939726041535984	-8.966894632004218	-4.131631436856628	-12.65044930323407	7.856437613697045	3.313292418131189	-1.0051156749515098	-1.8543614023390398
NA21137	7.719696108539177	25.127235611876667	8.15146663422885	10.105254578519826	-4.629699087545467	1.2190736272684652	0.653438207771288	-10.612398098921215	-2.01602535106088	4.733041262157867
NA21141	7.140728096946611	2.141799942534405	-6.677058285111599	-9.631391083345429	-9.175088777041951	5.609290464452531	-3.890938060436261	1.506601392623455	-4.182504773651013	-8.111186251882064
NA21142	-2.7671623871045012	-3.070314543345384	9.683354210947144	-7.995155845100984	0.5205072071058972	-2.4168686609604024	-1.8954653684938991	3.228205590189335	0.2518375181940604	1.3025408046893348
NA21143	18.476634722561425	24.470937623567266	-1.209533110057806	2.4923785699185483	-5.010927661613188	-1.3400978142793902	0.8783431599129667	-2.7651134623461733	-2.762911808921938	6.005217089943178
NA21144	7.81321007044011	24.315801001784607	7.851445361349006	9.897988049694787	-4.534609958893584	1.4030536214840417	0.7656206845961632	-10.482308319850556	-2.142788189014674	4.625923684095545
