vid	chrom	pos	a1	a2	a1_freq	n_called	beta	se	chi2	p
rs100000	synthetic	1	A	G	0.05334190231362468	778	-0.06866058833757653	0.12246326388600627	0.31434270122937363	0.5751858448233121
rs100001	synthetic	2	A	G	0.4891025641025641	780	0.012372407996186954	0.0565065738538054	0.047941378186610165	0.8267412888238657
rs100002	synthetic	3	A	G	0.10546378653113088	787	-0.03198042554467082	0.09242905942316397	0.11971578276436216	0.7294347245317426
rs100003	synthetic	4	A	G	0.18789808917197454	785	-0.006587505550057915	0.07462927213364853	0.007791544876422142	0.929684584409834
rs100004	synthetic	5	A	G	0.13029525032092426	779	0.00025569701542984614	0.08236871652150078	9.63666407305663e-06	0.9975239135239927
rs100005	synthetic	6	A	G	0.3190537084398977	782	-0.16441653621143423	0.057622807726874274	8.14145745055595	0.004439127707786104
rs100006	synthetic	7	A	G	0.11753494282083862	787	-0.07824247468595735	0.0832691321125537	0.8829113092489007	0.3476916495362786
rs100007	synthetic	8	A	G	0.1503225806451613	775	0.10743730973083548	0.08386459935575792	1.6411674569347934	0.20053986990716513
rs100008	synthetic	9	A	G	0.16476552598225602	789	-0.07161584657120768	0.07188917396838652	0.9924103233437587	0.31945785851502007
rs100009	synthetic	10	A	G	0.33483290488431877	778	-0.08142635751351632	0.05806313679784146	1.9666588310209794	0.16119429407342897
rs100010	synthetic	11	A	G	0.48788265306122447	784	-0.06044448266051242	0.05482557569657928	1.2154775122746262	0.2705844979323588
rs100011	synthetic	12	A	G	0.5929032258064516	775	0.013066767674759212	0.05485716936651391	0.05673741570326725	0.8117904812977769
rs100012	synthetic	13	A	G	0.1473951715374841	787	0.04219277050335312	0.07666776842508574	0.3028659443475481	0.5822462648239699
rs100013	synthetic	14	A	G	0.06841432225063938	782	-0.0535173044429334	0.10284793084393752	0.2707680043806525	0.6029622941043776
rs100014	synthetic	15	A	G	0.18718274111675126	788	0.019295980525640792	0.06980099587407967	0.07642060411458163	0.7822800439453103
rs100015	synthetic	16	A	G	0.12291933418693982	781	0.07821544564859838	0.08210131821014256	0.9075797304175042	0.34104768672288877
rs100016	synthetic	17	A	G	0.19029374201787994	783	0.06097462532354385	0.07313539228005718	0.6950932807244099	0.40468840407732803
rs100017	synthetic	18	A	G	0.19157088122605365	783	0.056822470069007806	0.06984437824213531	0.6618770246054623	0.41614226813138744
rs100018	synthetic	19	A	G	0.15281329923273657	782	-0.0630205670574449	0.07520508872501648	0.7022150891563093	0.40229288663204693
rs100019	synthetic	20	A	G	0.15114795918367346	784	-0.10039005710427469	0.08109337002126032	1.5325360693338137	0.21609860733425765
rs100020	synthetic	21	A	G	0.1921119592875318	786	-0.010302838387919757	0.0741876094845879	0.019286393369422665	0.8895838222674565
rs100021	synthetic	22	A	G	0.16581956797966962	787	-0.10565031132508655	0.07265855972648383	2.114306732331182	0.14632377699416196
rs100022	synthetic	23	A	G	0.25605095541401274	785	0.062338231285048465	0.06117738103764394	1.0383103651654997	0.30852552982435855
rs100023	synthetic	24	A	G	0.3427835051546392	776	0.04351045627393218	0.05486198890084572	0.6289906348819059	0.42796301651003077
rs100024	synthetic	25	A	G	0.29294871794871796	780	-0.12171676618230691	0.05978198655891823	4.145339698644254	0.042081141209575276
rs100025	synthetic	26	A	G	0.09821428571428571	784	-0.006483284706889262	0.09101826448251647	0.00507379699404521	0.9432321954789228
rs100026	synthetic	27	A	G	0.13653846153846153	780	-0.005104155574144361	0.07800766227032849	0.004281276529126772	0.9478469639380798
rs100027	synthetic	28	A	G	0.3703465982028241	779	-0.03027183883339752	0.05633624267455574	0.2887366066112131	0.5911820246968784
rs100028	synthetic	29	A	G	0.22895408163265307	784	-0.042483310572498476	0.06883588117927698	0.38089647393703857	0.5373010087956598
rs100029	synthetic	30	A	G	0.3354591836734694	784	0.12784404346776027	0.054631607768613075	5.476120964174047	0.01952511960831499
rs100030	synthetic	31	A	G	0.3280456852791878	788	0.051548316458410084	0.05789984793681212	0.7926366068441537	0.373574079729711
rs100032	synthetic	33	A	G	0.1737179487179487	780	0.055817461647261896	0.07262742165665788	0.5906618375577285	0.4423921179783415
rs100033	synthetic	34	A	G	0.06997455470737914	786	-0.26672133284793753	0.10902111648637625	5.985414822353967	0.014640821886758618
rs100034	synthetic	35	A	G	0.3504492939666239	779	0.05968364064224433	0.056626913707125394	1.1108740687111966	0.29221304789784414
rs100035	synthetic	36	A	G	0.026048284625158832	787	0.25449280144907505	0.17100790525427498	2.214718995364254	0.13709748670090077
rs100036	synthetic	37	A	G	0.3105196451204056	789	-0.06672592237831315	0.06026816744230737	1.2257818865087458	0.268564650954289
rs100037	synthetic	38	A	G	0.24203821656050956	785	0.01754389661106696	0.06536463570068457	0.07203879314180665	0.7884609100211156
rs100038	synthetic	39	A	G	0.1323529411764706	782	-0.032887219110162506	0.07912334640132845	0.1727607218481191	0.6777822780744829
rs100039	synthetic	40	A	G	0.17838874680306904	782	-0.027241671188360718	0.07335031127297209	0.1379315354803512	0.7104452701385133
rs100040	synthetic	41	A	G	0.2037037037037037	783	0.09987039606467787	0.0652610319460854	2.3418855707051742	0.1263358265641932
rs100041	synthetic	42	A	G	0.39858793324775355	779	0.014234111566321657	0.056274012580161244	0.0639801073311618	0.8003778965945766
rs100042	synthetic	43	A	G	0.06472081218274112	788	-0.03838900349394121	0.11130506517663522	0.11895530668817443	0.7302617717111015
rs100043	synthetic	44	A	G	0.1394904458598726	785	-0.15247295557056526	0.07627511689709693	3.9959484218108905	0.04595064239312854
rs100044	synthetic	45	A	G	0.25190839694656486	786	-0.06057786750268087	0.06286269157808806	0.9286285200996369	0.335513317843496
rs100045	synthetic	46	A	G	0.43439490445859874	785	-0.05392124959385866	0.055301341878829235	0.9507110841438451	0.3298356974395039
rs100046	synthetic	47	A	G	0.2661082474226804	776	0.024431542024212057	0.060272552225384815	0.16430946961312298	0.6853288227835757
rs100047	synthetic	48	A	G	0.2554557124518614	779	-0.03721853983682754	0.06239724834221095	0.35578512387904904	0.5510266713802721
rs100048	synthetic	49	A	G	0.04230769230769231	780	0.1268539651102842	0.13645867169737638	0.864183190136132	0.35285358452471244
rs100049	synthetic	50	A	G	0.22030651340996169	783	-0.0796051579617876	0.06509494061110253	1.4955052663077466	0.2217275489619582
rs100050	synthetic	51	A	G	0.21946564885496184	786	-0.009052354392224815	0.06344838151656626	0.020355510526345304	0.8865848891470469
rs100051	synthetic	52	A	G	0.14487179487179488	780	0.010183913844607671	0.07680375739822774	0.01758184709723544	0.8945460922966019
rs100052	synthetic	53	A	G	0.28717948717948716	780	0.030134320024805393	0.06153803469461968	0.23979247356559508	0.6244914728597096
rs100053	synthetic	54	A	G	0.3517811704834606	786	-0.07496787531967229	0.05709778726079046	1.7238991236930918	0.18957172886743498
rs100054	synthetic	55	A	G	0.08151476251604621	779	-0.049060182320926696	0.1013791937482647	0.23418584948922344	0.6285709128343895
rs100055	synthetic	56	A	G	0.33840304182509506	789	-0.013112839373474305	0.05510832516898037	0.056618591082151705	0.8119839674231024
rs100056	synthetic	57	A	G	0.13532401524777637	787	-0.02049851103396476	0.08204022764908349	0.06242965262997517	0.8027608959516455
rs100057	synthetic	58	A	G	0.20865139949109415	786	0.05382899060481824	0.06759702466442138	0.6341285563964895	0.4260832879882271
rs100058	synthetic	59	A	G	0.24430379746835443	790	0.042335184343691726	0.06512213450517548	0.422615728791781	0.5158230015575134
rs100059	synthetic	60	A	G	0.38676844783715014	786	-0.03509209915812012	0.0575156200081459	0.3722606095775423	0.5419494117962744
rs100060	synthetic	61	A	G	0.17413572343149808	781	-0.03391685458140378	0.07459776462251091	0.2067185791777163	0.6494760283210292
rs100061	synthetic	62	A	G	0.13530927835051546	776	0.012924188563370171	0.07917506225844591	0.02664586016134844	0.8703745294069988
rs100062	synthetic	63	A	G	0.2512755102040816	784	0.16750403889195703	0.06314041927281268	7.037779303563124	0.008140415215729562
rs100065	synthetic	66	A	G	0.44272844272844275	777	0.05180282180223803	0.05675321313272575	0.8331552311812855	0.3616391558865777
rs100066	synthetic	67	A	G	0.5885750962772786	779	0.007692588668800183	0.05470797535712151	0.019771687446567012	0.888212308382481
rs100067	synthetic	68	A	G	0.35841836734693877	784	-0.016318077388881674	0.05658845005229387	0.08315385334488853	0.7731434006086616
rs100068	synthetic	69	A	G	0.3111395646606914	781	-0.014438329325292664	0.05734554500206483	0.06339200933414489	0.8012781312737558
rs100069	synthetic	70	A	G	0.088348271446863	781	-0.0524169332954732	0.09811981116044623	0.28538412408277974	0.5933435167135092
rs100070	synthetic	71	A	G	0.22101910828025478	785	0.05200455845403128	0.06701020925358582	0.6022833792561892	0.43793953016022646
rs100071	synthetic	72	A	G	0.4194373401534527	782	0.014527082878155984	0.05326440930845008	0.07438452569985035	0.7851277271732557
rs100072	synthetic	73	A	G	0.3796178343949045	785	0.03152946467986186	0.05629764399201688	0.3136553889489577	0.5756038740777746
rs100075	synthetic	76	A	G	0.2886334610472541	783	-0.005988768593146754	0.059282165847389004	0.01020532736209908	0.9195589917402895
rs100076	synthetic	77	A	G	0.1600765306122449	784	-0.05206125287755882	0.07260150413209131	0.5142070113640074	0.4735344750920161
rs100077	synthetic	78	A	G	0.4300254452926209	786	0.025785752830085912	0.05698455442507301	0.20476009258962033	0.6510295246699832
rs100078	synthetic	79	A	G	0.3730964467005076	788	0.017343020340537436	0.056218708995937214	0.09516729611994226	0.7577890287946036
rs100079	synthetic	80	A	G	0.0970625798212005	783	-0.058369472404419455	0.09371337031536878	0.38794344782578494	0.5335614698839025
rs100080	synthetic	81	A	G	0.2606177606177606	777	0.03930790894860364	0.06349094615627651	0.3832977630067126	0.5360214051880255
rs100081	synthetic	82	A	G	0.49743589743589745	780	-0.034465805004537595	0.053060344629970016	0.4219264196680691	0.5161654580200709
rs100082	synthetic	83	A	G	0.20648030495552733	787	-0.015361774417920136	0.0677124343387516	0.051469021505825364	0.8205849714056324
rs100083	synthetic	84	A	G	0.37084398976982097	782	0.00653880822089399	0.05643429445924451	0.01342489817004392	0.9077881848276272
rs100084	synthetic	85	A	G	0.09514687100893997	783	0.15001612954712215	0.0923719289893412	2.6375207601267587	0.10476368792035456
rs100085	synthetic	86	A	G	0.031091370558375634	788	-0.11500180183741109	0.16608685366102324	0.4794449780083834	0.48887653017259863
rs100086	synthetic	87	A	G	0.0673076923076923	780	-0.00048023424031085207	0.11382094571042543	1.7801715821196247e-05	0.9966346302378926
rs100088	synthetic	89	A	G	0.600126742712294	789	-0.002849743698824381	0.05416176456588082	0.0027683818549345553	0.9580515859592418
rs100089	synthetic	90	A	G	0.20535714285714285	784	0.07170878728455898	0.06647967036394344	1.1635017507793404	0.28106847472687774
rs100090	synthetic	91	A	G	0.1997439180537772	781	0.004199197608779159	0.07025734138753433	0.0035723105131827	0.9523548267062081
rs100091	synthetic	92	A	G	0.5196950444726811	787	0.011643368100169058	0.05368918020549126	0.04703094553473911	0.8283684044253445
rs100092	synthetic	93	A	G	0.14276649746192893	788	0.1030691710112505	0.07714164246403811	1.7851709179685795	0.18189892452873577
rs100093	synthetic	94	A	G	0.4593908629441624	788	0.020444627625761606	0.053125926561031406	0.148096697644145	0.7004640842639012
rs100094	synthetic	95	A	G	0.09526854219948849	782	0.03694354745108328	0.09264119160396461	0.15902628959460127	0.6901619302671604
rs100095	synthetic	96	A	G	0.21758664955070603	779	-0.04881035422060172	0.06974785160462489	0.48973624725253717	0.48425021578130273
rs100096	synthetic	97	A	G	0.016560509554140127	785	-0.03711750373923258	0.21307696236588694	0.030344817383800543	0.8617546013878634
rs100097	synthetic	98	A	G	0.0899234693877551	784	-0.0749315859248402	0.096752066011761	0.5998039947966475	0.43888366558555536
rs100098	synthetic	99	A	G	0.1829113924050633	790	-0.05651076866218671	0.07314636592642099	0.5968661104151943	0.44000644523032023
rs100100	synthetic	101	A	G	0.21830985915492956	781	-0.028528447170755294	0.06819232807382734	0.17501901352062707	0.675802504848895
rs100101	synthetic	102	A	G	0.06679389312977099	786	-0.030696398609334197	0.1086257725608941	0.0798562836416242	0.7775660070585113
rs100102	synthetic	103	A	G	0.34210526315789475	779	0.036428394375875334	0.05876077387716078	0.38433067233951507	0.5354726914400804
rs100103	synthetic	104	A	G	0.17137355584082156	779	0.04073742324581732	0.07501756620934581	0.29489076351662186	0.5872559234155067
rs100104	synthetic	105	A	G	0.2294344473007712	778	0.02867751022993884	0.06554436635458212	0.19143094713854528	0.6618474448797248
rs100105	synthetic	106	A	G	0.07538659793814433	776	-0.047769934903636145	0.10829346758081486	0.19458294792493255	0.6592495686476048
rs100106	synthetic	107	A	G	0.36909323116219667	783	-0.021098634672266442	0.05638185993798585	0.14003284354976586	0.7083483991743251
rs100107	synthetic	108	A	G	0.2493573264781491	778	-0.13349657606912316	0.06380554221764441	4.377472704684366	0.036734374427329596
rs100108	synthetic	109	A	G	0.3050955414012739	785	-0.08681894679987515	0.058110820065940254	2.232107042147902	0.13556718555940106
rs100109	synthetic	110	A	G	0.4026888604353393	781	-0.00017492418012959808	0.05553521542205143	9.921167282584556e-06	0.9974876287574903
rs100110	synthetic	111	A	G	0.2637997432605905	779	-0.01926477059465329	0.06139889797849394	0.09844791688200248	0.7537827206200503
rs100111	synthetic	112	A	G	0.32645161290322583	775	0.09254385264953069	0.0573055276338019	2.607967167940705	0.1067257614339215
rs100112	synthetic	113	A	G	0.10723350253807107	788	-0.16052612496146784	0.08712036542078498	3.395096066924146	0.06576367685110966
rs100113	synthetic	114	A	G	0.09335038363171355	782	-0.13102926926068456	0.09267791119082144	1.9988682243043083	0.1578091534778655
rs100114	synthetic	115	A	G	0.583969465648855	786	0.011841152391317465	0.05336729106518834	0.049230882824649075	0.8244641659994334
rs100115	synthetic	116	A	G	0.2761290322580645	775	-0.030611284638042545	0.06478831750570226	0.22323881452239197	0.6367131086687904
rs100116	synthetic	117	A	G	0.33204633204633205	777	-0.09149280831749729	0.05799926978300258	2.488449689968393	0.11508344966515648
rs100117	synthetic	118	A	G	0.10217113665389528	783	-0.016954740432331392	0.0931576313462499	0.03312420133584864	0.8556288042617605
rs100118	synthetic	119	A	G	0.19038461538461537	780	0.2507431274681121	0.06866290396368185	13.335636301931654	0.000277506738461562
rs100119	synthetic	120	A	G	0.028662420382165606	785	0.16929565626380502	0.16595735905675976	1.0406354114504102	0.30798484647468166
rs100120	synthetic	121	A	G	0.09339263024142312	787	-0.16863248238793446	0.0906715544637878	3.458918616287944	0.06328154212356837
rs100121	synthetic	122	A	G	0.2717948717948718	780	0.051735833297461245	0.06269589056057989	0.6809335705818498	0.4095135960067424
rs100122	synthetic	123	A	G	0.1747448979591837	784	0.06859456106140943	0.07041938589613683	0.948844175332344	0.33031071239708565
rs100123	synthetic	124	A	G	0.26568501920614596	781	0.08996719515915544	0.06208511322674449	2.0998748256021953	0.1477065132459407
rs100124	synthetic	125	A	G	0.15736040609137056	788	0.018582741045109572	0.07296076110964957	0.06486954298511619	0.799024712086119
rs100125	synthetic	126	A	G	0.17157490396927016	781	-0.028889340935307175	0.07201433197530804	0.1609301424146083	0.6884096679780647
rs100127	synthetic	128	A	G	0.23081841432225064	782	-0.08961516039764841	0.07079657358028256	1.6022803054472397	0.20595210949766432
rs100128	synthetic	129	A	G	0.09948979591836735	784	0.02946893496050577	0.08955483443350393	0.10828063896690636	0.7421970439749938
rs100129	synthetic	130	A	G	0.3532051282051282	780	-0.08041279851883013	0.05646718981514729	2.0279535511038356	0.15482178917660813
rs100130	synthetic	131	A	G	0.3949742268041237	776	0.04302952494205255	0.05730961864808365	0.5637389803386266	0.45298039503168247
rs100131	synthetic	132	A	G	0.36050955414012736	785	-0.01967750587834001	0.05933520284039869	0.10998038582065875	0.740254091379966
rs100132	synthetic	133	A	G	0.012258064516129033	775	-0.16395515710598432	0.2472085639344558	0.43986878117314476	0.5073785373677515
rs100133	synthetic	134	A	G	0.17173637515842838	789	-0.022343037031049697	0.07154794035967951	0.09751920182741505	0.7549093419235499
rs100134	synthetic	135	A	G	0.141497461928934	788	0.010255635568650098	0.07657973357012231	0.01793483798060848	0.8934990123128347
rs100135	synthetic	136	A	G	0.3126598465473146	782	-0.03544764204207823	0.058822303509154746	0.3631538456578974	0.5469321505819047
rs100136	synthetic	137	A	G	0.02929936305732484	785	-0.08985942072120302	0.1592292336720038	0.3184796000924093	0.5726823636965278
rs100137	synthetic	138	A	G	0.27162849872773537	786	0.02941577813551303	0.06290041647563083	0.218702446127297	0.6401588594873344
rs100138	synthetic	139	A	G	0.2093469910371319	781	-0.02638879620578031	0.06668535909251724	0.15659510058764436	0.6924173079996898
rs100139	synthetic	140	A	G	0.4373401534526854	782	-0.03177439406131399	0.05333249456032077	0.3549529248188354	0.5514927007372723
rs100140	synthetic	141	A	G	0.05172413793103448	783	-0.017213765790722084	0.12311108067046513	0.019550483045672515	0.8888353115149448
rs100141	synthetic	142	A	G	0.0891025641025641	780	-0.07074878480797289	0.09746108495477332	0.526957373827491	0.46810304326895613
rs100142	synthetic	143	A	G	0.222007722007722	777	0.03639722803664167	0.06508793189676788	0.31270561117823	0.5761825286014457
rs100143	synthetic	144	A	G	0.2893725992317542	781	0.0482757400217593	0.063203748183916	0.583407773466456	0.44520686402957205
rs100144	synthetic	145	A	G	0.14040660736975857	787	-0.016565314159309227	0.07946568195252132	0.043455036976369765	0.834924342646187
rs100145	synthetic	146	A	G	0.14652956298200515	778	-0.0884762085102835	0.0822709050815769	1.1565394642906088	0.28251146912244235
rs100146	synthetic	147	A	G	0.256687898089172	785	0.026100331328882745	0.06380891834523852	0.1673128416976292	0.6826215417949171
rs100147	synthetic	148	A	G	0.4523809523809524	777	0.017591370986989353	0.054039008149019754	0.10597041539778063	0.7448651168578089
rs100148	synthetic	149	A	G	0.23499361430395913	783	0.10426067269497055	0.0613217180516221	2.89076253422172	0.08948085887361464
rs100149	synthetic	150	A	G	0.10140306122448979	784	-0.11945881587024494	0.09095715883271342	1.7248949025870872	0.1894440543420741
rs100150	synthetic	151	A	G	0.39987244897959184	784	0.02027544998829205	0.0544040041556368	0.13889265284396654	0.7094839408065042
rs100151	synthetic	152	A	G	0.39276649746192893	788	-0.021234314509393993	0.06033916142029848	0.12384484981486588	0.7249947762343943
rs100152	synthetic	153	A	G	0.4725063938618926	782	-0.0479677381646734	0.05481600371938862	0.7657442415882355	0.38180178941211435
rs100153	synthetic	154	A	G	0.17752234993614305	783	0.05689516715419136	0.07253511608867258	0.6152535588153744	0.4330508212764286
rs100154	synthetic	155	A	G	0.2752880921895006	781	-0.012594277109821094	0.0609689079279624	0.04267068920340858	0.8363996159487377
rs100155	synthetic	156	A	G	0.16198979591836735	784	-0.053516146023641825	0.07549691816326558	0.5024712440921834	0.47862461774695564
rs100156	synthetic	157	A	G	0.23734177215189872	790	-0.0011043176355259826	0.06433428211473884	0.0002946477283319594	0.9863090576645227
rs100157	synthetic	158	A	G	0.45454545454545453	781	-0.028605151323162558	0.055463900344906794	0.265991455161599	0.6061772586553459
rs100158	synthetic	159	A	G	0.649167733674776	781	-0.05679586228055736	0.055706729309120434	1.039484633512083	0.3082523026983199
rs100159	synthetic	160	A	G	0.26918158567774936	782	0.0672435803054668	0.06017585688518599	1.2486970662067403	0.26413990738120735
rs100160	synthetic	161	A	G	0.28388746803069054	782	-0.05069086345424983	0.060557529179569504	0.700685424758424	0.4028056633772618
rs100161	synthetic	162	A	G	0.20202020202020202	792	-0.011313824971421893	0.06735938127646265	0.028211276200236522	0.8666558995096838
rs100162	synthetic	163	A	G	0.20166453265044815	781	0.005602680203124465	0.07013127356354511	0.006382167773315579	0.9363461152174949
rs100163	synthetic	164	A	G	0.11745827984595636	779	0.05088013618561001	0.08489666395991201	0.3591825922409709	0.5491317337726971
rs100164	synthetic	165	A	G	0.1643312101910828	785	0.014280897533705846	0.07064311912882242	0.04086686028620849	0.8398469827254343
rs100165	synthetic	166	A	G	0.5038314176245211	783	-0.028821974417425563	0.05416443801542181	0.28315156984264384	0.5947920136253035
rs100166	synthetic	167	A	G	0.16794380587484037	783	-0.0471551293790816	0.07292990848443062	0.4180676318220504	0.5180899249379041
rs100167	synthetic	168	A	G	0.0929936305732484	785	0.12575815301986915	0.09352058498491139	1.8082474913196693	0.17910308437416242
rs100168	synthetic	169	A	G	0.1367137355584082	779	0.09713746482471412	0.0806132793805322	1.4519790556071712	0.2285701320322066
rs100169	synthetic	170	A	G	0.27452229299363057	785	-0.05463846244122403	0.06103700267174924	0.8013284125541575	0.3709681193612543
rs100170	synthetic	171	A	G	0.38446726572528883	779	0.028320054238820176	0.05896607406867543	0.2306660795363104	0.6311628344471898
rs100171	synthetic	172	A	G	0.04954954954954955	777	-0.011385558141041557	0.13254667114704236	0.007378549592724265	0.931568799198108
rs100172	synthetic	173	A	G	0.20524296675191817	782	0.004704939654964262	0.06693926740769265	0.0049402190386483155	0.9439831953559376
rs100173	synthetic	174	A	G	0.14131812420785805	789	0.020064219865002026	0.07814039787898407	0.06593155517722944	0.7974218475312077
rs100174	synthetic	175	A	G	0.09566326530612244	784	0.04934237636514772	0.09431218284719395	0.27371873854224893	0.6009942029266074
rs100175	synthetic	176	A	G	0.03388746803069054	782	0.07559935981160694	0.15137993658701032	0.24940180812450763	0.6176351194813294
rs100176	synthetic	177	A	G	0.07133757961783439	785	0.12153363372080801	0.10669558552145235	1.2974781828423725	0.25501834497601183
rs100177	synthetic	178	A	G	0.310126582278481	790	0.06652751192358149	0.05790678884317986	1.3199078092990677	0.25095500517423314
rs100178	synthetic	179	A	G	0.15120711562897077	787	-0.11458710119851746	0.07798245124880361	2.159124577054387	0.1421220091417659
rs100179	synthetic	180	A	G	0.14657360406091371	788	0.03108509132164359	0.0767089490898616	0.16421477485719121	0.6854146490107781
rs100180	synthetic	181	A	G	0.4743260590500642	779	0.020947857231971255	0.05392555329751862	0.15090026103334983	0.6977807833888277
rs100181	synthetic	182	A	G	0.3523447401774398	789	0.0316720303753263	0.05937927114272982	0.28449987867073095	0.5939163478583017
rs100182	synthetic	183	A	G	0.41412213740458015	786	-0.011433338102593386	0.055920346293869896	0.04180289782639665	0.8380484083635407
rs100183	synthetic	184	A	G	0.2098844672657253	779	-0.0015542088510809484	0.06723285541894385	0.0005343867028180574	0.9815629157426327
rs100184	synthetic	185	A	G	0.2506393861892583	782	0.038963515361417525	0.06382027702289499	0.37273390191382805	0.5416927440034717
rs100185	synthetic	186	A	G	0.18286445012787725	782	0.06706031432835713	0.06931278332542959	0.9360617345957897	0.3335876973060407
rs100186	synthetic	187	A	G	0.5178117048346056	786	-0.039816139042404615	0.05581030166537124	0.5089669108668208	0.4757963112700825
rs100187	synthetic	188	A	G	0.6067344345616265	787	0.07397153415625898	0.05495818031283843	1.8116093885287483	0.1786999416286142
rs100188	synthetic	189	A	G	0.2391025641025641	780	0.002895677617757286	0.06309441061046077	0.002106292313579465	0.9634060037914173
rs100190	synthetic	191	A	G	0.37292464878671777	783	-0.03690362353192141	0.055116760676715275	0.44830197469317307	0.5033373205235674
rs100191	synthetic	192	A	G	0.16751592356687897	785	0.037220541690460435	0.07276449210369716	0.26165339495666023	0.609128918167551
rs100192	synthetic	193	A	G	0.4046094750320102	781	-0.14181607967873444	0.05675603490965752	6.243481900652564	0.012666415850045054
rs100193	synthetic	194	A	G	0.6466836734693877	784	-0.02248530839517072	0.058576235132593406	0.1473515766853089	0.7011821417796441
rs100194	synthetic	195	A	G	0.04749679075738126	779	0.2047088741817022	0.1346945724818157	2.3097934599779983	0.12895972133542005
rs100195	synthetic	196	A	G	0.05205655526992288	778	-0.15999195492160817	0.12338538400842634	1.6813915322552981	0.19511683247379608
rs100196	synthetic	197	A	G	0.45153061224489793	784	0.03151612424305055	0.05346692852320023	0.34745225557600423	0.5557267925187402
rs100197	synthetic	198	A	G	0.41410256410256413	780	-0.12780450673140908	0.055641771736484345	5.275825667266594	0.021883292121383766
rs100198	synthetic	199	A	G	0.5927109974424553	782	-0.029758688684097846	0.05498241768646115	0.292940834768449	0.5884941197405515
rs100199	synthetic	200	A	G	0.19270166453265045	781	0.01192557869144558	0.07027354139655248	0.0287988565576651	0.8652875791813214
rs100200	synthetic	201	A	G	0.47831632653061223	784	-0.035071270079255694	0.054855431020399394	0.4087556078768029	0.5227864224734649
rs100201	synthetic	202	A	G	0.031450577663671375	779	0.022388738652576037	0.15768671269399398	0.0201590032354711	0.8871299669513413
rs100202	synthetic	203	A	G	0.05938697318007663	783	0.1795403799547375	0.11395780406125437	2.482196369414145	0.11554019722168006
rs100203	synthetic	204	A	G	0.22664141414141414	792	0.023718147071142632	0.06323829595548708	0.14066990621556238	0.7077162280841223
rs100204	synthetic	205	A	G	0.16751592356687897	785	-0.019834457696105395	0.07390885896187246	0.07201909611866177	0.7884891432352638
rs100205	synthetic	206	A	G	0.541025641025641	780	-0.08168382578686816	0.055462286087244954	2.1690851815652454	0.14120675920200962
rs100206	synthetic	207	A	G	0.13804071246819338	786	-0.04634356390165736	0.07778031988630797	0.3550090363202944	0.5514612551707548
rs100207	synthetic	208	A	G	0.0850383631713555	782	-0.16055098076493934	0.09925826716160972	2.616330160369287	0.10616647563757127
rs100208	synthetic	209	A	G	0.5405576679340938	789	-0.029981482460840436	0.05462877539668193	0.30120576229194995	0.5832819879319079
rs100209	synthetic	210	A	G	0.1040868454661558	783	-0.011448523147605121	0.08755611023336456	0.01709724024926875	0.8960011648543024
rs100210	synthetic	211	A	G	0.20410783055198972	779	-0.01833985229003828	0.06675983246322004	0.07546771327977915	0.7836076226955758
rs100211	synthetic	212	A	G	0.4446564885496183	786	-0.2011450527886916	0.053068271083375654	14.366429071744822	0.0001618668516312813
rs100212	synthetic	213	A	G	0.6089171974522293	785	-0.01500338998417947	0.055253653747744214	0.07373213209770825	0.7860490162202771
rs100213	synthetic	214	A	G	0.07423857868020305	788	-0.14777183359266383	0.10260587169767825	2.074143958168965	0.1502086413317421
rs100214	synthetic	215	A	G	0.2893725992317542	781	0.1581871579749994	0.059269947435871925	7.123170878761088	0.007764933939422358
rs100215	synthetic	216	A	G	0.19870967741935483	775	-0.002382046117234898	0.06939019511898513	0.001178430876954741	0.9726240118227168
rs100216	synthetic	217	A	G	0.21618204804045513	791	-0.003788361084482876	0.06596327199487577	0.0032983622672764093	0.9542160422942929
rs100217	synthetic	218	A	G	0.21392081736909324	783	0.002076847834473319	0.06540007551081695	0.0010084464848898666	0.9746745894839257
rs100218	synthetic	219	A	G	0.13073979591836735	784	0.11385767918770616	0.08174333766327635	1.940081263492868	0.16405006593096094
rs100219	synthetic	220	A	G	0.2072704081632653	784	-0.04755327615101289	0.06829495953640541	0.4848234094572704	0.4864496244478626
rs100220	synthetic	221	A	G	0.3175416133162612	781	0.11515288320092855	0.06322991419559372	3.3166866881585264	0.06895658858869705
rs100221	synthetic	222	A	G	0.18205128205128204	780	-0.0070853072628258495	0.0712933649850249	0.009876865741484825	0.9208597563135013
rs100222	synthetic	223	A	G	0.3826530612244898	784	0.02595617100507469	0.05461967139902651	0.2258307554852632	0.6347635026047236
rs100223	synthetic	224	A	G	0.34227330779054915	783	-0.17134757196117925	0.05781170024969754	8.784649234042428	0.0031287113023135116
rs100224	synthetic	225	A	G	0.1751592356687898	785	0.03035995091438252	0.07379912438087842	0.16923871226692647	0.6809004318231375
rs100225	synthetic	226	A	G	0.31875792141951836	789	0.027560942498878957	0.05789328091995524	0.2266375177641966	0.6341594721790738
rs100226	synthetic	227	A	G	0.4731800766283525	783	0.016413750359980932	0.05646310444726901	0.08450572696554692	0.7713577832843136
rs100227	synthetic	228	A	G	0.11865482233502538	788	-0.08542054299313663	0.08360544791437258	1.0438918325886877	0.3072296431111669
rs100228	synthetic	229	A	G	0.05916030534351145	786	-0.0510529198061037	0.11535190126615671	0.19588070399668905	0.6581872634428905
rs100229	synthetic	230	A	G	0.399234693877551	784	-0.027514428027027596	0.05516326498762043	0.24878320123474	0.6180714928296526
rs100230	synthetic	231	A	G	0.15792838874680307	782	0.038968662672293514	0.073510506044412	0.28101673199722255	0.5961839824637244
rs100231	synthetic	232	A	G	0.06777493606138107	782	-0.16073923102257365	0.1103830119954303	2.1205049563527805	0.14573441286235586
rs100232	synthetic	233	A	G	0.17692307692307693	780	0.015294280110761248	0.07066565536669925	0.04684263291320469	0.8287070078698451
rs100233	synthetic	234	A	G	0.16091954022988506	783	-0.07805945690273344	0.07479278297211574	1.0892602723108529	0.2969532162338965
rs100234	synthetic	235	A	G	0.1170076726342711	782	-0.16580491343027962	0.08399275071940787	3.8968275195269766	0.048724050537601635
rs100235	synthetic	236	A	G	0.3967948717948718	780	0.04723840702801982	0.059174186813196444	0.6372735462558086	0.4249388111190643
rs100236	synthetic	237	A	G	0.18958868894601544	778	-0.16697561976743217	0.0689834697106749	5.858899642938461	0.015722157171069347
rs100237	synthetic	238	A	G	0.15728900255754474	782	0.022554015477657896	0.07386962491673049	0.09322147291797889	0.7602011080153545
rs100238	synthetic	239	A	G	0.17237008871989862	789	-0.051191521161084	0.0789698223159152	0.42021712585885673	0.5170163737015252
rs100239	synthetic	240	A	G	0.35267857142857145	784	0.00944764199719213	0.05529877431675665	0.029188773420639955	0.8643874781928194
rs100240	synthetic	241	A	G	0.2748091603053435	786	0.0262328549331179	0.06131588566030301	0.18303961931183996	0.6688901076573808
rs100241	synthetic	242	A	G	0.4276649746192893	788	-0.11231186357966216	0.05374160834210336	4.367470174876704	0.03694938713848377
rs100242	synthetic	243	A	G	0.388676844783715	786	0.0049214742410844834	0.054821358720552	0.008059179753883322	0.9284903248526108
rs100243	synthetic	244	A	G	0.4494818652849741	772	0.11519069714008438	0.05371904791355322	4.598097749630532	0.03231080567614549
rs100244	synthetic	245	A	G	0.2651222651222651	777	0.036253887329378565	0.061992053980634	0.34200866499064986	0.5588384206809954
rs100245	synthetic	246	A	G	0.2743979721166033	789	0.03296706661027917	0.06128372146628596	0.28938122524005355	0.5907682662690782
rs100246	synthetic	247	A	G	0.13286264441591783	779	-0.07452670481064194	0.07936653241556459	0.8817572244369065	0.3480067600767708
rs100247	synthetic	248	A	G	0.21548387096774194	775	-0.011201335454338138	0.06819213567939637	0.026981806463585653	0.869567227573901
rs100248	synthetic	249	A	G	0.3163659793814433	776	-0.03168441096340008	0.059317629267000425	0.2853144087413914	0.5933886381945758
rs100249	synthetic	250	A	G	0.06081946222791293	781	-0.053284775931972485	0.11414001957416924	0.21793671597110365	0.6407447844578058
rs100250	synthetic	251	A	G	0.1592356687898089	785	0.04886304167069826	0.07459665217308642	0.42906424115018094	0.5126384233519652
rs100251	synthetic	252	A	G	0.1618020304568528	788	-0.04241568699338602	0.07263905527733419	0.34096722619421743	0.5594375060054669
rs100252	synthetic	253	A	G	0.08864795918367346	784	-0.05831756113179421	0.09463038049637805	0.3797847604530516	0.537895308592647
rs100253	synthetic	254	A	G	0.26436781609195403	783	-0.0691538879797973	0.06230897325425825	1.2317767840009473	0.2673982094373534
rs100254	synthetic	255	A	G	0.587741935483871	775	-0.03060967417150707	0.05783862097992971	0.28007964932323526	0.5967971246609018
rs100255	synthetic	256	A	G	0.03346203346203346	777	-0.1526817469024456	0.1506225512239775	1.0275293643804067	0.31104883355169577
rs100256	synthetic	257	A	G	0.24808673469387754	784	-0.0788486350785469	0.06176116138267099	1.629886833629856	0.2020924264662446
rs100257	synthetic	258	A	G	0.24263764404609475	781	-0.02873878060437417	0.06426438172958357	0.19998434804175086	0.6548555963540215
rs100258	synthetic	259	A	G	0.34885204081632654	784	-0.023980004922813557	0.056762645198244026	0.17847331244394454	0.6728030670341919
rs100259	synthetic	260	A	G	0.3732484076433121	785	0.03817694873511873	0.05513431672090178	0.47946668477929094	0.4888666950048552
rs100260	synthetic	261	A	G	0.4859514687100894	783	0.031573423103154245	0.05518337097094168	0.32736096009451054	0.56737935401209
rs100261	synthetic	262	A	G	0.14769820971867006	782	0.0835526547967926	0.07647777245565618	1.193575917624818	0.27494122287375455
rs100262	synthetic	263	A	G	0.31417624521072796	783	0.015700957866801063	0.06326021493889307	0.06160145497972336	0.8040467047540962
rs100263	synthetic	264	A	G	0.3617157490396927	781	0.0020846353022946165	0.05593939670610883	0.001388751751032922	0.9702823257637857
rs100264	synthetic	265	A	G	0.2819693094629156	782	0.014761806156268199	0.06329050075809785	0.05440037989617919	0.8156360991414829
rs100265	synthetic	266	A	G	0.015444015444015444	777	-0.08538687859086859	0.22076713719649904	0.14959374118663019	0.6990276604152839
rs100266	synthetic	267	A	G	0.09275730622617535	787	-0.021690191476629407	0.09403404587460905	0.053205499796240834	0.8176359790657124
rs100267	synthetic	268	A	G	0.3780487804878049	779	0.026729806832935472	0.0598244988616826	0.19963353723532234	0.6551388017336822
rs100268	synthetic	269	A	G	0.2684478371501272	786	0.019969913155681845	0.060536741638439716	0.10882139010333326	0.741577097281352
rs100269	synthetic	270	A	G	0.04853128991060025	783	0.10526999500114644	0.12751031155553247	0.6815827506086773	0.4092905337096821
rs100271	synthetic	272	A	G	0.2361290322580645	775	0.03179464030117238	0.061702019803306224	0.265527233463572	0.6064916585293731
rs100272	synthetic	273	A	G	0.07958921694480103	779	0.006884239284817396	0.10174611932003186	0.004578004411339886	0.9460725894692924
rs100273	synthetic	274	A	G	0.12708600770218229	779	-0.024218443320611047	0.08292897574977985	0.0852864124883533	0.7703336664781438
rs100274	synthetic	275	A	G	0.05102040816326531	784	-0.25047293749086214	0.12731136694160017	3.870679887695784	0.04948479027804778
rs100275	synthetic	276	A	G	0.10519645120405577	789	-0.14740475540099773	0.08612156534101362	2.929538157011093	0.08736338415676671
rs100276	synthetic	277	A	G	0.2345758354755784	778	0.09564345169647882	0.06376736784985337	2.2496424608720518	0.1340432813569051
rs100277	synthetic	278	A	G	0.25866495507060333	779	-0.02290437576919996	0.06537830856561393	0.12273531996460064	0.7261795774259086
rs100278	synthetic	279	A	G	0.07898089171974522	785	-0.05122166508530598	0.10225847483717383	0.2509046801140731	0.6165777843958603
rs100279	synthetic	280	A	G	0.11662371134020619	776	-0.013907188992655417	0.086352485278066	0.025937554729377362	0.8720939339784861
rs100280	synthetic	281	A	G	0.5032383419689119	772	-0.0750989236028178	0.055497296013208554	1.8311493933064198	0.17637746893301784
rs100281	synthetic	282	A	G	0.034394904458598725	785	0.0749387327210521	0.14601224227585005	0.26341114631261786	0.6079292272442335
rs100282	synthetic	283	A	G	0.22344559585492227	772	-0.07013196944673547	0.07128727433483281	0.9678499907784652	0.32551702634652036
rs100283	synthetic	284	A	G	0.18894601542416453	778	0.013336006807564759	0.07059712086663646	0.035684337439285715	0.8502171887777273
rs100284	synthetic	285	A	G	0.04846938775510204	784	0.1989279706224628	0.13243864117179524	2.256120397090042	0.1334851817738784
rs100285	synthetic	286	A	G	0.17680608365019013	789	-0.07385282186315989	0.07135505983104948	1.0712347165258198	0.30098223615591574
rs100286	synthetic	287	A	G	0.446360153256705	783	-0.06816599626860288	0.05566018696609495	1.49984455662016	0.22105895197502654
rs100287	synthetic	288	A	G	0.31361323155216286	786	-0.11554418662863243	0.0575340462729904	4.033168465135276	0.04495272631812697
rs100288	synthetic	289	A	G	0.4173076923076923	780	-0.0513657955402468	0.05422804499381858	0.8972224711343497	0.3438161073545596
rs100289	synthetic	290	A	G	0.25412960609911056	787	-0.007579032986357312	0.06302097769022076	0.014462964549088325	0.9043060150555655
rs100290	synthetic	291	A	G	0.44871794871794873	780	0.0286075412124484	0.05346619885594013	0.2862875394162731	0.5927594440189625
rs100291	synthetic	292	A	G	0.07015306122448979	784	-0.15201455136756395	0.10846650731671587	1.9641697243432792	0.16145932459102877
rs100292	synthetic	293	A	G	0.15728900255754474	782	0.040523506285844564	0.07452881764940401	0.29564161639748165	0.5867805486686128
rs100293	synthetic	294	A	G	0.22349936143039592	783	0.05483551532005137	0.06678555098511246	0.6741535591704706	0.4118539836359296
rs100294	synthetic	295	A	G	0.19029374201787994	783	0.08397144542906328	0.07217409677897463	1.353631781812821	0.2449941602181942
rs100295	synthetic	296	A	G	0.30916030534351147	786	0.016128540626510653	0.0589095561279353	0.07495811284367963	0.7843213056033741
rs100296	synthetic	297	A	G	0.23209718670076726	782	-0.05670847343543318	0.06628916293048431	0.7318310689157087	0.3925487040997782
rs100297	synthetic	298	A	G	0.5458015267175572	786	-0.08200359052463806	0.05519487333765477	2.207335025523739	0.1377531965850739
rs100298	synthetic	299	A	G	0.10919540229885058	783	-0.018639609386667283	0.08930265933295371	0.04356571341173533	0.8347172941038564
rs100299	synthetic	300	A	G	0.10745891276864729	791	0.06917422214667206	0.08876767673120069	0.6072658536623812	0.4360516160809557
rs100300	synthetic	301	A	G	0.2811704834605598	786	0.005188993996392665	0.060540930779448686	0.007346291364230122	0.9317181827839177
rs100301	synthetic	302	A	G	0.4286632390745501	778	-0.04544307683692161	0.057249417748634214	0.6300765395008469	0.4275646930597718
rs100302	synthetic	303	A	G	0.4272030651340996	783	0.005754976552782373	0.05401443247923775	0.011351871916220927	0.9151767707266709
rs100303	synthetic	304	A	G	0.36445012787723785	782	-0.02250685309767722	0.05945096046180846	0.1433216508920894	0.7051022481881193
rs100304	synthetic	305	A	G	0.15903307888040713	786	0.1090127518368264	0.07487837138066927	2.11954101950853	0.14582589342624155
rs100305	synthetic	306	A	G	0.460126582278481	790	0.05850315204097311	0.05481225786359028	1.1392083171201655	0.2861444965694723
rs100306	synthetic	307	A	G	0.16517285531370038	781	0.10513199733002589	0.07094722843179707	2.1958312530659554	0.1387817813057698
rs100307	synthetic	308	A	G	0.4469309462915601	782	0.08808110927026626	0.05770649264920886	2.329786866045314	0.12731797903689565
rs100308	synthetic	309	A	G	0.40229885057471265	783	-0.05525886264843504	0.053816630984871855	1.054316177616744	0.30482821905107865
rs100309	synthetic	310	A	G	0.12307692307692308	780	-0.06537671855655912	0.07943462602358636	0.6773708857095395	0.41074094702239033
rs100310	synthetic	311	A	G	0.21082802547770702	785	0.0786046449757305	0.06681246710081508	1.3841444116028303	0.23974949946992924
rs100311	synthetic	312	A	G	0.09720457433290978	787	-0.021978986585958815	0.09153937605993819	0.05765001599117641	0.8103115482412396
rs100312	synthetic	313	A	G	0.02506426735218509	778	0.060765353205399525	0.1675235607124195	0.1315710263580305	0.7169053286048577
rs100313	synthetic	314	A	G	0.553479381443299	776	0.008223383415263826	0.055916764868441486	0.021628032113698622	0.8831183159906769
rs100314	synthetic	315	A	G	0.09961928934010152	788	0.11006347668149485	0.08958919769804033	1.5092985667668584	0.21961061824087172
rs100315	synthetic	316	A	G	0.2951653944020356	786	-0.08131812342828008	0.059777880618748266	1.850519513527863	0.1741095330523354
rs100316	synthetic	317	A	G	0.35987261146496813	785	-0.09134387034485306	0.05653766085426731	2.610256258452336	0.10657235444506044
rs100317	synthetic	318	A	G	0.43525641025641026	780	-0.007311351094345714	0.056405866832119546	0.01680144843267676	0.8968996314383678
rs100318	synthetic	319	A	G	0.3494897959183674	784	-0.07066983289043896	0.0572691986959776	1.5227405591843568	0.2175708189809768
rs100319	synthetic	320	A	G	0.19014084507042253	781	-0.04207797546842336	0.07295876606256299	0.3326248652995415	0.5642812160342172
rs100320	synthetic	321	A	G	0.524746192893401	788	-0.038034149184475695	0.0544691785810056	0.48757986110718815	0.48521356930077153
rs100322	synthetic	323	A	G	0.01403061224489796	784	0.2825132978777543	0.23134007288616357	1.4913378952823566	0.22237193844184097
rs100324	synthetic	325	A	G	0.10941475826972011	786	0.13702803018559828	0.08716148651569447	2.4715509774877034	0.11632236297951495
rs100325	synthetic	326	A	G	0.010178117048346057	786	-0.25236220430802153	0.27000565427170803	0.87358045029099	0.3502505066717753
rs100326	synthetic	327	A	G	0.4846350832266325	781	-0.09467140319390542	0.05366354738771675	3.1122815080999637	0.07808901411368276
rs100328	synthetic	329	A	G	0.14615384615384616	780	0.07150549033367112	0.07995369132923746	0.7998374590846749	0.37141332265032667
rs100329	synthetic	330	A	G	0.18135376756066413	783	-0.19221865250330075	0.07077151111956284	7.37690378737283	0.0067505209467072615
rs100330	synthetic	331	A	G	0.16094147582697202	786	-0.018040025495731728	0.07149331627775532	0.06367125478267621	0.8008501232019092
rs100331	synthetic	332	A	G	0.2826923076923077	780	0.08768600635545779	0.05971041488139047	2.156554329968085	0.1423592644485189
rs100332	synthetic	333	A	G	0.3700636942675159	785	-0.1391837336792393	0.05833539413736702	5.692626524518095	0.01727007241047093
rs100333	synthetic	334	A	G	0.3704663212435233	772	0.013452563128842283	0.05673958324529951	0.05621313342521589	0.8126458077248221
rs100334	synthetic	335	A	G	0.297680412371134	776	0.03443599400881385	0.0645974110135794	0.28418098974678907	0.5941232108372883
rs100335	synthetic	336	A	G	0.29615384615384616	780	0.0791239797533118	0.06148960231699828	1.655819061362684	0.1985442729932326
rs100336	synthetic	337	A	G	0.49428208386277	787	-0.10083638808247362	0.05521083939686746	3.335691375812556	0.06816774238582678
rs100337	synthetic	338	A	G	0.04661558109833972	783	0.07611344169828876	0.12632556054468466	0.36302810830835885	0.5470015417446006
rs100338	synthetic	339	A	G	0.3544871794871795	780	-0.0030514139499302254	0.058717056927570656	0.002700683530565816	0.9585671982961281
rs100339	synthetic	340	A	G	0.3632862644415918	779	0.008624696932107222	0.057160405577351914	0.022766542635064693	0.8801041275249538
rs100340	synthetic	341	A	G	0.4764331210191083	785	-0.04709059612086318	0.05489461989840971	0.7358830706325672	0.3912420654101476
rs100341	synthetic	342	A	G	0.34498094027954257	787	0.018469122726476887	0.058637903925651505	0.09920547917840064	0.7528680398576323
rs100342	synthetic	343	A	G	0.14784263959390864	788	-0.045719627824262296	0.07715504195301941	0.3511371253089466	0.5536390645120697
rs100343	synthetic	344	A	G	0.16838709677419356	775	-0.043109693674460936	0.07007135102791925	0.3785026213482061	0.538582206913827
rs100344	synthetic	345	A	G	0.19590268886043533	781	0.07058541920062114	0.0678140486698814	1.0834045354320783	0.29825441682048504
rs100345	synthetic	346	A	G	0.12308673469387756	784	-0.20662023900611468	0.08177806353963603	6.383694192429879	0.011710824142363843
rs100346	synthetic	347	A	G	0.315989847715736	788	-0.03889495722730599	0.057140431636336635	0.46333975326585114	0.49626595250721456
rs100347	synthetic	348	A	G	0.3293299620733249	791	-0.05486124603282255	0.05959214677390538	0.8475264732986572	0.3575329967153214
rs100348	synthetic	349	A	G	0.40051347881899874	779	0.07879704815038957	0.05662149010957227	1.9366775042129811	0.16441996434437486
rs100349	synthetic	350	A	G	0.2826362484157161	789	0.019661171363928268	0.06115395698284359	0.10336408156099354	0.7479140749879102
rs100350	synthetic	351	A	G	0.1096938775510204	784	-0.058362414350138794	0.08625638658738323	0.4578086322832944	0.4988472005596435
rs100351	synthetic	352	A	G	0.05273189326556544	787	-0.037437940534554674	0.1265364891463391	0.08753713718998032	0.767409297889526
rs100352	synthetic	353	A	G	0.1329923273657289	782	-0.14349309623820383	0.08180351628018794	3.076933211602398	0.07979637959002157
rs100353	synthetic	354	A	G	0.44437340153452687	782	-0.041815837363772125	0.057638279177867464	0.5263317677428829	0.4683671927216761
rs100354	synthetic	355	A	G	0.4206852791878173	788	-0.004774471565251527	0.05331171727312503	0.008020570821635696	0.9286613612621568
rs100355	synthetic	356	A	G	0.35025706940874035	778	0.09715884346921662	0.05702453662792828	2.9029606112702204	0.08880879445781324
rs100356	synthetic	357	A	G	0.17938931297709923	786	-0.00808248597221123	0.07482224640610578	0.011668860101452584	0.9140051704788719
rs100357	synthetic	358	A	G	0.44106463878326996	789	-0.05784966493762821	0.054041134099888005	1.1459160090340206	0.2847314090296386
rs100358	synthetic	359	A	G	0.5398457583547558	778	-0.029093861330986587	0.053487771022378054	0.2958650930401184	0.5866392137621863
rs100359	synthetic	360	A	G	0.5101651842439644	787	0.025267192169646773	0.05519391378989985	0.20957119268099933	0.6472291114433086
rs100360	synthetic	361	A	G	0.6411238825031929	783	-0.02067823014953486	0.057192564957881706	0.1307216681334212	0.7177812697940712
rs100361	synthetic	362	A	G	0.39436619718309857	781	0.008150545659037762	0.059355270828780206	0.018856226550771737	0.8908143186325477
rs100362	synthetic	363	A	G	0.30744544287548137	779	-0.10602858527821304	0.05878681004909709	3.2530155858039627	0.07167159883549645
rs100363	synthetic	364	A	G	0.25956632653061223	784	0.07153166658058782	0.061780519323470395	1.3405825990008002	0.24727985154653245
rs100364	synthetic	365	A	G	0.04145408163265306	784	0.07755306859512312	0.13557605833479786	0.32721406744771253	0.5674662828693672
rs100366	synthetic	367	A	G	0.4174135723431498	781	-0.03164797231796776	0.05310324675719122	0.3551809220845866	0.5513649492587113
rs100367	synthetic	368	A	G	0.11862244897959184	784	-0.18612338928590172	0.08266562415147656	5.069346842352259	0.024625527222392127
rs100368	synthetic	369	A	G	0.20282413350449294	779	-0.015338444686606426	0.07063667464921078	0.04715222136214254	0.8281507149440164
rs100369	synthetic	370	A	G	0.2204574332909784	787	-0.015489729990884037	0.06545212826541122	0.05600672129485034	0.8129837088637403
rs100370	synthetic	371	A	G	0.3041825095057034	789	0.024643554238420417	0.05751124498741965	0.18361203782318364	0.6684036770980956
rs100371	synthetic	372	A	G	0.0274234693877551	784	-0.028892807074096617	0.1669069830881162	0.02996611632258779	0.8626113087906974
rs100372	synthetic	373	A	G	0.43797953964194375	782	0.030256032861441125	0.055233908028633136	0.3000629823810566	0.5839970846957455
rs100373	synthetic	374	A	G	0.14122137404580154	786	-0.050332738238396096	0.08006965679402436	0.39515290745570353	0.5297841872072107
rs100374	synthetic	375	A	G	0.4430946291560102	782	-0.022718141794149292	0.05392644364040957	0.17747698866336326	0.6736646621666712
rs100375	synthetic	376	A	G	0.6197183098591549	781	0.03390461657664646	0.054728347375727085	0.3837894274300694	0.5357600902136811
rs100376	synthetic	377	A	G	0.3412596401028278	778	0.12084964967238845	0.05983596107369262	4.079117820780754	0.04375220843160962
rs100377	synthetic	378	A	G	0.17471410419313851	787	-0.08521962662346935	0.07337987947503016	1.3487307709900203	0.2458495758196485
rs100378	synthetic	379	A	G	0.5695153061224489	784	-0.03225338008884211	0.05531351556254591	0.340007068224405	0.5599909229156099
rs100379	synthetic	380	A	G	0.4377382465057179	787	0.0028422721732921027	0.054973491230606644	0.0026731583682192968	0.9587786897534681
rs100380	synthetic	381	A	G	0.45089285714285715	784	0.033477926551314	0.054123102616298456	0.38260596371452105	0.5363894829010513
rs100381	synthetic	382	A	G	0.15943877551020408	784	-0.023347527715065684	0.07642658134702376	0.09332391129706877	0.7600734405153312
rs100382	synthetic	383	A	G	0.010282776349614395	778	0.29945283563217884	0.25322983087962814	1.3983862016730568	0.23734839498463436
rs100383	synthetic	384	A	G	0.35432569974554706	786	0.03782237065942951	0.057858370366523394	0.427331688107822	0.513490666575451
rs100384	synthetic	385	A	G	0.1256377551020408	784	0.03791885223051719	0.08323878631973701	0.20751948826765804	0.6488432953881668
rs100385	synthetic	386	A	G	0.17719072164948454	776	0.14111646482726692	0.07186011846588808	3.8563773087342432	0.04990621903150828
rs100386	synthetic	387	A	G	0.234955185659411	781	0.010554369726569852	0.06475074409852302	0.026568992138383672	0.8705599818789744
rs100387	synthetic	388	A	G	0.24968152866242038	785	-0.044540368572260035	0.06197223872301427	0.5165510429002718	0.4725283412212221
rs100388	synthetic	389	A	G	0.14631043256997456	786	0.05842974837003811	0.07639118951706748	0.5850345123288846	0.4445732463357013
rs100389	synthetic	390	A	G	0.2797695262483995	781	0.0427172944489832	0.06074431008362987	0.4945341293523291	0.4821180795024663
rs100390	synthetic	391	A	G	0.17477592829705504	781	0.07718867309882008	0.07150673329369217	1.165234337763344	0.28071083096497074
rs100391	synthetic	392	A	G	0.1446862996158771	781	-0.1572051522220919	0.07872920642928573	3.987142918257979	0.046190132782978705
rs100392	synthetic	393	A	G	0.13554987212276215	782	0.09572277254593638	0.08002113610880239	1.4309389730529012	0.23196879460742972
rs100393	synthetic	394	A	G	0.23465473145780052	782	-0.04895762712323199	0.06175496117703141	0.6284880355562138	0.4281475659511678
rs100394	synthetic	395	A	G	0.5310519645120405	789	0.0306338383084144	0.054785769914628094	0.31265637837292665	0.5762125552564551
rs100395	synthetic	396	A	G	0.17115384615384616	780	-0.042452882000774954	0.07359799101567782	0.33272270469346255	0.5642239413777185
rs100396	synthetic	397	A	G	0.1816431322207959	779	0.10274737137787132	0.07135396395126865	2.07350568633421	0.15027131543691802
rs100397	synthetic	398	A	G	0.1969309462915601	782	0.07061120826935659	0.07391539825980428	0.912593652127112	0.33971829941723913
rs100398	synthetic	399	A	G	0.157994923857868	788	-0.04893478768845535	0.07982974526894956	0.37575600503280937	0.5400591051391994
rs100399	synthetic	400	A	G	0.36462324393358875	783	-0.0660749037769763	0.055968730048508934	1.393741312284441	0.2381282780343125
rs100400	synthetic	401	A	G	0.5854591836734694	784	-0.09000683171069569	0.056749397877335794	2.515523815142014	0.11312882062267972
rs100401	synthetic	402	A	G	0.03498727735368957	786	-0.12347220086859158	0.1435648241832646	0.7396773020280124	0.3900241989054432
rs100402	synthetic	403	A	G	0.2929936305732484	785	-0.02878573714642216	0.060815884507780055	0.2240374679671585	0.636110906943138
rs100403	synthetic	404	A	G	0.0940279542566709	787	-0.21328815123907494	0.09298878353338408	5.2610487602453935	0.022068575422755705
rs100404	synthetic	405	A	G	0.17153748411689962	787	-0.03472678086379874	0.07452707909578998	0.2171205108442271	0.6413707143275275
rs100405	synthetic	406	A	G	0.29257362355953903	781	-0.021528057507125706	0.06638459898351923	0.10516591808595918	0.745801774516664
rs100406	synthetic	407	A	G	0.36043533930857874	781	0.031143177739700822	0.05788772719012119	0.28943620272242776	0.5907330056344575
rs100407	synthetic	408	A	G	0.11847133757961784	785	-0.02328008613652453	0.08507313214013391	0.07488318719857841	0.7844264568265681
rs100408	synthetic	409	A	G	0.13618925831202047	782	0.0060615533721301625	0.0775868642058087	0.006103675942436847	0.9377475130765727
rs100409	synthetic	410	A	G	0.25128865979381443	776	0.028991145794460174	0.06534529842839228	0.19683488396766738	0.6574088815864351
rs100410	synthetic	411	A	G	0.2483912483912484	777	-0.00068725754886407	0.06385791488946904	0.00011582693661412266	0.9914158057368686
rs100411	synthetic	412	A	G	0.3146496815286624	785	0.007589216765530592	0.05650956348067272	0.01803640629699928	0.8931996764850486
rs100412	synthetic	413	A	G	0.08611825192802057	778	0.12411983165628135	0.0994295642280208	1.5583007643939177	0.21228262605685128
rs100413	synthetic	414	A	G	0.3537974683544304	790	0.009046277587560868	0.05654987123570437	0.025590370835114867	0.8729455177166328
rs100414	synthetic	415	A	G	0.3290653008962868	781	0.02292621450661939	0.058318583495688796	0.15454350916196422	0.6943363477363077
rs100415	synthetic	416	A	G	0.16645489199491742	787	-0.12630913458729143	0.07283073221628371	3.0077391351030176	0.08325640211242955
rs100416	synthetic	417	A	G	0.13392857142857142	784	-0.016049538785140934	0.08328377079495282	0.03713678921972549	0.8472361538312869
rs100417	synthetic	418	A	G	0.13478818998716302	779	0.05072194972473792	0.07957596801691251	0.4062824079144771	0.5240464459876532
rs100418	synthetic	419	A	G	0.33482142857142855	784	0.08033171230908752	0.05638180214962519	2.0300004865891204	0.15461398233999243
rs100419	synthetic	420	A	G	0.1809462915601023	782	-0.024593817869538334	0.07107172689502898	0.11974521525259077	0.7294027747595345
rs100420	synthetic	421	A	G	0.4789808917197452	785	0.046437723058655685	0.05364749680514045	0.7492778758552624	0.38696675046413115
rs100421	synthetic	422	A	G	0.2506345177664975	788	-0.04842101018435408	0.06701086664818037	0.5221282865915166	0.47014826510662255
rs100422	synthetic	423	A	G	0.39500640204865556	781	0.07841579118314215	0.057233683935762905	1.8771702192011785	0.17104388174730206
rs100424	synthetic	425	A	G	0.3008905852417303	786	-0.07548211714361534	0.05739975449999634	1.7292909789114677	0.18888160589865105
rs100425	synthetic	426	A	G	0.21717171717171718	792	-0.01852482267516035	0.06583164116507437	0.07918424037297864	0.7784793712777036
rs100426	synthetic	427	A	G	0.26387096774193547	775	0.019189098125499487	0.060303220917314986	0.10125771171998067	0.7504093010002666
rs100427	synthetic	428	A	G	0.23499361430395913	783	0.053744425567470826	0.067031002316142	0.642858549290432	0.4229177564007864
rs100428	synthetic	429	A	G	0.3026649746192893	788	-0.10261011347411034	0.05922325336831514	3.001897183230915	0.08355586719485895
rs100429	synthetic	430	A	G	0.2296437659033079	786	0.08343330453628832	0.06324882556008093	1.7400990046085427	0.18750705034278284
rs100430	synthetic	431	A	G	0.24195624195624196	777	0.09529700845300487	0.061778126946864916	2.379518368014602	0.12333438111662987
rs100431	synthetic	432	A	G	0.2573623559539053	781	0.025996969542229468	0.06513731136399938	0.15928900292197798	0.6899194140477892
rs100432	synthetic	433	A	G	0.2608695652173913	782	-0.10115476575924283	0.06457320229172299	2.4539632177673547	0.11762748334428744
rs100433	synthetic	434	A	G	0.3520408163265306	784	-0.004671674843318066	0.056365871659326765	0.006869304374335505	0.9339668656350517
rs100434	synthetic	435	A	G	0.18089171974522292	785	-0.004157909740846802	0.07260736424278579	0.0032793575608304508	0.9543479885337202
rs100436	synthetic	437	A	G	0.31759379042690816	773	0.001956928510319048	0.05788064066760121	0.0011430974654666353	0.9730373894198501
rs100438	synthetic	439	A	G	0.5282051282051282	780	0.03728277168559319	0.055513308708798614	0.45104737193981753	0.5020335871493427
rs100439	synthetic	440	A	G	0.40191082802547773	785	0.02231835979473823	0.05500589968482325	0.16462887265008608	0.6850395452927194
rs100440	synthetic	441	A	G	0.2076923076923077	780	-0.15294812930676716	0.06602852148994415	5.365685253666181	0.02079078555038585
rs100441	synthetic	442	A	G	0.4435173299101412	779	0.028245586518928455	0.05433453716994383	0.2702397624780559	0.6033160601069177
rs100442	synthetic	443	A	G	0.042566709021601014	787	0.16451996848595882	0.13417269212932922	1.503519162604786	0.22049465638440724
rs100443	synthetic	444	A	G	0.4300254452926209	786	-0.003767672208213164	0.05494604600361953	0.00470189939506706	0.9453488687249939
rs100444	synthetic	445	A	G	0.2912932138284251	781	-0.05317053593377507	0.058432310958458335	0.82801070232944	0.36312487409214156
rs100445	synthetic	446	A	G	0.29717586649550704	779	0.002178165443649616	0.057842678117244924	0.0014180284436342478	0.9699708625606974
rs100446	synthetic	447	A	G	0.16025641025641027	780	0.07364733851788242	0.07495000671115878	0.965541092225696	0.3260944323838581
rs100447	synthetic	448	A	G	0.45966709346991036	781	-0.06747570278836748	0.054665958272547874	1.5235647014389357	0.21744649474738773
rs100448	synthetic	449	A	G	0.2720306513409962	783	-0.01931401831570404	0.0627193022074275	0.09482936491403032	0.7582059848100535
rs100449	synthetic	450	A	G	0.3454661558109834	783	0.03474752698151599	0.05734174720695826	0.36720277795849826	0.5447063608051712
rs100450	synthetic	451	A	G	0.31202046035805625	782	-0.031620441013447326	0.05860707144532914	0.2910957096034171	0.5896706833020482
rs100451	synthetic	452	A	G	0.024714828897338403	789	-0.0238804358215578	0.17552881087572061	0.018509201165390385	0.8918174485629616
rs100452	synthetic	453	A	G	0.36649550706033374	779	0.04671547377436912	0.05996953433929833	0.6068203857825298	0.43621990143176487
rs100453	synthetic	454	A	G	0.5752551020408163	784	-0.05496313626847302	0.060060105777378005	0.8374730241295507	0.36039867124144187
rs100454	synthetic	455	A	G	0.18129032258064517	775	0.10198055504801937	0.07163999365233992	2.0263929476800557	0.15498043641549145
rs100455	synthetic	456	A	G	0.026923076923076925	780	0.11173078892366893	0.16878875720517617	0.43818620368219596	0.5081915086847497
rs100456	synthetic	457	A	G	0.33290978398983484	787	0.04259838789083374	0.05749563084256468	0.5489295884447014	0.45897471968523185
rs100457	synthetic	458	A	G	0.11865482233502538	788	-0.07200982818316702	0.08330722595603472	0.7471678960412804	0.3876357617077084
rs100459	synthetic	460	A	G	0.4125159642401022	783	0.006981766901436662	0.05505234695352432	0.016083442604829752	0.8991146082701328
rs100460	synthetic	461	A	G	0.2496798975672215	781	0.009879328026449264	0.0635012563905507	0.024204168928032704	0.8764061341404603
rs100461	synthetic	462	A	G	0.33587786259541985	786	0.04586515559021843	0.059832335721001724	0.5876162916877105	0.44357050036848067
rs100462	synthetic	463	A	G	0.3683206106870229	786	0.08215403937130766	0.05704142142900716	2.0743267362808147	0.15019069917532657
rs100463	synthetic	464	A	G	0.40088945362134687	787	0.09813112710193442	0.05652332814856824	3.014103233263859	0.08293149244424837
rs100464	synthetic	465	A	G	0.23824650571791614	787	0.05163465636820395	0.0645423500679517	0.6400192449063958	0.42394341285083753
rs100465	synthetic	466	A	G	0.05300127713920817	783	0.06515482678396768	0.11832318105317641	0.3032169781398357	0.5820277423742569
rs100466	synthetic	467	A	G	0.09669211195928754	786	0.12942512994128125	0.09213529518452894	1.9732638339730366	0.16049342340245315
rs100467	synthetic	468	A	G	0.16325224071702946	781	0.1952373215349198	0.07372995403399032	7.011932965563086	0.008257697151946245
rs100468	synthetic	469	A	G	0.1875	792	-0.13935987173780656	0.06818314017270011	4.177548285917256	0.04129280644917754
rs100469	synthetic	470	A	G	0.12292993630573248	785	0.0018520864435326147	0.0815581317029718	0.0005156891198183167	0.9818882773870095
rs100470	synthetic	471	A	G	0.1474025974025974	770	-0.07208122750537824	0.0772336871302912	0.8710253819017457	0.3509556695349525
rs100471	synthetic	472	A	G	0.4011627906976744	774	-0.010622367382061175	0.05469203205744855	0.03772198309208139	0.8460522069299695
rs100472	synthetic	473	A	G	0.06257982120051085	783	-0.1614999890803239	0.1143323468967373	1.9952933629455218	0.1581808368099762
rs100473	synthetic	474	A	G	0.5826923076923077	780	0.008410296313860753	0.0553260560050391	0.023108043182085574	0.8792151115794615
rs100474	synthetic	475	A	G	0.21181001283697048	779	0.002680184836091581	0.06694561821138555	0.0016028215709917122	0.968075097036428
rs100475	synthetic	476	A	G	0.16984732824427481	786	-0.04582937865803868	0.07172474443393784	0.40827230390588265	0.5230322290049446
rs100476	synthetic	477	A	G	0.24107142857142858	784	-0.08111217581156566	0.06476651949033352	1.5684511060234831	0.21080131083473277
rs100477	synthetic	478	A	G	0.2461734693877551	784	-0.01596742768432855	0.06347303034035798	0.06328363979883458	0.8014445025715108
rs100478	synthetic	479	A	G	0.2859897172236504	778	-0.009044814073103844	0.062176996716934226	0.021161176326695494	0.8843777016679948
rs100479	synthetic	480	A	G	0.3469387755102041	784	0.07783647034656024	0.057484396389756734	1.8334383725557493	0.17610769638757529
rs100480	synthetic	481	A	G	0.03811944091486658	787	0.20331324372215662	0.14306310126885674	2.0196497866051195	0.15566805820751559
rs100481	synthetic	482	A	G	0.31432192648922685	789	-0.10377186237839607	0.05943413743891876	3.0485076810134606	0.08119860522975844
rs100482	synthetic	483	A	G	0.08887468030690537	782	0.09495885885951467	0.09342469166846484	1.0331125267695227	0.3097387473354815
rs100483	synthetic	484	A	G	0.15355329949238578	788	-0.074125376069655	0.07215431900479702	1.055380717739619	0.3045843558310451
rs100484	synthetic	485	A	G	0.30994897959183676	784	0.010055877926816925	0.05861287045928401	0.029434319779663466	0.8638238205193666
rs100485	synthetic	486	A	G	0.16709677419354838	775	-0.017260623776815264	0.07323969488244951	0.05554179616781299	0.8137472178839433
rs100486	synthetic	487	A	G	0.2557544757033248	782	-0.054414675526957786	0.06565050749495778	0.686998695451174	0.4074365182049126
rs100487	synthetic	488	A	G	0.13171355498721227	782	0.017390165367699117	0.08007134220080887	0.04716862395166075	0.828121294897158
rs100489	synthetic	490	A	G	0.24043367346938777	784	-0.04037409783591885	0.06378768666498201	0.4006193829427578	0.5269520297902817
rs100490	synthetic	491	A	G	0.17729591836734693	784	0.018226905275218024	0.07392788569477882	0.06078680283116419	0.8053204676865311
rs100491	synthetic	492	A	G	0.375	780	-0.004657964452564083	0.056309061670782146	0.006842830130991384	0.9340939431545611
rs100492	synthetic	493	A	G	0.1860613810741688	782	-0.015061564990207532	0.06965472444318659	0.046756182299810704	0.8288626926732997
rs100493	synthetic	494	A	G	0.1564102564102564	780	0.01083610236334739	0.07534120551276496	0.020686216612053138	0.8856735931041289
rs100494	synthetic	495	A	G	0.12148337595907928	782	0.05554476760370297	0.0818702749907481	0.4602924059620332	0.4976852782291596
rs100495	synthetic	496	A	G	0.3584070796460177	791	-0.0962287741773967	0.05856553492579463	2.699763230932423	0.10075956031404953
rs100496	synthetic	497	A	G	0.21966794380587484	783	-0.19622852438056565	0.06530542595631243	9.02871081528962	0.0027414144928964565
rs100498	synthetic	499	A	G	0.3414012738853503	785	0.012217672604800302	0.05755081849809369	0.04506858855793434	0.8319325133763057
rs100499	synthetic	500	A	G	0.12373096446700507	788	-0.04937454949749417	0.08685052197710792	0.32319261333400306	0.5698562383116179
rs100500	synthetic	501	A	G	0.1624203821656051	785	0.01842853848371393	0.0748431796272832	0.06062857046799621	0.8055689228885281
rs100502	synthetic	503	A	G	0.45076726342711	782	0.0036107000186849257	0.053441200950282625	0.00456489085360838	0.9461497638218357
rs100503	synthetic	504	A	G	0.25699745547073793	786	0.05170111311105271	0.06152092367081877	0.7062428958642538	0.40094721445680653
rs100504	synthetic	505	A	G	0.4437340153452685	782	-0.024830946082306127	0.054219331838410253	0.20973852579865943	0.6470978838277156
rs100505	synthetic	506	A	G	0.10485933503836317	782	0.026423568480074017	0.09024884121646913	0.0857234552909316	0.7697625662428638
rs100506	synthetic	507	A	G	0.04129032258064516	775	0.06370787593453275	0.1367303673455296	0.2170982337085671	0.6413878182422724
rs100507	synthetic	508	A	G	0.3459563543003851	779	-0.015802204350805635	0.06277006277179023	0.0633767874984753	0.8013014910372426
rs100508	synthetic	509	A	G	0.05205655526992288	778	0.047566895128736804	0.12260250501964651	0.15052579202005864	0.6981375208032359
rs100510	synthetic	511	A	G	0.3363286264441592	779	0.033208575153403724	0.05614232196147492	0.3498805040126979	0.5543493568860952
rs100511	synthetic	512	A	G	0.08185279187817258	788	8.098428022735931e-06	0.09918539506332286	6.666624564899488e-09	0.9999348737390354
rs100512	synthetic	513	A	G	0.31748071979434445	778	-0.01256667340690393	0.05730828983252751	0.04808457253408135	0.8264868513215187
rs100513	synthetic	514	A	G	0.23205128205128206	780	0.04142177221812571	0.06479426780135684	0.4086807475769707	0.5228244827277674
rs100514	synthetic	515	A	G	0.53125	784	0.016443447226132307	0.055043836420250014	0.08924180517302978	0.7652215292939739
rs100515	synthetic	516	A	G	0.02477763659466328	787	-0.09128946537572986	0.1717938790783785	0.2823748122738575	0.5952976980930836
rs100516	synthetic	517	A	G	0.07012987012987013	770	0.017078376106179263	0.10627943750917569	0.025822283959068187	0.872376021849395
rs100517	synthetic	518	A	G	0.42283163265306123	784	0.029630608894127428	0.05503323089616128	0.28988859667800065	0.5904430198470331
rs100518	synthetic	519	A	G	0.1619718309859155	781	-0.055914985663482505	0.07284871254378641	0.5891320826989478	0.44298340548364734
rs100519	synthetic	520	A	G	0.08703939008894536	787	-0.09937753402699305	0.09947334003906798	0.9980746625157504	0.3180815753201251
rs100520	synthetic	521	A	G	0.4074550128534704	778	-0.03161375822879378	0.05622120937932733	0.31619273578888485	0.5740636155362224
rs100521	synthetic	522	A	G	0.21855146124523506	787	0.01077156881930338	0.06577971455950803	0.026814762316970973	0.8699679969244655
rs100522	synthetic	523	A	G	0.1213653603034134	791	0.04596294654407629	0.09069443659478531	0.2568351320572451	0.6124437287499711
rs100523	synthetic	524	A	G	0.07161125319693094	782	-0.2109035266394878	0.10214136393367625	4.26348145296701	0.039264608775661757
rs100524	synthetic	525	A	G	0.25673940949935814	779	0.010220636107307432	0.06183689429758158	0.02731873046682884	0.8687627439130825
rs100525	synthetic	526	A	G	0.38903061224489793	784	-0.006053732664126412	0.06063601263285086	0.009967476197440227	0.9204987689684074
rs100526	synthetic	527	A	G	0.3593350383631714	782	0.008404128249629288	0.05503550444114755	0.02331843714151985	0.8786707434463987
rs100527	synthetic	528	A	G	0.41517857142857145	784	0.07499260512671775	0.058250676627589516	1.6574289959552155	0.19832642168432335
rs100528	synthetic	529	A	G	0.05534351145038168	786	0.15475749909161973	0.1150827925711152	1.8083505475655064	0.17909071072993624
rs100529	synthetic	530	A	G	0.25475285171102663	789	-0.03408273014740141	0.061011138422626676	0.31206890326075776	0.5765710908631951
rs100530	synthetic	531	A	G	0.21364795918367346	784	0.1339428676060879	0.06635736916990091	4.074373759903063	0.043874576166484304
rs100531	synthetic	532	A	G	0.07496823379923762	787	0.03273960226538428	0.10345766003574701	0.10014320701544999	0.75174112887144
rs100532	synthetic	533	A	G	0.5334190231362468	778	-0.019344068297573076	0.05348369369446347	0.13081358502960885	0.7176863210783493
rs100534	synthetic	535	A	G	0.21556122448979592	784	-0.027007835848158565	0.06554978703935038	0.16976063869926902	0.6804359707850369
rs100535	synthetic	536	A	G	0.3322704081632653	784	0.11653038240185695	0.05810281722328405	4.022388017704744	0.045239388666083284
rs100537	synthetic	538	A	G	0.05534351145038168	786	0.21974567740210904	0.11776000747994796	3.482130415003968	0.06240379377002062
rs100538	synthetic	539	A	G	0.4206451612903226	775	-0.05415779863463844	0.0547053801847499	0.9800808988354001	0.3224808037196525
rs100539	synthetic	540	A	G	0.3593155893536122	789	-0.0022982738689846112	0.05898184880150153	0.0015183321756294223	0.9689274771334239
rs100540	synthetic	541	A	G	0.16581306017925737	781	-0.02967659167596842	0.07490375617015761	0.15697151474808888	0.6920667945765804
rs100541	synthetic	542	A	G	0.26952624839948786	781	0.0007166791906995937	0.06429448296881957	0.00012425165230312794	0.991109110187355
rs100542	synthetic	543	A	G	0.17752234993614305	783	0.009680852831087723	0.07313641393876555	0.017521041248279155	0.8947275378091937
rs100543	synthetic	544	A	G	0.2913486005089059	786	0.06754337709410752	0.058266174409290515	1.3437934911438796	0.24671501980096663
rs100544	synthetic	545	A	G	0.13688946015424164	778	0.05721923069655635	0.07782885641135288	0.5405087522541024	0.46243932698882956
rs100545	synthetic	546	A	G	0.40430925221799746	789	0.0023306046848376176	0.05745546045488914	0.0016454118141837177	0.9676539527795633
rs100546	synthetic	547	A	G	0.20610687022900764	786	-0.014391480163622886	0.07085569924376149	0.04125355222307069	0.8391013897315112
rs100547	synthetic	548	A	G	0.08142493638676845	786	0.03574723369046411	0.09827015031006027	0.13232491942527289	0.7161305169574552
rs100549	synthetic	550	A	G	0.2844387755102041	784	-0.007423069004602772	0.059935341713127525	0.015339140451133609	0.9014644106420509
rs100550	synthetic	551	A	G	0.23697585768742058	787	-0.06364922898394133	0.06324769146099411	1.0127376074747148	0.3145548522031433
rs100551	synthetic	552	A	G	0.3504492939666239	779	0.014677890108824348	0.058933577678781844	0.06202998134615245	0.8033802626854322
rs100552	synthetic	553	A	G	0.2286624203821656	785	-0.039919959525535384	0.06691759222463818	0.3558767143826699	0.5509754260884612
rs100553	synthetic	554	A	G	0.3613607188703466	779	-0.04832212690836315	0.0569085251583916	0.7210035815095004	0.39607116848725327
rs100554	synthetic	555	A	G	0.21895006402048656	781	-0.08216760031573966	0.06697377353627144	1.5051911938509484	0.2202384595680426
rs100555	synthetic	556	A	G	0.25600505689001263	791	0.017835063737816077	0.06250137579775222	0.08142732670366815	0.7754468935354448
rs100556	synthetic	557	A	G	0.07115628970775095	787	-0.029381337609738347	0.10190826325820189	0.08312359666827039	0.7731835443211139
rs100557	synthetic	558	A	G	0.09935483870967741	775	0.11977037463524878	0.09904811753692261	1.4621986012240722	0.2269410145869556
rs100558	synthetic	559	A	G	0.06683804627249357	778	0.042852294865680374	0.11852463435319834	0.13071665348784198	0.7177864509302987
rs100559	synthetic	560	A	G	0.06637168141592921	791	-0.07651362780389048	0.11184819541312148	0.46797173731476416	0.49412160126594223
rs100560	synthetic	561	A	G	0.25287356321839083	783	0.007691750770588475	0.060874533721004646	0.01596537456661005	0.8994836124018065
rs100561	synthetic	562	A	G	0.0980891719745223	785	0.11015445430904253	0.09283222442662199	1.4080128315711056	0.2357419205057751
rs100563	synthetic	564	A	G	0.12993630573248408	785	0.18312041977973234	0.08099591875182785	5.111487208857431	0.024038200132754723
rs100564	synthetic	565	A	G	0.1776061776061776	777	0.10274179550034258	0.07149108402200183	2.0653351556540556	0.15107623097332049
rs100565	synthetic	566	A	G	0.3722721437740693	779	0.04464112549407888	0.05630970277798772	0.6284978567887387	0.42814395854160386
rs100566	synthetic	567	A	G	0.22767857142857142	784	0.12022501919754831	0.0635811235339217	3.5754714467397064	0.0590030841816474
rs100567	synthetic	568	A	G	0.2617534942820839	787	0.09120023631693057	0.06220421449632415	2.1495735363789192	0.14300590499549265
rs100568	synthetic	569	A	G	0.3326947637292465	783	-0.0011469225687139077	0.05823470116834053	0.0003878863484137797	0.9842917688585892
rs100569	synthetic	570	A	G	0.3441890166028097	783	-0.016223876391175725	0.05591282551907461	0.08419501494851528	0.7717668077866655
rs100570	synthetic	571	A	G	0.22087067861715748	781	-0.02514933026304182	0.06902479310686928	0.13275247328152778	0.7156922098748206
rs100571	synthetic	572	A	G	0.3339719029374202	783	-0.03663144802614335	0.05615992314868771	0.4254565002656529	0.5144158557589463
rs100574	synthetic	575	A	G	0.21875	784	0.08805079477623161	0.06751243485566205	1.7009792602352944	0.19253837838619023
rs100575	synthetic	576	A	G	0.12388250319284802	783	0.026017156748084528	0.08216513110717678	0.1002638926921751	0.7515965175277539
rs100576	synthetic	577	A	G	0.21419437340153452	782	-0.11405855770627264	0.07137686244126085	2.5535292922238995	0.11044653564150599
rs100577	synthetic	578	A	G	0.22895408163265307	784	0.040816731126104434	0.0641514039301796	0.4048220043426804	0.524793014778464
rs100578	synthetic	579	A	G	0.4744245524296675	782	-0.010851172103124578	0.05527363572706703	0.03854049063299391	0.8444121026185645
rs100579	synthetic	580	A	G	0.382842509603073	781	-0.061524429904848604	0.060446791236892145	1.035973611066453	0.3090701804499818
rs100580	synthetic	581	A	G	0.35387547649301143	787	0.05021613705104113	0.05729531309335569	0.7681541971785149	0.3810540870057818
rs100583	synthetic	584	A	G	0.012101910828025478	785	-0.2440799299299504	0.25054801448231356	0.9490349556893202	0.330262128603591
rs100584	synthetic	585	A	G	0.34210526315789475	779	0.0033956290694909584	0.05878397209718858	0.0033367420065802773	0.9539507364548028
rs100585	synthetic	586	A	G	0.028481012658227847	790	0.11806226579461157	0.15811204765835793	0.5575608881876143	0.4554659881829728
rs100586	synthetic	587	A	G	0.04007633587786259	786	-0.07899166992760828	0.13881350154970523	0.32381664702967294	0.5694840877967865
rs100587	synthetic	588	A	G	0.13554987212276215	782	0.08290652206785994	0.08133703415865624	1.0389645486077255	0.3083732764916797
rs100588	synthetic	589	A	G	0.5791826309067688	783	-0.10590238119084715	0.05563987035673758	3.622757228438867	0.05735616967385527
rs100589	synthetic	590	A	G	0.6339285714285714	784	-0.05033251420733817	0.05966961702241754	0.7115259580723101	0.39919206206231816
rs100590	synthetic	591	A	G	0.24489795918367346	784	-0.046392804582539124	0.0652565899342976	0.5054200944000556	0.47733725459947574
rs100591	synthetic	592	A	G	0.5586734693877551	784	0.027406972707889478	0.05248092610465328	0.2727213601643401	0.6016579207354662
rs100592	synthetic	593	A	G	0.03388746803069054	782	0.02415687255241436	0.15148554750682605	0.02542956986655028	0.8733419427459009
rs100593	synthetic	594	A	G	0.3856041131105398	778	0.05125447115484492	0.05453021605605134	0.8834644465368914	0.3475407587420382
rs100595	synthetic	596	A	G	0.21039290240811154	789	0.04030687251319091	0.07025691864100705	0.32913950121471885	0.566328889726131
rs100596	synthetic	597	A	G	0.24648786717752236	783	0.01016237826903585	0.06387730427499667	0.025310315159022816	0.8736367739010947
rs100597	synthetic	598	A	G	0.21055979643765904	786	0.0688400568565357	0.0673140976352059	1.045852367959657	0.3067761312094498
rs100598	synthetic	599	A	G	0.22363405336721728	787	-0.001603289349274976	0.06448797329125691	0.0006181108378889038	0.980171423789526
rs100599	synthetic	600	A	G	0.22709923664122136	786	-4.7198887480652326e-05	0.06497312462305367	5.277108435200377e-07	0.9994205698127966
rs100600	synthetic	601	A	G	0.39122137404580154	786	0.04000829047420864	0.05348619034492811	0.5595213441238188	0.45467493251224605
rs100601	synthetic	602	A	G	0.5422979797979798	792	0.04996442233379869	0.05325754768069866	0.8801555089589539	0.34844473499762574
rs100602	synthetic	603	A	G	0.18685567010309279	776	-0.12347901291053227	0.06806872146577907	3.290721369768891	0.07005021548661367
rs100603	synthetic	604	A	G	0.07746478873239436	781	-0.05185525363961887	0.10541583473870422	0.24197685149900264	0.6229180979298521
rs100604	synthetic	605	A	G	0.02601522842639594	788	-0.15472899899061643	0.17113754279201338	0.817434282487709	0.36620596597580296
rs100605	synthetic	606	A	G	0.014705882352941176	782	-0.024138126632815123	0.22586038074581657	0.011421601692083484	0.9149176413842457
rs100607	synthetic	608	A	G	0.045165394402035625	786	0.17846573850352226	0.13277933037494444	1.8065448945240399	0.17930765319745126
rs100608	synthetic	609	A	G	0.24428934010152284	788	-0.0463074416059055	0.06027436619795394	0.5902503738359803	0.44255103889935665
rs100609	synthetic	610	A	G	0.01856594110115237	781	0.15401256447525505	0.19589263058347958	0.6181247143073191	0.4319798740681522
rs100610	synthetic	611	A	G	0.3854033290653009	781	-0.006518545808636518	0.057839648478500906	0.012701357905407908	0.9102966848004003
rs100611	synthetic	612	A	G	0.10254777070063695	785	-0.11314143864107855	0.0886990245341497	1.6270680080819975	0.2024825915003514
rs100612	synthetic	613	A	G	0.04177215189873418	790	0.01551111292970858	0.13788613741943448	0.012654491767961325	0.9104616346741379
rs100613	synthetic	614	A	G	0.35861182519280205	778	0.0523716921548679	0.056627379086081654	0.8553429693192174	0.3553265618348209
rs100614	synthetic	615	A	G	0.23337595907928388	782	-0.09505642520134336	0.06405428732617467	2.2022496431779928	0.13820683525321262
rs100615	synthetic	616	A	G	0.17133757961783438	785	0.10351072235475677	0.0716963742624562	2.0843770916661617	0.149207846200047
rs100617	synthetic	618	A	G	0.25349428208386277	787	0.009736642952232496	0.06049178829423561	0.025907508054663478	0.8721674014118534
rs100618	synthetic	619	A	G	0.3647435897435897	780	-0.056339747605433345	0.05629252987510287	1.001678287807113	0.3172100446417332
rs100619	synthetic	620	A	G	0.015903307888040712	786	-0.009549916990587347	0.2086878890161866	0.0020941351252621336	0.96351169001373
rs100620	synthetic	621	A	G	0.06940874035989718	778	-0.06165808137582529	0.10643099192224748	0.33561687843360344	0.5625347642629547
rs100621	synthetic	622	A	G	0.17662007623888182	787	0.04838002683171575	0.07340688540494954	0.43436879133909284	0.5100443250922038
rs100622	synthetic	623	A	G	0.22172808132147395	787	-0.015231133198514617	0.06452707043261363	0.05571607772548116	0.813460615457613
rs100623	synthetic	624	A	G	0.12058080808080808	792	-0.02913148510577213	0.0853238069471449	0.11656946458576734	0.7328758311776217
rs100624	synthetic	625	A	G	0.2921994884910486	782	0.0015990052701864816	0.060116075273734436	0.000707487141705971	0.9787865575437881
rs100625	synthetic	626	A	G	0.18176020408163265	784	0.048853655404856096	0.06838855687909592	0.5103019766710614	0.47521837906852415
rs100626	synthetic	627	A	G	0.3923566878980892	785	-0.0080674720958644	0.055249792183448145	0.02132129829713414	0.8839441740967433
rs100627	synthetic	628	A	G	0.4166666666666667	792	0.053225623381743324	0.05603668162839642	0.9021872692127806	0.3424852804683249
rs100628	synthetic	629	A	G	0.010814249363867684	786	-0.12059757290678891	0.24971909971757195	0.2332242009667248	0.6292766627794228
rs100629	synthetic	630	A	G	0.089058524173028	786	0.08879607639763072	0.09770243081544869	0.8259938511106578	0.36370963694568814
rs100630	synthetic	631	A	G	0.12260536398467432	783	0.094200818735749	0.08444323189445546	1.2444563310064027	0.2649518698150039
rs100631	synthetic	632	A	G	0.5317258883248731	788	0.07430824709427526	0.053795921284675176	1.9079866613742194	0.16757615434083284
rs100632	synthetic	633	A	G	0.42376111817026685	787	-0.023975255108325332	0.05504919137506966	0.1896813299573592	0.6633004932601022
rs100633	synthetic	634	A	G	0.04294871794871795	780	0.206306359396596	0.13512099895155033	2.3312000083739592	0.1272028248185706
rs100634	synthetic	635	A	G	0.08894536213468869	787	-0.1131697263546096	0.09683948410502718	1.3657009050698456	0.24290309090340909
rs100635	synthetic	636	A	G	0.02564102564102564	780	0.1628147517670195	0.16523452096690103	0.9709255537221476	0.3247499957995244
rs100636	synthetic	637	A	G	0.10875160875160875	777	0.010453908442667335	0.08572293561916827	0.014871792382168	0.9029695455990896
rs100637	synthetic	638	A	G	0.26735218508997427	778	0.07867746250738292	0.060387999747715124	1.697459418189063	0.19299876315935188
rs100638	synthetic	639	A	G	0.3235668789808917	785	-0.029102852197318087	0.05613218689492556	0.26881109024480665	0.6042750538922285
rs100639	synthetic	640	A	G	0.25223499361430396	783	0.05088058566072051	0.061178756636694274	0.6916763246208315	0.4058451429503384
rs100640	synthetic	641	A	G	0.4375796178343949	785	-0.007576778096302568	0.05478050265078106	0.019130094280490312	0.8900292840507014
rs100641	synthetic	642	A	G	0.23940949935815148	779	0.0161879159169987	0.06272251611159835	0.06660931023166643	0.7964061146520767
rs100642	synthetic	643	A	G	0.3066581306017926	781	-0.030323137136585448	0.06255280301414332	0.2349928829546319	0.6279800133729759
rs100644	synthetic	645	A	G	0.11760925449871465	778	-0.04412870078953625	0.08746724705577918	0.2545372614717975	0.6140383728696859
rs100645	synthetic	646	A	G	0.3038216560509554	785	0.058462627618605864	0.059763137499041386	0.9569514021411365	0.32825449732073
rs100646	synthetic	647	A	G	0.19260204081632654	784	-0.034651148921104186	0.06955996809167908	0.24815128576144274	0.6185179544396705
rs100648	synthetic	649	A	G	0.4631043256997455	786	0.006961405000783249	0.05591648435632569	0.01549937141477363	0.9009537446591163
rs100649	synthetic	650	A	G	0.16559691912708602	779	-0.13441735567455282	0.07470359141682499	3.237633853126199	0.07234455888538006
rs100650	synthetic	651	A	G	0.02435897435897436	780	0.12841649934251198	0.17738427238391222	0.5240967080643333	0.46931286256644467
rs100651	synthetic	652	A	G	0.32716836734693877	784	-0.07668721913727414	0.0580032352215131	1.748000464073321	0.18650952226495762
rs100652	synthetic	653	A	G	0.3780487804878049	779	-0.06129773437791933	0.05740149467033685	1.1403612296007286	0.2859009832102739
rs100653	synthetic	654	A	G	0.03979460847240052	779	0.10968505519463827	0.1414211645646159	0.6015421972285484	0.4382214414025158
rs100654	synthetic	655	A	G	0.07961783439490445	785	0.19151748190043244	0.10238153100628787	3.4992390037671774	0.06176516051271853
rs100655	synthetic	656	A	G	0.1639030612244898	784	0.0022241287073000633	0.07626725933962047	0.0008504397491364196	0.9767424860109453
rs100656	synthetic	657	A	G	0.4163473818646232	783	-0.10388906659469996	0.05514901919245476	3.548657640767135	0.05995929330053942
rs100657	synthetic	658	A	G	0.1564102564102564	780	-0.014803326569630307	0.07332745101623361	0.04075542845122149	0.8400625189028448
rs100658	synthetic	659	A	G	0.4125159642401022	783	-0.02822785077848762	0.055787204374260435	0.25602739002439656	0.6130032491991586
rs100659	synthetic	660	A	G	0.3335483870967742	775	-0.039541133715643925	0.05824232422619777	0.4609149967900565	0.497394744663453
rs100660	synthetic	661	A	G	0.6471337579617834	785	-0.08012127296365754	0.058317380892810945	1.8875551926949283	0.16986614570582606
rs100661	synthetic	662	A	G	0.28297055057618437	781	0.004850574590375184	0.061448536567945126	0.006231079410375665	0.9371024992395119
rs100662	synthetic	663	A	G	0.3235668789808917	785	-0.02487242317613481	0.06049100623177199	0.16906533861030432	0.6810549019068529
rs100663	synthetic	664	A	G	0.3959131545338442	783	-0.06280186091764144	0.05720630682685345	1.2051946726089888	0.2726191189196781
rs100664	synthetic	665	A	G	0.1371794871794872	780	-0.07436147185961169	0.07594038644213649	0.9588492854970921	0.3277756020203636
rs100666	synthetic	667	A	G	0.28040973111395645	781	-0.040938567143169874	0.06204066421370391	0.43542403587365364	0.5095309867167257
rs100667	synthetic	668	A	G	0.02423469387755102	784	0.06447841443700847	0.17889985738828915	0.12989986807272066	0.7186318588255823
rs100668	synthetic	669	A	G	0.14690721649484537	776	0.035426207953554695	0.07593170502451117	0.21767223242852793	0.6409474545424997
rs100669	synthetic	670	A	G	0.2834190231362468	778	0.09868709708948682	0.06492540010409298	2.3104228932702258	0.12890767733435582
rs100670	synthetic	671	A	G	0.435361216730038	789	-0.03968676374743214	0.05916612970244098	0.4499301011597767	0.5025634601658984
rs100671	synthetic	672	A	G	0.2681528662420382	785	0.04660717339487753	0.060535624562204675	0.5927662585676764	0.4415806956181802
rs100672	synthetic	673	A	G	0.06074168797953964	782	-0.023121050100654805	0.11084040057829735	0.04351299093362851	0.834815890693258
rs100673	synthetic	674	A	G	0.39668367346938777	784	-0.05143359564559156	0.05567350126713135	0.8534865927123338	0.35584888249726093
rs100674	synthetic	675	A	G	0.2100253807106599	788	0.044935841020464246	0.06694130484797782	0.45060644760331686	0.5022425845599223
rs100675	synthetic	676	A	G	0.5319284802043422	783	-0.15781534708549966	0.05558046525226901	8.062210142965627	0.004635432283259003
rs100676	synthetic	677	A	G	0.2471116816431322	779	0.06466603261551057	0.06511946153005885	0.9861224192018575	0.3209948456222293
rs100677	synthetic	678	A	G	0.42839036755386567	789	0.0432682429630577	0.052402610370825935	0.6817618207790631	0.4092290355206608
rs100678	synthetic	679	A	G	0.12259306803594351	779	-0.14030321451472771	0.08294026313279439	2.8615703351271913	0.09111178011607014
rs100679	synthetic	680	A	G	0.17369093231162197	783	-0.02076058229723499	0.07554587885543819	0.0755192216672365	0.7835356308453304
rs100680	synthetic	681	A	G	0.5985915492957746	781	-0.0364451160823268	0.05643332270015135	0.4170685408393705	0.5185902479038458
rs100681	synthetic	682	A	G	0.3606870229007634	786	0.009296681167926849	0.05587175645040937	0.027686701905394094	0.8678899285614425
rs100682	synthetic	683	A	G	0.31585677749360613	782	0.005008361078724124	0.05794671468824688	0.007470224036152867	0.9311460536854286
rs100683	synthetic	684	A	G	0.06768837803320563	783	-0.10536314380320196	0.10750346044926115	0.9605778166767278	0.32734024670063144
rs100684	synthetic	685	A	G	0.17857142857142858	784	-0.03238094924522474	0.07485148209358596	0.18714504972519164	0.6654210866460858
rs100685	synthetic	686	A	G	0.28670886075949364	790	-0.01750958099449043	0.06343348743896884	0.07619286947915842	0.7825965128391722
rs100686	synthetic	687	A	G	0.24522292993630573	785	0.1065406116420674	0.06349617642278105	2.81536834639381	0.09375949104416012
rs100687	synthetic	688	A	G	0.2856234096692112	786	-0.05326304019099883	0.062445592932415576	0.7275256611956239	0.39394394108813585
rs100688	synthetic	689	A	G	0.09860050890585242	786	0.08165724865568733	0.09634654621123728	0.7183187186427819	0.39695167586781693
rs100689	synthetic	690	A	G	0.4268292682926829	779	0.023425533300069332	0.05502857744844304	0.18121844585442018	0.6704437185835478
rs100690	synthetic	691	A	G	0.05923566878980892	785	-0.09243870260505632	0.11843403609866698	0.6091926057025592	0.4353248839179832
rs100691	synthetic	692	A	G	0.2092426187419769	779	0.07915157379479736	0.07025976969704734	1.2691286996162636	0.2602709876999856
rs100692	synthetic	693	A	G	0.07407407407407407	783	-0.1119957543299848	0.10474083093279934	1.1433286558377151	0.2852754258583165
rs100693	synthetic	694	A	G	0.3837803320561941	783	-0.04713456875179322	0.05597549205318621	0.7090604076469393	0.4000097825942175
rs100694	synthetic	695	A	G	0.2750642673521851	778	-0.0006907568714854274	0.060119059129370066	0.0001320158503070869	0.9908355455379639
rs100695	synthetic	696	A	G	0.37292464878671777	783	0.042005314516977726	0.056295492832022356	0.5567512884855784	0.45579329884628567
rs100696	synthetic	697	A	G	0.22547770700636943	785	-0.031732518141264536	0.0662872661809071	0.2291652998838321	0.6322753989162979
rs100697	synthetic	698	A	G	0.4334186939820743	781	-0.0339207831164221	0.05533486538441981	0.37578031373800663	0.5400460014246415
rs100698	synthetic	699	A	G	0.4528061224489796	784	0.021370969301311923	0.05513243659839051	0.1502567764813732	0.6983941133853979
rs100699	synthetic	700	A	G	0.03635204081632653	784	0.10212866147919372	0.14893810226284515	0.47020110808731563	0.49309507438046624
rs100700	synthetic	701	A	G	0.3464467005076142	788	0.0010505713895388922	0.05647951146154594	0.000345994564200014	0.9851641405789466
rs100701	synthetic	702	A	G	0.17177522349936142	783	0.12914230054569248	0.07335414410391325	3.099472083879357	0.07870312670999022
rs100702	synthetic	703	A	G	0.14720812182741116	788	-0.07484605041054002	0.07446837182104335	1.0101690505583514	0.31516892301873733
rs100703	synthetic	704	A	G	0.17155612244897958	784	-0.0065341760426594194	0.0729353698677753	0.00802611323510278	0.9286367830668645
rs100704	synthetic	705	A	G	0.4268447837150127	786	-0.07852853060115074	0.05417738103228653	2.100965534471621	0.1476014968653115
rs100705	synthetic	706	A	G	0.46847414880201765	793	0.07108934484130372	0.05814673398334504	1.4947149263828845	0.22184958500345467
rs100706	synthetic	707	A	G	0.0955128205128205	780	0.04295532313017174	0.095677115166837	0.2015662594521546	0.6535822285232314
rs100707	synthetic	708	A	G	0.11548387096774193	775	0.07963430752586065	0.08740126625425071	0.8301660457728441	0.36250139446230684
rs100708	synthetic	709	A	G	0.3192307692307692	780	0.027654439642037464	0.057014210219053243	0.2352683465456567	0.6277786094083632
rs100709	synthetic	710	A	G	0.4631979695431472	788	0.09658513569303216	0.052851246467934584	3.339720480549289	0.06800174810099979
rs100710	synthetic	711	A	G	0.24744897959183673	784	-0.04431900000472136	0.061856939942629974	0.5133375597953027	0.4739085551138692
rs100711	synthetic	712	A	G	0.15038071065989847	788	-0.07104574724711571	0.07520604915201366	0.8924227326012727	0.3451093481084568
rs100712	synthetic	713	A	G	0.407994923857868	788	0.06028573453117795	0.05551080429321476	1.1794351696607284	0.27780102838282206
rs100713	synthetic	714	A	G	0.1588310038119441	787	0.1847964818643089	0.07414318462131607	6.212192797303154	0.012890406613848153
rs100714	synthetic	715	A	G	0.31789340101522845	788	0.04425340560150784	0.057525358344010374	0.5917996869178294	0.4419531009606116
rs100715	synthetic	716	A	G	0.022095959595959596	792	0.23219404523349946	0.1783700935105938	1.6945643891477356	0.19337838989497783
rs100716	synthetic	717	A	G	0.24936061381074168	782	0.01012165547453262	0.061928257960738246	0.026713166682926014	0.8702123704873624
rs100717	synthetic	718	A	G	0.24358974358974358	780	0.006173966851713789	0.06351546823302684	0.009448646012849587	0.9225888370680851
rs100718	synthetic	719	A	G	0.3072983354673495	781	-0.05624854054434464	0.05844049563884526	0.926391871704351	0.33609564796348007
rs100719	synthetic	720	A	G	0.4082802547770701	785	-0.10959814031796782	0.05580803377406174	3.8566739691174705	0.049897439386652274
rs100721	synthetic	722	A	G	0.34885204081632654	784	0.10660088930425074	0.0562551250218505	3.5908516809927318	0.05846195022987678
rs100722	synthetic	723	A	G	0.0960559796437659	786	0.061691267563533596	0.08888728595409594	0.4816905162300164	0.48786083637754074
rs100723	synthetic	724	A	G	0.3870558375634518	788	0.07587227169795081	0.05578048270808347	1.8501274153288996	0.17415510666749948
rs100724	synthetic	725	A	G	0.22837150127226463	786	0.06065100285954915	0.07559852637736951	0.6436493167703604	0.42263276582915493
rs100725	synthetic	726	A	G	0.5134099616858238	783	0.04440291250267356	0.0543800570492109	0.6667201754269334	0.414442660891779
rs100726	synthetic	727	A	G	0.36658195679796696	787	0.07712821590558118	0.05568277144873155	1.9186019669609748	0.16640037248864498
rs100727	synthetic	728	A	G	0.14974619289340102	788	0.028206353877566225	0.07654575537061477	0.13578496175526555	0.7126061659916376
rs100728	synthetic	729	A	G	0.3309948979591837	784	0.05714111646470707	0.05890996110160311	0.9408490948755205	0.332355319764481
rs100729	synthetic	730	A	G	0.183974358974359	780	0.05596847904445031	0.06872610427813107	0.6631985325307067	0.4156774873587248
rs100730	synthetic	731	A	G	0.46055979643765904	786	-0.01907986694963137	0.05468214738413964	0.12174736250778359	0.727239630254847
rs100731	synthetic	732	A	G	0.2905491698595147	783	-0.11365316812376151	0.05720830189929562	3.9467987220242793	0.04730438693702918
rs100732	synthetic	733	A	G	0.2772020725388601	772	-0.03994427861387258	0.061182120354018384	0.4262458037790429	0.5140260716095276
rs100733	synthetic	734	A	G	0.4173027989821883	786	-0.0003830442375327528	0.05601587955628732	4.676011249174503e-05	0.9945457187162684
rs100734	synthetic	735	A	G	0.1387468030690537	782	0.017695215039417123	0.07851639662827448	0.050791491839797476	0.8217497637562727
rs100735	synthetic	736	A	G	0.2013977128335451	787	-0.0407040530153059	0.06692779435817826	0.36988122297340204	0.5432431626839181
rs100736	synthetic	737	A	G	0.07971938775510204	784	-0.023342718026877034	0.09920340364035252	0.055366835490360145	0.8140354149476808
rs100737	synthetic	738	A	G	0.34438775510204084	784	0.04192484611881365	0.057808311319419846	0.5259717131519849	0.46851932713574257
rs100738	synthetic	739	A	G	0.09073359073359073	777	-0.07046329304053492	0.10171260279452113	0.47992827321178577	0.488657630858272
rs100739	synthetic	740	A	G	0.2567741935483871	775	0.06604833202268076	0.06405155246544224	1.063320992246498	0.30277335415357215
rs100740	synthetic	741	A	G	0.05313700384122919	781	-0.10180476991053317	0.12309048144591062	0.6840491580477251	0.40844468687115604
rs100741	synthetic	742	A	G	0.1500638569604087	783	-0.13551466233386072	0.0751824384822072	3.2489255491509486	0.07184988160777313
rs100742	synthetic	743	A	G	0.1946564885496183	786	-0.031381522754982356	0.07074356058187556	0.19677693785914957	0.6574560872292045
rs100743	synthetic	744	A	G	0.37966537966537967	777	-0.006606167065627691	0.05644347258759571	0.013698457125702715	0.9068576676757557
rs100744	synthetic	745	A	G	0.2739463601532567	783	-0.08588113501023673	0.060902246598946295	1.988515241208729	0.15888830985652277
rs100746	synthetic	747	A	G	0.0981012658227848	790	0.10654327306419577	0.09231925357052015	1.331887367993538	0.24881741533737775
rs100747	synthetic	748	A	G	0.15044814340588988	781	0.02711630415190551	0.07805046504212051	0.12070075955240712	0.7283678849273454
rs100748	synthetic	749	A	G	0.30051150895140666	782	-0.004691920776419248	0.061904069245589194	0.005744641673859214	0.9396025721266952
rs100749	synthetic	750	A	G	0.17496807151979565	783	0.04547817790288031	0.0703961128797947	0.4173580114085785	0.5184452000151694
rs100750	synthetic	751	A	G	0.02423469387755102	784	-0.04004654822485481	0.17782477432257038	0.05071607605302452	0.8218799204912809
rs100751	synthetic	752	A	G	0.4761290322580645	775	-0.0012912090299540644	0.05432762059533951	0.0005648742011437421	0.9810443762590068
rs100753	synthetic	754	A	G	0.2173076923076923	780	-0.059067045086895364	0.06532337253393053	0.817623364378924	0.36615056529258394
rs100754	synthetic	755	A	G	0.14120667522464697	779	-0.053179899214290116	0.07590682283743835	0.49083259107291183	0.4837616413341563
rs100755	synthetic	756	A	G	0.1356687898089172	785	0.07601819337862518	0.07813659976593806	0.94651188494616	0.33090541983850197
rs100756	synthetic	757	A	G	0.27623261694058154	791	-0.030168097782372113	0.060766013071860255	0.24647584754291382	0.6197051316180345
rs100757	synthetic	758	A	G	0.04267515923566879	785	0.0624865555825447	0.13401327972815402	0.21740899079832796	0.6411493219225302
rs100758	synthetic	759	A	G	0.3700636942675159	785	-0.06312118511425868	0.05546948617106365	1.2949172094684553	0.25548743057775014
rs100759	synthetic	760	A	G	0.4551282051282051	780	0.03962672381761248	0.05693433597462161	0.48442641491621824	0.4866280755961694
rs100760	synthetic	761	A	G	0.28525641025641024	780	0.030034893363918378	0.05943458840674102	0.25537223048052776	0.6134578912066315
rs100761	synthetic	762	A	G	0.2110969387755102	784	-0.07049536459452259	0.06572544270662446	1.1504137977432771	0.2837888342190545
rs100762	synthetic	763	A	G	0.43558673469387754	784	-0.0007387676090354208	0.054870711747921116	0.00018127357683264895	0.9892611627350671
rs100763	synthetic	764	A	G	0.18494897959183673	784	0.02253017754651716	0.06974583626460854	0.1043500487947037	0.74675572529777
rs100764	synthetic	765	A	G	0.18239795918367346	784	-0.032810469874022107	0.07021291277686399	0.21836896698873198	0.6404138787194396
rs100765	synthetic	766	A	G	0.08877284595300261	766	0.14401718487311735	0.09948018885466409	2.095827008627487	0.14809698728708745
rs100766	synthetic	767	A	G	0.21702944942381563	781	-0.028001427454456284	0.06913584341286011	0.16404153028669985	0.6855717431682863
rs100768	synthetic	769	A	G	0.15355329949238578	788	0.08763307141527653	0.07613983588665549	1.3246837046421265	0.25010011848768565
rs100769	synthetic	770	A	G	0.5617834394904458	785	-0.027161867060648597	0.059173585169309144	0.21069948445640407	0.6463454952219156
rs100770	synthetic	771	A	G	0.2901155327342747	779	0.08361409497235901	0.059697126716524114	1.9617882524399306	0.16171336057191676
rs100771	synthetic	772	A	G	0.30103359173126615	774	0.001718770031917177	0.06015145085221406	0.000816475827674015	0.977211505097306
rs100772	synthetic	773	A	G	0.43158567774936063	782	-0.040398172025635115	0.05405970984195622	0.5584393432565891	0.4551112586961901
rs100773	synthetic	774	A	G	0.21557271557271557	777	0.015877773791399347	0.06551074784404932	0.05874272733058267	0.8085569286696984
rs100774	synthetic	775	A	G	0.3960459183673469	784	-0.014370873629483381	0.05909114173558011	0.05914548238375024	0.8079145673145817
rs100775	synthetic	776	A	G	0.056265984654731455	782	0.08921185196572842	0.11515709596817607	0.600155377098648	0.4387496714269816
rs100776	synthetic	777	A	G	0.2879177377892031	778	-0.007085746673787352	0.06051166316705099	0.013711755600806898	0.906812673733153
rs100777	synthetic	778	A	G	0.38104325699745545	786	-0.061398289528044214	0.05968732976414973	1.0581524562558227	0.30395059455507606
rs100778	synthetic	779	A	G	0.08279845956354301	779	-0.022852894046305874	0.10117468175403167	0.05101979605335155	0.8213563615529014
rs100779	synthetic	780	A	G	0.09183673469387756	784	-0.19618282018220515	0.09740239986454062	4.0567909789442345	0.044331261005139025
rs100780	synthetic	781	A	G	0.4230769230769231	780	-0.022725945976427322	0.055230006608081396	0.16931434291950037	0.6808330764456535
rs100781	synthetic	782	A	G	0.2503217503217503	777	-0.05997563250813097	0.06404591744953915	0.876933722202277	0.34932797756029454
rs100782	synthetic	783	A	G	0.13439490445859872	785	-0.027580831213383773	0.0860811650300548	0.10265933076355074	0.7487457825627192
rs100783	synthetic	784	A	G	0.2966751918158568	782	0.06301268474214673	0.0603021702967956	1.0919181420220079	0.2963650199998946
rs100784	synthetic	785	A	G	0.046094750320102434	781	-0.021926036506565324	0.13039662913556263	0.028274018408547805	0.8665090948364049
rs100785	synthetic	786	A	G	0.18789808917197454	785	-0.03044058755907793	0.07193065410070462	0.17909276542226973	0.6722688082099029
rs100786	synthetic	787	A	G	0.39782886334610473	783	-0.04308113895894724	0.05468541449761149	0.620627958861772	0.4310494379412145
rs100787	synthetic	788	A	G	0.22959183673469388	784	-0.12681555550559123	0.06736416429902463	3.543946883151401	0.06012898254156886
rs100788	synthetic	789	A	G	0.5628970775095299	787	0.025016496439830803	0.05175379124771423	0.23365153250675588	0.6289628246857244
rs100789	synthetic	790	A	G	0.46396396396396394	777	-0.10984790286885955	0.0560703368438593	3.8381081664741625	0.05045005759821346
rs100790	synthetic	791	A	G	0.014800514800514801	777	0.11436928793791089	0.21942380113327947	0.2716760573881628	0.6023551905839758
rs100791	synthetic	792	A	G	0.07878017789072427	787	-0.060231574692939285	0.09856167877901063	0.3734498168288743	0.5413049261626914
rs100792	synthetic	793	A	G	0.43384223918575066	786	-0.04654515941920967	0.05541941088632599	0.7053833990481658	0.4012338184165773
rs100793	synthetic	794	A	G	0.09254498714652956	778	-0.05544685691593642	0.09513811946485484	0.3396602615386598	0.5601910732215618
rs100794	synthetic	795	A	G	0.13636363636363635	781	0.07061342012959478	0.0801013744063364	0.7771315805587561	0.37828695677044466
rs100795	synthetic	796	A	G	0.6233933161953727	778	0.020379418175185744	0.056128578034787255	0.13183037333594694	0.7166385025537071
rs100796	synthetic	797	A	G	0.03362944162436548	788	0.011744189034453447	0.14702822869210963	0.00638035165680453	0.936355153298588
rs100797	synthetic	798	A	G	0.45216836734693877	784	-0.035664781175192985	0.05454819392949042	0.427482534634651	0.5134163671734747
rs100798	synthetic	799	A	G	0.40625	784	-0.008904302180784448	0.05342717793898085	0.027776358569953963	0.8676781706512074
rs100799	synthetic	800	A	G	0.278343949044586	785	-0.025012637779780335	0.05868084863196529	0.1816879881812417	0.6700422806341699
rs100800	synthetic	801	A	G	0.03875476493011436	787	0.1788083373856441	0.13791144603942956	1.6810278385873754	0.19516508882354042
rs100801	synthetic	802	A	G	0.45849297573435505	783	0.0005255104101513648	0.05562260902662244	8.926062745391034e-05	0.9924642471725786
rs100802	synthetic	803	A	G	0.2813299232736573	782	-0.03948249952969492	0.060736956826823396	0.42257443687153534	0.5158435046518027
rs100803	synthetic	804	A	G	0.05512321660181582	771	-0.07836506979707078	0.11657590736698051	0.45188449543551007	0.5016371996247463
rs100804	synthetic	805	A	G	0.03417721518987342	790	-0.016155200536278863	0.1495535585464019	0.011668934553939206	0.9140048972035573
rs100805	synthetic	806	A	G	0.0990990990990991	777	0.06589270519554567	0.09431834219183673	0.4880702743594115	0.4849942017068136
rs100806	synthetic	807	A	G	0.096569250317662	787	-0.04746449302319755	0.09353609487468237	0.25750118059361055	0.6119831903683043
rs100807	synthetic	808	A	G	0.08974358974358974	780	-0.06025063955757798	0.09559012889064311	0.39728048114197617	0.5286786648056497
rs100808	synthetic	809	A	G	0.32756410256410257	780	0.11245669273378499	0.06123564001586674	3.372578690021233	0.06666408237226594
rs100809	synthetic	810	A	G	0.14403553299492386	788	-0.06657359759736951	0.07488844558524411	0.790268043737363	0.3742886638230978
rs100810	synthetic	811	A	G	0.05840821566110398	779	0.04301880287236943	0.11741237645574285	0.13424214550886931	0.7141712884384491
rs100811	synthetic	812	A	G	0.41921119592875317	786	-0.057877136941305536	0.05592562539478608	1.0710071742872607	0.3010335445945227
rs100812	synthetic	813	A	G	0.17522464698331194	779	0.010925060889351742	0.07551844043700676	0.020928673707643217	0.8850101913418228
rs100813	synthetic	814	A	G	0.19373401534526855	782	-0.11240253511194118	0.06688981681128457	2.8237887235441295	0.09327076582045146
rs100814	synthetic	815	A	G	0.13037974683544304	790	0.1876336848508029	0.08389027108814241	5.002630418529862	0.025586090269450027
rs100815	synthetic	816	A	G	0.1399229781771502	779	0.05451856247828548	0.07986128162627429	0.4660325392320341	0.49501744032536976
rs100816	synthetic	817	A	G	0.38407643312101913	785	0.0476541791243565	0.05567836778150582	0.7325360377999878	0.39232092469699154
rs100817	synthetic	818	A	G	0.2744599745870394	787	0.0250016976793666	0.06374414023709048	0.15383617146965495	0.6950013934956253
rs100818	synthetic	819	A	G	0.2627551020408163	784	-0.020344906199255997	0.05963876903854571	0.11637348546124132	0.7330918799110192
rs100819	synthetic	820	A	G	0.5197704081632653	784	-0.04936472421330624	0.05679381391445741	0.7554945954117599	0.38500515925700196
rs100820	synthetic	821	A	G	0.3864213197969543	788	-0.053478128194295885	0.0540130292890493	0.9802917003860998	0.32242880279273717
rs100821	synthetic	822	A	G	0.10101651842439645	787	0.03185854838455003	0.09138061130593157	0.12154688943203622	0.7274553210929876
rs100822	synthetic	823	A	G	0.39144316730523626	783	0.04623489270833239	0.05576882986841995	0.6873163003110235	0.40732817683462835
rs100824	synthetic	825	A	G	0.0834403080872914	779	-0.044845028192518545	0.09890308605898966	0.20559328067508376	0.6503675391524172
rs100825	synthetic	826	A	G	0.1245186136071887	779	-0.01105623935608696	0.08679254538642386	0.016227440069194337	0.8986664234174427
rs100826	synthetic	827	A	G	0.027989821882951654	786	0.2756962862993923	0.15911961509474754	3.0020256112180355	0.08354927131241077
rs100827	synthetic	828	A	G	0.10778061224489796	784	0.030540485800536116	0.0886315774494409	0.11873395225639446	0.7305030588936455
rs100828	synthetic	829	A	G	0.23193916349809887	789	0.12143293176096913	0.065983822001166	3.3868660854188173	0.06609125204979077
rs100829	synthetic	830	A	G	0.13104325699745548	786	0.015812188496384806	0.08071579085574854	0.03837664043661261	0.8447389630347635
rs100831	synthetic	832	A	G	0.3700887198986058	789	0.032005963393300044	0.05568834840393523	0.33031867870804077	0.5656345072269836
rs100832	synthetic	833	A	G	0.10438144329896908	776	-0.1424500320118033	0.08770275622019226	2.6381447342041073	0.10472269135989899
rs100833	synthetic	834	A	G	0.14641943734015345	782	-0.010878678798124767	0.07557933538034448	0.020717920917070066	0.8855866202864918
rs100834	synthetic	835	A	G	0.25288831835686776	779	0.02705597226748725	0.06213915704688139	0.18958133413367226	0.6633837798443155
rs100835	synthetic	836	A	G	0.16050955414012738	785	-0.08207351440819806	0.07491831523740755	1.2001348745561398	0.27362732197345113
rs100836	synthetic	837	A	G	0.12706480304955528	787	-0.04313103230221919	0.08154572239547346	0.2797546645958238	0.5970100719993623
rs100837	synthetic	838	A	G	0.4403553299492386	788	0.00349033714844875	0.05544433395329143	0.003962966651404262	0.9498205125542354
rs100838	synthetic	839	A	G	0.2794871794871795	780	-0.0029232287191298086	0.05905275865430362	0.002450446428433952	0.9605317210489769
rs100839	synthetic	840	A	G	0.19706632653061223	784	-0.0040056356154404525	0.07260243384351157	0.0030439710676079413	0.9560151774859807
rs100840	synthetic	841	A	G	0.4601029601029601	777	-0.016597682529901008	0.054195133231510366	0.09379384295090465	0.759488751084756
rs100841	synthetic	842	A	G	0.21419354838709678	775	0.000504375889279681	0.06575284294709628	5.884093502513545e-05	0.993881588750492
rs100842	synthetic	843	A	G	0.19348659003831417	783	-0.037602248448614185	0.06872449956911435	0.29936736651350504	0.5844332350927444
rs100843	synthetic	844	A	G	0.39225806451612905	775	-0.013107841316924176	0.05649837187685754	0.05382579892090152	0.8165948591063507
rs100844	synthetic	845	A	G	0.39631043256997456	786	0.06390884274212875	0.05524541279289714	1.3382259924289839	0.24769541317453292
rs100845	synthetic	846	A	G	0.11060802069857698	773	0.1190681770472981	0.09052115610468402	1.7301797517287805	0.18876813023112776
rs100846	synthetic	847	A	G	0.046094750320102434	781	0.19898240306764822	0.13118469647757622	2.3007158969034625	0.1297129035170775
rs100847	synthetic	848	A	G	0.39730423620025673	779	0.08143378449290051	0.05966191527021234	1.8630085785519976	0.17266509455905749
rs100848	synthetic	849	A	G	0.06524547803617571	774	-0.1888962728770079	0.11195445684689612	2.8468461875603066	0.09194663617646952
rs100849	synthetic	850	A	G	0.3254777070063694	785	-0.009787358229136288	0.05721353500549399	0.029263980897878763	0.8642145792021302
rs100850	synthetic	851	A	G	0.3326947637292465	783	-0.025039476991346614	0.05920158609317357	0.17888907658320186	0.6724443630856614
rs100851	synthetic	852	A	G	0.03501945525291829	771	-0.07709758228317486	0.15159358047704932	0.25865441569783887	0.6111875559110302
rs100852	synthetic	853	A	G	0.5140845070422535	781	-0.09133001826839401	0.05537794837138629	2.7199026796017516	0.09950010433829135
rs100853	synthetic	854	A	G	0.3576874205844981	787	-0.012268631914429274	0.05643593295624723	0.04725860045477663	0.8279600062610549
rs100854	synthetic	855	A	G	0.11357868020304568	788	-0.05832708818095411	0.08380562285607637	0.4843890039177402	0.48664489763529806
rs100855	synthetic	856	A	G	0.2907573812580231	779	0.020710047192211308	0.05942245084921026	0.12146776955725434	0.7275405018078309
rs100856	synthetic	857	A	G	0.4399744572158365	783	-0.032346153563892886	0.054034683400911825	0.3583439410026465	0.5495983561902117
rs100857	synthetic	858	A	G	0.288265306122449	784	0.027023235879067676	0.05988875832318392	0.20360295944489493	0.6519515887655809
rs100858	synthetic	859	A	G	0.1489769820971867	782	0.027459582048746503	0.07521402262087784	0.13328774260539752	0.7151446039361609
rs100859	synthetic	860	A	G	0.2906530089628681	781	-0.010940214265542742	0.05927819181138898	0.03406134241115878	0.8536235826064372
rs100860	synthetic	861	A	G	0.11794871794871795	780	0.10774264697849562	0.0820936647550819	1.7224871664006816	0.18975293618878397
rs100861	synthetic	862	A	G	0.3688212927756654	789	-0.045164247143725016	0.0556757404333787	0.6580479607477407	0.4174933348032477
rs100862	synthetic	863	A	G	0.4144144144144144	777	-0.04452717288668571	0.055321651875734935	0.6478283728143903	0.42113140983266306
rs100863	synthetic	864	A	G	0.367984693877551	784	-0.01624344438391015	0.05597558257244942	0.08420909637497251	0.7717482531640252
rs100864	synthetic	865	A	G	0.35796915167095117	778	-0.00608714302802483	0.055265694723105455	0.012131534714260461	0.9123236386742837
rs100865	synthetic	866	A	G	0.3282247765006386	783	0.03397151546037693	0.057594255811922304	0.34791367557443337	0.5554645513619405
rs100866	synthetic	867	A	G	0.33889602053915274	779	0.02384609201893541	0.055300737077657994	0.1859398992532032	0.6664347008971256
rs100867	synthetic	868	A	G	0.1896551724137931	783	0.08680494031069869	0.06994950160953474	1.5399961553106798	0.21498536129278575
rs100868	synthetic	869	A	G	0.1788931788931789	777	-0.046599912964806714	0.07270952896919024	0.4107594358782901	0.5217694630003316
rs100869	synthetic	870	A	G	0.4328644501278772	782	0.062255524832445015	0.05426972703576119	1.3159534380205553	0.2516655583446512
rs100870	synthetic	871	A	G	0.37849872773536897	786	-0.04535681854496087	0.057981896099584415	0.6119280228605504	0.43429631061190344
rs100871	synthetic	872	A	G	0.05987261146496815	785	0.11192995821823525	0.11345072146928811	0.9733704535592044	0.3241419557461624
rs100872	synthetic	873	A	G	0.15228426395939088	788	0.06416983554336447	0.07627603730268213	0.7077593372739704	0.40044227375276104
rs100873	synthetic	874	A	G	0.33885350318471336	785	-0.055045837816976084	0.05521775124871513	0.9937829479623284	0.3191236294718982
rs100874	synthetic	875	A	G	0.2857142857142857	784	-0.011907123852651122	0.06114239950649714	0.037925279065634476	0.845643137276923
rs100875	synthetic	876	A	G	0.09785353535353536	792	0.048780058531237194	0.08919760368089358	0.2990737250405308	0.584617545676523
rs100876	synthetic	877	A	G	0.25862068965517243	783	0.03129669705948927	0.06074659892431588	0.26543187613322483	0.6065562835220788
rs100877	synthetic	878	A	G	0.47560975609756095	779	0.07096363397916171	0.05887347393093157	1.452888775787313	0.22842454191083533
rs100878	synthetic	879	A	G	0.11627906976744186	774	0.04833789072902162	0.08712839999713323	0.3077909978217605	0.5791953313066535
rs100879	synthetic	880	A	G	0.18702290076335878	786	-0.027206289830311498	0.06858099830813728	0.15737329402331163	0.691693197537476
rs100880	synthetic	881	A	G	0.22953964194373402	782	0.049550481597375656	0.06471180265669371	0.5863119741375333	0.44407665083842696
rs100881	synthetic	882	A	G	0.06153846153846154	780	0.5346069330000723	0.1102708131383988	23.504337739349708	1.4998545993641259e-06
rs100882	synthetic	883	A	G	0.2752880921895006	781	-0.0962334765088638	0.06310040017059869	2.325884388448491	0.12763658835098726
rs100883	synthetic	884	A	G	0.14166666666666666	780	-0.1594124525979596	0.07732161079903895	4.250526237973823	0.03956354607979897
rs100884	synthetic	885	A	G	0.2714468629961588	781	-0.09697952082839659	0.06550411995585702	2.1919105920611432	0.13913430792545087
rs100885	synthetic	886	A	G	0.13520408163265307	784	0.12274933326254872	0.07940856569133035	2.389480993009487	0.12255313695223727
rs100886	synthetic	887	A	G	0.03485424588086185	789	0.009313934610637583	0.15218977630148295	0.0037453759016241924	0.9512157672068797
rs100887	synthetic	888	A	G	0.37291399229781774	779	-0.006710659803255123	0.058137144897388984	0.013323644793728823	0.9081350339166998
rs100888	synthetic	889	A	G	0.08280254777070063	785	0.0024683893494279264	0.0997254042509961	0.000612654625563695	0.9802591155988124
rs100889	synthetic	890	A	G	0.14942528735632185	783	0.05801005625301618	0.07689366953271025	0.5691482429721164	0.4508215478376446
rs100890	synthetic	891	A	G	0.19146183699870634	773	0.024106125853023314	0.06999224630266386	0.11861919586499042	0.7306282480434628
rs100891	synthetic	892	A	G	0.3505747126436782	783	0.07274168135406958	0.06031655999599339	1.4544324009466858	0.22817775823960018
rs100892	synthetic	893	A	G	0.25412960609911056	787	0.007878549385053068	0.060276834468564286	0.017084082110930793	0.8960409638712513
rs100894	synthetic	895	A	G	0.33248081841432225	782	-0.032996140929699394	0.056966329657289524	0.3354979124302776	0.5626040064537781
rs100895	synthetic	896	A	G	0.16602564102564102	780	-0.013698211711074828	0.07698180762344121	0.03166296194624441	0.8588148379358697
rs100896	synthetic	897	A	G	0.16259640102827763	778	0.15640459773705967	0.07332665753963424	4.549621351137873	0.03323249016431749
rs100897	synthetic	898	A	G	0.010269576379974325	779	0.04460272759821517	0.27300184351682916	0.02669264905408632	0.8702617805463618
rs100898	synthetic	899	A	G	0.056760204081632654	784	-0.11347545522005878	0.11224853545046895	1.0219802444227484	0.3123581018124106
rs100899	synthetic	900	A	G	0.3778772378516624	782	0.0950496161035439	0.054463713144709824	3.0456938116226744	0.08133885411758576
rs100900	synthetic	901	A	G	0.26952624839948786	781	0.01606157984120614	0.058971334559552176	0.07418132893282875	0.7854142080447795
rs100901	synthetic	902	A	G	0.35421994884910485	782	-0.026834568548176955	0.05836880133396947	0.21136237709468544	0.6458276893424179
rs100902	synthetic	903	A	G	0.4832474226804124	776	0.026745745382837027	0.054371846315260715	0.24196984725995488	0.6229231288597148
rs100903	synthetic	904	A	G	0.0840821566110398	779	0.11495465554204344	0.09784862150265021	1.3802053468770399	0.24041881776953614
rs100904	synthetic	905	A	G	0.2471190781049936	781	0.0774879963838889	0.06391377602833255	1.4698733301279676	0.22572675357959593
rs100905	synthetic	906	A	G	0.366025641025641	780	-0.06154504961013319	0.0582083751465968	1.1179317728397116	0.29068621304490183
rs100906	synthetic	907	A	G	0.5313299232736572	782	0.09986896199879247	0.05335452756425352	3.5036322442537418	0.06160229651132012
rs100907	synthetic	908	A	G	0.4282994923857868	788	-0.049442223730008956	0.05522608617464059	0.8015072563010287	0.3709147661855423
rs100908	synthetic	909	A	G	0.1883780332056194	783	0.04656094220914872	0.07079818711653314	0.43251308012329115	0.5109492352642034
rs100909	synthetic	910	A	G	0.36299615877080665	781	0.04223820327615685	0.054507692754538636	0.6004754736558766	0.43862766223127936
rs100910	synthetic	911	A	G	0.4364675984752224	787	0.021946274372016652	0.05493869137378529	0.1595750495824719	0.6896556218776018
rs100911	synthetic	912	A	G	0.22871664548919948	787	0.027141508831915157	0.0641124708675955	0.17921854391529068	0.6721604613147714
rs100912	synthetic	913	A	G	0.15728900255754474	782	-0.05747793474549722	0.0794822128667308	0.522952700925905	0.4697980903305681
rs100913	synthetic	914	A	G	0.5478036175710594	774	-0.04999645062894149	0.05411702960186518	0.8535136005797234	0.3558412758628706
rs100914	synthetic	915	A	G	0.08917197452229299	785	0.02665358050704042	0.09628251993901679	0.07663306924204258	0.7819852515375187
rs100915	synthetic	916	A	G	0.5019035532994924	788	0.08587178508000615	0.0538728887292254	2.5407413451190717	0.111341150806397
rs100916	synthetic	917	A	G	0.37436224489795916	784	0.014029769361379988	0.05673452516468776	0.061151373271882394	0.8047493247563675
rs100917	synthetic	918	A	G	0.0696774193548387	775	0.01612815916779302	0.10628666763542734	0.02302565640005665	0.8794289676469879
rs100918	synthetic	919	A	G	0.5440613026819924	783	0.05006375770199934	0.05466544118291854	0.8387280602286284	0.3600392060276163
rs100919	synthetic	920	A	G	0.09171974522292993	785	0.036394196681845056	0.09636654887403355	0.14263025654098155	0.7057811151030088
rs100920	synthetic	921	A	G	0.0717005076142132	788	-0.017623058428036926	0.10459942784220772	0.028385983389387866	0.8662475339179287
rs100921	synthetic	922	A	G	0.4300254452926209	786	-0.028019059421624585	0.054736843472323285	0.2620279421677188	0.6088728586521631
rs100922	synthetic	923	A	G	0.30180180180180183	777	-0.04740973559353195	0.05843075407074205	0.6583427910354375	0.4173890738597241
rs100923	synthetic	924	A	G	0.3944658944658945	777	-0.10042519399099166	0.053918356556950715	3.4690620338742186	0.0628963604160667
rs100925	synthetic	926	A	G	0.42480719794344474	778	0.029109798533137436	0.054958401563771964	0.2805499614984623	0.5964892309452374
rs100926	synthetic	927	A	G	0.2903846153846154	780	-0.07888439151177247	0.05991449258928994	1.7334782160778197	0.1883476873085756
rs100927	synthetic	928	A	G	0.3906048906048906	777	-0.04149739613010637	0.05575927822097421	0.5538694437368568	0.45696140539644536
rs100928	synthetic	929	A	G	0.3075933075933076	777	-0.0004702655892345897	0.059569244733096216	6.23221195250699e-05	0.9937032023507619
rs100929	synthetic	930	A	G	0.02892030848329049	778	-0.10120688276174675	0.1610592964561224	0.39486487379923135	0.5299341733338065
rs100930	synthetic	931	A	G	0.27566539923954375	789	0.0073758303955172525	0.06144456968119895	0.014409696355099626	0.9044815542774353
rs100931	synthetic	932	A	G	0.3010204081632653	784	0.09300805455528283	0.05976580455738105	2.421784973261979	0.12005749648551413
rs100932	synthetic	933	A	G	0.19642857142857142	784	0.023216430602998932	0.06724826799570323	0.11918694650016196	0.7300095418211157
rs100933	synthetic	934	A	G	0.3888888888888889	783	-0.018371236004152105	0.0563638095274327	0.10623706780249419	0.7445555276933462
rs100934	synthetic	935	A	G	0.13486005089058525	786	-0.12175293329441343	0.0804301029548442	2.2915092621966155	0.1304818152799068
rs100935	synthetic	936	A	G	0.48915816326530615	784	-0.10331430504627695	0.05390251793243314	3.6736925874813506	0.05563671592437963
rs100936	synthetic	937	A	G	0.2859848484848485	792	-0.14999779174922287	0.058215701588877906	6.638798075835179	0.01015787177935971
rs100937	synthetic	938	A	G	0.08015267175572519	786	0.14243946887998118	0.10129216167221453	1.9774659416365226	0.16004933955969244
rs100938	synthetic	939	A	G	0.12483912483912483	777	-0.033700480102225566	0.08416252412821489	0.16033733909638181	0.688953975045476
rs100939	synthetic	940	A	G	0.06482670089858793	779	-0.04111272827239028	0.11613551951673286	0.12532059888789193	0.7234281187824431
rs100940	synthetic	941	A	G	0.4929667519181586	782	0.057444301013234694	0.05405256970797904	1.129434910415767	0.2882194293012896
rs100941	synthetic	942	A	G	0.04758883248730964	788	-0.04267179090228847	0.12851444818757538	0.110249804718332	0.739947656509462
rs100942	synthetic	943	A	G	0.42445582586427655	781	0.05502341879519927	0.060692837726993396	0.8219024119620804	0.36489991718307885
rs100943	synthetic	944	A	G	0.031806615776081425	786	-0.024295038798530323	0.1571828500123039	0.023890480013449945	0.8772032344390494
rs100944	synthetic	945	A	G	0.23081841432225064	782	0.07641577915511931	0.06815463418545745	1.25711587024537	0.2625371330601644
rs100945	synthetic	946	A	G	0.07707006369426751	785	0.12263770208316142	0.10031714361820293	1.4945061040052752	0.2218818426146261
rs100946	synthetic	947	A	G	0.2111251580278129	791	-0.04687715426092209	0.06575612157216013	0.5082180661865686	0.476120977181652
rs100947	synthetic	948	A	G	0.11089743589743589	780	-0.12343524250672966	0.08535670517750062	2.0912360832212387	0.1485412662975167
rs100948	synthetic	949	A	G	0.30407124681933845	786	-0.09451007244026473	0.05916586435252892	2.5516068836132213	0.11058051547478992
rs100949	synthetic	950	A	G	0.09426751592356689	785	0.041787099872122146	0.09165906384903601	0.2078421506145494	0.6485888028763875
rs100950	synthetic	951	A	G	0.20460358056265984	782	0.08664502508031463	0.06730757455777625	1.6571406914476436	0.1983654134911169
rs100951	synthetic	952	A	G	0.31139240506329113	790	-0.08796118748106722	0.059749294338800815	2.1672879009351376	0.14137141407996526
rs100952	synthetic	953	A	G	0.22193877551020408	784	0.03704311043332682	0.06546521374573644	0.3201796402379162	0.5716597815812657
rs100953	synthetic	954	A	G	0.17363751584283904	789	0.05395177876763205	0.07204786815119431	0.5607499787779983	0.45418027217159124
rs100954	synthetic	955	A	G	0.07452229299363057	785	-0.032929894179455264	0.10907373061603312	0.09114657110851737	0.7628037151062025
rs100955	synthetic	956	A	G	0.5801282051282052	780	0.018000716797024186	0.056363773222841466	0.10199514055507879	0.7495325093717822
rs100956	synthetic	957	A	G	0.24871794871794872	780	-0.16239408247895193	0.06460220671644638	6.318961268795394	0.012142423115336814
rs100957	synthetic	958	A	G	0.04469987228607918	783	-0.018129808009734013	0.1356914840177961	0.017851767648805573	0.8937444740474726
rs100958	synthetic	959	A	G	0.2560355781448539	787	0.07738664796779426	0.06133467873261752	1.5919150231207748	0.20742373306656242
rs100959	synthetic	960	A	G	0.43979721166032953	789	0.04128964739260633	0.05422709649351317	0.5797618649179257	0.44663204739004037
rs100960	synthetic	961	A	G	0.31353767560664114	783	0.020634453010985328	0.05992731868190913	0.11855946437237372	0.7306934366687399
rs100961	synthetic	962	A	G	0.2888318356867779	779	-0.014245049384892756	0.060913292051220445	0.05468947764684386	0.8151557220807677
rs100962	synthetic	963	A	G	0.3138500635324015	787	0.10189646000876323	0.060117783900767385	2.872845476005684	0.0904780569580367
rs100963	synthetic	964	A	G	0.2878205128205128	780	-0.08892875111358202	0.05860149613204276	2.3028570429301003	0.12953480717032223
rs100964	synthetic	965	A	G	0.08664955070603338	779	0.04315575878985829	0.09570524666329563	0.20333213473975653	0.6521678513681095
rs100965	synthetic	966	A	G	0.1391025641025641	780	0.023685897317765096	0.07983676419366696	0.08801847328863818	0.7667892203931781
rs100966	synthetic	967	A	G	0.5326504481434059	781	0.036045287501717226	0.05630410429651905	0.40984239407041617	0.5222344342923892
rs100967	synthetic	968	A	G	0.21971649484536082	776	0.0640833475310095	0.0665158141550215	0.9281978486626571	0.33562534158096446
rs100968	synthetic	969	A	G	0.34879288437102923	787	-0.05014941563298141	0.0562064377798147	0.796085346830431	0.37253702726135846
rs100969	synthetic	970	A	G	0.011421319796954314	788	-0.5889194701200658	0.2540050702845885	5.375601342106699	0.020673742295572183
rs100970	synthetic	971	A	G	0.4777636594663278	787	0.052919337676135186	0.054410581117623716	0.9459366915957367	0.33105230689088455
rs100971	synthetic	972	A	G	0.2318471337579618	785	0.012890595096823422	0.06953862895900079	0.03436320687359404	0.8529837638961832
rs100972	synthetic	973	A	G	0.2120253164556962	790	-0.10753991086252712	0.06579855362020073	2.6712015014627095	0.1025757467759103
rs100973	synthetic	974	A	G	0.30715197956577267	783	-0.0036130349859475968	0.05776382819838374	0.003912302243510975	0.950141881978448
rs100974	synthetic	975	A	G	0.14795918367346939	784	0.04574278783831702	0.07610223955763504	0.3612853772238842	0.5479650004660854
rs100975	synthetic	976	A	G	0.19629156010230178	782	0.040572418450635084	0.06757681324960683	0.3604677175334485	0.548418129803682
rs100976	synthetic	977	A	G	0.04924242424242424	792	-0.4029954034325845	0.12314127954441555	10.710083610624125	0.0011116510453813798
rs100977	synthetic	978	A	G	0.2330345710627401	781	0.030954331758563606	0.06295865452055	0.24173080003699174	0.6230948833869322
rs100978	synthetic	979	A	G	0.17046894803548795	789	0.0176331063901694	0.07116128760813298	0.061400238812304865	0.8043604842531383
rs100979	synthetic	980	A	G	0.41135204081632654	784	-0.11335109370410625	0.05522220006926701	4.21331587494171	0.040435545350676866
rs100980	synthetic	981	A	G	0.11210191082802548	785	0.09628669568930985	0.08581729112417587	1.2588760259515293	0.26220356337614054
rs100981	synthetic	982	A	G	0.2694805194805195	770	-0.014245735689076425	0.06122567376444308	0.054138051204475644	0.8160731617302879
rs100982	synthetic	983	A	G	0.3470290771175727	791	0.08578188318545467	0.05739857128433599	2.233515585907024	0.13544406248801183
rs100983	synthetic	984	A	G	0.22471190781049935	781	0.04427784591271001	0.06475523697093143	0.4675447397000172	0.49431862447040525
rs100984	synthetic	985	A	G	0.33397435897435895	780	0.07029714937115446	0.06033495321741493	1.357492590652342	0.244322861465451
rs100985	synthetic	986	A	G	0.19936305732484078	785	-0.12687059623442978	0.06989425654552363	3.2948752971598405	0.06987401456899937
rs100986	synthetic	987	A	G	0.3416030534351145	786	-0.05494460094581908	0.058662837310560226	0.8772510934302674	0.34924083605806927
rs100988	synthetic	989	A	G	0.14221938775510204	784	-0.03600837280261666	0.078589557512242	0.2099313533461648	0.6469467412456223
rs100989	synthetic	990	A	G	0.4143401015228426	788	-0.02279728456399534	0.05469071476629345	0.1737556926220565	0.67690815778652
rs100990	synthetic	991	A	G	0.17961783439490445	785	0.012885515305823483	0.07013408990054219	0.033755554838686176	0.8542747128943053
rs100992	synthetic	993	A	G	0.25224071702944945	781	0.030336224625155728	0.06249679424485106	0.235617520280665	0.6275235218555952
rs100993	synthetic	994	A	G	0.14755154639175258	776	-0.0911223649927097	0.07455040410632587	1.4939978138243446	0.22196038368235096
rs100994	synthetic	995	A	G	0.04789272030651341	783	-0.01910862575066153	0.12788406867287394	0.022326776211015528	0.8812590619043669
rs100995	synthetic	996	A	G	0.08695652173913043	782	-0.14086182203323797	0.09555235051690679	2.1732208028574314	0.1408287002467794
rs100996	synthetic	997	A	G	0.3523017902813299	782	-0.05098648212654008	0.058105554356463196	0.7699717632131614	0.3804915474603368
rs100997	synthetic	998	A	G	0.11577608142493638	786	-0.071481397683152	0.08737720737870092	0.6692521126463676	0.41355821852153335
rs100998	synthetic	999	A	G	0.47579617834394905	785	0.030722203107130964	0.05352317662226846	0.3294738492602626	0.5661318343253825
rs100999	synthetic	1000	A	G	0.20584498094027953	787	-0.0627947836036935	0.06478975601791176	0.9393651571078729	0.33273666839938665
rs101000	synthetic	1001	A	G	0.05113636363636364	792	0.21961941113163502	0.12283948471013709	3.1964320270813755	0.07418084645193716
rs101002	synthetic	1003	A	G	0.3379746835443038	790	-0.001091848745027306	0.05913116241931287	0.0003409511230926089	0.9852726536739573
rs101003	synthetic	1004	A	G	0.4299363057324841	785	-0.02284204728130461	0.05344520031008911	0.18266386137392998	0.6692099092278171
rs101004	synthetic	1005	A	G	0.11696658097686376	778	0.0689224526555251	0.08722241275866846	0.6244033945615692	0.42965187644881986
rs101005	synthetic	1006	A	G	0.39845758354755784	778	0.002702533419675077	0.05593857171943073	0.0023340996832509377	0.9614793406703198
rs101006	synthetic	1007	A	G	0.3963963963963964	777	0.01541400966054478	0.05414627874383175	0.08103899086185716	0.775968632639441
rs101007	synthetic	1008	A	G	0.2886334610472541	783	-0.018109808043712747	0.06058424312228517	0.08935283177545159	0.765079830227618
rs101008	synthetic	1009	A	G	0.06722151088348272	781	0.015331800249774135	0.10828905811855019	0.020045511944719735	0.8874460077195353
rs101009	synthetic	1010	A	G	0.1939820742637644	781	0.043777117379093934	0.06712565915589777	0.4253213611031302	0.5144826436245507
rs101010	synthetic	1011	A	G	0.03164556962025317	790	-0.16755074317836355	0.15277439935029638	1.2027948147226573	0.27309672648616995
rs101011	synthetic	1012	A	G	0.2919847328244275	786	0.0005834239505492943	0.059216481540889265	9.706961532633351e-05	0.9921415342294951
rs101012	synthetic	1013	A	G	0.10435339308578745	781	0.006412453399177308	0.09392979280808712	0.004660598760071725	0.9455890461949228
rs101013	synthetic	1014	A	G	0.23273657289002558	782	0.1029398741660231	0.06450448900851917	2.5467562913329065	0.11091936815059235
rs101014	synthetic	1015	A	G	0.11245235069885642	787	0.10065927221024405	0.08974807848893954	1.2579322571637745	0.26238235286943706
rs101015	synthetic	1016	A	G	0.34398976982097185	782	0.018664285796469553	0.060200304400607266	0.09612257077935418	0.7566147319387913
rs101016	synthetic	1017	A	G	0.16367137355584083	779	0.010980666512031823	0.07227625730298533	0.023081609721429006	0.8792836838631316
rs101017	synthetic	1018	A	G	0.330379746835443	790	0.05765933458760397	0.05738139443099611	1.009710927848016	0.3152786124203602
rs101018	synthetic	1019	A	G	0.14772727272727273	792	0.08703417698238237	0.0758120140188891	1.3179641139077585	0.2513039552657464
rs101019	synthetic	1020	A	G	0.10333761232349166	779	-0.029697595771852322	0.08990682728045635	0.1091081617520094	0.7412490195226498
rs101020	synthetic	1021	A	G	0.48980891719745223	785	0.08309661546986143	0.05399419025191403	2.3684957276618563	0.12420520636156526
rs101021	synthetic	1022	A	G	0.2430025445292621	786	-0.04596080793135337	0.06309177538766249	0.5306764457946939	0.4665376681832636
rs101023	synthetic	1024	A	G	0.1685823754789272	783	-0.04899539411723976	0.07360191540853941	0.4431311479273045	0.5058086195409487
rs101024	synthetic	1025	A	G	0.19483870967741934	775	-0.10648998837636002	0.0723369764865309	2.1671893339488086	0.14138045037999208
rs101025	synthetic	1026	A	G	0.2220795892169448	779	0.046343837032927514	0.06387738158226222	0.5263683473976632	0.46835174110998967
rs101026	synthetic	1027	A	G	0.1753826530612245	784	-0.06959480735379983	0.0778619687296937	0.7989192999752931	0.37168785957729605
rs101027	synthetic	1028	A	G	0.22576530612244897	784	0.03346426693462348	0.06426026913026206	0.27119242305493413	0.602678376618425
rs101028	synthetic	1029	A	G	0.4243002544529262	786	0.04370794619553646	0.05574764313413141	0.6147064598162095	0.43325534834596224
rs101029	synthetic	1030	A	G	0.41603053435114506	786	0.0426428822950636	0.0547950060537862	0.6056352501490324	0.4366680964346517
rs101030	synthetic	1031	A	G	0.3142493638676845	786	-0.060782262139382294	0.0577382254493522	1.1082222224306026	0.29278938695565543
rs101031	synthetic	1032	A	G	0.1374680306905371	782	0.04013602519751285	0.08107426175820365	0.24507709045718595	0.6207001179542424
rs101032	synthetic	1033	A	G	0.4016602809706258	783	-0.0212862109140787	0.056148300727890905	0.1437220778833503	0.7047099324563596
rs101033	synthetic	1034	A	G	0.23465473145780052	782	0.02621504593409156	0.06412946504151193	0.16710367910658	0.6828091611145011
rs101034	synthetic	1035	A	G	0.4190051020408163	784	0.03801850041699624	0.05469133812770773	0.4832288633158191	0.48716703979766574
rs101035	synthetic	1036	A	G	0.41357234314980795	781	-0.015145495147588754	0.053826051631469106	0.07917387572120421	0.778493490421617
rs101036	synthetic	1037	A	G	0.6337579617834395	785	-0.07975797764602717	0.05653817657078016	1.990053129645243	0.15872747547861857
rs101037	synthetic	1038	A	G	0.15172855313700384	781	-0.042899727104676155	0.07897896211776115	0.29504361091568654	0.5871590902347948
rs101038	synthetic	1039	A	G	0.3885350318471338	785	0.00577724997419257	0.055662972615752676	0.010772326980786569	0.9173623869547808
rs101039	synthetic	1040	A	G	0.35596446700507617	788	0.13203456176107978	0.05511665263214141	5.738648028145459	0.016826491958840735
rs101040	synthetic	1041	A	G	0.18444730077120822	778	0.03707095793728778	0.07019087631698308	0.2789371043789339	0.5975464820627429
rs101041	synthetic	1042	A	G	0.3535483870967742	775	0.04429367907411649	0.05656850502041835	0.6131039391660181	0.43385528028648485
rs101042	synthetic	1043	A	G	0.0632992327365729	782	0.04586944630829603	0.10781897821473854	0.18099083015524858	0.6706385410930297
rs101043	synthetic	1044	A	G	0.21564885496183206	786	0.04497821808258571	0.06443756920157824	0.487221218565735	0.48537409825162975
rs101044	synthetic	1045	A	G	0.25191815856777494	782	0.0219171756205468	0.061318930723393596	0.127755624469966	0.7208656320541537
rs101045	synthetic	1046	A	G	0.30641025641025643	780	0.038783902356233406	0.05705630544677015	0.46205717293417464	0.49686249005458066
rs101046	synthetic	1047	A	G	0.12227912932138284	781	0.023342684950421848	0.08257360858687093	0.0799133042887518	0.7774887024335526
rs101047	synthetic	1048	A	G	0.12532133676092544	778	-0.06870441312161056	0.08171916314709261	0.7068405355843664	0.4007481035486174
rs101048	synthetic	1049	A	G	0.19612903225806452	775	0.06910675732806085	0.0688440572240686	1.0076463046943651	0.3157735711928158
rs101049	synthetic	1050	A	G	0.08864795918367346	784	-0.08755744900900515	0.0945897742566261	0.8568362301652246	0.3549071721221435
rs101050	synthetic	1051	A	G	0.2011568123393316	778	-0.028865955717644633	0.06990086239562258	0.1705323647492295	0.6797507419249234
rs101052	synthetic	1053	A	G	0.29961832061068705	786	-0.018131491233481383	0.05894271220035181	0.0946252014970282	0.7584582858993089
rs101053	synthetic	1054	A	G	0.15399484536082475	776	0.059692464617042126	0.07671004677270434	0.6055284130291286	0.4367085347358625
rs101054	synthetic	1055	A	G	0.30398457583547556	778	-0.1677899872378643	0.060475988873232515	7.69779116962906	0.0056588694967026525
rs101055	synthetic	1056	A	G	0.3819796954314721	788	0.03896648304968472	0.057199963248365134	0.46407793548095005	0.4959231661896323
rs101056	synthetic	1057	A	G	0.3314102564102564	780	0.022605066202032013	0.06105698768306026	0.13706949678608132	0.7113107469070379
rs101057	synthetic	1058	A	G	0.36989795918367346	784	-0.0502730002414105	0.056802438037671724	0.7833135790401144	0.3763979182045981
rs101058	synthetic	1059	A	G	0.10691421254801536	781	-0.014863514060111372	0.08808528545746741	0.028473199063281746	0.8660441571071015
rs101059	synthetic	1060	A	G	0.2844387755102041	784	0.006636518070962297	0.06123298521332054	0.011746532847981451	0.9137205532364354
rs101060	synthetic	1061	A	G	0.044642857142857144	784	0.06636321920694628	0.13130862848672512	0.2554279157889062	0.6134192204335067
rs101061	synthetic	1062	A	G	0.17223650385604114	778	0.010030433324757724	0.0729794469475277	0.018890273899431098	0.8907164080236822
rs101062	synthetic	1063	A	G	0.22541507024265645	783	0.12024551627235536	0.06942451985537197	2.9999361612219455	0.08365665259070224
rs101063	synthetic	1064	A	G	0.10204081632653061	784	0.040759893267729316	0.09022792009078537	0.20407235849979252	0.6515771676561042
rs101065	synthetic	1066	A	G	0.11288265306122448	784	0.1375172497724166	0.08360524472687907	2.7054985876631163	0.10039912222550802
rs101066	synthetic	1067	A	G	0.33969465648854963	786	-0.04869491542352646	0.05717933991264163	0.7252520361248719	0.3946836275743916
rs101067	synthetic	1068	A	G	0.5658567774936062	782	-0.09673751331745331	0.05577371098069036	3.008366578574957	0.08322430778729954
rs101068	synthetic	1069	A	G	0.06806615776081425	786	0.02869950420093808	0.1058915873273028	0.07345576251029778	0.7864406159839145
rs101069	synthetic	1070	A	G	0.27918781725888325	788	0.06463243300581821	0.06531040094541546	0.9793463510379139	0.32266208991770196
rs101072	synthetic	1073	A	G	0.0548469387755102	784	0.15410711183771095	0.11973367874771303	1.656581130925556	0.1984411170907739
rs101073	synthetic	1074	A	G	0.33396464646464646	792	-0.029214169777901845	0.06017711932464463	0.23568085724879306	0.6274772763044295
rs101074	synthetic	1075	A	G	0.2901155327342747	779	-0.0169867060748086	0.059599287864420904	0.0812336941127865	0.7757068752956188
rs101075	synthetic	1076	A	G	0.4662420382165605	785	-0.06125755127988467	0.05438747931243668	1.2685903466145052	0.2603720239465299
rs101077	synthetic	1078	A	G	0.34398976982097185	782	0.06374255909382426	0.05455558447160165	1.3651506014501462	0.24299795992963974
rs101078	synthetic	1079	A	G	0.13060179257362356	781	-0.021414903495198034	0.08178410948527488	0.06856372192526071	0.7935075903527714
rs101079	synthetic	1080	A	G	0.3643312101910828	785	-0.0883512053198401	0.05822104218489732	2.3028465877562585	0.12953567614774636
rs101080	synthetic	1081	A	G	0.40821566110397944	779	0.054127674398441815	0.05578110243205855	0.9415958799510651	0.33216362846627434
rs101081	synthetic	1082	A	G	0.29577464788732394	781	0.11805950730606399	0.05933114631496403	3.959464508268911	0.04695154760092879
rs101082	synthetic	1083	A	G	0.33290816326530615	784	-0.00025445690205898926	0.058164493265964984	1.9138706096940735e-05	0.9965105414323371
rs101083	synthetic	1084	A	G	0.15749039692701663	781	-0.04873576116504961	0.07398500831281318	0.4339183863737848	0.5102637033125393
rs101084	synthetic	1085	A	G	0.13137755102040816	784	0.055298151445954256	0.08110232431526834	0.4648947325209163	0.4955443388254818
rs101085	synthetic	1086	A	G	0.3764478764478765	777	0.010431183292004572	0.05810704912721733	0.03222623066288616	0.8575778965996272
rs101086	synthetic	1087	A	G	0.041666666666666664	780	-0.05051165412791616	0.13736975874247073	0.13520753979475644	0.7131907485525392
rs101087	synthetic	1088	A	G	0.06194125159642401	783	0.1654547946405691	0.11670472258888617	2.009934258238015	0.15666489243449577
rs101088	synthetic	1089	A	G	0.1980891719745223	785	-0.06704176855470009	0.06632193186956283	1.0218251519943655	0.3123947978212078
rs101089	synthetic	1090	A	G	0.2858056265984655	782	-0.12829630655108654	0.059439851312702796	4.658787258643163	0.031194457039955163
rs101090	synthetic	1091	A	G	0.31056701030927836	776	0.028295088919642542	0.058938808087960315	0.23047266746166903	0.631305965076918
rs101091	synthetic	1092	A	G	0.33652618135376755	783	-0.03259849476937827	0.06274676611803999	0.2699059126835905	0.60353986743708
rs101092	synthetic	1093	A	G	0.35833333333333334	780	-0.05462436766625081	0.0565858465338342	0.931874033604212	0.3346707224916422
rs101093	synthetic	1094	A	G	0.1756066411238825	783	0.10531082640850697	0.07055574509321809	2.2278260436801816	0.13594216544327492
rs101094	synthetic	1095	A	G	0.2729591836734694	784	0.14249446068636154	0.06027744244342823	5.5883851490392615	0.018320100763105706
rs101095	synthetic	1096	A	G	0.41602564102564105	780	-0.012379661135954628	0.0539526458303437	0.05264922946443963	0.8185750822796862
rs101096	synthetic	1097	A	G	0.11025641025641025	780	-0.121939108368336	0.08436159869918562	2.0892789451083984	0.1487311233161305
rs101097	synthetic	1098	A	G	0.09514687100893997	783	-0.0044736375599329905	0.09312341366808363	0.002307830010705054	0.9616965560862387
rs101098	synthetic	1099	A	G	0.10127388535031848	785	0.16282627548390347	0.08983132118932881	3.2854389651312856	0.07027497287583663
rs101099	synthetic	1100	A	G	0.491025641025641	780	0.08369034771842646	0.054552004002542676	2.3535819566774805	0.12539435061381723
rs101100	synthetic	1101	A	G	0.31129653401797175	779	-0.043987689829027427	0.06395046320428066	0.4731239348372929	0.49175464981430966
rs101101	synthetic	1102	A	G	0.08471337579617834	785	-0.07009357984823952	0.09793001524525728	0.5123005684893318	0.4743553463344873
rs101102	synthetic	1103	A	G	0.03653846153846154	780	-0.027756167199353844	0.1441919451908408	0.03705416138152129	0.8474041015043272
rs101103	synthetic	1104	A	G	0.24744245524296676	782	-0.08365060063599551	0.06134200037832904	1.8596116517798935	0.17305659862493206
rs101104	synthetic	1105	A	G	0.10532994923857868	788	0.03206492328100675	0.09219694690236228	0.12095597623765528	0.7280922532082663
rs101105	synthetic	1106	A	G	0.22588832487309646	788	0.043170317659281636	0.06414704034330991	0.4529155606344863	0.5011497106339123
rs101106	synthetic	1107	A	G	0.382202304737516	781	0.009319653970531212	0.057451636147473874	0.026314478814394852	0.8711759965861816
rs101107	synthetic	1108	A	G	0.3052362707535121	783	0.005413686202522011	0.060178101495630514	0.008092993521784582	0.9283408698108491
rs101108	synthetic	1109	A	G	0.27151898734177216	790	0.008709596539600788	0.05942350427219936	0.02148223962269414	0.883510100335082
rs101109	synthetic	1110	A	G	0.3657289002557545	782	0.02950751198497312	0.05375201368092784	0.30135313036612127	0.5831899006295028
rs101110	synthetic	1111	A	G	0.32950191570881227	783	0.04940435388668401	0.05624103571745445	0.7716561610699747	0.3799712719822945
rs101111	synthetic	1112	A	G	0.21875	784	-0.041529805435185446	0.066543523632683	0.38950066624192314	0.5327414814680655
rs101112	synthetic	1113	A	G	0.1277139208173691	783	0.05045871957254083	0.08266974645642264	0.3725454299271795	0.5417949260831791
rs101113	synthetic	1114	A	G	0.2702702702702703	777	-0.1139948475336092	0.06187098343028157	3.3946609601160715	0.06578095170003995
rs101114	synthetic	1115	A	G	0.4884467265725289	779	0.016572543542329975	0.053702318577075824	0.09523405228231482	0.7577067577298349
rs101115	synthetic	1116	A	G	0.04381443298969072	776	0.11338713835173266	0.1343690653357839	0.7120803427218331	0.39900852962992045
rs101116	synthetic	1117	A	G	0.20737913486005088	786	0.02502775309721569	0.06500877876505377	0.1482175767871476	0.7003477912115543
rs101117	synthetic	1118	A	G	0.05717916137229987	787	-0.1377964654976354	0.11040791414663302	1.5576710400770015	0.21237493318009223
rs101118	synthetic	1119	A	G	0.13835263835263836	777	0.0844011188175337	0.07865487608665118	1.1514500550856528	0.28357223317683383
rs101119	synthetic	1120	A	G	0.33164556962025316	790	0.07517308199843825	0.05888913335819311	1.6295000798865324	0.20214590612340147
rs101120	synthetic	1121	A	G	0.3341804320203304	787	0.010726194848685497	0.05744134064818844	0.034869219695946876	0.8519177282372213
rs101121	synthetic	1122	A	G	0.4800257731958763	776	0.11362611841942026	0.05531934957629348	4.218928950143088	0.040302722739648765
rs101122	synthetic	1123	A	G	0.31210191082802546	785	-0.08144444049504147	0.05874006534816267	1.922445504015731	0.16597698592843335
rs101123	synthetic	1124	A	G	0.33142493638676845	786	0.02156467243665456	0.05742292528612745	0.1410311689246133	0.7073584646310846
rs101124	synthetic	1125	A	G	0.4411764705882353	782	-0.09418274293447076	0.054102642133645885	3.0304402085246096	0.08210369535369837
rs101125	synthetic	1126	A	G	0.3886043533930858	781	-0.03467872172430052	0.056307657035612656	0.3793073411440735	0.5381508959415106
rs101126	synthetic	1127	A	G	0.46282051282051284	780	0.028848264396275806	0.05405123058752932	0.28485786008553804	0.5936843029926483
rs101127	synthetic	1128	A	G	0.2861715749039693	781	-0.09622227278691887	0.05945169721872051	2.6195259614064814	0.10595360346965904
rs101128	synthetic	1129	A	G	0.16325224071702946	781	0.05486388578708764	0.07322139809817316	0.5614319103271248	0.45390608478139577
rs101129	synthetic	1130	A	G	0.740506329113924	790	-0.155793917217545	0.06468863696743346	5.800227040055705	0.016251307112797035
rs101130	synthetic	1131	A	G	0.01992287917737789	778	0.24018731148261935	0.19730012198447916	1.481990481780341	0.2238254889204087
rs101131	synthetic	1132	A	G	0.2003841229193342	781	0.04157243111354404	0.06773549554471264	0.3766849075622113	0.5395587903465037
rs101132	synthetic	1133	A	G	0.18447837150127228	786	0.19917950094306208	0.0675731028378734	8.688435010187005	0.0032963112616337512
rs101133	synthetic	1134	A	G	0.1183206106870229	786	0.08979328241555543	0.0842932414239366	1.1347552116536708	0.2870875430376848
rs101134	synthetic	1135	A	G	0.14516129032258066	775	0.05175456701647127	0.0794660554342518	0.42416423584225577	0.5150551328761649
rs101135	synthetic	1136	A	G	0.09466327827191867	787	-0.1394961565524853	0.09438354160569015	2.18439887759012	0.13981253962362147
rs101136	synthetic	1137	A	G	0.34243964421855144	787	0.05368872371331944	0.05692491408017855	0.8895316242239026	0.34589150887989484
rs101137	synthetic	1138	A	G	0.17752234993614305	783	0.02595050574064194	0.07009804717237779	0.13705024413256728	0.7113301116376028
rs101138	synthetic	1139	A	G	0.08439086294416244	788	0.01208892244233373	0.09520123219584188	0.016124640605020165	0.8989861740918337
rs101140	synthetic	1141	A	G	0.34375	784	-0.014702069675735986	0.05767108785305498	0.06498912144732154	0.7988435408415436
rs101141	synthetic	1142	A	G	0.2448586118251928	778	0.031073302303679034	0.06273169632169237	0.24535830206208661	0.6204997984418673
rs101142	synthetic	1143	A	G	0.41794871794871796	780	-0.3855246701097641	0.05635921452114224	46.79230993842225	1.5776741571425743e-11
rs101143	synthetic	1144	A	G	0.13532401524777637	787	-0.04674961390401023	0.07973189961698347	0.3437888872744809	0.5578171812496835
rs101144	synthetic	1145	A	G	0.44125159642401024	783	-0.07167644195882937	0.05361977222371751	1.7869111049244688	0.18168633734191908
rs101145	synthetic	1146	A	G	0.03260869565217391	782	-0.03985344939125436	0.16203539772790476	0.06049396264142827	0.8057805538794203
rs101146	synthetic	1147	A	G	0.45690747782002533	789	-0.0926305919904161	0.056330429595940514	2.704100027014624	0.10048688437246359
rs101147	synthetic	1148	A	G	0.26903225806451614	775	-0.002024846446244807	0.061465504495628286	0.0010852287415129569	0.9737284833472736
rs101148	synthetic	1149	A	G	0.11666666666666667	780	-0.04020877875161668	0.08601077429518766	0.2185425723189549	0.640281089104991
rs101149	synthetic	1150	A	G	0.28743654822335024	788	-0.014141519300188629	0.06214289793757368	0.05178561486140583	0.8200434555331771
rs101150	synthetic	1151	A	G	0.11956521739130435	782	-0.04066702046649013	0.0969222440277681	0.17605071252182278	0.6749030399029641
rs101151	synthetic	1152	A	G	0.2570332480818414	782	-0.06560692884268897	0.06274554731080169	1.0932855115563203	0.29606299911401923
rs101153	synthetic	1154	A	G	0.31041131105398456	778	-0.005373046202333944	0.06086334398751097	0.007793445994016298	0.9296760288268098
rs101154	synthetic	1155	A	G	0.4385403329065301	781	0.01553689556198275	0.05463224336222523	0.08087800392397644	0.7761853189340221
rs101155	synthetic	1156	A	G	0.1859872611464968	785	-0.05779866940582103	0.07072552608980166	0.6678567317557633	0.41404529936995266
rs101156	synthetic	1157	A	G	0.17458279845956354	779	-0.05254508525648997	0.07277698379643903	0.5212860427863807	0.4705064479601475
rs101157	synthetic	1158	A	G	0.5459183673469388	784	-0.05061882175850091	0.05418675214253721	0.8726454368243621	0.3505083329085064
rs101158	synthetic	1159	A	G	0.18950064020486557	781	-0.10309876214563535	0.07161009679525776	2.072804679363048	0.15034018386044953
rs101159	synthetic	1160	A	G	0.08184143222506395	782	-0.06409173408005372	0.09860079698621117	0.42251603299128476	0.5158725069543536
rs101160	synthetic	1161	A	G	0.06289707750952986	787	-0.05123360555968683	0.11125616625322136	0.212061417227447	0.6452827121642881
rs101161	synthetic	1162	A	G	0.038461538461538464	780	-0.06369231741782815	0.1435664722435097	0.1968194635559138	0.6574214429714754
rs101162	synthetic	1163	A	G	0.02929936305732484	785	0.12132816830893195	0.15856985601757365	0.5854394963346413	0.4444157214342738
rs101163	synthetic	1164	A	G	0.1630012936610608	773	0.03751541449429806	0.07393288901281928	0.25748038164365333	0.6119975604383253
rs101164	synthetic	1165	A	G	0.36334610472541506	783	0.07463044604814616	0.05496725373059783	1.8434187306165253	0.17493699334279275
rs101165	synthetic	1166	A	G	0.21045918367346939	784	0.11478413351232711	0.06943484521602326	2.7328058386235616	0.09870223928086991
rs101166	synthetic	1167	A	G	0.22570332480818414	782	0.05252340471460326	0.0653396202357271	0.6461785376109687	0.4217231699980198
rs101167	synthetic	1168	A	G	0.28853503184713375	785	0.0640284946064989	0.05932015942748512	1.1650430222465051	0.2807502943884862
rs101168	synthetic	1169	A	G	0.4274711168164313	779	0.007098560228875185	0.05370719210967791	0.017469305840216137	0.8948821694075465
rs101169	synthetic	1170	A	G	0.2605095541401274	785	0.05087463487377111	0.06388402609627829	0.6341880491956616	0.4260615952469408
rs101170	synthetic	1171	A	G	0.29669631512071154	787	-0.0192170787675954	0.05746303791791436	0.11184010753468636	0.7381472741921021
rs101171	synthetic	1172	A	G	0.3799237611181703	787	0.09317150135631662	0.05665813313830273	2.7042177945408588	0.10047949101593792
rs101172	synthetic	1173	A	G	0.47361647361647363	777	-0.10343147551382276	0.053898215488455706	3.6826179662489196	0.05534110132986176
rs101173	synthetic	1174	A	G	0.33184143222506396	782	0.038451676156509663	0.056595503071830734	0.4616009592222358	0.49707497038324416
rs101174	synthetic	1175	A	G	0.10596446700507614	788	-0.12272505721838563	0.09443214765854581	1.6889887339175154	0.19411199432504872
rs101175	synthetic	1176	A	G	0.32544757033248084	782	0.008767747165552443	0.06041873945905664	0.021058756111682283	0.8846558815371581
rs101176	synthetic	1177	A	G	0.3735558408215661	779	0.0004086474653342164	0.05589561021651159	5.3449323842200576e-05	0.9941686329222321
rs101177	synthetic	1178	A	G	0.41142490372272145	779	0.11958170123052818	0.053919417166458344	4.918572496888627	0.02685214706370748
rs101178	synthetic	1179	A	G	0.18734015345268543	782	-0.08209016896355828	0.07150359605635628	1.3180337508806534	0.2512914430956213
rs101179	synthetic	1180	A	G	0.34271099744245526	782	-0.03476709003247366	0.05755873104180872	0.3648499263408571	0.545997725043657
rs101180	synthetic	1181	A	G	0.05859872611464968	785	0.177767232416384	0.11407255704452161	2.428516556760476	0.11954457931302893
rs101181	synthetic	1182	A	G	0.23818646232439336	783	-0.029005460361231264	0.06312659431407253	0.2111226391166366	0.6460148423865172
rs101182	synthetic	1183	A	G	0.2846153846153846	780	0.052876685413189524	0.0603498576774494	0.7676724348512999	0.38120339056068664
rs101183	synthetic	1184	A	G	0.4272030651340996	783	-0.0027335870406625163	0.05647769835384025	0.0023426738768564472	0.9614087089097073
rs101184	synthetic	1185	A	G	0.11430395913154534	783	-0.14787065481938794	0.08658736619096838	2.9164526721765935	0.08807181600280883
rs101185	synthetic	1186	A	G	0.6288265306122449	784	0.06273753426649246	0.05530351727411284	1.286913585603927	0.2569603133662411
rs101186	synthetic	1187	A	G	0.05051150895140665	782	0.07433532909067332	0.12175055634078194	0.3727765872429622	0.5416696066276117
rs101187	synthetic	1188	A	G	0.1297709923664122	786	0.03093878840372915	0.07911658314262114	0.15292255968521945	0.6958629965470255
rs101188	synthetic	1189	A	G	0.19309462915601022	782	0.09183218389797906	0.06821845027091672	1.812116549431107	0.1786392165043589
rs101189	synthetic	1190	A	G	0.32842509603072984	781	-0.1134475448530901	0.06004026934105209	3.5703018886089426	0.05918616425633795
rs101190	synthetic	1191	A	G	0.2729591836734694	784	-0.06179136916669522	0.059902643901125895	1.0640539653708594	0.3026068821956381
rs101191	synthetic	1192	A	G	0.29246487867177523	783	-0.02339753163488877	0.059041929447815306	0.15704315198483215	0.6920001417322623
rs101192	synthetic	1193	A	G	0.5222363405336722	787	0.04212183535712564	0.05301387515661703	0.6312995365045416	0.42711675191292775
rs101193	synthetic	1194	A	G	0.29513444302176695	781	-0.011812220051659621	0.062018218094824884	0.03627642572206572	0.8489945229211989
rs101194	synthetic	1195	A	G	0.15076335877862596	786	0.05348913744517724	0.07345563379179927	0.5302503558637971	0.46671658508112307
rs101195	synthetic	1196	A	G	0.035897435897435895	780	-0.15578621578897697	0.14887301025327526	1.0950302481821794	0.2956781999711378
rs101196	synthetic	1197	A	G	0.5070063694267516	785	0.09293989411649772	0.059241979715999406	2.461190445822547	0.11708922697707169
rs101197	synthetic	1198	A	G	0.13341804320203304	787	0.0167229113091749	0.08978522664596768	0.03469077533377511	0.852292744270688
rs101198	synthetic	1199	A	G	0.41217948717948716	780	0.060719784973988535	0.05426136035588396	1.2522155565913458	0.26346858041674504
rs101199	synthetic	1200	A	G	0.12323491655969192	779	0.019772996494967852	0.08025885617251222	0.0606958568471027	0.8054632283711068
rs101200	synthetic	1201	A	G	0.183206106870229	786	0.1068912929237887	0.07044284214781224	2.3025598112875665	0.12955951399220458
rs101201	synthetic	1202	A	G	0.46396396396396394	777	-0.10472767560088156	0.05436965773811845	3.710306020365789	0.05443462354527419
rs101202	synthetic	1203	A	G	0.41259640102827766	778	0.0824832973697607	0.05421186385359897	2.314959247885774	0.1285332861719757
rs101203	synthetic	1204	A	G	0.32798459563543003	779	0.08538651063903008	0.05543189497243452	2.3727887883461722	0.1238652300327076
rs101205	synthetic	1206	A	G	0.01708860759493671	790	0.35704815012149366	0.20787082376519467	2.9503021816926287	0.08625190270565859
rs101206	synthetic	1207	A	G	0.16475095785440613	783	0.0092149193950019	0.07485205370121152	0.015155687450069975	0.902052423446933
rs101207	synthetic	1208	A	G	0.26372924648786716	783	0.06558185331814156	0.060910003460657475	1.1592847493295524	0.28194136773405415
rs101208	synthetic	1209	A	G	0.10267857142857142	784	-0.03022256416495861	0.09080989392172385	0.11076340037321408	0.739364646643439
rs101209	synthetic	1210	A	G	0.44763729246487866	783	-0.029617446075556664	0.055187308335492735	0.288016114732988	0.5916451887180558
rs101210	synthetic	1211	A	G	0.23234916559691912	779	-0.03927181081027572	0.06321408816335218	0.38595271310593054	0.5346130697366694
rs101211	synthetic	1212	A	G	0.07984790874524715	789	0.04257240930774897	0.10292926308199872	0.17107192053515866	0.6792727384940109
rs101212	synthetic	1213	A	G	0.17557251908396945	786	-0.03387835328795826	0.06905870448536	0.2406621162835131	0.6238640208947411
rs101213	synthetic	1214	A	G	0.2964376590330789	786	-0.11805233419403098	0.05852128020458699	4.069316983219426	0.04400540746468248
rs101214	synthetic	1215	A	G	0.06850192061459667	781	-0.07144073666131875	0.10568230598875264	0.4569695755135468	0.49924075452417527
rs101215	synthetic	1216	A	G	0.33078880407124683	786	0.058457557999791916	0.057341817254228954	1.0392940329520777	0.3082966299723902
rs101216	synthetic	1217	A	G	0.1371173469387755	784	-0.06327407512657017	0.08072157361804154	0.6144299435669062	0.4333587768976919
rs101217	synthetic	1218	A	G	0.05576923076923077	780	0.17262027340066466	0.12022187915084413	2.0616577751676557	0.15144010002295116
rs101218	synthetic	1219	A	G	0.29833546734955185	781	-0.037352270024141286	0.058262118484985005	0.41101858221647297	0.5216381997420293
rs101219	synthetic	1220	A	G	0.09578544061302682	783	0.20290665692153081	0.0934985580902239	4.709586352783202	0.03029104601166033
rs101220	synthetic	1221	A	G	0.39194373401534527	782	-0.08577118577948752	0.05587964873646812	2.3560011251501543	0.12520060117586496
rs101221	synthetic	1222	A	G	0.196405648267009	779	0.06705879485613975	0.06900707738433234	0.9443309414034067	0.33146282744976413
rs101222	synthetic	1223	A	G	0.30562659846547313	782	-0.047242597076267996	0.058896392915197736	0.6434134474131382	0.42271774241369353
rs101223	synthetic	1224	A	G	0.07087628865979381	776	-0.13786331255590212	0.10355149675150242	1.7724935259207122	0.1834563789142056
rs101224	synthetic	1225	A	G	0.17344345616264295	787	-0.0427609803247953	0.07137496045655722	0.35892486442488686	0.5492750536919819
rs101225	synthetic	1226	A	G	0.1825699745547074	786	-0.004395309074488915	0.07107402626021118	0.0038243444615982205	0.9507048088978663
rs101226	synthetic	1227	A	G	0.049232736572890026	782	0.12277625024389527	0.12175842643764435	1.01678862021034	0.3135895461666035
rs101227	synthetic	1228	A	G	0.03635204081632653	784	-0.002097810681167506	0.14669147828405893	0.00020451389228866561	0.9885935702013572
rs101228	synthetic	1229	A	G	0.018471337579617834	785	-0.33218373693027237	0.2001110940680264	2.755588731175011	0.09731048360435342
rs101229	synthetic	1230	A	G	0.3203821656050955	785	0.0069618666303432625	0.05652512876675278	0.015169395609003414	0.9020083608929039
rs101230	synthetic	1231	A	G	0.20876288659793815	776	0.020761836145805426	0.0663617719449307	0.09788036293015767	0.7544705214939171
rs101231	synthetic	1232	A	G	0.4383033419023136	778	-0.09687729498062038	0.054617424365609096	3.1461655832555597	0.07648930769898155
rs101232	synthetic	1233	A	G	0.08921694480102696	779	0.11474519047803841	0.09714040449273768	1.3953050541530525	0.2378653766048559
rs101233	synthetic	1234	A	G	0.2140127388535032	785	0.03580813587501164	0.06610102715389884	0.29345871355455017	0.58816475016407
rs101234	synthetic	1235	A	G	0.4013994910941476	786	-0.0012565579067855043	0.056518144936894193	0.0004942984139194548	0.9822678281121145
rs101235	synthetic	1236	A	G	0.11360718870346598	779	-0.03355267214580452	0.0892230736036723	0.1414164290478162	0.7069775119097248
rs101236	synthetic	1237	A	G	0.24838709677419354	775	0.10044611361060325	0.0654407316934852	2.355971230874672	0.12520299335226065
rs101237	synthetic	1238	A	G	0.29987129987129985	777	0.037318060880765676	0.0603565578407629	0.3822867186719201	0.5365594951536279
rs101238	synthetic	1239	A	G	0.31234096692111957	786	-0.05387166959074941	0.060228446150497585	0.8000507803370436	0.37134957848927186
rs101239	synthetic	1240	A	G	0.14122137404580154	786	-0.04377682396725436	0.07728761675760387	0.3208253442612251	0.571272326742016
rs101240	synthetic	1241	A	G	0.2445721583652618	783	-0.07761089356320144	0.06683428046279119	1.3484871542927142	0.2458921915781488
rs101241	synthetic	1242	A	G	0.13607188703465983	779	-0.04373534359655624	0.07638116053367514	0.3278631296164745	0.5670823730846976
rs101242	synthetic	1243	A	G	0.4604086845466156	783	-0.1365169306156171	0.05496349350497182	6.169136401044886	0.01320532608970939
rs101244	synthetic	1245	A	G	0.16010165184243966	787	0.009065187360086461	0.0730380723171695	0.015404760983696822	0.9012549480342906
rs101245	synthetic	1246	A	G	0.10101651842439645	787	0.05298355324323454	0.0897709139984917	0.3483460307183136	0.5552190414569739
rs101246	synthetic	1247	A	G	0.09600515463917526	776	-0.160684301130845	0.09255229196349317	3.0142032952656006	0.08292639489357158
rs101247	synthetic	1248	A	G	0.23697585768742058	787	0.0019396471319298321	0.06216003364421682	0.0009736950798127491	0.9751146317608933
rs101248	synthetic	1249	A	G	0.1656010230179028	782	0.0341250042986214	0.07283599908437899	0.21950947242261107	0.6395426870277571
rs101249	synthetic	1250	A	G	0.3395378690629012	779	0.021873582755297636	0.06240724413115557	0.12284849419755507	0.7260584505908346
rs101250	synthetic	1251	A	G	0.544529262086514	786	0.06156091342127677	0.05641053874432883	1.1909392685499811	0.27547163486447923
rs101251	synthetic	1252	A	G	0.10596446700507614	788	-0.019704547873741617	0.0912588803474784	0.04662111718887859	0.8291062268926337
rs101252	synthetic	1253	A	G	0.42091836734693877	784	-0.04407313531960553	0.05429744516161239	0.6588538727269901	0.4172084315620758
rs101253	synthetic	1254	A	G	0.48854961832061067	786	0.03793730508368375	0.05502587906176503	0.47533410466019094	0.4907450980802102
rs101254	synthetic	1255	A	G	0.13624678663239073	778	-0.06499965224774017	0.08129697569761195	0.6392537532798052	0.42422057416470615
rs101255	synthetic	1256	A	G	0.17715019255455713	779	0.09976287176865621	0.07199278197714248	1.9202597207554528	0.16621761022878853
rs101256	synthetic	1257	A	G	0.2289002557544757	782	0.0266571816407585	0.06528082812033253	0.16674666340357502	0.683129721899918
rs101257	synthetic	1258	A	G	0.33672172808132145	787	-0.14403465284240194	0.05779154701577982	6.211626584791245	0.012894497359158364
rs101259	synthetic	1260	A	G	0.3384615384615385	780	-0.007776110328010861	0.055260313400647104	0.01980150228729382	0.888128609785918
rs101260	synthetic	1261	A	G	0.10429835651074588	791	0.054643795077302146	0.08948446971148113	0.3728948371075403	0.541605519358982
rs101261	synthetic	1262	A	G	0.14540816326530612	784	0.10767392131720716	0.07703193546895272	1.953797005222225	0.1625691450387813
rs101262	synthetic	1263	A	G	0.29378172588832485	788	0.1108016591018847	0.05837478404484763	3.602814923150759	0.05804469298912706
rs101263	synthetic	1264	A	G	0.1534017971758665	779	0.044084570964599466	0.07213898448390042	0.3734506230787288	0.5413044896975074
rs101264	synthetic	1265	A	G	0.07598978288633461	783	0.027887023726478524	0.10696340348995335	0.06797260364578687	0.7943795516320918
rs101265	synthetic	1266	A	G	0.0850253807106599	788	0.03453533335237454	0.09967660865413666	0.12004409395339985	0.7290785824974391
rs101266	synthetic	1267	A	G	0.34371029224904703	787	0.04541206383617619	0.05759711347740874	0.6216429910573733	0.430673024797815
rs101267	synthetic	1268	A	G	0.2249683143219265	789	-0.0017435435058906158	0.06391862096270844	0.0007440648420987752	0.9782452239891068
rs101268	synthetic	1269	A	G	0.044416243654822336	788	0.11696428419447091	0.13129132810106128	0.7936599249808259	0.37326594141090386
rs101269	synthetic	1270	A	G	0.3718112244897959	784	0.03785654146617388	0.0554254544577752	0.466512563364379	0.49479543232144235
rs101270	synthetic	1271	A	G	0.09654731457800511	782	0.049003339047439094	0.09201883941115817	0.2835945262794777	0.5945040387019769
rs101271	synthetic	1272	A	G	0.23116219667943805	783	-0.01778383318476439	0.06638049846587063	0.07177442687745487	0.7888401915272466
rs101272	synthetic	1273	A	G	0.1311787072243346	789	0.10461390749800274	0.0803739792821933	1.6941345784548774	0.19343482568212825
rs101273	synthetic	1274	A	G	0.06527249683143219	789	0.01785300591829238	0.11074843610821627	0.025986482236361182	0.8719743941956232
rs101274	synthetic	1275	A	G	0.39473684210526316	779	0.0035218410219186405	0.054611698859343416	0.0041588008299481725	0.9485973051565081
rs101275	synthetic	1276	A	G	0.29028132992327366	782	0.04558596873791138	0.059614130468822614	0.5847415427512889	0.44468725535437087
rs101276	synthetic	1277	A	G	0.5947503201024328	781	0.04259664896490649	0.057588972277833196	0.5471069268543642	0.459721120893879
rs101277	synthetic	1278	A	G	0.03762755102040816	784	0.0446405019822253	0.14796873560531287	0.09101609819998556	0.7629684467253828
rs101278	synthetic	1279	A	G	0.2345758354755784	778	-0.034077024443787025	0.06348375842836602	0.2881363635522991	0.5915678356071016
rs101279	synthetic	1280	A	G	0.18877551020408162	784	-0.043144451294465876	0.06939118478007693	0.38658170287910554	0.5342804020033918
rs101280	synthetic	1281	A	G	0.1293213828425096	781	0.13000524456562942	0.08261638318463262	2.4762209212698476	0.11597852209825846
rs101281	synthetic	1282	A	G	0.20165394402035625	786	-0.008365780687530694	0.06482543622751542	0.016654133992430657	0.8973500987686117
rs101282	synthetic	1283	A	G	0.04661558109833972	783	0.08909674314770377	0.1288431390765251	0.4781906318671468	0.48944542484972064
rs101283	synthetic	1284	A	G	0.17391304347826086	782	0.09438428405226808	0.07353739129093383	1.647338820400919	0.19969644709107737
rs101284	synthetic	1285	A	G	0.06867779204107831	779	0.07530998216940239	0.10854865633723519	0.4813446905137796	0.48801703027449894
rs101285	synthetic	1286	A	G	0.18030690537084398	782	0.0664922012159493	0.07338623608881271	0.8209414677269755	0.36518025792359915
rs101286	synthetic	1287	A	G	0.12884615384615383	780	0.11707618574505561	0.07901646630178863	2.1953406679918506	0.1388258373234873
rs101287	synthetic	1288	A	G	0.08778625954198473	786	0.04084555085304455	0.09420325549460488	0.18799993187952752	0.6647044190630956
rs101289	synthetic	1290	A	G	0.1251604621309371	779	-0.036780123472550115	0.08589832445076019	0.18333989603287465	0.6686348260361341
rs101290	synthetic	1291	A	G	0.36182519280205655	778	0.07834243631050056	0.05570526258835281	1.9778879966788905	0.16000481381293186
rs101291	synthetic	1292	A	G	0.09015345268542199	782	-0.02175553509032919	0.09499890069983839	0.052444793461656904	0.8189215256739357
rs101292	synthetic	1293	A	G	0.1896551724137931	783	0.03415027393466312	0.06954690493657749	0.2411197412501884	0.6235344067157073
rs101293	synthetic	1294	A	G	0.37373737373737376	792	0.035632886681732236	0.05815174136777224	0.3754711430814214	0.5402127047078599
rs101294	synthetic	1295	A	G	0.14377406931964057	779	-0.075981641361401	0.07911178453956051	0.9224333151205911	0.33712961771622735
rs101295	synthetic	1296	A	G	0.11956521739130435	782	0.0806593459143228	0.0813543432113888	0.9829872962226234	0.3217648227934957
rs101296	synthetic	1297	A	G	0.05874840357598978	783	0.0012164699378501619	0.11627944320108596	0.00010944523917858522	0.9916556280983233
rs101297	synthetic	1298	A	G	0.28361075544174136	781	-0.0075942456000186965	0.06293969885719863	0.014558611440997602	0.9039916428170676
rs101298	synthetic	1299	A	G	0.5134099616858238	783	-0.03721855875349868	0.05276905054969284	0.4974627229948969	0.48082422337184666
rs101299	synthetic	1300	A	G	0.021683673469387755	784	0.3121762380899906	0.18633950940355118	2.8066599025899506	0.09426787272371685
rs101300	synthetic	1301	A	G	0.13520408163265307	784	0.009076919563209773	0.08006019206552155	0.012854160504664995	0.9097610110456689
rs101301	synthetic	1302	A	G	0.5404884318766067	778	-0.028533741536352204	0.057332878034733845	0.2476908476253905	0.6188437108255508
rs101302	synthetic	1303	A	G	0.20382165605095542	785	-0.08021890068517298	0.06671935559116982	1.445605281514808	0.2295933235347482
rs101303	synthetic	1304	A	G	0.3072983354673495	781	0.028585379235499715	0.06188455537925031	0.21336509159220785	0.6442692595474041
rs101304	synthetic	1305	A	G	0.06521739130434782	782	-0.047409384170573235	0.1119978262511781	0.17918821403572976	0.6721865836832366
rs101305	synthetic	1306	A	G	0.5830140485312899	783	-0.014097723986738434	0.05617905837267972	0.06297223328056653	0.8019234254676458
rs101306	synthetic	1307	A	G	0.04671717171717172	792	-0.11759063105270325	0.13015872148206975	0.8162043294272293	0.36656662468057666
rs101307	synthetic	1308	A	G	0.0772669220945083	783	-0.015084470283581994	0.0989926835923683	0.023219557134460167	0.8789262687772922
rs101308	synthetic	1309	A	G	0.13549618320610687	786	-0.008458638123196829	0.07905328250075741	0.011448829174862556	0.9148166760456455
rs101309	synthetic	1310	A	G	0.3475765306122449	784	-0.013970880763950904	0.05446395258269027	0.0658005100947582	0.79761888241147
rs101310	synthetic	1311	A	G	0.35095541401273883	785	0.0033091666013610886	0.057366897152388255	0.0033274730284771742	0.9540146688742642
rs101312	synthetic	1313	A	G	0.13127413127413126	777	-0.004670791988256184	0.07966871603430072	0.003437204860101783	0.953263433302134
rs101313	synthetic	1314	A	G	0.2227214377406932	779	0.025755536784953948	0.0646963484883895	0.15848263102298882	0.6906645314307893
rs101314	synthetic	1315	A	G	0.3013959390862944	788	-0.11491605912990842	0.05676405214744815	4.098403063699243	0.04325845908774065
rs101315	synthetic	1316	A	G	0.2186287192755498	773	-0.056741998822438654	0.06626903955372229	0.7331416761847661	0.39212539114782347
rs101316	synthetic	1317	A	G	0.1653796653796654	777	-0.09865977853151027	0.07781339266811285	1.607576209652951	0.20520498443378082
rs101317	synthetic	1318	A	G	0.30779054916985954	783	-0.08598618446521686	0.05753401239936274	2.2336135262272023	0.1354355060296596
rs101318	synthetic	1319	A	G	0.03417721518987342	790	0.02649251767053453	0.14780145012467868	0.03212839830357417	0.8577919317116302
rs101319	synthetic	1320	A	G	0.20191082802547772	785	0.03227335175711586	0.06863745730129661	0.2210883048953385	0.6383412171408835
rs101320	synthetic	1321	A	G	0.45605095541401275	785	-0.010491880408477558	0.05454456582933279	0.037000167062719115	0.8475139542011206
rs101321	synthetic	1322	A	G	0.2323943661971831	781	0.05895368693929416	0.0633366620560108	0.8663863444036969	0.35224093780146704
rs101322	synthetic	1323	A	G	0.18591370558375633	788	-0.023472241464890548	0.0744144430700085	0.0994934881036005	0.752521305327296
rs101323	synthetic	1324	A	G	0.11928934010152284	788	-0.14371814066889996	0.0860081462448093	2.792183814523118	0.09511961985737055
rs101324	synthetic	1325	A	G	0.04113110539845758	778	0.08907731252150712	0.13464256807001307	0.4376928364443377	0.5084303147840705
rs101325	synthetic	1326	A	G	0.42628205128205127	780	0.054523306231306114	0.05480407369615258	0.9897800201981952	0.32009961613840965
rs101326	synthetic	1327	A	G	0.04289372599231754	781	0.2808679112448795	0.13437266472465037	4.3690034703092095	0.036916342160660545
rs101327	synthetic	1328	A	G	0.40786082474226804	776	0.09403467310989036	0.05654122809211702	2.765957889137968	0.09668416624106498
rs101328	synthetic	1329	A	G	0.1777920410783055	779	0.06652185041414067	0.06915179962221316	0.9253833243039358	0.3363586749556354
rs101329	synthetic	1330	A	G	0.07786357786357787	777	-0.025561586227589566	0.10319766310390968	0.06135301015387968	0.8044342123822148
rs101330	synthetic	1331	A	G	0.3647959183673469	784	-0.07448854649144403	0.058328516667773514	1.6308617066556854	0.20195769664313157
rs101331	synthetic	1332	A	G	0.3057692307692308	780	0.046600267810132115	0.05882685371533482	0.6275171254766514	0.4285044149972898
rs101332	synthetic	1333	A	G	0.33737244897959184	784	0.006304054844343719	0.057886753979493624	0.011859914865607793	0.9133067898843467
rs101333	synthetic	1334	A	G	0.13473818646232438	783	0.06885765513045877	0.08400918524250373	0.6718168819190051	0.41266515061952663
rs101334	synthetic	1335	A	G	0.06281725888324872	788	0.07153536176916163	0.11957353946548348	0.3579079835009575	0.5498412144479897
rs101335	synthetic	1336	A	G	0.2305236270753512	783	0.04366445989621661	0.06637502094416056	0.4327597316928429	0.5108287991074152
rs101336	synthetic	1337	A	G	0.30412371134020616	776	0.10549636649035055	0.05952513621651945	3.141045359087253	0.07672875692359256
rs101337	synthetic	1338	A	G	0.4508301404853129	783	0.00031362359888219873	0.05365410787590038	3.416736695600171e-05	0.995337633321281
rs101338	synthetic	1339	A	G	0.39987244897959184	784	-0.01892647554849253	0.056207592381694864	0.11338341415192667	0.736413654567395
rs101339	synthetic	1340	A	G	0.4128205128205128	780	-0.001166570324348309	0.06183915662737442	0.0003558727489292943	0.9849538730360424
rs101340	synthetic	1341	A	G	0.2509578544061303	783	0.0028918017832813207	0.0661763351881219	0.0019095525631299918	0.9651557933588586
rs101341	synthetic	1342	A	G	0.3211068211068211	777	-0.0017761049637293616	0.05809053647425698	0.0009348167414548661	0.9756163541563458
rs101342	synthetic	1343	A	G	0.5158428390367554	789	0.042797486685285054	0.054359517256146184	0.6198482057355253	0.43133893954622937
rs101343	synthetic	1344	A	G	0.07390745501285347	778	-0.14420006025513235	0.10132943028189627	2.0251615908692866	0.15510574366475713
rs101344	synthetic	1345	A	G	0.12053571428571429	784	0.03603754936403448	0.08029996826977698	0.2014094081382159	0.6537082181447647
rs101345	synthetic	1346	A	G	0.15958815958815958	777	-0.04344488643036241	0.07562140844188892	0.3300561344087126	0.5657889689033643
rs101346	synthetic	1347	A	G	0.14540816326530612	784	0.07080414958595414	0.07643888801905074	0.8580027911511019	0.35458000955661606
rs101347	synthetic	1348	A	G	0.43147208121827413	788	0.028682559505806372	0.05533633748744183	0.2686674069746493	0.60437167992149
rs101348	synthetic	1349	A	G	0.4787917737789203	778	-0.038992508863165104	0.053837108122485815	0.5245645188970915	0.46911467428059117
rs101349	synthetic	1350	A	G	0.41452442159383035	778	0.016997586309285977	0.054883589662569766	0.09591565410112123	0.7568685453452123
rs101350	synthetic	1351	A	G	0.3847631241997439	781	0.026103056896954583	0.05749765761322001	0.20610210869810433	0.6499640596787885
rs101351	synthetic	1352	A	G	0.3231162196679438	783	-0.044376264464449956	0.05911371725203584	0.5635402525023933	0.4530600160089036
rs101352	synthetic	1353	A	G	0.5263157894736842	779	-0.014207049864056584	0.05319699824327169	0.07132364924440603	0.7894886446837582
rs101353	synthetic	1354	A	G	0.25224071702944945	781	0.07112538147784256	0.060989885072192815	1.3599833376743993	0.24389097502865673
rs101354	synthetic	1355	A	G	0.08142493638676845	786	0.1357113850751163	0.09999759413461654	1.8418466275354108	0.17512080471666633
rs101355	synthetic	1356	A	G	0.2439180537772087	781	-0.031775386689466084	0.062109315559773726	0.261738857292246	0.609070471413424
rs101356	synthetic	1357	A	G	0.1267515923566879	785	-0.1675022201640184	0.08072964618014111	4.305018651937306	0.03832205405443716
rs101357	synthetic	1358	A	G	0.15178571428571427	784	-0.06692838763505578	0.07664415097716676	0.7625401048030797	0.38279911487491725
rs101358	synthetic	1359	A	G	0.6501272264631043	786	-0.12026854478287308	0.055684005276643196	4.664909044839647	0.03108411114760719
rs101359	synthetic	1360	A	G	0.18297331639135958	787	-0.0020505392320122264	0.06824845211790194	0.0009027147812570584	0.9760385550258313
rs101360	synthetic	1361	A	G	0.4783989834815756	787	0.06033516219536867	0.05339403642730306	1.276895811024135	0.2588186760079796
rs101362	synthetic	1363	A	G	0.03375796178343949	785	-0.05129677895742796	0.15180468280963313	0.11418520970470904	0.7355181681646343
rs101363	synthetic	1364	A	G	0.2017766497461929	788	-0.02598113599994025	0.06703985390428313	0.15019315978157083	0.6984548309367641
rs101364	synthetic	1365	A	G	0.28160919540229884	783	0.013193923357328174	0.0585941244122894	0.05070371447066474	0.821901264491386
rs101365	synthetic	1366	A	G	0.27608142493638677	786	0.051417583487894866	0.06350487230699328	0.6555551441009877	0.41837642145335424
rs101366	synthetic	1367	A	G	0.04193138500635324	787	-0.016583539761681147	0.13480455912002134	0.015133706672115499	0.9021231191794381
rs101367	synthetic	1368	A	G	0.2653452685421995	782	0.03590189725332168	0.06213047162464865	0.3339069808645293	0.5635315612625722
rs101369	synthetic	1370	A	G	0.38481338481338484	777	-0.07767981056167496	0.05654264285152092	1.8874006823421308	0.1698835999050988
rs101370	synthetic	1371	A	G	0.01858974358974359	780	-0.29720161468401984	0.19737434517406177	2.2673623189365943	0.13252280892090804
rs101372	synthetic	1373	A	G	0.26590330788804073	786	0.06438938462255427	0.06315838947009231	1.0393610914513132	0.30828103347777014
rs101373	synthetic	1374	A	G	0.0960559796437659	786	0.14715951659224347	0.09147011314226072	2.5883218139901842	0.10805235301155533
rs101374	synthetic	1375	A	G	0.4332909783989835	787	-0.007277368182711563	0.05773536960255366	0.01588783769640641	0.8997266969634429
rs101375	synthetic	1376	A	G	0.46114649681528663	785	0.05651921499056725	0.05480007446652135	1.063726417732766	0.3026812597859601
rs101376	synthetic	1377	A	G	0.4237179487179487	780	0.06592183828629862	0.055252784151663716	1.4234764468372787	0.2331888801436476
rs101377	synthetic	1378	A	G	0.34891165172855315	781	0.11686331935092957	0.058229187749612436	4.027865604429781	0.04509349412793044
rs101378	synthetic	1379	A	G	0.16135204081632654	784	0.07776007382811102	0.07314824785544187	1.1300703306950601	0.28808394613662625
rs101379	synthetic	1380	A	G	0.27325581395348836	774	-0.028326748547741476	0.06051748820315518	0.219094596328551	0.6398592761555284
rs101380	synthetic	1381	A	G	0.45627376425855515	789	-0.015805007397855973	0.05593136205011819	0.07985067946205898	0.7775736064236074
rs101381	synthetic	1382	A	G	0.2305236270753512	783	-0.01887964452450504	0.06566193612331	0.08267234513381641	0.7737831938461653
rs101382	synthetic	1383	A	G	0.21419518377693283	789	-0.10157540454687307	0.06701217649037156	2.2975748787753187	0.12997466219572523
rs101383	synthetic	1384	A	G	0.3592356687898089	785	-0.06581654884936812	0.05833238520726891	1.2730654788428388	0.25953362167381666
rs101384	synthetic	1385	A	G	0.04219948849104859	782	-0.0718076387970749	0.13511641871311786	0.2824392446642099	0.5952557174258831
rs101385	synthetic	1386	A	G	0.33587786259541985	786	0.009706442006376544	0.05755360855515022	0.028442974428358036	0.866114601122631
rs101386	synthetic	1387	A	G	0.22809278350515463	776	-0.04081894828019919	0.0646175226953994	0.3990460473507997	0.5277643840904908
rs101387	synthetic	1388	A	G	0.3001277139208174	783	0.007768747652704649	0.0576943261472727	0.01813158703292731	0.8929199435619665
rs101388	synthetic	1389	A	G	0.354140127388535	785	0.09055361657687845	0.05759814876158555	2.4716931262495283	0.11631188015757722
rs101389	synthetic	1390	A	G	0.5515463917525774	776	0.07090164334450517	0.05603934063503629	1.6007612740399644	0.206167001584516
rs101390	synthetic	1391	A	G	0.454661558109834	783	-0.007936714293798943	0.05506135366418784	0.020777233730220508	0.8854240926616773
rs101391	synthetic	1392	A	G	0.19834183673469388	784	-0.03461682076374373	0.06819993202254182	0.2576359569965949	0.6118900905479779
rs101392	synthetic	1393	A	G	0.09539052496798976	781	0.009974688754324461	0.09156065691036662	0.011868092055441232	0.9132770265118333
rs101393	synthetic	1394	A	G	0.1677336747759283	781	0.03369154916140802	0.07425112234159169	0.2058903140252272	0.650131930989982
rs101394	synthetic	1395	A	G	0.36628643852978454	789	0.0546382747376077	0.05702366663988677	0.9180866596085364	0.3382698826592753
rs101395	synthetic	1396	A	G	0.4846547314578005	782	0.07234840931445854	0.054849675903382265	1.7398421276393918	0.18753958419816638
rs101396	synthetic	1397	A	G	0.06615776081424936	786	0.06696273013467954	0.10410964533710383	0.41369890358411754	0.5202839741947087
rs101397	synthetic	1398	A	G	0.2708860759493671	790	0.07355289976123	0.06225510429998433	1.3958850889232777	0.2377679489189858
rs101398	synthetic	1399	A	G	0.2081736909323116	783	-0.03782235342151929	0.0663697696707448	0.32475547087842993	0.568925101634146
rs101399	synthetic	1400	A	G	0.35979513444302175	781	-0.019563876461856294	0.05780014250137916	0.11456501208221258	0.7350952080047525
rs101400	synthetic	1401	A	G	0.06780735107731306	789	-0.0005987004897171249	0.10961588753968332	2.983130260449635e-05	0.9956435062703907
rs101401	synthetic	1402	A	G	0.19873417721518988	790	0.04192199184008682	0.0688897299106536	0.3703180271431771	0.5430052311836968
rs101402	synthetic	1403	A	G	0.24298469387755103	784	-0.0873322866678549	0.06194969645637245	1.9873359914385336	0.15901176319332827
rs101403	synthetic	1404	A	G	0.22413793103448276	783	-0.05973720744113629	0.06588282756617501	0.8221392324699611	0.3648308742913289
rs101404	synthetic	1405	A	G	0.010828025477707006	785	-0.03188551579002243	0.2613464896668854	0.014885161501284728	0.9029261583762368
rs101405	synthetic	1406	A	G	0.3160919540229885	783	0.0398821808961769	0.05807616548564021	0.471587114307212	0.4924586820345894
rs101406	synthetic	1407	A	G	0.22547770700636943	785	-0.07799893759662548	0.06644927441336798	1.3778339718408226	0.2408228543939685
rs101407	synthetic	1408	A	G	0.13885350318471337	785	-0.04724043179595742	0.07899046907269476	0.3576665548822579	0.5499757932069174
rs101408	synthetic	1409	A	G	0.45186136071887034	779	0.03463094809979097	0.055497362912130185	0.3893893496855185	0.5328000220558536
rs101409	synthetic	1410	A	G	0.20346598202824134	779	0.07259061322258718	0.07274492348808705	0.9957619970526917	0.3186425475980135
rs101410	synthetic	1411	A	G	0.43205128205128207	780	-0.0021384144424782116	0.055089897317252286	0.0015067452534968779	0.9690462069861827
rs101412	synthetic	1413	A	G	0.21747448979591838	784	-0.03615786706777335	0.06708046514633079	0.29054504728233116	0.5900227518808093
rs101413	synthetic	1414	A	G	0.06002554278416347	783	-0.20597222081024325	0.11683908214596607	3.107713897951839	0.07830740060242558
rs101414	synthetic	1415	A	G	0.12960609911054638	787	-0.008466419225761107	0.07897390830295516	0.011492970087324224	0.9146532497552926
rs101415	synthetic	1416	A	G	0.030495552731893267	787	-0.07231916218821512	0.15299155310517812	0.22344563008730195	0.6365570390030897
rs101416	synthetic	1417	A	G	0.09026888604353393	781	0.093994211142514	0.09659554166629519	0.9468649713117537	0.3308152952450256
rs101417	synthetic	1418	A	G	0.34879288437102923	787	0.066243955994136	0.05562494423097247	1.4182517981109417	0.23404770594790955
rs101418	synthetic	1419	A	G	0.33034571062740076	781	0.015806707867432476	0.05659268864028111	0.07801214145098968	0.7800824183270764
rs101419	synthetic	1420	A	G	0.25191326530612246	784	0.13963596114302956	0.06106018366422943	5.229718886633248	0.022466818328699716
rs101420	synthetic	1421	A	G	0.37258687258687256	777	-0.04845271595444888	0.05712775234719096	0.7193528639976291	0.3966121907953842
rs101421	synthetic	1422	A	G	0.17643312101910827	785	-0.04791063783380812	0.0705191302528971	0.4615832181474028	0.497083236342334
rs101422	synthetic	1423	A	G	0.1966794380587484	783	0.04680574161773365	0.06747892775467543	0.4811294220399379	0.48811429933355704
rs101423	synthetic	1424	A	G	0.3381795195954488	791	-0.14547239914990312	0.05635306384380806	6.663864174923943	0.010017169536866098
rs101424	synthetic	1425	A	G	0.29182630906768836	783	-0.08759150186234432	0.058858558294045384	2.21464798515032	0.13710377582874417
rs101425	synthetic	1426	A	G	0.37292464878671777	783	0.03267806231773299	0.06064350437352547	0.29036483131027646	0.5901380673555462
rs101426	synthetic	1427	A	G	0.2751592356687898	785	0.020167090149462486	0.05926893335164407	0.11577965642384393	0.7337477639083619
rs101427	synthetic	1428	A	G	0.5443037974683544	790	-0.035881853383089274	0.05411900170069604	0.43959240556276513	0.507511920015192
rs101428	synthetic	1429	A	G	0.4929936305732484	785	0.04012401395140692	0.054982917211252876	0.5325411708697405	0.4657559541871102
rs101429	synthetic	1430	A	G	0.3278271918678526	787	0.11200079891328488	0.060190787032759006	3.462439527183972	0.06314755590937021
rs101431	synthetic	1432	A	G	0.41857506361323155	786	0.05282054887385362	0.05562275714753886	0.901780405873976	0.34259407911454776
rs101432	synthetic	1433	A	G	0.28040973111395645	781	-0.008116379360100309	0.05891600524322544	0.01897833425160807	0.8904635873845473
rs101433	synthetic	1434	A	G	0.06480304955527319	787	0.14840195718012042	0.1113863224188217	1.7750701734485497	0.1831385808254383
rs101434	synthetic	1435	A	G	0.3662420382165605	785	-0.010413069572581356	0.057280845816565285	0.03304750642485855	0.8557942003324115
rs101435	synthetic	1436	A	G	0.18717948717948718	780	-0.10192930830553046	0.0758564948651481	1.8055628557180492	0.1794257692091499
rs101436	synthetic	1437	A	G	0.30115089514066495	782	-0.06684858781002778	0.061119087797493615	1.1962742283945855	0.27439973517816446
rs101437	synthetic	1438	A	G	0.11977186311787072	789	-0.11556584408013656	0.0810366416287207	2.033743240625709	0.1542348335301848
rs101438	synthetic	1439	A	G	0.41243654822335024	788	0.07476335361480113	0.05438439548257549	1.8898569720642593	0.16960637003777368
rs101439	synthetic	1440	A	G	0.1639135959339263	787	0.013467294951532994	0.07940463812745868	0.028765306240172133	0.8653653203362071
rs101440	synthetic	1441	A	G	0.4332909783989835	787	0.12747862773916355	0.05550853671981273	5.274183088099582	0.021903807932417457
rs101441	synthetic	1442	A	G	0.19629156010230178	782	-0.03315447197853482	0.06776470474928958	0.2393740845797204	0.6247938455783023
rs101442	synthetic	1443	A	G	0.31719745222929935	785	-0.0030465803337636405	0.05828697152101976	0.0027320100147894	0.9583278097209089
rs101443	synthetic	1444	A	G	0.5306122448979592	784	0.07523127958500966	0.06212934796836121	1.4662340664101148	0.22630156476440172
rs101444	synthetic	1445	A	G	0.12388818297331639	787	0.03217328787521747	0.083127239920881	0.1497973629724147	0.698832923145574
rs101445	synthetic	1446	A	G	0.08482142857142858	784	0.08207978534362238	0.09743520330319737	0.7096441592670857	0.3998159570175071
rs101446	synthetic	1447	A	G	0.4305732484076433	785	-0.05274423619222151	0.05637481272361808	0.875346079050012	0.3497643459432134
rs101447	synthetic	1448	A	G	0.2703562340966921	786	0.07957964076391993	0.060580375248391605	1.7255995960370811	0.18935376217763034
rs101448	synthetic	1449	A	G	0.33354430379746836	790	0.055590421554888275	0.0568997052585481	0.9545087222658959	0.32887223133900545
rs101449	synthetic	1450	A	G	0.2352185089974293	778	-0.04082350407574401	0.06508512946208864	0.3934205244504249	0.5306874339458515
rs101450	synthetic	1451	A	G	0.45408163265306123	784	0.03068972474870779	0.05383888949055507	0.32493298484890015	0.5688195282121091
rs101451	synthetic	1452	A	G	0.19440914866581957	787	0.023712394459040144	0.07040508981475693	0.11343385930443484	0.7363572110767755
rs101452	synthetic	1453	A	G	0.3904458598726115	785	-0.03398725062740739	0.05706884275034354	0.3546777430800154	0.5516469647077332
rs101453	synthetic	1454	A	G	0.23563218390804597	783	0.021894825532984566	0.06390073846231972	0.11740084524042736	0.73196155949517
rs101454	synthetic	1455	A	G	0.02356687898089172	785	-0.24212139423761364	0.17945899145968272	1.8202703152858413	0.1776661914500889
rs101455	synthetic	1456	A	G	0.3199745547073791	786	-0.006741516001329672	0.05923851176278462	0.012951106084652294	0.9094228236026228
rs101456	synthetic	1457	A	G	0.34802043422733075	783	0.046322020373046655	0.05558455903816026	0.6944910561301516	0.4048919244452087
rs101457	synthetic	1458	A	G	0.31789340101522845	788	0.006093607194397634	0.05919918098962908	0.010595403829662654	0.9180413943109247
rs101458	synthetic	1459	A	G	0.41474358974358977	780	0.039949339759164315	0.054474932563657236	0.5378062063254591	0.4635600661549369
rs101459	synthetic	1460	A	G	0.44430217669654287	781	0.022395170237589385	0.05427797386556176	0.17023994920799002	0.6800101687801479
rs101460	synthetic	1461	A	G	0.17391304347826086	782	0.012005867386783407	0.07186192244230555	0.02791190134827088	0.8673587012692335
rs101461	synthetic	1462	A	G	0.4854614412136536	791	-0.07943471592010382	0.05327360376414414	2.223292183042521	0.13634056264570607
rs101462	synthetic	1463	A	G	0.24680306905370844	782	-0.13333378292804632	0.06307730524769202	4.468215793595678	0.03484269482287669
rs101463	synthetic	1464	A	G	0.18303571428571427	784	-0.10137704749183535	0.07100624037560695	2.0383851215580755	0.15376606790416023
rs101464	synthetic	1465	A	G	0.43886743886743884	777	-0.021266122221554645	0.05523673554658353	0.14822470776369212	0.7003409324817764
rs101465	synthetic	1466	A	G	0.5644955300127714	783	-0.1052603397258978	0.05389211852166904	3.8148636689068027	0.05115109243215706
rs101466	synthetic	1467	A	G	0.5435339308578745	781	-0.040432249173124574	0.054555968524666015	0.5492515127766859	0.45884308739630797
rs101467	synthetic	1468	A	G	0.45108005082592123	787	0.010785122392036009	0.05366999137503762	0.04038193309322902	0.840787194835929
rs101468	synthetic	1469	A	G	0.05146124523506988	787	0.0238845713474893	0.12575303918725567	0.03607430088424627	0.8494107417394932
rs101469	synthetic	1470	A	G	0.05441741357234315	781	-0.09595042561431061	0.11992597739060706	0.6401286685232195	0.4239038160857376
rs101470	synthetic	1471	A	G	0.08980891719745222	785	-0.05014210530369764	0.09665473712790704	0.2691279734861644	0.6040620678353328
rs101471	synthetic	1472	A	G	0.23518041237113402	776	0.04143756132984398	0.06621424833121745	0.3916385829521766	0.5316194163206941
rs101472	synthetic	1473	A	G	0.5448717948717948	780	0.028683844249290536	0.05758497582859448	0.2481168926608887	0.6185422742466423
rs101473	synthetic	1474	A	G	0.2362002567394095	779	0.022653921861637737	0.06586999673550949	0.11828005357382898	0.7309986189423732
rs101474	synthetic	1475	A	G	0.586340206185567	776	-0.07178487386833517	0.05364957955907646	1.790330612263979	0.18126943747919655
rs101475	synthetic	1476	A	G	0.19884910485933505	782	-0.038166366398607834	0.06753870935224578	0.3193420553770196	0.5721631439094407
rs101476	synthetic	1477	A	G	0.10154241645244216	778	0.14351409606135768	0.09051292880945334	2.5140151112405364	0.11323677228927138
rs101477	synthetic	1478	A	G	0.30089628681177977	781	0.08568530896008364	0.06104081971474568	1.970479948370644	0.16078840229442545
rs101478	synthetic	1479	A	G	0.4016602809706258	783	-0.0517910285682313	0.05914441950945906	0.7667989774879614	0.3814742961240783
rs101479	synthetic	1480	A	G	0.5945431472081218	788	0.023920488977991525	0.05594101713617643	0.18284344240518952	0.6690570221858768
rs101480	synthetic	1481	A	G	0.22363405336721728	787	-0.13244565453507884	0.06747835607744752	3.8525336477051626	0.05002011991770736
rs101481	synthetic	1482	A	G	0.17051282051282052	780	-0.05197155589618018	0.07838036183265491	0.43965995321920154	0.5074793150189578
rs101482	synthetic	1483	A	G	0.559462915601023	782	-0.03929039905226936	0.055621897568699105	0.49897786169255326	0.4801570703807875
rs101483	synthetic	1484	A	G	0.05102040816326531	784	0.022778269574542064	0.12224696610195102	0.03471884567338315	0.8522336860176547
rs101484	synthetic	1485	A	G	0.17070063694267515	785	-0.020794988133515588	0.08075373074481323	0.06631200552912851	0.7968509953399234
rs101485	synthetic	1486	A	G	0.41412213740458015	786	-0.050521733913505645	0.055187796518185846	0.8380508785339004	0.36023310174801715
rs101486	synthetic	1487	A	G	0.10025542784163474	783	-0.10824013285979413	0.1026441763621808	1.1120082388440886	0.2919669960610319
rs101487	synthetic	1488	A	G	0.40688775510204084	784	0.031686304157117616	0.05361398406422178	0.34929069115530637	0.5546833366421208
rs101488	synthetic	1489	A	G	0.5044585987261146	785	-0.062450263162103045	0.05327737414192452	1.3739879438427836	0.24147990359105734
rs101489	synthetic	1490	A	G	0.1360759493670886	790	0.0659646340479758	0.08044684679847484	0.6723637065139856	0.41247511163986583
rs101490	synthetic	1491	A	G	0.3107235142118863	774	-0.07323944146519905	0.0628849074909724	1.3564294006616762	0.24450749925565132
rs101491	synthetic	1492	A	G	0.19344473007712082	778	0.0009821952629099828	0.07330993876935275	0.0001795022748843329	0.9893137552703886
rs101492	synthetic	1493	A	G	0.20102432778489115	781	0.006731694387030868	0.06831987230014593	0.009708557128345537	0.9215347549887457
rs101493	synthetic	1494	A	G	0.12707535121328226	783	0.03478303185260437	0.08199092132389547	0.17997133400704252	0.6715129356823265
rs101494	synthetic	1495	A	G	0.5525982256020279	789	0.05167619743728499	0.05352225351341055	0.9322069064160129	0.33458446280996934
rs101495	synthetic	1496	A	G	0.02423469387755102	784	-0.009041222196740927	0.17820451977244625	0.0025740492705761233	0.9595493918200065
rs101496	synthetic	1497	A	G	0.18007662835249041	783	-0.0021194388542814108	0.06996469331517036	0.0009176644632060215	0.9758410196269668
rs101497	synthetic	1498	A	G	0.350765306122449	784	0.019874613287841673	0.05886251440688693	0.11400391211502722	0.7357203434059736
rs101498	synthetic	1499	A	G	0.15552699228791775	778	-0.0063110259639465064	0.08527801164520919	0.005476786387157686	0.9410248206036521
rs101499	synthetic	1500	A	G	0.36462324393358875	783	0.077996877712227	0.05944952181268786	1.7213045006087138	0.1899048723675486
rs101500	synthetic	1501	A	G	0.11971830985915492	781	0.06937394138754763	0.08757965616384415	0.6274603197368904	0.42852530733739164
rs101501	synthetic	1502	A	G	0.5025510204081632	784	-0.0355528079553213	0.05490088987795403	0.41936197222469207	0.5174430068704066
rs101502	synthetic	1503	A	G	0.2865384615384615	780	-0.04693230958107032	0.06330298905289743	0.5496616273454581	0.45867548137919373
rs101503	synthetic	1504	A	G	0.5406607369758577	787	0.04195233721667922	0.05488848281918983	0.5841842833910259	0.4449042376579044
rs101504	synthetic	1505	A	G	0.3241687979539642	782	-0.03872377239271278	0.05830781468245993	0.4410641789663398	0.506802316214507
rs101505	synthetic	1506	A	G	0.29118773946360155	783	0.012900534540993536	0.06017996464108654	0.045952755174432196	0.8303168115077701
rs101506	synthetic	1507	A	G	0.4330357142857143	784	-0.04601883659862291	0.05433406680210981	0.7173429681262053	0.39727237661365966
rs101507	synthetic	1508	A	G	0.21227621483375958	782	0.08324749392004153	0.0656722933791377	1.6068597458477047	0.20530587268856085
rs101508	synthetic	1509	A	G	0.03594351732991014	779	-0.304006448135868	0.14477807306287305	4.409202109712289	0.036060968043437044
rs101509	synthetic	1510	A	G	0.04358974358974359	780	-0.08495799597386018	0.13514014942134261	0.3952207422920948	0.5297488750569258
rs101510	synthetic	1511	A	G	0.18549422336328628	779	0.08369268335622647	0.06905253076778772	1.4689796678908362	0.22586774217718086
rs101511	synthetic	1512	A	G	0.0907928388746803	782	0.016361339348210414	0.09474640696116801	0.029820313583229122	0.8629426332966419
rs101512	synthetic	1513	A	G	0.24261874197689345	779	0.031636979045140144	0.06270353440454009	0.2545692663669923	0.6140161006314607
rs101513	synthetic	1514	A	G	0.34430379746835443	790	-0.004857285328293368	0.05680871321932726	0.007310672467969555	0.9318835135055576
rs101514	synthetic	1515	A	G	0.2338403041825095	789	0.06855567983226281	0.06366926971326012	1.159383583714204	0.2819208704040085
rs101515	synthetic	1516	A	G	0.13903061224489796	784	-0.03373662959301641	0.08096806388137358	0.17361045559721594	0.6770355707249064
rs101516	synthetic	1517	A	G	0.11459667093469911	781	0.1408879098591118	0.08465202497404961	2.76995522923575	0.09644389568143509
rs101517	synthetic	1518	A	G	0.2605095541401274	785	-0.002739219376657154	0.06244584621447561	0.0019241836490523055	0.9650226444473127
rs101518	synthetic	1519	A	G	0.5229591836734694	784	-0.053483235346426676	0.05497263422347113	0.9465471351989999	0.3308964208111908
rs101519	synthetic	1520	A	G	0.37182741116751267	788	0.06454096631621943	0.05724123224851311	1.271314434874874	0.2598612753266133
rs101520	synthetic	1521	A	G	0.3718112244897959	784	0.06628299199129617	0.05432084937221414	1.488919110178787	0.22274697824149262
rs101521	synthetic	1522	A	G	0.23337595907928388	782	0.0351902597353929	0.06439523571312925	0.29863277519351394	0.5848945385775078
rs101522	synthetic	1523	A	G	0.3335459183673469	784	0.1354858138218756	0.056188481246857054	5.814241435512469	0.016123265918487176
rs101523	synthetic	1524	A	G	0.344106463878327	789	0.025918237746622885	0.05723270677238629	0.20507955511770734	0.6507755133952113
rs101524	synthetic	1525	A	G	0.24585987261146497	785	0.17751626010741836	0.06462033832660281	7.546365298208084	0.0061495336505494585
rs101525	synthetic	1526	A	G	0.1203585147247119	781	0.0616006194195356	0.0832768655408167	0.5471689159148001	0.4596957040568864
rs101526	synthetic	1527	A	G	0.2177522349936143	783	-0.033897457338347224	0.06552794521923647	0.2675969418558449	0.6050925943795796
rs101527	synthetic	1528	A	G	0.06803594351732992	779	-0.008459232063607018	0.1138021155248985	0.005525367991561554	0.9407643095526067
rs101529	synthetic	1530	A	G	0.12436224489795919	784	0.010237690910439558	0.08076900309964352	0.01606625226553171	0.8991682483246108
rs101530	synthetic	1531	A	G	0.15943877551020408	784	-0.02715046632866272	0.0723773879376929	0.14071771534826388	0.7076688519700608
rs101533	synthetic	1534	A	G	0.2403598971722365	778	-0.025307613686359864	0.06388617866090134	0.15692371085661228	0.692111282148708
rs101534	synthetic	1535	A	G	0.168806161745828	779	-0.06520079246451999	0.07351375672382413	0.7866263951187035	0.37539107981212727
rs101535	synthetic	1536	A	G	0.3539253539253539	777	0.004370655656088762	0.05796143011648572	0.005686106614666604	0.9399104834573342
rs101536	synthetic	1537	A	G	0.24296675191815856	782	0.11413472029532681	0.06334108679409724	3.24686727848071	0.07193978077099329
rs101537	synthetic	1538	A	G	0.20928753180661577	786	-0.08170140903823643	0.06668519797972708	1.5010674352372544	0.22087096732356207
rs101538	synthetic	1539	A	G	0.05590851334180432	787	0.01592325668098498	0.11871729717317861	0.01799019168923711	0.8933357706350575
rs101539	synthetic	1540	A	G	0.340153452685422	782	0.1067214217873842	0.05599170831799738	3.6329194502507813	0.05700865836260338
rs101540	synthetic	1541	A	G	0.2528809218950064	781	-0.0016509210312426045	0.06377405993536973	0.0006701383453370214	0.9793539575586127
rs101541	synthetic	1542	A	G	0.21146496815286625	785	-0.06363525799401594	0.06891355513918168	0.8526804550509604	0.3560760300005726
rs101542	synthetic	1543	A	G	0.14588688946015424	778	0.028241259525621388	0.08172476649882214	0.11941551249061161	0.7297609277502554
rs101543	synthetic	1544	A	G	0.06152849740932642	772	0.09626891806800564	0.11316605088095844	0.7236688191231954	0.39519988381317134
rs101544	synthetic	1545	A	G	0.17074742268041238	776	0.11984880939593034	0.07337709234764588	2.6677581254595855	0.10279711636134925
rs101545	synthetic	1546	A	G	0.4381443298969072	776	0.045783277639105904	0.055700837563929545	0.6756010411656156	0.4113526765216276
rs101546	synthetic	1547	A	G	0.04156010230179028	782	-0.1722049744678507	0.13813480506100623	1.5541221390003936	0.21289603622225328
rs101547	synthetic	1548	A	G	0.6270860077021823	779	-0.031473143821249674	0.055762523587232826	0.31856305880367836	0.5726320789549664
rs101548	synthetic	1549	A	G	0.40897435897435896	780	-0.05993131711669174	0.05595417338156828	1.1472093454413155	0.28445996584046074
rs101549	synthetic	1550	A	G	0.12452350698856417	787	0.027860866151540563	0.08381088764726807	0.110506633087755	0.7396559288195319
rs101550	synthetic	1551	A	G	0.20241116751269037	788	-0.1083689649497312	0.06716694752569838	2.6031466028582235	0.10704961354306737
rs101551	synthetic	1552	A	G	0.0641025641025641	780	0.027789503865666646	0.10700812136075359	0.06744163761269542	0.7951662409715384
rs101552	synthetic	1553	A	G	0.41507024265644954	783	-0.1708959974724212	0.05581324050883821	9.375389207167137	0.0022734344304644843
rs101553	synthetic	1554	A	G	0.022756005056890013	791	0.3017094870175254	0.18295433363481126	2.7195217137236236	0.0995237682600434
rs101554	synthetic	1555	A	G	0.032525510204081634	784	0.2308454334699894	0.15416690261679727	2.2421273774163466	0.13469401207231552
rs101555	synthetic	1556	A	G	0.06035578144853875	787	-0.04509594851239576	0.10851179182997224	0.17271147057066663	0.6778256238446682
rs101556	synthetic	1557	A	G	0.46025641025641023	780	0.08797499042690764	0.0556690559953196	2.497415154983467	0.11443208275877843
rs101557	synthetic	1558	A	G	0.5964467005076142	788	0.005669664356886563	0.054091525931837164	0.010986420886950175	0.9165482163653225
rs101558	synthetic	1559	A	G	0.19250317662007624	787	0.008641625949277464	0.0682902365537859	0.016013036512212295	0.8993344857588044
rs101559	synthetic	1560	A	G	0.3236808236808237	777	0.02350064137184347	0.05916827793707986	0.15775443263567904	0.6913393032304482
rs101560	synthetic	1561	A	G	0.5516129032258065	775	0.019812519769300693	0.0567031643017314	0.12208571059950003	0.7268760498231615
rs101561	synthetic	1562	A	G	0.20656370656370657	777	-0.03155229927126887	0.06591168245261285	0.22915916441979045	0.6322799564673686
rs101562	synthetic	1563	A	G	0.589171974522293	785	-0.019248924331611825	0.05363168334813033	0.1288160784037625	0.7197582772392508
rs101563	synthetic	1564	A	G	0.2385204081632653	784	0.010980939553884296	0.0628537414843052	0.030522263119368596	0.8613550743414466
rs101564	synthetic	1565	A	G	0.0832258064516129	775	-0.08483870691295671	0.09651652474816459	0.7726534161318702	0.379663714558
rs101565	synthetic	1566	A	G	0.047073791348600506	786	-0.07457822046528441	0.12369549291556209	0.3635099321128527	0.5467357245938946
rs101566	synthetic	1567	A	G	0.12547770700636943	785	-0.08110738760692356	0.08217918283032326	0.9740857497802472	0.3239643483243178
rs101567	synthetic	1568	A	G	0.23367477592829705	781	-0.018588696299817856	0.06481379067331822	0.08225513504142518	0.7743391856470081
rs101568	synthetic	1569	A	G	0.4407643312101911	785	0.0681692820741982	0.053745677852384606	1.608756635223835	0.2050388915301097
rs101569	synthetic	1570	A	G	0.20945083014048532	783	0.024517297585667442	0.06709345316636732	0.1335318627762318	0.7148952711831592
rs101570	synthetic	1571	A	G	0.2436548223350254	788	0.15693358774811586	0.06634732358790124	5.594805463226901	0.018253558536651667
rs101571	synthetic	1572	A	G	0.5242966751918159	782	0.025758454229850115	0.05653629621014592	0.20757970351744806	0.6487957838657054
rs101572	synthetic	1573	A	G	0.2947903430749682	787	0.03279431539995782	0.06254148321433381	0.27495447039772736	0.6001740032325544
rs101573	synthetic	1574	A	G	0.26181353767560667	783	-0.006193851493822403	0.061452904553531654	0.010158667543065563	0.9197424706831675
rs101574	synthetic	1575	A	G	0.2379746835443038	790	0.041886050392246625	0.06145950059679047	0.46447331491980304	0.49573972978158964
rs101575	synthetic	1576	A	G	0.3363286264441592	779	0.051255738607057365	0.05733816483030518	0.799093162898802	0.37163585139015815
rs101576	synthetic	1577	A	G	0.1717557251908397	786	-0.011414068951993261	0.07368813443435787	0.023993072169284386	0.8769419557372045
rs101577	synthetic	1578	A	G	0.5958121827411168	788	-0.05308344069090474	0.05607183279400681	0.8962488788719746	0.3440779009354655
rs101578	synthetic	1579	A	G	0.06870229007633588	786	0.055314199111130904	0.10529490046679323	0.2759679074656171	0.5995031009302187
rs101580	synthetic	1581	A	G	0.2848984771573604	788	-0.03904016298722829	0.05919174491921838	0.43501172090756673	0.5097314566852581
rs101581	synthetic	1582	A	G	0.3466921119592875	786	-0.0014185140720024364	0.05880173055426346	0.0005819518880576216	0.9807600245874559
rs101582	synthetic	1583	A	G	0.11862244897959184	784	-0.23155941526688897	0.08393479577780644	7.610984058052955	0.00593503718958083
rs101583	synthetic	1584	A	G	0.2385204081632653	784	-0.008531649328432298	0.0673631194502853	0.016040637066891534	0.8992482311007933
rs101584	synthetic	1585	A	G	0.035076530612244895	784	-0.04520232669237099	0.14712047044966728	0.09440073366175389	0.7587360229150747
rs101585	synthetic	1586	A	G	0.28017789072426935	787	0.00551537328230257	0.05912912925059275	0.008700552959698649	0.92570725914177
rs101586	synthetic	1587	A	G	0.610969387755102	784	0.01914152473099547	0.05487020302286474	0.121697014304392	0.727293781608542
rs101587	synthetic	1588	A	G	0.39514066496163686	782	-0.04540492478888679	0.05562049071757367	0.6664019956127402	0.4145540037206625
rs101588	synthetic	1589	A	G	0.17997465145754118	789	0.0570529723250127	0.06734191673207134	0.717770497028611	0.39713181423246724
rs101589	synthetic	1590	A	G	0.19730077120822623	778	0.1229105169565415	0.06809125844985593	3.2583322653476547	0.07144055712077857
rs101590	synthetic	1591	A	G	0.3117797695262484	781	-0.13926443616357137	0.059438198590059145	5.48970709341927	0.01937502481498576
rs101591	synthetic	1592	A	G	0.15012722646310434	786	0.17809227723150078	0.08531196974546282	4.357829511339876	0.03715787136075397
rs101592	synthetic	1593	A	G	0.2953105196451204	789	0.11645450163235772	0.057618330553626244	4.084992097873436	0.04360118645130822
rs101593	synthetic	1594	A	G	0.3101023017902813	782	-0.014775339206332247	0.05900071949874525	0.06271339391242238	0.8023224624072698
rs101594	synthetic	1595	A	G	0.19240506329113924	790	-0.01822497861794408	0.0697050991087672	0.06836045691965335	0.7938069728174548
rs101595	synthetic	1596	A	G	0.20709677419354838	775	-0.037625676064490195	0.06709257979325678	0.31449926989557586	0.5750907024356595
rs101596	synthetic	1597	A	G	0.22448979591836735	784	-0.0359822508939165	0.0644500546783791	0.3116951714846411	0.5767994096368008
rs101597	synthetic	1598	A	G	0.1446862996158771	781	0.1002575237569386	0.07642414517190121	1.7209678939273376	0.18994814192960296
rs101598	synthetic	1599	A	G	0.1782051282051282	780	0.0579859746941652	0.07117474310756323	0.6637340636189021	0.41548935773966117
rs101599	synthetic	1600	A	G	0.11331626120358515	781	-0.1782815957169713	0.08718634135808546	4.181346114403433	0.04120088104789165
rs101600	synthetic	1601	A	G	0.3905852417302799	786	-0.0243049896150616	0.056266360238865415	0.1865920924397637	0.6658856793223701
rs101601	synthetic	1602	A	G	0.5329113924050632	790	-0.019877514142937223	0.055839023303114126	0.12672097788807798	0.721951045399664
rs101602	synthetic	1603	A	G	0.08461538461538462	780	0.09251058012726766	0.09672891533700767	0.9146820849802966	0.33916663245600576
rs101603	synthetic	1604	A	G	0.28944020356234096	786	0.00868757467248866	0.060816219554078045	0.020406017783253544	0.8864452247742918
rs101604	synthetic	1605	A	G	0.03498727735368957	786	0.09585990946340485	0.1489215367183665	0.41434205041508115	0.5199599487370115
rs101605	synthetic	1606	A	G	0.2921994884910486	782	-0.010816377512000682	0.06264391500857625	0.02981301439518345	0.8629592419923839
rs101606	synthetic	1607	A	G	0.48547979797979796	792	-0.03682890371356427	0.05408246042409087	0.46372947461062725	0.49608492960513806
rs101607	synthetic	1608	A	G	0.04929577464788732	781	0.0324077094787459	0.12649062735166075	0.06564172430766753	0.7978579076869833
rs101608	synthetic	1609	A	G	0.1946564885496183	786	-0.006077718710836667	0.06964363386799444	0.007615849356778285	0.9304798576988994
rs101609	synthetic	1610	A	G	0.04353393085787452	781	0.11247315800343125	0.13431259172740478	0.7012361874477532	0.402620926126006
rs101610	synthetic	1611	A	G	0.23794416243654823	788	0.03139992805884113	0.07022816301207532	0.19991007818935083	0.6549155286310931
rs101611	synthetic	1612	A	G	0.38974358974358975	780	0.022247411864251856	0.05596973752494601	0.1579983128189028	0.691113115576495
rs101612	synthetic	1613	A	G	0.41259640102827766	778	0.027838834297663893	0.0570211475036168	0.23835824891191712	0.6255293628239379
rs101613	synthetic	1614	A	G	0.15281329923273657	782	-0.05894286645369456	0.0752137909319862	0.6141402299943285	0.4334671821170223
rs101614	synthetic	1615	A	G	0.20419847328244276	786	0.0414028160050372	0.06792568030941246	0.3715281864149861	0.5423470487579248
rs101615	synthetic	1616	A	G	0.43548387096774194	775	0.07121018034750333	0.052850522873292755	1.8154554440659068	0.1782400280166826
rs101616	synthetic	1617	A	G	0.06743002544529263	786	-0.11919607787501116	0.10717167431760054	1.236983478842966	0.2663902575777617
rs101617	synthetic	1618	A	G	0.34220532319391633	789	0.09077472845175938	0.056331959135827135	2.5966905993539995	0.10748503015773792
rs101618	synthetic	1619	A	G	0.23443456162642948	787	-0.05554105776676855	0.06505289811524774	0.7289453915398283	0.3934830672251975
rs101619	synthetic	1620	A	G	0.018471337579617834	785	-0.07239745661684599	0.20386056310574902	0.12611890159323608	0.7225849633609379
rs101621	synthetic	1622	A	G	0.3452229299363057	785	-0.055243517271157026	0.05682871972805027	0.9449893174861791	0.3312944272366489
rs101622	synthetic	1623	A	G	0.04551282051282051	780	0.006278162089117497	0.12775834486280638	0.0024148296221767787	0.9608193703925761
rs101623	synthetic	1624	A	G	0.3361075544174136	781	0.10608939257061657	0.06219376740124155	2.909713274869622	0.08843910936003431
rs101624	synthetic	1625	A	G	0.14294790343074967	787	-0.2019867480488482	0.0753410523509797	7.18757501313556	0.007493512841088078
rs101625	synthetic	1626	A	G	0.24040920716112532	782	0.11558453695534522	0.06477224380542297	3.184355829831494	0.07472851175184089
rs101626	synthetic	1627	A	G	0.07884615384615384	780	-0.12327091843350074	0.10081045176740645	1.4952373658420914	0.2217689063427178
rs101627	synthetic	1628	A	G	0.0693384223918575	786	0.04764101786261811	0.10670332917159837	0.19934535659293473	0.6553716699789843
rs101628	synthetic	1629	A	G	0.2864385297845374	789	-0.05282081742253961	0.06036662146656766	0.7656256852921504	0.38183862579590944
rs101629	synthetic	1630	A	G	0.17285531370038412	781	0.017798728908576148	0.0735817394553776	0.05851104792148347	0.8089274951556015
rs101630	synthetic	1631	A	G	0.09457755359394704	793	0.16695667269809947	0.0916776413635464	3.3165053265932847	0.06896416350800082
rs101631	synthetic	1632	A	G	0.34674329501915707	783	-0.0031787742992870063	0.057749875575664196	0.00302982315545269	0.9561174103381341
rs101632	synthetic	1633	A	G	0.1602809706257982	783	-0.04810972424882165	0.07387419593685329	0.4241116490852555	0.5150811766613186
rs101633	synthetic	1634	A	G	0.20849176172370087	789	0.07216611474754273	0.06698026730795018	1.160841421312168	0.28161874745867915
rs101635	synthetic	1636	A	G	0.3079385403329065	781	0.11693410913501925	0.05801282832661925	4.062883261398067	0.04417245868035332
rs101636	synthetic	1637	A	G	0.28671775223499363	783	-0.014518763121487002	0.05987592111861951	0.05879695349764894	0.8084703068133344
rs101637	synthetic	1638	A	G	0.28280254777070063	785	-0.019384754247548222	0.06285235768574247	0.09512122889284286	0.7578458210083053
rs101639	synthetic	1640	A	G	0.3592356687898089	785	0.01646940662899956	0.055063770837591036	0.08945899327743245	0.7649444299758636
rs101640	synthetic	1641	A	G	0.47753530166880614	779	0.09285938088559427	0.05371458393000515	2.9885954813516604	0.0842420863174352
rs101641	synthetic	1642	A	G	0.1088348271446863	781	0.03552300667877103	0.08556567649961569	0.17235356002093732	0.67814083684103
rs101642	synthetic	1643	A	G	0.2939666238767651	779	-0.032074338027109524	0.060280771173496686	0.28311169146315696	0.5948179535470934
rs101643	synthetic	1644	A	G	0.3821614583333333	768	0.019497651441837942	0.05702501661577434	0.1169051823248046	0.7325062044135687
rs101644	synthetic	1645	A	G	0.3596938775510204	784	-0.08908351131310509	0.057387979146119525	2.4096434742665402	0.12098880901428097
rs101645	synthetic	1646	A	G	0.23170731707317074	779	0.09978338060481051	0.06663711432273779	2.242250156936338	0.13468335220467129
rs101646	synthetic	1647	A	G	0.2187902187902188	777	-0.062097632949596186	0.06807826051046567	0.8320188987117366	0.36196659968847206
rs101647	synthetic	1648	A	G	0.16455696202531644	790	0.06435282110373433	0.07490218635340291	0.7381526635184457	0.3905129210435883
rs101648	synthetic	1649	A	G	0.4326923076923077	780	0.01782446143182783	0.05372981767616629	0.11005305409374544	0.7401713980736798
rs101649	synthetic	1650	A	G	0.2878980891719745	785	0.11058911614559169	0.05920789984862071	3.4887147468625903	0.062157182063375144
rs101650	synthetic	1651	A	G	0.05931122448979592	784	0.21737512238537174	0.11469998242932597	3.591641461021383	0.05843430585825281
rs101651	synthetic	1652	A	G	0.3102791878172589	788	-0.013721700868583273	0.05756234664091134	0.05682493061170929	0.8116481147136413
rs101652	synthetic	1653	A	G	0.4120667522464698	779	0.054254565499664224	0.05432118193027581	0.9975488168360427	0.3182090131128623
rs101653	synthetic	1654	A	G	0.320659062103929	789	0.01609486553841069	0.05817050530805891	0.07655420183418549	0.7820946275597536
rs101654	synthetic	1655	A	G	0.1018041237113402	776	-0.06368334564937049	0.09028738608057572	0.4975051523119577	0.48080551999243304
rs101655	synthetic	1656	A	G	0.3499361430395913	783	-0.045747844284322145	0.05851061135544649	0.6113247748244155	0.43452282550749527
rs101656	synthetic	1657	A	G	0.2231457800511509	782	0.0503812382379755	0.06733958288243495	0.5597535161694666	0.45458139288157984
rs101657	synthetic	1658	A	G	0.45121951219512196	779	0.028530952380775645	0.0575435519227388	0.2458324484685687	0.6201623664625735
rs101658	synthetic	1659	A	G	0.1110397946084724	779	-0.09563661110542743	0.08785336518134162	1.1850360267182027	0.2766638599506034
rs101659	synthetic	1660	A	G	0.09693877551020408	784	-0.08952798073737919	0.09707122493316851	0.8506218976596448	0.3566569787851337
rs101660	synthetic	1661	A	G	0.2624203821656051	785	0.0006452099169340587	0.06142592428181176	0.00011033128280453048	0.9916219203613346
rs101661	synthetic	1662	A	G	0.15625	784	-0.1569422915753052	0.0758368463691363	4.2827177123242555	0.038825110394302476
rs101662	synthetic	1663	A	G	0.4391634980988593	789	0.001714734531074031	0.05340193975018687	0.00103104999031305	0.9743924346964661
rs101663	synthetic	1664	A	G	0.5280254777070064	785	-0.043714361555801266	0.054991140792713215	0.6319210485242961	0.4268893849412413
rs101664	synthetic	1665	A	G	0.03435114503816794	786	-0.08358554740267585	0.1450733100737078	0.33196121195043593	0.5646700117871984
rs101665	synthetic	1666	A	G	0.11153358681875793	789	0.026157552038093092	0.08755797541630841	0.0892488798664938	0.7652124972660487
rs101666	synthetic	1667	A	G	0.0561941251596424	783	0.1881249065981258	0.12267309945605233	2.351764974750143	0.12554009085204398
rs101669	synthetic	1670	A	G	0.44174135723431496	781	0.01612036485121332	0.058058385834459145	0.07709386508078697	0.7813474121997025
rs101670	synthetic	1671	A	G	0.5564720812182741	788	0.04869192002787272	0.05401587132217873	0.8125891666489972	0.3676295611577705
rs101671	synthetic	1672	A	G	0.41751918158567775	782	-0.035772582876116246	0.05575304943744459	0.41168338937666205	0.5213017273530172
rs101672	synthetic	1673	A	G	0.2564935064935065	770	-0.07859011113670873	0.06423067716538991	1.4970999797536049	0.2214815547125952
rs101673	synthetic	1674	A	G	0.19794344473007713	778	0.05274971799998591	0.06879604211658558	0.5879134245531088	0.4434553204120525
rs101674	synthetic	1675	A	G	0.28109137055837563	788	0.08481650682390131	0.06008679545683133	1.9925199493740744	0.1584698796751374
rs101675	synthetic	1676	A	G	0.4573248407643312	785	0.07063426231045337	0.05475540083949826	1.664090351412381	0.19742800779886993
rs101676	synthetic	1677	A	G	0.29733163913595934	787	-0.01719301874697317	0.05895795941136649	0.08503924306666333	0.7706573553564083
rs101677	synthetic	1678	A	G	0.21356147021546262	789	-0.08514699988454663	0.06611733493609254	1.6584715331438875	0.19818549866045593
rs101678	synthetic	1679	A	G	0.26908396946564883	786	-0.0076787345712452885	0.06355219354926364	0.01459883570823597	0.9038597467173645
rs101679	synthetic	1680	A	G	0.13532401524777637	787	0.01336830183463391	0.08010822337581813	0.027848274108905845	0.8675085688247152
rs101680	synthetic	1681	A	G	0.17934093789607097	789	0.11586228452385566	0.07005024226958585	2.735677456990685	0.0985256264358512
rs101681	synthetic	1682	A	G	0.015306122448979591	784	-0.2969950973127246	0.22108992225383695	1.804515706305909	0.17955181573925247
rs101682	synthetic	1683	A	G	0.3373879641485275	781	0.026736036708152187	0.05789059014984087	0.213293737271267	0.6443246317739777
rs101683	synthetic	1684	A	G	0.04904458598726115	785	0.07232464824058271	0.12107403128311514	0.3568376366087009	0.5504383242898888
rs101684	synthetic	1685	A	G	0.08980891719745222	785	-0.038538473848471234	0.09556936616640763	0.1626116337510582	0.6868720430017182
rs101685	synthetic	1686	A	G	0.16580976863753213	778	-0.05512073627141889	0.07340563598453753	0.5638598981061487	0.45293195966078337
rs101686	synthetic	1687	A	G	0.29246487867177523	783	0.06351707884483104	0.05825761574748047	1.188709188862904	0.2759212627698073
rs101687	synthetic	1688	A	G	0.4106002554278416	783	-0.010933372130035191	0.054196850821080916	0.04069679008794321	0.8401760628719145
rs101688	synthetic	1689	A	G	0.18663303909205547	793	-0.07631060882342756	0.06951461744820231	1.2050846726329583	0.27264098763096123
rs101689	synthetic	1690	A	G	0.23371647509578544	783	0.050000425446431726	0.06614291608105287	0.5714532716007168	0.44990649326714444
rs101691	synthetic	1692	A	G	0.32375478927203066	783	0.0454938199998861	0.05776301692385838	0.6203047028512909	0.4311694185191114
rs101694	synthetic	1695	A	G	0.2933247753530167	779	-0.0444227175328036	0.05910022016508874	0.5649786648119897	0.452484206305379
rs101695	synthetic	1696	A	G	0.35173299101412064	779	-0.06920193225353137	0.05612615080771663	1.5202181883181143	0.21795185359146696
rs101696	synthetic	1697	A	G	0.13063063063063063	777	-0.01002671187348811	0.07968736822090385	0.015832084630196093	0.8999018601197556
rs101697	synthetic	1698	A	G	0.42135549872122763	782	-0.007773158347854326	0.0572410553198728	0.01844080033983377	0.8920162985845893
rs101698	synthetic	1699	A	G	0.03088803088803089	777	0.1597157856512225	0.16040347122439758	0.9914439327656395	0.3196934474516719
rs101699	synthetic	1700	A	G	0.15644955300127714	783	-0.04482647343894951	0.07324425999645609	0.37456048279784576	0.5407042774513965
rs101700	synthetic	1701	A	G	0.38337628865979384	776	0.011249646188039508	0.055899266146605425	0.040500978372866224	0.8405558395318093
rs101701	synthetic	1702	A	G	0.3384615384615385	780	0.11810386641087242	0.060817201807784126	3.7711635031838684	0.0524971508492829
rs101702	synthetic	1703	A	G	0.1721728081321474	787	0.011525240370765352	0.07266023995294121	0.025159750389403348	0.8740100313891794
rs101703	synthetic	1704	A	G	0.07061068702290077	786	0.03996659888144315	0.10474476154676592	0.1455894008450242	0.7028886432579557
rs101704	synthetic	1705	A	G	0.3962025316455696	790	0.023688660543060572	0.05727584624885227	0.17105586913624757	0.6792869460042195
rs101705	synthetic	1706	A	G	0.05341055341055341	777	-0.1530682613295512	0.12128617845867425	1.592750219855181	0.20730469509617702
rs101706	synthetic	1707	A	G	0.04556962025316456	790	0.06823789681598043	0.12749222773637037	0.2864730988633373	0.5926396236182143
rs101707	synthetic	1708	A	G	0.45838668373879643	781	-0.039669727992689176	0.05628767221215406	0.4966973784774044	0.48116180218849797
rs101708	synthetic	1709	A	G	0.40512820512820513	780	-0.01344450757737682	0.05892247668384434	0.052062835097769225	0.8195707132826054
rs101709	synthetic	1710	A	G	0.13682864450127877	782	0.1674993753494295	0.07777701301536255	4.63792651226196	0.0315735591142661
rs101710	synthetic	1711	A	G	0.11768447837150127	786	-0.04653755631221092	0.08264793543961996	0.3170612232978174	0.5735382818402398
rs101711	synthetic	1712	A	G	0.5523627075351213	783	0.011978382598619372	0.052951418141687794	0.05117303435298245	0.8210928277640611
rs101712	synthetic	1713	A	G	0.2790549169859515	783	0.06776814517651349	0.06211106864452034	1.1904555804480144	0.27556907756403043
rs101713	synthetic	1714	A	G	0.10165184243964422	787	0.013296828205911385	0.08703741419102166	0.023339102720607713	0.8786174096216439
rs101714	synthetic	1715	A	G	0.2326478149100257	778	0.040246815127864176	0.06479154875083337	0.3858569393232076	0.5346637566979762
rs101715	synthetic	1716	A	G	0.32028241335044927	779	-0.1055940375473703	0.05854839156299447	3.2527362887860622	0.07168375813421565
rs101716	synthetic	1717	A	G	0.0983502538071066	788	0.028800342496785713	0.08736812253544897	0.10866490346587099	0.7417563261903019
rs101717	synthetic	1718	A	G	0.22756410256410256	780	-0.01894260746476619	0.06560680612597782	0.08336461093859139	0.7728639925599193
rs101718	synthetic	1719	A	G	0.2633248730964467	788	0.009643014485324657	0.06287681733158006	0.02352039098930356	0.8781505720147319
rs101719	synthetic	1720	A	G	0.21254801536491677	781	0.02833876882939043	0.06535312035753034	0.18803093276036928	0.6646784667085991
rs101720	synthetic	1721	A	G	0.19846350832266324	781	-0.01947426671164203	0.06745633000559355	0.08334447366296327	0.7728906726412504
rs101721	synthetic	1722	A	G	0.08002560819462227	781	-0.017526423382116532	0.10051474290293232	0.030403743851145353	0.8616217926265364
rs101722	synthetic	1723	A	G	0.32926829268292684	779	0.01287254277574404	0.05799584516945982	0.049264595792031275	0.8244050547928355
rs101723	synthetic	1724	A	G	0.29897567221510885	781	0.04839578334890897	0.05785381861565722	0.6997630210067706	0.4031153335388739
rs101724	synthetic	1725	A	G	0.12323491655969192	779	0.04507713295495965	0.08578021280146911	0.2761457305065608	0.5993855430283761
rs101725	synthetic	1726	A	G	0.41847133757961785	785	0.022071717029224135	0.05770782856117497	0.14628600288443896	0.7022126420525635
rs101726	synthetic	1727	A	G	0.2385496183206107	786	-0.020073583111286843	0.061822840586429104	0.10542700990365564	0.7454973585283191
rs101727	synthetic	1728	A	G	0.09771573604060914	788	0.02102931966908203	0.09132516794870982	0.05302363369694361	0.8179424366733067
rs101728	synthetic	1729	A	G	0.27086007702182285	779	-0.05955451191512352	0.06220051898750047	0.9167297441234644	0.33862690559097053
rs101729	synthetic	1730	A	G	0.2275064267352185	778	0.07197471319512518	0.06504818602505896	1.2243046693500705	0.268853052194022
rs101730	synthetic	1731	A	G	0.46055979643765904	786	-0.0159830470199596	0.05357796308586012	0.08899113725193372	0.7655418008158832
rs101731	synthetic	1732	A	G	0.4185897435897436	780	0.05832629313425054	0.05286653059492021	1.2172145399344008	0.27024268008376817
rs101732	synthetic	1733	A	G	0.1643312101910828	785	-0.03265862734815915	0.07255649682400488	0.20260177348031666	0.6527519346401278
rs101733	synthetic	1734	A	G	0.0673076923076923	780	0.12037908485738873	0.10791151485298905	1.2444186078088422	0.26495910650981097
rs101734	synthetic	1735	A	G	0.29846938775510207	784	0.0009924865828154596	0.059213926454028655	0.0002809322314502792	0.9866314725825478
rs101735	synthetic	1736	A	G	0.2903430749682338	787	-0.0342675109985693	0.06045635891051981	0.32127811770385795	0.5710009470549948
rs101736	synthetic	1737	A	G	0.09137055837563451	788	-0.020418611594723263	0.09620583842891682	0.04504530775587834	0.8319752789354904
rs101737	synthetic	1738	A	G	0.16025641025641027	780	0.02232417406727636	0.07650947437166343	0.08513739617646696	0.770528754678099
rs101738	synthetic	1739	A	G	0.046675191815856776	782	0.062083982340312475	0.1270505809928733	0.2387843296797227	0.625220622453818
rs101739	synthetic	1740	A	G	0.3450255102040816	784	-0.045022897984393156	0.0576783044441923	0.6093150726538232	0.43527875437433633
rs101740	synthetic	1741	A	G	0.5667090216010165	787	0.04292848164357368	0.053166779460543545	0.6519440828076158	0.41966059156757
rs101741	synthetic	1742	A	G	0.04225352112676056	781	0.009734353714659676	0.13505971021238825	0.005194725685285754	0.9425608365329723
rs101742	synthetic	1743	A	G	0.22576530612244897	784	0.1330596953265467	0.06652397752976688	4.000705958088171	0.045821793730153514
rs101743	synthetic	1744	A	G	0.08194622279129321	781	0.084134157694143	0.09935876012207519	0.7170218257316137	0.39737800870782053
rs101744	synthetic	1745	A	G	0.07179487179487179	780	-0.030395629604698916	0.10431497199194649	0.08490416509572414	0.7708344669139366
rs101745	synthetic	1746	A	G	0.22448979591836735	784	0.037633857516152024	0.06699933318875391	0.31551245785206883	0.574475768143809
rs101746	synthetic	1747	A	G	0.17719072164948454	776	-0.009563190534545204	0.07247760275014571	0.01740996815229494	0.8950598105291547
rs101747	synthetic	1748	A	G	0.36828644501278773	782	0.09981748754006817	0.05651630099196932	3.1193622325864268	0.0777517679109637
rs101748	synthetic	1749	A	G	0.1583011583011583	777	-0.08750769753414579	0.07094330791707373	1.5214918998310296	0.21775934456980983
rs101749	synthetic	1750	A	G	0.2072704081632653	784	0.015272665431571868	0.07010315753947746	0.04746292695560819	0.8275943341489098
rs101750	synthetic	1751	A	G	0.05916030534351145	786	0.13186812813881787	0.11328633477746096	1.3549542478797154	0.24476396266050315
rs101751	synthetic	1752	A	G	0.33969465648854963	786	-0.039795307657242006	0.059058110248941344	0.4540510043955013	0.5006138034054275
rs101752	synthetic	1753	A	G	0.19501278772378516	782	0.14817157657673663	0.06882867932796714	4.634372418997714	0.031638626277937246
rs101753	synthetic	1754	A	G	0.2534854245880862	789	0.02409095736749126	0.06294686588780282	0.14647378191034166	0.7020307321213652
rs101754	synthetic	1755	A	G	0.10732647814910026	778	-0.08849114827042981	0.08641249391545813	1.0486886860157083	0.3061215698142399
rs101755	synthetic	1756	A	G	0.13171355498721227	782	0.08880240368467347	0.08142762613374795	1.1893396423018148	0.2757940573992403
rs101756	synthetic	1757	A	G	0.22391857506361323	786	-0.08045297939829063	0.06740138595968873	1.4247760621661842	0.23297584247358613
rs101757	synthetic	1758	A	G	0.13104325699745548	786	-0.00728033260081618	0.0799123450451863	0.008299934980463653	0.9274329781924925
rs101758	synthetic	1759	A	G	0.38818297331639134	787	0.015088776200972633	0.05374839023607828	0.07880923481131963	0.7789908551026492
rs101759	synthetic	1760	A	G	0.3864795918367347	784	0.0972804206126594	0.055713477663267515	3.0488098791552796	0.08118355861660857
rs101760	synthetic	1761	A	G	0.05427841634738186	783	-0.0008909140664586669	0.11630771804674606	5.86751977582474e-05	0.9938902115226058
rs101761	synthetic	1762	A	G	0.46296296296296297	783	-0.005331471284368338	0.0597691698641545	0.00795682306726395	0.9289446726521147
rs101762	synthetic	1763	A	G	0.16496815286624203	785	-0.07040803392662892	0.07202295960111293	0.9556580165464398	0.32858139176971934
rs101763	synthetic	1764	A	G	0.5326923076923077	780	0.0785204392291589	0.05411556538016162	2.105334175193208	0.14718171777133254
rs101764	synthetic	1765	A	G	0.4305019305019305	777	-0.043766964276897406	0.056003301946516544	0.610752961706459	0.4347377031832529
rs101765	synthetic	1766	A	G	0.04314720812182741	788	-0.20760162039007793	0.13103839257409108	2.5099459185580706	0.11352850098861261
rs101766	synthetic	1767	A	G	0.5367741935483871	775	0.059005733272419085	0.054588990219277385	1.1683643630474203	0.280066182709091
rs101767	synthetic	1768	A	G	0.1356687898089172	785	-0.00012520896988627267	0.08371156236878648	2.2371751672822205e-06	0.9988069655641838
rs101768	synthetic	1769	A	G	0.3969658659924147	791	0.053112931322950585	0.05526258740354746	0.9237152472221098	0.3367943121085869
rs101769	synthetic	1770	A	G	0.38156209987195905	781	-0.024166074102398988	0.05538225187994765	0.19040177151095794	0.6627012077778489
rs101770	synthetic	1771	A	G	0.25775193798449614	774	0.02827764686307907	0.061540626394199	0.2111362036373383	0.6460042497187862
rs101771	synthetic	1772	A	G	0.26632522407170295	781	0.11320134537653562	0.061557087409774426	3.3817932348464863	0.06629403443758694
rs101772	synthetic	1773	A	G	0.45222929936305734	785	-0.004857921399014754	0.05618759745495469	0.007475152251022894	0.9311234020454607
rs101773	synthetic	1774	A	G	0.11019108280254777	785	-0.06362808370514544	0.08662393156661101	0.5395378356956487	0.46284146617337085
rs101774	synthetic	1775	A	G	0.1342239185750636	786	-0.007598764708924181	0.08216810190600753	0.008552232212765153	0.92634140466576
rs101775	synthetic	1776	A	G	0.12901155327342748	779	0.004878045529068531	0.07967817314419554	0.0037481154776530397	0.9511979510188356
rs101776	synthetic	1777	A	G	0.20460358056265984	782	-0.014344419255709501	0.06799377966901693	0.044506923304815704	0.8329675023657461
rs101777	synthetic	1778	A	G	0.2970550576184379	781	0.008472621091824143	0.060195072467590136	0.01981133244967309	0.8881010278589583
rs101778	synthetic	1779	A	G	0.07964601769911504	791	-0.052556044402197626	0.1007807122457766	0.2719508966917261	0.6021716937131285
rs101779	synthetic	1780	A	G	0.23943661971830985	781	0.012914567434887673	0.06361266845341863	0.041216632008825624	0.8391724192294933
rs101780	synthetic	1781	A	G	0.2623574144486692	789	-0.10595296209734377	0.06209718386657266	2.911269395805236	0.08835415422181916
rs101781	synthetic	1782	A	G	0.28425096030729835	781	0.027323779391564867	0.06039547842013762	0.20467871830505335	0.6510942652018247
rs101782	synthetic	1783	A	G	0.44166666666666665	780	0.007995626416503589	0.053916231841455914	0.02199206062730094	0.8821459221552969
rs101783	synthetic	1784	A	G	0.22993630573248408	785	-0.03299225903931919	0.06766625467407061	0.23772772214141258	0.6259868735756018
rs101784	synthetic	1785	A	G	0.5717916137229987	787	0.011911376952455923	0.05454198941996717	0.04769380677324092	0.8271821318050007
rs101785	synthetic	1786	A	G	0.09732824427480916	786	0.1184069773053787	0.09171743932301749	1.6666743319818216	0.19708079479309243
rs101786	synthetic	1787	A	G	0.24199743918053776	781	-0.00679626795341036	0.06445709191806291	0.011117306292112513	0.91605442255595
rs101787	synthetic	1788	A	G	0.022900763358778626	786	-0.20519486086724933	0.18181123002420732	1.2737715636316338	0.2594016446047019
rs101788	synthetic	1789	A	G	0.2970550576184379	781	0.05020717926678364	0.05803365454726985	0.7484655312235048	0.38722412532565403
rs101789	synthetic	1790	A	G	0.3354673495518566	781	-0.08380524821122425	0.061020536491647216	1.8862115076274228	0.17001800355508392
rs101790	synthetic	1791	A	G	0.10382165605095542	785	0.03826411421270297	0.08766851561994232	0.19050045698441762	0.6626192233233285
rs101791	synthetic	1792	A	G	0.07509627727856226	779	-0.10506561600232944	0.1021140457167858	1.0586447694010799	0.30383820518730265
rs101792	synthetic	1793	A	G	0.08087291399229782	779	0.0015108166535485476	0.09791829318893486	0.00023806516808360918	0.9876935208010009
rs101794	synthetic	1795	A	G	0.48455598455598453	777	0.07305257207574929	0.059136462457365764	1.5260204019049455	0.21707654771234888
rs101795	synthetic	1796	A	G	0.520460358056266	782	0.01866030414239697	0.053258543361090566	0.12276056190791988	0.7261525563332126
rs101796	synthetic	1797	A	G	0.3826530612244898	784	0.01786248191372994	0.05829375075653869	0.09389438131248715	0.7593638693347882
rs101797	synthetic	1798	A	G	0.0840821566110398	779	-0.16008603187336123	0.09920958573574402	2.6037519429936293	0.10700888672511652
rs101798	synthetic	1799	A	G	0.29554140127388534	785	0.009745404208811797	0.06031141687193715	0.026109626028209282	0.8716740390780193
rs101799	synthetic	1800	A	G	0.4642857142857143	784	0.07327881050793765	0.054378987758810414	1.8159111023666843	0.17818563090498007
rs101800	synthetic	1801	A	G	0.08673469387755102	784	0.1581353760944453	0.09515074442983572	2.762063703188757	0.09691886501196686
rs101801	synthetic	1802	A	G	0.05229591836734694	784	-0.08349128168113433	0.12135233244910865	0.47335394375610307	0.49164942548460344
rs101802	synthetic	1803	A	G	0.3109833971902937	783	-0.03339882023399414	0.059966026100889996	0.3102070856336921	0.5777102900827029
rs101803	synthetic	1804	A	G	0.02903225806451613	775	-0.07175277560274432	0.1608944617281197	0.1988818818264657	0.6557466108499898
rs101804	synthetic	1805	A	G	0.15108834827144688	781	-0.0781019417544177	0.07663639034629838	1.0386125858381574	0.30845517944776046
rs101805	synthetic	1806	A	G	0.4407643312101911	785	-0.04963452709915034	0.05874804903564848	0.7138071263607703	0.3984376504208764
rs101806	synthetic	1807	A	G	0.2170886075949367	790	0.026012895901975912	0.06652222281382374	0.15291282114778937	0.6958721966714496
rs101807	synthetic	1808	A	G	0.3239795918367347	784	0.048637215168687555	0.05697776861144732	0.7286626796289651	0.3935747794633545
rs101808	synthetic	1809	A	G	0.3227040816326531	784	-0.03940012350074885	0.05928812721865688	0.441631153704158	0.5065294090836215
rs101809	synthetic	1810	A	G	0.14158163265306123	784	0.14929256603935093	0.08097485574633174	3.399194375681253	0.06560120148434978
rs101810	synthetic	1811	A	G	0.1453045685279188	788	-0.0346079407244308	0.07815257404765534	0.19609428797779332	0.6580128334681195
rs101811	synthetic	1812	A	G	0.40561224489795916	784	-0.018896270813497856	0.05579333893064135	0.11470636150874315	0.7349379962942676
rs101812	synthetic	1813	A	G	0.09096692111959287	786	0.02480496983366411	0.08960111309815501	0.07663913541348133	0.7819768412735275
rs101813	synthetic	1814	A	G	0.08396946564885496	786	-0.038239994815907265	0.10255688073958087	0.13902920608870745	0.7093476650985031
rs101814	synthetic	1815	A	G	0.38674388674388677	777	0.017890064462035317	0.05592050844581356	0.10234852492865411	0.7491135786635326
rs101815	synthetic	1816	A	G	0.0744818652849741	772	-0.1091465013732006	0.10455455140541647	1.089767250473753	0.2968409044355716
rs101816	synthetic	1817	A	G	0.32714468629961585	781	-0.05128397122405393	0.058479731605490026	0.7690464188520195	0.3807777960279873
rs101817	synthetic	1818	A	G	0.12309644670050761	788	0.014125413976405212	0.08375608272822559	0.028442623655959738	0.866115418887489
rs101818	synthetic	1819	A	G	0.07854406130268199	783	0.12643229151506785	0.1037362266847732	1.485440036090871	0.22328774995687162
rs101819	synthetic	1820	A	G	0.6081946222791293	781	0.0010246726129876406	0.05670377843870944	0.0003265474220750012	0.9855870589380339
rs101820	synthetic	1821	A	G	0.5895806861499364	787	0.050728718704883255	0.0562750225222936	0.8125992764852387	0.36762658267042353
rs101821	synthetic	1822	A	G	0.3096446700507614	788	0.006998725668214591	0.05937275445934865	0.013895159820402979	0.9061943871656837
rs101822	synthetic	1823	A	G	0.29846938775510207	784	-0.06957924932144711	0.058669218335679126	1.4064972058435654	0.23599396837317363
rs101823	synthetic	1824	A	G	0.4967948717948718	780	0.06840753806668312	0.0526484753960204	1.6882483072026806	0.19420965923625352
rs101824	synthetic	1825	A	G	0.4016602809706258	783	0.031752794239710426	0.061443720361681074	0.2670600281008287	0.6054548724762768
rs101825	synthetic	1826	A	G	0.4017971758664955	779	-0.04608661463426723	0.05450672338166932	0.7149068588970061	0.3980746924987355
rs101826	synthetic	1827	A	G	0.29241645244215936	778	-0.033978998104159545	0.06175261603221151	0.30276831069809346	0.5823070721913468
rs101827	synthetic	1828	A	G	0.37243589743589745	780	-0.053433501035720546	0.0556719137986059	0.9212021847824572	0.3374520574058658
rs101828	synthetic	1829	A	G	0.04661558109833972	783	0.07144440585423603	0.1291607133258007	0.30596770437810034	0.5803210693670937
rs101829	synthetic	1830	A	G	0.06074168797953964	782	0.1601693155397134	0.11023726381704922	2.1110658924376757	0.14663300699373816
rs101830	synthetic	1831	A	G	0.21982210927573062	787	0.08076273928151563	0.06722351233804814	1.4433766705596291	0.22995238847355132
rs101831	synthetic	1832	A	G	0.31649616368286443	782	-0.019808210691708992	0.05863292107999129	0.11413200090852177	0.7355774857631795
rs101832	synthetic	1833	A	G	0.3959131545338442	783	0.07475640063692329	0.05500864125101145	1.8468640610009022	0.17453494086930557
rs101833	synthetic	1834	A	G	0.10636942675159236	785	0.005684373622340524	0.08808870386239677	0.004164134909579182	0.9485643969202405
rs101834	synthetic	1835	A	G	0.0625	776	-0.1154705164136735	0.11409394837262625	1.0242759998340345	0.31181556693550927
rs101835	synthetic	1836	A	G	0.4085677749360614	782	-0.013123808668521498	0.05384318748745437	0.05940982272164776	0.807494224483402
rs101836	synthetic	1837	A	G	0.09363057324840764	785	-0.1801199628696465	0.0929858383193461	3.7522353950848717	0.053091788131609495
rs101837	synthetic	1838	A	G	0.43123393316195374	778	-0.049780120246770226	0.05395132773205361	0.8513489575034884	0.35645164552265957
rs101838	synthetic	1839	A	G	0.08343949044585987	785	-0.04514327133143248	0.0971645406697374	0.21585914405725073	0.6423408518521634
rs101839	synthetic	1840	A	G	0.6326923076923077	780	-0.07979980036581284	0.05558992601898794	2.060684088105887	0.15153661061171997
rs101840	synthetic	1841	A	G	0.46923076923076923	780	0.07273310389415262	0.05382679165349292	1.8258590739383345	0.17700279959694226
rs101842	synthetic	1843	A	G	0.4319640564826701	779	0.027093886123616906	0.05417025898610556	0.25016167628212793	0.6171000231938826
rs101843	synthetic	1844	A	G	0.20334620334620335	777	0.16387485825098044	0.07027405874944065	5.437942152069494	0.01995338898059212
rs101844	synthetic	1845	A	G	0.15488431876606684	778	-0.08086054053924446	0.07516266624031144	1.157361218215061	0.2823406661086302
rs101845	synthetic	1846	A	G	0.23653846153846153	780	0.08956991300061615	0.06186399051017738	2.0962759106483473	0.14805362629438784
rs101846	synthetic	1847	A	G	0.08227040816326531	784	0.03879347945485721	0.09749019714159839	0.1583417974944157	0.6907948919788195
rs101847	synthetic	1848	A	G	0.2410025706940874	778	0.02242139502697834	0.06323273881388611	0.1257306829915873	0.7229946176262331
rs101848	synthetic	1849	A	G	0.10411311053984576	778	0.07081889132596239	0.08932312869001487	0.6285942355369316	0.4281085603676432
rs101849	synthetic	1850	A	G	0.13881748071979436	778	-0.047104770796781964	0.07947586184560515	0.3512847508031814	0.5535557334823723
rs101850	synthetic	1851	A	G	0.11317135549872123	782	-0.07861698871652897	0.08334096587555566	0.8898478410450861	0.3458058425879258
rs101851	synthetic	1852	A	G	0.15355329949238578	788	0.0031835337965634737	0.07965758409207567	0.0015972197364675555	0.9681309045817897
rs101852	synthetic	1853	A	G	0.1489769820971867	782	-0.05014662856535555	0.07845552539921019	0.4085417170602454	0.522895181248741
rs101853	synthetic	1854	A	G	0.19215938303341903	778	-0.00445335071273658	0.06899768124459699	0.004165861284368196	0.9485537507041066
rs101854	synthetic	1855	A	G	0.17287917737789202	778	-0.0028257423598426184	0.07254116893144001	0.0015173858330915966	0.9689371571430274
rs101855	synthetic	1856	A	G	0.5338874680306905	782	0.07788403793325215	0.05402393383845033	2.0783778702790934	0.1497936478215154
rs101856	synthetic	1857	A	G	0.3911651728553137	781	0.01301743775349338	0.05588022359231072	0.054266866981990944	0.8158584041804908
rs101857	synthetic	1858	A	G	0.14623243933588762	783	0.002277695828294115	0.07846730378035291	0.0008425855223650819	0.9768501020452287
rs101858	synthetic	1859	A	G	0.21895006402048656	781	-0.019130118633595896	0.06364232590603926	0.09035313794289655	0.7638074796100244
rs101859	synthetic	1860	A	G	0.3647435897435897	780	-0.07120680668246866	0.057127117984343855	1.5536686060192264	0.2129627402602023
rs101860	synthetic	1861	A	G	0.20382165605095542	785	-0.010220448403290696	0.06549251373117287	0.02435323056752152	0.8760292149651883
rs101861	synthetic	1862	A	G	0.22953964194373402	782	-0.08837905047764241	0.06245964870342201	2.0021637225274977	0.15746739700945606
rs101862	synthetic	1863	A	G	0.353393085787452	781	-0.08465361456341615	0.05757401238536789	2.16191203490123	0.14186520672077232
rs101863	synthetic	1864	A	G	0.10997442455242967	782	-0.0019997239610950093	0.08793613517841262	0.0005171366910648336	0.9818628792195099
rs101864	synthetic	1865	A	G	0.256066411238825	783	-0.059284605737113825	0.06234627141100894	0.9041966639774078	0.3419486352171278
rs101865	synthetic	1866	A	G	0.31241914618369987	773	0.0470218023710407	0.058948513062372546	0.6362866833996041	0.4252974368130316
rs101866	synthetic	1867	A	G	0.44834183673469385	784	0.047734871867272995	0.05534967050867567	0.7437747702460414	0.3887150887817196
rs101867	synthetic	1868	A	G	0.29277566539923955	789	0.09220609121365712	0.059612541009175186	2.3924559778244143	0.12232091339925409
rs101869	synthetic	1870	A	G	0.25692695214105793	794	-0.062257533401876605	0.05934514638641517	1.1005592026098698	0.2944630281769362
rs101870	synthetic	1871	A	G	0.032818532818532815	777	0.053852759198728395	0.1517809687225077	0.12588711441432518	0.7228294632246752
rs101871	synthetic	1872	A	G	0.026383526383526385	777	-0.024061063879485933	0.1672851344774147	0.0206878306591743	0.8856691637274067
rs101872	synthetic	1873	A	G	0.19078104993597952	781	0.05525775442786509	0.06744264425943942	0.6713009857543056	0.4128445595780982
rs101873	synthetic	1874	A	G	0.09681528662420383	785	0.02547688958510957	0.09196430830396314	0.07674572486071984	0.7818291219212391
rs101874	synthetic	1875	A	G	0.15019255455712452	779	0.044018456904984765	0.081817643097969	0.2894514293996264	0.5907232405399291
rs101875	synthetic	1876	A	G	0.4076923076923077	780	-0.011771189732614784	0.05690826928658682	0.042784845098378516	0.8361840268346002
rs101876	synthetic	1877	A	G	0.1696315120711563	787	-0.09282461270951882	0.07101171877254053	1.7087016659753267	0.19153280356028982
rs101877	synthetic	1878	A	G	0.06408629441624365	788	-0.034453249697531003	0.1097087953359158	0.0986228368682899	0.7535711797901051
rs101878	synthetic	1879	A	G	0.15897435897435896	780	-0.18746948720266382	0.0754773990943322	6.1691784154623726	0.013205014958046058
rs101879	synthetic	1880	A	G	0.4170951156812339	778	0.010861995063537131	0.060981861522916375	0.03172618463110558	0.8586754379415644
rs101880	synthetic	1881	A	G	0.36895674300254455	786	-0.10077009512787603	0.056648789628483597	3.164332173425719	0.07564621324751625
rs101881	synthetic	1882	A	G	0.2385496183206107	786	-0.03656018554872609	0.0687078925432713	0.28314149892095597	0.5947985642951227
rs101882	synthetic	1883	A	G	0.3595933926302414	787	0.0069650628865685705	0.05630361442737643	0.015303033645590708	0.901579858640807
rs101883	synthetic	1884	A	G	0.16772554002541296	787	0.05506622846300799	0.07316559951593639	0.5664437554757048	0.45189889527532473
rs101884	synthetic	1885	A	G	0.22826086956521738	782	0.033853098243067904	0.0673163911697196	0.2529037053361344	0.615177506733651
rs101885	synthetic	1886	A	G	0.05512820512820513	780	0.08789422634974839	0.11903052227012573	0.5452604746717753	0.46047922894148596
rs101886	synthetic	1887	A	G	0.10215736040609137	788	0.034960710847053884	0.09143405780577966	0.14619904000097114	0.7022969322323656
rs101887	synthetic	1888	A	G	0.5139771283354511	787	-0.007587033020990126	0.05502234650699393	0.01901366042587977	0.8903623342038369
rs101888	synthetic	1889	A	G	0.3320610687022901	786	-0.01694484551754533	0.05708546377277504	0.08810978880518866	0.7666717922253705
rs101889	synthetic	1890	A	G	0.35668789808917195	785	-0.09079655727041025	0.056455132363575064	2.5866156652707804	0.10816841716120938
rs101890	synthetic	1891	A	G	0.234955185659411	781	0.008280633953765467	0.06300776524542492	0.017271856510198847	0.8954744762173582
rs101891	synthetic	1892	A	G	0.15601023017902813	782	0.029956545367599275	0.07253716387484314	0.17055415915395034	0.6797314166728349
rs101892	synthetic	1893	A	G	0.07151979565772669	783	-0.06173234394333434	0.11286148382425383	0.2991810092351995	0.5845501927462678
rs101893	synthetic	1894	A	G	0.1371173469387755	784	0.08685699870622472	0.07763682006416649	1.2516247990759581	0.26358114840376184
rs101894	synthetic	1895	A	G	0.10432569974554708	786	-0.01861842800585475	0.08867433336312487	0.04408492995735459	0.8337496118095552
rs101895	synthetic	1896	A	G	0.16645489199491742	787	0.03504194464355461	0.07317496794683519	0.22932495486714996	0.6321568302151515
rs101896	synthetic	1897	A	G	0.2282051282051282	780	-0.0170346846502325	0.06599244030256693	0.06663153526295298	0.7963729001484874
rs101897	synthetic	1898	A	G	0.02560819462227913	781	-0.0722151043746726	0.16966732895720812	0.18115888575205774	0.6704946837375044
rs101898	synthetic	1899	A	G	0.16325224071702946	781	0.013680594293811518	0.0734652056402198	0.03467740019561158	0.8523208934284446
rs101899	synthetic	1900	A	G	0.1918158567774936	782	-0.022188171856839058	0.07042238419184205	0.09927081638837547	0.7527893317804012
rs101900	synthetic	1901	A	G	0.22681067344345615	787	0.04124975790414234	0.06529480192372736	0.3991035497137641	0.5277346546834923
rs101901	synthetic	1902	A	G	0.12802547770700637	785	0.01091440555472934	0.08053765936719891	0.018365475064608477	0.8922357139244255
rs101902	synthetic	1903	A	G	0.15517241379310345	783	0.11477016904992725	0.07803031333600503	2.1633726800014212	0.14173084934567456
rs101903	synthetic	1904	A	G	0.07535121328224777	783	-0.05051677161513778	0.10238584012259438	0.2434396864694964	0.621869364859637
rs101904	synthetic	1905	A	G	0.18112244897959184	784	0.16293820222754368	0.07105965863177881	5.257746062500682	0.022110209177181588
rs101905	synthetic	1906	A	G	0.170076726342711	782	0.012135793808920246	0.07263052267545282	0.02791888302158692	0.8673422673359016
rs101907	synthetic	1908	A	G	0.06377551020408163	784	-0.03585302437908123	0.10575445734725622	0.11493551089521024	0.7346833609515181
rs101908	synthetic	1909	A	G	0.3960459183673469	784	-0.08083553751149276	0.056475527856174906	2.0487268695375884	0.1527275009161058
rs101909	synthetic	1910	A	G	0.5737179487179487	780	-0.09486714206490747	0.05472615238547642	3.0049815088953187	0.08339761616748703
rs101910	synthetic	1911	A	G	0.21882951653944022	786	0.10910317183190332	0.06685950359478875	2.662860756894655	0.10311286362857108
rs101911	synthetic	1912	A	G	0.07261146496815286	785	-0.022519554126347645	0.10547585472933171	0.045584108771160974	0.8309884727813945
rs101912	synthetic	1913	A	G	0.29118773946360155	783	-0.018710522697129937	0.0604966251356357	0.09565541157547718	0.7571881970519294
rs101913	synthetic	1914	A	G	0.0702319587628866	776	-0.026346106833879935	0.10216658865769798	0.06649899962543576	0.7965710573925748
rs101914	synthetic	1915	A	G	0.3120253164556962	790	-0.024323301879027995	0.05956657289615035	0.16674001322231566	0.6831356968280148
rs101915	synthetic	1916	A	G	0.2614213197969543	788	-0.08660824169815402	0.061434765252387925	1.9874217447304237	0.1590027821637931
rs101916	synthetic	1917	A	G	0.23506988564167725	787	0.04782779555185925	0.06466492812521356	0.5470450968696265	0.459746474726109
rs101917	synthetic	1918	A	G	0.4124040920716113	782	-0.008469736056177889	0.056082854888131084	0.022807596795291502	0.8799968936968302
rs101918	synthetic	1919	A	G	0.19157088122605365	783	0.16333395676912926	0.0723766663197111	5.092790543356146	0.024296964486156116
rs101919	synthetic	1920	A	G	0.05491698595146871	783	-0.025774278395331238	0.11771144491695885	0.04794415280226733	0.8267363549165124
rs101920	synthetic	1921	A	G	0.3694550063371356	789	-0.11538268807859593	0.058890766739503234	3.838723996803584	0.050431623625257126
rs101921	synthetic	1922	A	G	0.32951653944020354	786	0.002167492011714986	0.06348289266286848	0.0011657397241974987	0.9727717665447628
rs101922	synthetic	1923	A	G	0.15025575447570333	782	0.1951135900773555	0.07485809576622128	6.793561154801536	0.009320466601242357
rs101923	synthetic	1924	A	G	0.22229299363057325	785	0.07693788376849528	0.06808333797788782	1.2770232165091506	0.25879493724378505
rs101924	synthetic	1925	A	G	0.17737789203084833	778	0.03666668209695235	0.07224775584232344	0.2575695405092145	0.611935965395948
rs101925	synthetic	1926	A	G	0.3895274584929757	783	0.07987013936738833	0.05839728433997346	1.8706114205018833	0.17179253919983117
rs101926	synthetic	1927	A	G	0.2544642857142857	784	0.01797083425489194	0.06023501816187074	0.08900991496996577	0.7655177920313547
rs101927	synthetic	1928	A	G	0.26653944020356235	786	0.01823093231452577	0.06312170178246258	0.08341811256426272	0.7727931246676374
rs101928	synthetic	1929	A	G	0.5115384615384615	780	0.10043780706177469	0.05240735680522238	3.6729069919886057	0.05566281560705451
rs101929	synthetic	1930	A	G	0.24015247776365947	787	0.05906971537222832	0.06406474109970474	0.8501422608197803	0.35679252479061746
rs101930	synthetic	1931	A	G	0.3348271446862996	781	-0.001002890008808869	0.05706066072879288	0.0003089107465209436	0.9859816381017297
rs101931	synthetic	1932	A	G	0.2933247753530167	779	0.043566208772565486	0.05731108505631599	0.5778595230498975	0.44737848571137223
rs101932	synthetic	1933	A	G	0.23660714285714285	784	-0.11400493860735408	0.06169794710711439	3.4143332103647137	0.0650047422534203
rs101934	synthetic	1935	A	G	0.1555697823303457	781	-0.009577419000837214	0.07270331113004803	0.017353560515792125	0.8952289656498555
rs101935	synthetic	1936	A	G	0.22762148337595908	782	-0.04551456042104914	0.06479581976942604	0.49340861475614195	0.48261685733476056
rs101936	synthetic	1937	A	G	0.01792573623559539	781	0.19053056425915385	0.20793304533845947	0.839619040749321	0.3597843130018831
rs101937	synthetic	1938	A	G	0.47503201024327785	781	0.11824967365106048	0.05426962479617038	4.7477327404372875	0.029630640492359712
rs101938	synthetic	1939	A	G	0.36033163265306123	784	-0.002123097705214227	0.055905577370771654	0.0014422139357106116	0.9697159832375731
rs101939	synthetic	1940	A	G	0.49230769230769234	780	0.07920252444363708	0.05839754538693245	1.8394537074099646	0.17540101457249077
rs101940	synthetic	1941	A	G	0.39244558258642764	781	0.00715647271948035	0.05496621563634278	0.016951430975382327	0.8964430636412162
rs101941	synthetic	1942	A	G	0.23946360153256704	783	0.1126887767259299	0.06208629056044426	3.2943512524656926	0.06989621721931755
rs101942	synthetic	1943	A	G	0.4270304568527919	788	0.06377340845517755	0.05596139829318254	1.2986799720516675	0.25479858332798144
rs101943	synthetic	1944	A	G	0.10279187817258884	788	-0.14011331905830596	0.08921399829017909	2.4665665343676846	0.11669060465032663
rs101944	synthetic	1945	A	G	0.49681933842239184	786	0.10238722994946102	0.05378878704047667	3.6233316299906755	0.0573364672462443
rs101945	synthetic	1946	A	G	0.20913770913770913	777	0.0018486531425398849	0.07045512348481586	0.0006884710863105336	0.9790735237094732
rs101946	synthetic	1947	A	G	0.31067344345616266	787	0.024453943380246118	0.0577739413348327	0.17915701275501014	0.672213459288686
rs101947	synthetic	1948	A	G	0.17332474226804123	776	-0.010285443040576969	0.07741351249985301	0.01765275364653753	0.8943349089271779
rs101948	synthetic	1949	A	G	0.09720457433290978	787	-0.024283178419051442	0.09123736515862016	0.07083788597853646	0.7901898878902457
rs101949	synthetic	1950	A	G	0.31153846153846154	780	0.01778892844613332	0.06054820635482487	0.08631713394238365	0.7689893104273049
rs101950	synthetic	1951	A	G	0.32653061224489793	784	-0.014124600306993737	0.06100685926706948	0.05360372858663813	0.8169668555403237
rs101951	synthetic	1952	A	G	0.3778772378516624	782	0.011975115505028458	0.05506237437463357	0.04729873789368378	0.8278881092022665
rs101952	synthetic	1953	A	G	0.23337595907928388	782	-0.02100344502393776	0.06402600720873529	0.10761386519668466	0.7429638367452707
rs101953	synthetic	1954	A	G	0.4154929577464789	781	0.006459439376669743	0.054549336221054394	0.014022024212975142	0.9057691234253925
rs101954	synthetic	1955	A	G	0.017994858611825194	778	-0.11730000112573001	0.2021945877639311	0.33655572276986423	0.5619888999443668
rs101955	synthetic	1956	A	G	0.10204081632653061	784	0.015567453584425413	0.08659802704014723	0.03231611640314526	0.8573815423124025
rs101956	synthetic	1957	A	G	0.07097591888466413	789	-0.06922883016265542	0.10465628585839544	0.43756577928645024	0.5084918460006463
rs101957	synthetic	1958	A	G	0.034571062740076826	781	-0.2828217519216135	0.15067208474205598	3.5233843553337403	0.06087569556502374
rs101958	synthetic	1959	A	G	0.23879641485275288	781	0.030249334064881245	0.06186729964894508	0.23906132109241027	0.6250200960229294
rs101961	synthetic	1962	A	G	0.4161372299872935	787	0.05489354283862594	0.05279838925576617	1.0809389722667198	0.2988044828069116
rs101962	synthetic	1963	A	G	0.4117268041237113	776	0.06774547266651151	0.05725449527335126	1.4000429966076235	0.23707096772459985
rs101963	synthetic	1964	A	G	0.1545338441890166	783	-0.012059233762625183	0.07625265884364058	0.025010907175640733	0.874380148176497
rs101964	synthetic	1965	A	G	0.09038461538461538	780	-0.009060643278770158	0.09389184844526723	0.009312414247504083	0.9231471802426947
rs101965	synthetic	1966	A	G	0.08375634517766498	788	-0.12061157876521582	0.09888897848038702	1.4875864820643514	0.22295393019825252
rs101966	synthetic	1967	A	G	0.0928030303030303	792	-0.022607523605333368	0.0922296853826267	0.06008478778770684	0.8064253978802313
rs101967	synthetic	1968	A	G	0.2627226463104326	786	-0.02337335411461108	0.060785881092853634	0.14785521437430652	0.7006965690683418
rs101968	synthetic	1969	A	G	0.2128335451080051	787	-0.06169357749338052	0.0716218881027227	0.7419734723452184	0.3892898141036048
rs101969	synthetic	1970	A	G	0.28865979381443296	776	0.06759026494772336	0.060208458468143045	1.2602400629152997	0.261945424726658
rs101970	synthetic	1971	A	G	0.14040660736975857	787	0.0038369374778963565	0.07977219503980595	0.0023134832538326457	0.9616497070345631
rs101971	synthetic	1972	A	G	0.057692307692307696	780	0.04920593122695897	0.12194083330677209	0.16283081383556045	0.6866722976074924
rs101972	synthetic	1973	A	G	0.4467265725288832	779	-0.08082719603372038	0.05462223797078185	2.189656778926714	0.1393374152464634
rs101973	synthetic	1974	A	G	0.3275862068965517	783	0.08208976066042502	0.05837576074369906	1.9774835177433674	0.1600474850424778
rs101974	synthetic	1975	A	G	0.09987277353689568	786	-0.07618929255647042	0.08857736189135204	0.7398478209499101	0.3899695936350458
rs101975	synthetic	1976	A	G	0.47809278350515466	776	0.12977968514299876	0.0548117555379893	5.6061667100192745	0.018136419102943415
rs101976	synthetic	1977	A	G	0.027564102564102563	780	-0.10102601633932419	0.16011521953641863	0.3981082945033717	0.5282496369764023
rs101977	synthetic	1978	A	G	0.30343511450381677	786	-0.052637357219897034	0.05789998497068636	0.826477910963303	0.36356917048887855
rs101978	synthetic	1979	A	G	0.05141388174807198	778	-0.19038932973526762	0.12425348869158505	2.3478374578801313	0.12585576205433002
rs101979	synthetic	1980	A	G	0.45256410256410257	780	-0.09530055923410519	0.05605000731208793	2.890943147858501	0.08947086759097286
rs101980	synthetic	1981	A	G	0.6745524296675192	782	0.04660475306854633	0.06237818082848162	0.55820665828463	0.45520517700388097
rs101981	synthetic	1982	A	G	0.18002544529262088	786	-0.032453412098415145	0.07493891329970993	0.18754519725814847	0.665085392164749
rs101982	synthetic	1983	A	G	0.4093789607097592	789	-0.008499769274160138	0.05409324523841737	0.024690404209601332	0.8751809694501986
rs101983	synthetic	1984	A	G	0.4	785	-0.0063929499910854405	0.057045905281608446	0.012558959541274471	0.9107988301509603
rs101985	synthetic	1986	A	G	0.38740458015267176	786	-0.08994199887559934	0.05601753395999587	2.577965481977834	0.10875897770466122
rs101986	synthetic	1987	A	G	0.041296060991105464	787	0.27209608425015785	0.13337810941312772	4.161745028610087	0.04167764452089381
rs101987	synthetic	1988	A	G	0.1882202304737516	781	0.032607829781865647	0.07003668648370508	0.21676672124633795	0.6416424728373445
rs101988	synthetic	1989	A	G	0.3872611464968153	785	-0.013617913793197729	0.05571380898615878	0.05974416000922635	0.8069639920124393
rs101989	synthetic	1990	A	G	0.3569604086845466	783	-0.12393903288057793	0.056823621425610434	4.757276448779108	0.02946777877036496
rs101990	synthetic	1991	A	G	0.36970474967907574	779	0.032602287530073215	0.054055413674390755	0.36376235769623383	0.5465965599325606
rs101991	synthetic	1992	A	G	0.030051150895140665	782	0.04292924798679008	0.16011569693381042	0.07188507687185952	0.7886813530176024
rs101992	synthetic	1993	A	G	0.2907124681933842	786	0.06994354350591206	0.05827815334880969	1.4404019414245806	0.23043272135777004
rs101993	synthetic	1994	A	G	0.10166240409207161	782	0.06182307597740661	0.08415792507362216	0.5396487557564638	0.46279549655245894
rs101994	synthetic	1995	A	G	0.1792573623559539	781	-0.059663533609052924	0.0721435930795334	0.683946931672284	0.4084796940566973
rs101995	synthetic	1996	A	G	0.4275730622617535	787	-0.07202541861906324	0.05568126278158369	1.6732214765311	0.19620424991630253
rs101996	synthetic	1997	A	G	0.3339719029374202	783	0.026154772148572945	0.05804090703833336	0.20306426351247464	0.6523819260992766
rs101997	synthetic	1998	A	G	0.3322704081632653	784	-0.06413368083523414	0.05894117929668559	1.183953621758503	0.276883167902749
rs101998	synthetic	1999	A	G	0.21092757306226176	787	0.028848478342162365	0.0666653452938085	0.18726023124214047	0.6653244141415077
rs101999	synthetic	2000	A	G	0.07188295165394402	786	0.1916767885764102	0.10486831822835015	3.340799733242391	0.06795735776008402
rs102000	synthetic	2001	A	G	0.09526854219948849	782	0.07947310225606778	0.09418542509067292	0.71198841615684	0.3990389540203227
rs102001	synthetic	2002	A	G	0.323943661971831	781	0.052581508198350564	0.05786532674432287	0.8257132585341606	0.3637910948585925
rs102002	synthetic	2003	A	G	0.1628498727735369	786	-0.052448758398362494	0.07287113942020959	0.51803523858583	0.47189306535800807
rs102003	synthetic	2004	A	G	0.49612403100775193	774	0.010221158327718268	0.053993507366271204	0.035835803935040766	0.8499034154842201
rs102004	synthetic	2005	A	G	0.2900763358778626	786	-0.07695553692045114	0.05859293887913661	1.7250003272557533	0.18943054311512708
rs102005	synthetic	2006	A	G	0.21464968152866243	785	-0.01917290882403111	0.06693554423635736	0.08204694526786026	0.7746171990031133
rs102006	synthetic	2007	A	G	0.027166882276843468	773	-0.1791540521060273	0.17586305063860333	1.0377770591785045	0.3086497227358825
rs102007	synthetic	2008	A	G	0.5142118863049095	774	0.016097288334152235	0.0573510217412473	0.07878129716571544	0.7790290127854577
rs102008	synthetic	2009	A	G	0.2928388746803069	782	0.0216843249764915	0.05960123341787181	0.13236748580174929	0.7160868440968358
rs102009	synthetic	2010	A	G	0.2248407643312102	785	-0.10192646988067175	0.0649203521619655	2.4649733725640792	0.11680857645222134
rs102010	synthetic	2011	A	G	0.22164948453608246	776	-0.017410499947826365	0.06840317861070579	0.06478432196155347	0.7991539375263871
rs102011	synthetic	2012	A	G	0.05025773195876289	776	0.018286184024537053	0.12508167992041258	0.021372669063175243	0.8838054410921988
rs102012	synthetic	2013	A	G	0.32754182754182753	777	-0.03565266999691106	0.06019087914566801	0.35085102153202774	0.5538006306106994
rs102013	synthetic	2014	A	G	0.3097964376590331	786	-0.03631110042395367	0.05927678804463458	0.3752403177929493	0.5403372261330711
rs102014	synthetic	2015	A	G	0.29653401797175866	779	0.07530521954295091	0.0620630901455082	1.4722561156543932	0.22535135023453517
rs102015	synthetic	2016	A	G	0.045454545454545456	792	-0.09962576634474153	0.13229534790752837	0.5670928932166525	0.4516399405197569
rs102016	synthetic	2017	A	G	0.29411764705882354	782	-0.04356586899137714	0.06089268775669005	0.5118732973518716	0.4745396365671089
rs102017	synthetic	2018	A	G	0.23821656050955414	785	-0.013150783022571633	0.0635244932510006	0.042856905169390086	0.8360480921770079
rs102018	synthetic	2019	A	G	0.610397946084724	779	-0.0796516837109158	0.05482291088378373	2.1108906621746084	0.14664974790275984
rs102019	synthetic	2020	A	G	0.260230179028133	782	-0.020674665444827676	0.06386306573009946	0.10480390272305705	0.7462245525979512
rs102020	synthetic	2021	A	G	0.09630102040816327	784	-0.0114886292568903	0.09237445948257192	0.015467944645047945	0.9010536916502806
rs102021	synthetic	2022	A	G	0.28801546391752575	776	0.0721617573297527	0.05873085890414879	1.509668166349281	0.21955422735297328
rs102022	synthetic	2023	A	G	0.3002560819462228	781	-0.044019770542784276	0.058846890672403736	0.5595623783446791	0.454658398061968
rs102023	synthetic	2024	A	G	0.2923076923076923	780	-0.002355030895619191	0.05884728377088624	0.0016015495303012223	0.9680877609929076
rs102024	synthetic	2025	A	G	0.19329896907216496	776	0.0620827584392359	0.07732420663077091	0.6446308190394099	0.4222794349642272
rs102025	synthetic	2026	A	G	0.21666666666666667	780	0.031376256890921585	0.06388766309306604	0.2411949768572173	0.6234802538303099
rs102026	synthetic	2027	A	G	0.31401273885350317	785	0.014470565265957434	0.05767286643752998	0.06295466518089347	0.8019504815334119
rs102027	synthetic	2028	A	G	0.3388746803069054	782	-0.1036014329377744	0.05963874110535013	3.0176897628648187	0.08274899206569836
rs102028	synthetic	2029	A	G	0.2070063694267516	785	-0.0033570417508384516	0.07178404596715768	0.0021870444978726766	0.9627116233943362
rs102029	synthetic	2030	A	G	0.26485461441213654	791	0.03845233448197053	0.0621397504120961	0.3829185570767931	0.536223107982315
rs102030	synthetic	2031	A	G	0.05384615384615385	780	0.20577719048513232	0.12631921650375733	2.653723193958698	0.10370483526351477
rs102031	synthetic	2032	A	G	0.16240409207161124	782	0.1451923042422719	0.0776529253617012	3.4960010378389126	0.06188549082211881
rs102032	synthetic	2033	A	G	0.3528645833333333	768	-0.03397043757562242	0.057704332437379796	0.34656558981266533	0.5562313751916091
rs102033	synthetic	2034	A	G	0.5070876288659794	776	-0.09212353569769376	0.05401376784431229	2.9089231553932224	0.08848227922862938
rs102034	synthetic	2035	A	G	0.13931297709923665	786	-0.0039228334623106495	0.0794029267045384	0.0024407692420076207	0.9606096676778162
rs102035	synthetic	2036	A	G	0.19196428571428573	784	-0.02468087396175549	0.06919992464716211	0.12720665285597724	0.7214409202844103
rs102036	synthetic	2037	A	G	0.31743002544529264	786	-0.04982330035665643	0.05803795139537548	0.7369547727113237	0.39089752028441505
rs102037	synthetic	2038	A	G	0.3148854961832061	786	0.01004147327253776	0.057812988255050754	0.030167827594848054	0.8621543026589482
rs102038	synthetic	2039	A	G	0.012148337595907928	782	0.07506211186756453	0.25132981961181783	0.08919767187773253	0.765277881623961
rs102039	synthetic	2040	A	G	0.2955128205128205	780	-0.03445736172603272	0.060658884607358306	0.3226823443902533	0.5701608972925956
rs102040	synthetic	2041	A	G	0.4871959026888604	781	-0.015495147559906152	0.052105653313968804	0.08843450344416676	0.766254757504108
rs102041	synthetic	2042	A	G	0.4022842639593909	788	0.062239735708746476	0.05378559701735394	1.339070653630763	0.24754636814713202
rs102042	synthetic	2043	A	G	0.26369426751592356	785	-0.03379054958075276	0.061936165235253283	0.2976472575920553	0.5855145759160291
rs102043	synthetic	2044	A	G	0.24521072796934865	783	-0.06273763366624248	0.06275411255976707	0.9994748796782252	0.3177425619896016
rs102044	synthetic	2045	A	G	0.3848600508905852	786	-0.037360777763065886	0.05652109800218512	0.4369287649641128	0.5088005329449882
rs102045	synthetic	2046	A	G	0.5792838874680307	782	0.0029924628862120885	0.060351684816888594	0.0024585483202137102	0.960466581493247
rs102046	synthetic	2047	A	G	0.08492975734355045	783	-0.010258912155516392	0.0985961997861211	0.010826355153937301	0.9171561591784403
rs102047	synthetic	2048	A	G	0.5508905852417303	786	0.05222943361245724	0.05503764253301481	0.9005565435334986	0.3429216316790973
rs102048	synthetic	2049	A	G	0.09038461538461538	780	-0.09305067741834414	0.09611878769644787	0.9371789151077189	0.33329956369461194
rs102049	synthetic	2050	A	G	0.09171974522292993	785	0.056715276938802836	0.09828600253687464	0.3329789429636881	0.5640739940474462
rs102050	synthetic	2051	A	G	0.2230769230769231	780	0.001046103014057055	0.06627513278716211	0.00024914242867704145	0.9874104868044516
rs102051	synthetic	2052	A	G	0.09716859716859717	777	0.0933479366818334	0.09290637445175776	1.0095281201876385	0.3153223964503991
rs102052	synthetic	2053	A	G	0.05141388174807198	778	-0.04834485093420013	0.12281748042083712	0.15494589810722936	0.6939588016957667
rs102053	synthetic	2054	A	G	0.13548387096774195	775	0.056372674265600324	0.07885319726752184	0.51109150307871	0.47487714072778187
rs102054	synthetic	2055	A	G	0.11734693877551021	784	-0.024927051093010296	0.08705977559457918	0.08197977479822427	0.7747069788234848
rs102055	synthetic	2056	A	G	0.4419642857142857	784	0.006175588678462234	0.05294455649828018	0.013605487113719478	0.9071728419603771
rs102056	synthetic	2057	A	G	0.5353470437017995	778	0.03095642829267394	0.0536722630583931	0.33266099211463773	0.5642600662830404
rs102057	synthetic	2058	A	G	0.0712484237074401	793	0.231610435367589	0.10515279077624788	4.851484397196106	0.027909368753312225
rs102058	synthetic	2059	A	G	0.20764331210191084	785	0.007708923147897031	0.06758272304957712	0.013011161254738038	0.9092139684542613
rs102059	synthetic	2060	A	G	0.1445012787723785	782	-0.001846711271560553	0.078448112939234	0.0005541572221371424	0.9812250199167072
rs102060	synthetic	2061	A	G	0.21747448979591838	784	0.0463635292599988	0.06629007237155428	0.4891656910917526	0.48450480080560393
rs102061	synthetic	2062	A	G	0.241423125794155	787	0.008592891963515295	0.06622329102681317	0.016836708150789446	0.8967921102222596
rs102062	synthetic	2063	A	G	0.39719029374201786	783	0.012253437684345444	0.05799003192334267	0.04464873895535712	0.8327055356598134
rs102063	synthetic	2064	A	G	0.35267857142857145	784	-0.019694021176511846	0.056764831086236985	0.12036773861873737	0.7287280361305161
rs102064	synthetic	2065	A	G	0.30842911877394635	783	-0.013737537807237044	0.05746070129968288	0.05715785954921155	0.8111075722111518
rs102065	synthetic	2066	A	G	0.39858793324775355	779	-0.07662413386409073	0.056684746161991297	1.8272532562395727	0.17683775508234612
rs102066	synthetic	2067	A	G	0.04643765903307888	786	0.03404474542537531	0.12847482068656407	0.07022053623922173	0.7910848139251446
rs102067	synthetic	2068	A	G	0.0280970625798212	783	-0.19511610206500685	0.1623883272443853	1.443698835495713	0.2299004406755544
rs102068	synthetic	2069	A	G	0.1602809706257982	783	0.011330407912213862	0.07412602550681009	0.02336413254829284	0.8785528448704047
rs102070	synthetic	2071	A	G	0.30818414322250637	782	-0.009591904384723515	0.05885191651690952	0.026563693548155316	0.8705727754449514
rs102071	synthetic	2072	A	G	0.4137709137709138	777	0.006420384764394412	0.05452021409786304	0.01386778199269471	0.9062864186335158
rs102072	synthetic	2073	A	G	0.3244613434727503	789	-0.06626965022626075	0.05780966501761757	1.3141001082951587	0.251999431025894
rs102073	synthetic	2074	A	G	0.3793103448275862	783	-0.010904863349996363	0.056986427666081384	0.036618250347962844	0.8482933573602102
rs102074	synthetic	2075	A	G	0.17008985879332478	779	-0.022755645937141637	0.07172070205879753	0.10066749721689093	0.7511135938050181
rs102075	synthetic	2076	A	G	0.19235668789808918	785	-0.0246928127990445	0.07160343449374663	0.11892507116980357	0.7302947150864396
rs102076	synthetic	2077	A	G	0.32798459563543003	779	0.04440090447780483	0.05969831880239081	0.5531710359919475	0.4572452041574851
rs102077	synthetic	2078	A	G	0.2071156289707751	787	0.002191884828653031	0.06755712704712784	0.0010526721097479737	0.9741254134376766
rs102078	synthetic	2079	A	G	0.030361757105943153	774	0.43521033053518726	0.15952181865954163	7.443174600551539	0.006508644664845237
rs102079	synthetic	2080	A	G	0.08565989847715735	788	0.11307995918021022	0.09665536846341721	1.3687348481184725	0.24238086805762826
rs102080	synthetic	2081	A	G	0.33184713375796177	785	0.10223502498515692	0.056557208285651056	3.267559365221364	0.07104148025639899
rs102081	synthetic	2082	A	G	0.12755102040816327	784	0.016825115139092912	0.08116770918307158	0.04296843261380709	0.835837940738539
rs102082	synthetic	2083	A	G	0.38092189500640206	781	-0.06752315189854224	0.05518780304526609	1.4969910416740284	0.2214983486671414
rs102083	synthetic	2084	A	G	0.3	785	0.06305712369182728	0.058294845866992746	1.1700596342262561	0.2797178119786044
rs102085	synthetic	2086	A	G	0.5367553865652726	789	-0.005254070853199492	0.05540577666319695	0.008992527116498443	0.9244746587563023
rs102086	synthetic	2087	A	G	0.02880921895006402	781	-0.18802107131130924	0.16302308265101134	1.3301935682900201	0.24911829025636426
rs102087	synthetic	2088	A	G	0.22165605095541402	785	-0.10014416485226904	0.06825312342161573	2.152812652821038	0.14270545052109576
rs102088	synthetic	2089	A	G	0.4852374839537869	779	0.04981865686193647	0.05439276252292146	0.8388837776193265	0.3599946402148544
rs102089	synthetic	2090	A	G	0.40345268542199486	782	-0.0011309057819009578	0.05481973139602415	0.0004255778756624822	0.9835463662698842
rs102090	synthetic	2091	A	G	0.1681643132220796	779	0.01687173381768391	0.07371828559295382	0.05238042004294501	0.8190307618874275
rs102091	synthetic	2092	A	G	0.2864450127877238	782	-0.01697867128845909	0.06607556839907719	0.06602761119150768	0.7972775535539205
rs102092	synthetic	2093	A	G	0.13653846153846153	780	0.09044327435921168	0.08087144398641076	1.2507259438836211	0.26375253872512744
rs102093	synthetic	2094	A	G	0.15661103979460847	779	-0.05442915350906535	0.07788721804988806	0.48834953221283267	0.48486935968273764
rs102094	synthetic	2095	A	G	0.35705128205128206	780	0.08140526709079826	0.0559881034805576	2.1140414481094103	0.14634906181392834
rs102095	synthetic	2096	A	G	0.4117647058823529	782	0.03675482780957836	0.05604499816153438	0.43008576300123824	0.5121370883280305
rs102096	synthetic	2097	A	G	0.44050632911392407	790	-0.07494086094943113	0.055811944735186976	1.8029473527068787	0.1797407920265544
rs102097	synthetic	2098	A	G	0.2858056265984655	782	-0.0056052758873366805	0.06355215363954081	0.007779173207260844	0.9297402862403132
rs102098	synthetic	2099	A	G	0.12435897435897436	780	-0.029667575888317962	0.0807263180887972	0.13506220454447876	0.7133381092769477
rs102099	synthetic	2100	A	G	0.365211810012837	779	0.024797696417598127	0.058555701969232855	0.17934294391656294	0.6720533459639805
rs102100	synthetic	2101	A	G	0.04528061224489796	784	0.11237103490973814	0.13057198642429177	0.7406426867228751	0.3897151981998017
rs102101	synthetic	2102	A	G	0.24455825864276567	781	0.10311114998094564	0.06511175585646638	2.507797394943616	0.11368286768805845
rs102102	synthetic	2103	A	G	0.12435897435897436	780	-0.014191382700626708	0.08715304880661513	0.02651454965895322	0.8706914969466895
rs102103	synthetic	2104	A	G	0.1305732484076433	785	-0.013921243036528832	0.08007833672297628	0.030222190787085042	0.862031404420723
rs102104	synthetic	2105	A	G	0.47115384615384615	780	0.04981790230086989	0.056337216126236794	0.7819520232784791	0.3768128270391365
rs102105	synthetic	2106	A	G	0.32541720154043646	779	-0.0015926049997779554	0.056907589262689476	0.0007832055801560116	0.9776805096174304
rs102107	synthetic	2108	A	G	0.2640664961636829	782	-0.07303296768317946	0.06004215527355762	1.4795353647816296	0.22420915537767358
rs102109	synthetic	2110	A	G	0.5440613026819924	783	0.10347311110517154	0.05437159422842151	3.6216867146719287	0.05739290836714192
rs102110	synthetic	2111	A	G	0.33974358974358976	780	0.11628628052162693	0.05712381443389846	4.144026842438713	0.04211360879177576
rs102111	synthetic	2112	A	G	0.11445012787723785	782	0.05706611141740475	0.08704621278088388	0.4297904873648278	0.5122819139885629
rs102112	synthetic	2113	A	G	0.4820742637644046	781	-0.035336548952515485	0.052817963041690875	0.4475947350805243	0.5036741110664378
rs102113	synthetic	2114	A	G	0.22165605095541402	785	0.4429831375645554	0.06272814779169847	49.87115902769876	3.5920070114329342e-12
rs102114	synthetic	2115	A	G	0.3713188220230474	781	0.04690486279459685	0.05584727523160373	0.705394001192215	0.40123028125901056
rs102115	synthetic	2116	A	G	0.12612035851472472	781	0.06887529107034518	0.0821778971209713	0.7024523130889558	0.4022134491743428
rs102116	synthetic	2117	A	G	0.41025641025641024	780	0.05696453636084034	0.05540387708658774	1.0571310271560108	0.3041839466600954
rs102117	synthetic	2118	A	G	0.21052631578947367	779	0.12077723217593662	0.0662491742905202	3.3236034879109764	0.06866835957973581
rs102118	synthetic	2119	A	G	0.31958762886597936	776	0.06939437714527957	0.056985021471945826	1.4829521282973555	0.22367542513824737
rs102119	synthetic	2120	A	G	0.24236641221374045	786	-0.028071880011102526	0.06532462157255114	0.1846669569638164	0.6675095727796747
rs102120	synthetic	2121	A	G	0.22130102040816327	784	-0.04005356442280369	0.06672554051586443	0.36032810707707236	0.5484955687914131
rs102122	synthetic	2123	A	G	0.2256020278833967	789	-0.06015314967208818	0.06345810459832632	0.8985506283168407	0.3434594075018174
rs102123	synthetic	2124	A	G	0.22165605095541402	785	0.0876248182914436	0.06529348662586126	1.8010034313911667	0.17997534152215577
rs102124	synthetic	2125	A	G	0.10202788339670468	789	-0.00792517802145191	0.09004768634138217	0.007745918721380344	0.9298902318705632
rs102125	synthetic	2126	A	G	0.23175416133162613	781	-0.03463269468991697	0.06903767767696135	0.2516519040696607	0.6160535541756728
rs102126	synthetic	2127	A	G	0.24390243902439024	779	-0.038162711465218754	0.06500050949118696	0.3447028911921861	0.5572942352091981
rs102127	synthetic	2128	A	G	0.11577608142493638	786	0.04297443987520373	0.08436096858513104	0.25949998366341465	0.6106056033214103
rs102128	synthetic	2129	A	G	0.4263959390862944	788	0.04172610762357834	0.05460715432525423	0.5838706668604277	0.4450264239034678
rs102129	synthetic	2130	A	G	0.3443456162642948	787	0.030688246491169167	0.056337779902818214	0.29671854453919283	0.5861000952413429
rs102130	synthetic	2131	A	G	0.4614890885750963	779	0.00809469493731127	0.05401567779548393	0.02245749503933	0.8809145568837509
rs102131	synthetic	2132	A	G	0.09669211195928754	786	-0.007057717949517258	0.09188133026377136	0.00590029938169344	0.938791360909474
rs102132	synthetic	2133	A	G	0.06743002544529263	786	0.03361650327302386	0.11167816950362452	0.09060840804473329	0.7634840172418356
rs102133	synthetic	2134	A	G	0.038314176245210725	783	0.2799157252435678	0.13838532171446002	4.091424475837566	0.043436446380102446
rs102134	synthetic	2135	A	G	0.3050955414012739	785	0.17895444767733334	0.061476852786711174	8.473478671661702	0.003704592107726438
rs102135	synthetic	2136	A	G	0.22908622908622908	777	0.0006657404476607826	0.06574912851611539	0.0001025250254778981	0.9919237331691311
rs102136	synthetic	2137	A	G	0.21601016518424396	787	0.11878460113835296	0.06467778923435999	3.37295039274435	0.06664911240526271
rs102137	synthetic	2138	A	G	0.01858974358974359	780	0.15769685376153933	0.20151019073687734	0.6124237568064362	0.4341103011127384
rs102138	synthetic	2139	A	G	0.5114649681528662	785	0.06026019542338474	0.05459836305980611	1.2181529668841875	0.2700582382894317
rs102139	synthetic	2140	A	G	0.30912596401028275	778	-0.15131830749614775	0.06214404150777524	5.929034291187846	0.015112901502261552
rs102140	synthetic	2141	A	G	0.07233502538071065	788	0.028384468923966576	0.10585710206152046	0.07189878389023899	0.7886616856623787
rs102141	synthetic	2142	A	G	0.30347938144329895	776	-0.015088904869427242	0.05869015854352265	0.06609747595419818	0.7971726739789592
rs102142	synthetic	2143	A	G	0.27877237851662406	782	-0.04083248806527905	0.061416873454105014	0.4420142589353331	0.5063451485113363
rs102143	synthetic	2144	A	G	0.5844072164948454	776	0.03262206888333529	0.057381970189717885	0.32320054900597683	0.5698515027875483
rs102144	synthetic	2145	A	G	0.255089058524173	786	-0.017144013217944093	0.060997413848643156	0.07899546159192905	0.778736689823643
rs102145	synthetic	2146	A	G	0.05590851334180432	787	0.028119475883487552	0.11841536798526744	0.05638950800877281	0.8123575975291673
rs102147	synthetic	2148	A	G	0.29936305732484075	785	0.010880438649670124	0.060607270583192895	0.03222874220101325	0.8575724063395593
rs102148	synthetic	2149	A	G	0.1286624203821656	785	-0.07111498873784039	0.07879462718307474	0.8145712564619052	0.3670462535630123
rs102149	synthetic	2150	A	G	0.5729695431472082	788	-0.029217116554453366	0.05530528099914609	0.2790882160253297	0.5974472603827358
rs102150	synthetic	2151	A	G	0.4851994851994852	777	0.08711436500700953	0.05475810346718129	2.530945273560483	0.11203186561885471
rs102151	synthetic	2152	A	G	0.22554002541296062	787	0.04779256114464074	0.06285982622740942	0.57806178112661	0.44729903188140374
rs102152	synthetic	2153	A	G	0.1781609195402299	783	0.06316118449450349	0.07170243654730539	0.7759481539522289	0.3786501009919121
rs102153	synthetic	2154	A	G	0.08418367346938775	784	-0.1349056228776212	0.09460611886455961	2.0333945274232876	0.15427011424041082
rs102154	synthetic	2155	A	G	0.3729456384323641	791	0.02216538126507973	0.05711913478097014	0.15058689251341104	0.6980792786626254
rs102155	synthetic	2156	A	G	0.46950444726810675	787	0.003182842868961021	0.05476546506730916	0.003377667052905136	0.9536695168936596
rs102156	synthetic	2157	A	G	0.2323943661971831	781	0.06323914554987715	0.0661257990198083	0.9145977342079789	0.33918889064095165
rs102157	synthetic	2158	A	G	0.4467948717948718	780	-0.13742439513618018	0.05688001168452385	5.837250276041833	0.015915303138201532
rs102158	synthetic	2159	A	G	0.4007682458386684	781	0.11444089998067337	0.05476461436324612	4.366791550833042	0.03696402248394588
rs102159	synthetic	2160	A	G	0.34318766066838047	778	0.08366345987194436	0.05744465848996708	2.121154670731857	0.14567278953463914
rs102160	synthetic	2161	A	G	0.27388535031847133	785	-0.10261573561057154	0.0601697099559179	2.908520234541142	0.08850430248066257
rs102161	synthetic	2162	A	G	0.1423125794155019	787	0.12977322739737823	0.07793733430130097	2.772548269984761	0.09628838278592623
rs102162	synthetic	2163	A	G	0.2557544757033248	782	0.0348829712760115	0.0644006013339917	0.2933912082034001	0.5882076620750851
rs102163	synthetic	2164	A	G	0.16624040920716113	782	-0.04079279294365273	0.07107281607120416	0.3294274882101957	0.5661591502921912
rs102164	synthetic	2165	A	G	0.41857506361323155	786	0.023309636140032293	0.05890277429633349	0.15660278740355538	0.6924101452352642
rs102165	synthetic	2166	A	G	0.2519280205655527	778	0.06138363427088821	0.06139858046295602	0.999513201354585	0.3177332904188999
rs102166	synthetic	2167	A	G	0.04487179487179487	780	0.027167152944464174	0.1348717006072749	0.04057388447250086	0.8404143268111101
rs102167	synthetic	2168	A	G	0.10025380710659898	788	-0.18392238793287433	0.09320310469365692	3.894111970747332	0.048802477820465706
rs102168	synthetic	2169	A	G	0.18222506393861893	782	0.08004867737542877	0.06992657966671051	1.3104599392309966	0.2526567863574486
rs102169	synthetic	2170	A	G	0.13137755102040816	784	0.049933839861824064	0.0811429897942917	0.3786935576427542	0.5384798123553521
rs102170	synthetic	2171	A	G	0.46654040404040403	792	0.06320683498511331	0.05289531428613448	1.4278864891522227	0.23246692517217404
rs102171	synthetic	2172	A	G	0.35038363171355497	782	-0.12616666059343734	0.06412011115693461	3.871690949675125	0.04945514200399275
rs102172	synthetic	2173	A	G	0.5575447570332481	782	0.033917243722916636	0.0557489939170114	0.37014086529495066	0.5431017097809714
rs102173	synthetic	2174	A	G	0.28743654822335024	788	-0.07115494624687553	0.05878661984867817	1.4650525770021179	0.22648855599374162
rs102174	synthetic	2175	A	G	0.3904458598726115	785	-0.002001083625136799	0.05460670518692369	0.001342884094134768	0.9707769799247091
rs102175	synthetic	2176	A	G	0.2275064267352185	778	-0.018918436333662296	0.06547125203467224	0.08349667534608175	0.7726891055499625
rs102176	synthetic	2177	A	G	0.2719186785260483	787	0.008794879787846112	0.06155071683918016	0.020417077860641734	0.8864146646224501
rs102177	synthetic	2178	A	G	0.4329962073324905	791	-0.07722945376801243	0.05579191237189507	1.9161232053503883	0.16667407828968786
rs102178	synthetic	2179	A	G	0.013461538461538462	780	-0.054826805593677336	0.23568039954663142	0.05411765312202424	0.816107193455403
rs102179	synthetic	2180	A	G	0.08237547892720307	783	-0.20885355537366262	0.09515474254413685	4.817512702821144	0.02846118171158533
rs102180	synthetic	2181	A	G	0.32842509603072984	781	0.06403287616947785	0.05990592936680775	1.142526807337806	0.285444290387477
rs102181	synthetic	2182	A	G	0.24587039390088947	787	-0.006101212380377124	0.06467526565059567	0.008899299916177427	0.9248660038640534
rs102182	synthetic	2183	A	G	0.1485969387755102	784	0.03993368630639699	0.07554576519528118	0.27942068640850026	0.5972290773510509
rs102183	synthetic	2184	A	G	0.18797953964194372	782	-0.13405845481494014	0.07246712211695351	3.422207900314197	0.06469678028278752
rs102184	synthetic	2185	A	G	0.19948849104859334	782	-0.07118172264768584	0.06819506752055811	1.089509598292294	0.2968979757710398
rs102185	synthetic	2186	A	G	0.193196405648267	779	0.08724415655325199	0.07147775077515471	1.4898101919169702	0.22260872521807595
rs102186	synthetic	2187	A	G	0.0851472471190781	781	-0.03871658457384858	0.10144481349371325	0.14565801294815567	0.7028219780728467
rs102187	synthetic	2188	A	G	0.23979591836734693	784	0.021970497474818173	0.06415469426322819	0.11727971505471735	0.7320945411175719
rs102188	synthetic	2189	A	G	0.15833333333333333	780	-0.049003544776855854	0.076332864697372	0.41212776218840497	0.5210770350914373
rs102189	synthetic	2190	A	G	0.14010282776349614	778	0.08243986400646039	0.07675550629285387	1.1536005433852252	0.28312340125215557
rs102190	synthetic	2191	A	G	0.22611464968152867	785	0.06294544099811057	0.06576313215996951	0.916143663240658	0.33878126811641934
rs102191	synthetic	2192	A	G	0.12132822477650064	783	0.055410575613759484	0.08807615891353202	0.39579343895598956	0.5294509201334072
rs102192	synthetic	2193	A	G	0.2684010152284264	788	-0.11741112766577023	0.06120736732569522	3.679689035518259	0.055437925091390054
rs102193	synthetic	2194	A	G	0.21364795918367346	784	0.07282791367228982	0.06461485434876686	1.2703722488886966	0.26003778838738395
rs102194	synthetic	2195	A	G	0.2544529262086514	786	-0.1025722738344966	0.05997579653345066	2.9248790865938847	0.08761490889931518
rs102195	synthetic	2196	A	G	0.36892583120204603	782	-0.08266262659373905	0.054961569817648964	2.2620392921291863	0.13297751922671308
rs102196	synthetic	2197	A	G	0.3483502538071066	788	-0.0018412658954155955	0.0563546401827208	0.001067514187800925	0.9739437079582226
rs102197	synthetic	2198	A	G	0.20486555697823303	781	-0.045612329633840834	0.06601085252255101	0.4774565165720146	0.4897788866229168
rs102199	synthetic	2200	A	G	0.37001287001287003	777	-0.042991494788443683	0.054492047020771005	0.6224419371990113	0.4303770951001896
rs102200	synthetic	2201	A	G	0.44030808729139925	779	0.0011861389517853057	0.05604709087594236	0.00044788341926482056	0.9831207486538578
rs102201	synthetic	2202	A	G	0.01668806161745828	779	0.05311378269312397	0.21412284077471813	0.06153022053776735	0.8041577265143062
rs102202	synthetic	2203	A	G	0.45576923076923076	780	0.0644289428108823	0.053323586866351774	1.4599006451530172	0.22730611454541005
rs102203	synthetic	2204	A	G	0.24519846350832267	781	0.04354166816934238	0.06375159290627642	0.46647464866991273	0.4948129615234212
rs102204	synthetic	2205	A	G	0.15228426395939088	788	0.01688417818124147	0.07602287733721183	0.049325471754128034	0.8242983706235136
rs102205	synthetic	2206	A	G	0.18646232439335889	783	-0.0054306889826570715	0.07264364562708214	0.005588748937475739	0.9404261645768212
rs102206	synthetic	2207	A	G	0.08018252933507171	767	0.005436930920990704	0.09989519264949268	0.002962227795015344	0.9566091925464457
rs102207	synthetic	2208	A	G	0.22802547770700637	785	0.04454402445223495	0.0668822139879323	0.44356535911625766	0.5056002974330023
rs102208	synthetic	2209	A	G	0.47036082474226804	776	-0.06693360542097093	0.05775531665204115	1.3430880956899276	0.2468389711780423
rs102209	synthetic	2210	A	G	0.11910828025477707	785	-0.08099372999066604	0.08391217755461076	0.9316500618408524	0.3347287786285873
rs102210	synthetic	2211	A	G	0.4935897435897436	780	0.031816539159842776	0.055159863277294205	0.3327051420253803	0.5642342216427307
rs102211	synthetic	2212	A	G	0.36248415716096327	789	-0.04261054422799767	0.056750528573210134	0.5637601063649957	0.4529719321087689
rs102212	synthetic	2213	A	G	0.2720306513409962	783	0.026280495379498007	0.06271980738026912	0.17557297283407536	0.6753191608324527
rs102213	synthetic	2214	A	G	0.03354430379746835	790	-0.010242821290224096	0.1513991187815926	0.0045771220832261875	0.9460777785549064
rs102214	synthetic	2215	A	G	0.13924050632911392	790	0.09395586697999171	0.07830069191156376	1.4398478731359987	0.23052232111660653
rs102215	synthetic	2216	A	G	0.026214833759590793	782	0.1842891404306661	0.1671273179549977	1.215918878300316	0.27049759325260264
rs102216	synthetic	2217	A	G	0.24582798459563543	779	-0.0030685735576367985	0.06217311961232327	0.0024359465704269245	0.9606485705813347
rs102218	synthetic	2219	A	G	0.09259259259259259	783	0.016871653313333523	0.09202553276333583	0.03361232891482291	0.8545807401701019
rs102219	synthetic	2220	A	G	0.19720101781170485	786	-0.006975577755396622	0.07131323813285588	0.009567975491222746	0.9221030968470945
rs102220	synthetic	2221	A	G	0.4215561224489796	784	-0.06548749126999838	0.05275224521188078	1.5411141570350748	0.21481911468314402
rs102221	synthetic	2222	A	G	0.5108556832694764	783	-0.11823860526027616	0.05493305297272448	4.632880775300992	0.03166597654773427
rs102222	synthetic	2223	A	G	0.4770700636942675	785	0.09479868650738686	0.05468371942859143	3.0053049537644285	0.0833810396126623
rs102223	synthetic	2224	A	G	0.0567741935483871	775	-0.15558180713472716	0.1206378185986866	1.6632237280823103	0.19754461797120387
rs102224	synthetic	2225	A	G	0.12962962962962962	783	0.08142291725771944	0.08287666378638472	0.9652255214489268	0.3261734552950323
rs102225	synthetic	2226	A	G	0.17245817245817247	777	-0.013061855674343238	0.07020795416778768	0.0346128312804864	0.8524568634814101
rs102226	synthetic	2227	A	G	0.1274131274131274	777	0.056405486555637714	0.08497368489753758	0.44062972944640005	0.5070116049161327
rs102227	synthetic	2228	A	G	0.22435897435897437	780	-0.014599525431196452	0.06405776912688334	0.051943816797059617	0.8197735119801347
rs102228	synthetic	2229	A	G	0.07323232323232323	792	-0.08684061240566886	0.10405499904744701	0.6964979712800143	0.4042142726363629
rs102229	synthetic	2230	A	G	0.3314102564102564	780	0.0021411228364726603	0.05995676496042285	0.0012752836248823055	0.9715216960140396
rs102230	synthetic	2231	A	G	0.2869897959183674	784	0.1156517506886483	0.05961421943483686	3.763610738084204	0.05273357382688036
rs102231	synthetic	2232	A	G	0.28690629011553276	779	-0.02940484541192559	0.05890209043721776	0.24921626601772764	0.6177659322427911
rs102232	synthetic	2233	A	G	0.11025641025641025	780	0.04074618613341347	0.08510700373161129	0.22921515444759988	0.6322383686837457
rs102233	synthetic	2234	A	G	0.03959131545338442	783	-0.13468307696598755	0.13977258014488494	0.9285003999275094	0.3355466384782343
rs102234	synthetic	2235	A	G	0.3475222363405337	787	-0.08248720990239881	0.055570248584959014	2.2033756667807527	0.13810624452229261
rs102235	synthetic	2236	A	G	0.2413572343149808	781	-0.037781721283591606	0.06317381112387752	0.357675608396771	0.5499707454231646
rs102236	synthetic	2237	A	G	0.3676092544987147	778	0.05220668747867792	0.057231397791008956	0.8321154199884145	0.36193877034700844
rs102237	synthetic	2238	A	G	0.310126582278481	790	0.011678762130027831	0.05794625758735278	0.04062027325234297	0.8403243537924909
rs102238	synthetic	2239	A	G	0.27564102564102566	780	-0.026268113404713727	0.06473684064104282	0.1646473570714302	0.68502281429892
rs102239	synthetic	2240	A	G	0.18384223918575063	786	0.015991639456016348	0.06986312243471189	0.05239501820398705	0.8190059838594331
rs102240	synthetic	2241	A	G	0.45699614890885754	779	-0.041107291100272315	0.05365872406116342	0.5868904383125064	0.4438520631998355
rs102241	synthetic	2242	A	G	0.1545338441890166	783	0.034234369379838904	0.0756966675520579	0.2045366521844592	0.651207328701629
rs102242	synthetic	2243	A	G	0.06887755102040816	784	-0.12167909635403935	0.10891766794704226	1.2480594802382896	0.26426178627060243
rs102243	synthetic	2244	A	G	0.19783715012722647	786	0.000945992213016798	0.06753446209188307	0.00019621139832179616	0.9888274825169499
rs102244	synthetic	2245	A	G	0.2604828462515883	787	-0.08580027901261177	0.06175220664490462	1.9305116989157827	0.16509245806515346
rs102245	synthetic	2246	A	G	0.04568527918781726	788	0.0882565468279195	0.12904155965848968	0.46777246621906104	0.4942135315563194
rs102246	synthetic	2247	A	G	0.1976010101010101	792	-0.02519083526070099	0.068464743705345	0.1353789564551727	0.7130170584590656
rs102249	synthetic	2250	A	G	0.26214833759590794	782	-0.12888373659466096	0.059730377634873766	4.655922217183915	0.031246240298577428
rs102250	synthetic	2251	A	G	0.5006393861892583	782	0.004470231473433368	0.054164796819515304	0.006811233786973957	0.934245931390522
rs102251	synthetic	2252	A	G	0.11913814955640051	789	-0.026576693208658207	0.08110937263223975	0.1073642764798443	0.7432515416185955
rs102252	synthetic	2253	A	G	0.0561941251596424	783	0.008161897888266517	0.11774927337894109	0.004804695205076621	0.9447556375323704
rs102253	synthetic	2254	A	G	0.13793103448275862	783	-0.0025905852022975887	0.0788613805248908	0.0010791132125844028	0.9738025844006442
rs102254	synthetic	2255	A	G	0.07252888318356868	779	-0.0760450424330953	0.10507849407606384	0.5237380572701572	0.4694648964842204
rs102255	synthetic	2256	A	G	0.13917525773195877	776	0.02841097836814263	0.07848352921609075	0.13104345381397486	0.7174490352516956
rs102256	synthetic	2257	A	G	0.4563543003851091	779	-0.046336728002499446	0.057510432431437386	0.6491685337193887	0.4206516364977053
rs102257	synthetic	2258	A	G	0.541025641025641	780	0.006419278912307112	0.054338997685592846	0.013955623519097815	0.9059914616011095
rs102258	synthetic	2259	A	G	0.2729591836734694	784	-0.024686133994028223	0.06316279259812017	0.15275080854917658	0.6960253016860783
rs102259	synthetic	2260	A	G	0.3471337579617834	785	-0.020026135266565097	0.055255443508223964	0.13135425703188314	0.7171285775737992
rs102260	synthetic	2261	A	G	0.26776649746192893	788	0.03257466072517354	0.06348420125273772	0.2632864342028316	0.6080141781563501
rs102261	synthetic	2262	A	G	0.17953667953667954	777	0.023574522846310335	0.06940459693547242	0.11537437189898567	0.7341964788901335
rs102262	synthetic	2263	A	G	0.07716836734693877	784	-0.05119046313953384	0.10143311495269317	0.2546939285862426	0.6139293648145496
rs102263	synthetic	2264	A	G	0.12612035851472472	781	-0.08573376472536653	0.08493143134176082	1.018982916623368	0.3130682900663403
rs102264	synthetic	2265	A	G	0.30343511450381677	786	0.03242626278022068	0.059025794561720885	0.3017936599076564	0.5829147973517417
rs102265	synthetic	2266	A	G	0.07298335467349552	781	-0.03999017130075236	0.10269988998343856	0.15162351911811037	0.6970932122407839
rs102266	synthetic	2267	A	G	0.049681528662420385	785	-0.02109582867072516	0.12434911819887767	0.028781124596350176	0.8653286610067602
rs102267	synthetic	2268	A	G	0.22349936143039592	783	0.08950681363158353	0.06365424951981931	1.9772309018319074	0.1600741417974994
rs102268	synthetic	2269	A	G	0.16581306017925737	781	-0.09160968483965794	0.07239168805972654	1.601420451473513	0.20607371749867748
rs102269	synthetic	2270	A	G	0.608502538071066	788	0.030224860142952885	0.05635064841869798	0.28769397338028263	0.591852516896479
rs102270	synthetic	2271	A	G	0.22426937738246505	787	-0.008550489292690264	0.06510950913127356	0.017246187071835384	0.8955517316493061
rs102271	synthetic	2272	A	G	0.3881074168797954	782	-0.07749949349013945	0.05349512321239349	2.098791728532431	0.14781088035886686
rs102273	synthetic	2274	A	G	0.2416452442159383	778	0.07274272766903866	0.06186107665317355	1.3827517450767324	0.23998587918200048
rs102274	synthetic	2275	A	G	0.2943805874840358	783	0.025403750660466583	0.06255986493152135	0.16489370569509715	0.6847999386145294
rs102275	synthetic	2276	A	G	0.09218950064020487	781	0.1537446512652371	0.09489203021094297	2.6250679798173895	0.10558556054763725
rs102276	synthetic	2277	A	G	0.382051282051282	780	0.05393584308966154	0.05667697237623289	0.9056109356380517	0.3415716087298101
rs102277	synthetic	2278	A	G	0.16240409207161124	782	-0.10629412031560992	0.07441771106742154	2.0401677039613593	0.1535864820110027
rs102278	synthetic	2279	A	G	0.017285531370038413	781	0.12396498811125194	0.20855799056660612	0.35330063546111456	0.5524201770172318
rs102279	synthetic	2280	A	G	0.3873239436619718	781	0.020512000708508425	0.06101910372864085	0.11300154910298063	0.7368413806783395
rs102280	synthetic	2281	A	G	0.21982210927573062	787	0.10269024789760132	0.06620096218477953	2.4061893554105547	0.12125521950527073
rs102281	synthetic	2282	A	G	0.3866837387964149	781	-0.007846301974466313	0.058147197551197245	0.01820842829010029	0.8926946546562113
rs102282	synthetic	2283	A	G	0.1698595146871009	783	0.13738348507405074	0.07266302661506492	3.574720503916007	0.05902964135755052
rs102283	synthetic	2284	A	G	0.527599486521181	779	-0.02905791902115881	0.05361509532560167	0.29373442870832056	0.5879895493801078
rs102284	synthetic	2285	A	G	0.2553729456384324	791	0.055153928764234	0.06071013744842159	0.8253354044624697	0.3639008283754371
rs102285	synthetic	2286	A	G	0.06832694763729247	783	-0.10572922290100313	0.11048973983311818	0.9156851655053372	0.33890209365134577
rs102286	synthetic	2287	A	G	0.37869062901155326	779	-0.011131963836981978	0.055409852461059415	0.04036171264382726	0.8408265269524272
rs102287	synthetic	2288	A	G	0.19151670951156813	778	0.11425815368463002	0.07673870117077437	2.2168969976438997	0.13690474577235237
rs102288	synthetic	2289	A	G	0.4012738853503185	785	-0.003456644405025677	0.05663055132468706	0.0037256995557622278	0.9513439203404278
rs102289	synthetic	2290	A	G	0.31649616368286443	782	-0.07502287783406807	0.0592732365455837	1.6020281934236165	0.20598775657031224
rs102290	synthetic	2291	A	G	0.4747155499367889	791	-0.03992880657504692	0.054852056677785456	0.529891346824579	0.4668674198668553
rs102291	synthetic	2292	A	G	0.2789808917197452	785	-0.062025752056401054	0.06745348505675408	0.8455422081029805	0.3580961083193404
rs102292	synthetic	2293	A	G	0.25064599483204136	774	-0.0746921769458985	0.06250690279394358	1.4278884291661973	0.23246660817355763
rs102293	synthetic	2294	A	G	0.4631979695431472	788	-0.04427938722426026	0.05355552642253199	0.6835882971706552	0.40860254246408034
rs102294	synthetic	2295	A	G	0.11508951406649616	782	0.09566194453612549	0.08374971387697756	1.304703253074852	0.25370066565996097
rs102295	synthetic	2296	A	G	0.4011553273427471	779	-0.05223542772800645	0.05756360081265358	0.8234446360736954	0.3644506205947272
rs102296	synthetic	2297	A	G	0.38022813688212925	789	-0.06395665760993682	0.05644455570131795	1.2838887722421461	0.2575196915521764
rs102297	synthetic	2298	A	G	0.18053777208706787	781	-0.014665800124910582	0.07749867569308444	0.03581153701365587	0.8499536398145591
rs102298	synthetic	2299	A	G	0.3331193838254172	779	0.06477886764604684	0.06651516484440288	0.9484738482499636	0.3304050464244539
rs102299	synthetic	2300	A	G	0.31258023106546856	779	-0.05271622149905592	0.058746414718225275	0.8052408794863417	0.3698033845600776
rs102300	synthetic	2301	A	G	0.17388535031847133	785	-0.01460909137878137	0.07336908747949931	0.03964789877541916	0.8422216381354275
rs102301	synthetic	2302	A	G	0.44331210191082804	785	-0.01590955227437688	0.058941243307691675	0.0728580142945595	0.7872903043328521
rs102302	synthetic	2303	A	G	0.12660668380462725	778	-0.08507697296374647	0.07937121478849192	1.148941731525125	0.2840968899774653
rs102303	synthetic	2304	A	G	0.1851145038167939	786	0.06769399111006635	0.07082804918512627	0.9134603052327999	0.3394892234368588
rs102304	synthetic	2305	A	G	0.3725992317541613	781	-0.03334520887140525	0.05483469670304776	0.36979070698019584	0.5432924917070531
rs102305	synthetic	2306	A	G	0.22109275730622618	787	-0.09729575747371542	0.06367300771669018	2.3349472673588063	0.1268980295923325
rs102306	synthetic	2307	A	G	0.3979721166032953	789	-0.02101396919233648	0.055668095001818144	0.14249625905737712	0.7059129020905593
rs102307	synthetic	2308	A	G	0.07870967741935483	775	0.012623156710452511	0.10414990468758573	0.014689878167717116	0.903561896071046
rs102308	synthetic	2309	A	G	0.09050064184852374	779	0.15349353781784078	0.09512747990525001	2.603563706439742	0.10702154931032005
rs102309	synthetic	2310	A	G	0.22727272727272727	781	-0.04373123419150888	0.06446835948124803	0.460140256983423	0.49775632256803326
rs102310	synthetic	2311	A	G	0.16326530612244897	784	-0.1585276584007011	0.0749362692961336	4.475339160563854	0.03469858580940192
rs102311	synthetic	2312	A	G	0.17199488491048592	782	-0.0016822363341946255	0.07405112301887123	0.0005160725025606315	0.9818815473280719
rs102312	synthetic	2313	A	G	0.49110546378653114	787	-0.02732809331451071	0.05204900728685668	0.2756727015970184	0.59969836679109
rs102313	synthetic	2314	A	G	0.4725415070242657	783	0.018437190130751215	0.05563006815193659	0.10984246858784905	0.740411118577816
rs102314	synthetic	2315	A	G	0.06435006435006435	777	0.039259153272789296	0.11380005297276354	0.11901369226029615	0.7301981704533915
rs102316	synthetic	2317	A	G	0.28893178893178895	777	0.058033323565746434	0.062417288197608216	0.8644603813461531	0.3527764239512456
rs102317	synthetic	2318	A	G	0.08684546615581099	783	0.1271218050100775	0.09745066571063471	1.701650952459109	0.1924506691000735
rs102318	synthetic	2319	A	G	0.02802547770700637	785	0.12787913066893403	0.16909559725057666	0.5719192973489283	0.4497218419847801
rs102319	synthetic	2320	A	G	0.23563218390804597	783	-0.012170983798376209	0.0640282951786942	0.03613328876099399	0.8492891483460938
rs102320	synthetic	2321	A	G	0.18558673469387754	784	-0.040702779605699124	0.06860061376532915	0.352040098660536	0.5531297278154513
rs102321	synthetic	2322	A	G	0.6494252873563219	783	-0.03535177206979386	0.057261235837228634	0.3811544048153747	0.5371632953176673
rs102322	synthetic	2323	A	G	0.35814249363867684	786	-0.0019456472319239989	0.05475932054879474	0.0012624439327041685	0.9716653592935277
rs102323	synthetic	2324	A	G	0.18048469387755103	784	-0.014667501452210697	0.07250327126743661	0.04092579042622498	0.8397331211953667
rs102324	synthetic	2325	A	G	0.2870722433460076	789	-0.02164710604740649	0.06075688841580434	0.1269429660758304	0.7217177452855278
rs102325	synthetic	2326	A	G	0.11230964467005077	788	0.020452132526139314	0.0874700924859908	0.05467112679529865	0.8151861747721436
rs102326	synthetic	2327	A	G	0.1258023106546855	779	0.051327944354659656	0.08255754824048696	0.3865397566734009	0.5343025753373186
rs102327	synthetic	2328	A	G	0.4715549936788875	791	-0.02416716801891973	0.055894855532151566	0.18694241420058297	0.6655912455664064
rs102328	synthetic	2329	A	G	0.22831632653061223	784	0.07019289471652337	0.06629990151508296	1.120883662498015	0.2900506361208565
rs102329	synthetic	2330	A	G	0.3301158301158301	777	0.08694384523513189	0.05804604932625873	2.2435324436690505	0.13457207897161982
rs102330	synthetic	2331	A	G	0.06408629441624365	788	0.04649851136381508	0.1056318853137889	0.1937706679568627	0.6599166326806664
rs102331	synthetic	2332	A	G	0.08789808917197452	785	0.06997358360360577	0.09683192890549942	0.522193024635699	0.4701207520219242
rs102332	synthetic	2333	A	G	0.39884763124199746	781	-0.02836608214836854	0.05862756814761439	0.23409651706889778	0.6286363981065111
rs102333	synthetic	2334	A	G	0.1270967741935484	775	-0.0328580998826856	0.080935401562171	0.16481921421221638	0.6848673118254699
rs102334	synthetic	2335	A	G	0.05874840357598978	783	-0.025752991630202973	0.11271951328856061	0.052198396703796494	0.8193400228404345
rs102335	synthetic	2336	A	G	0.4106002554278416	783	0.009748960674474373	0.053521794036268625	0.033178390333427704	0.8555120624548245
rs102336	synthetic	2337	A	G	0.06572164948453608	776	-0.2561710473125036	0.11231485169805515	5.2021840313938315	0.022822982203879235
rs102337	synthetic	2338	A	G	0.29441624365482233	788	0.08518542522045051	0.05972523042854324	2.0342996446605763	0.1541785588884968
rs102338	synthetic	2339	A	G	0.3940949935815148	779	0.14146822438628673	0.05550800182211311	6.4954107155819365	0.011002715649308473
rs102340	synthetic	2341	A	G	0.29325699745547074	786	0.009023985139946972	0.058540693745292	0.023761891765160484	0.87753153175545
rs102341	synthetic	2342	A	G	0.0983397190293742	783	-0.11407782675261541	0.08970382769053152	1.617262543501096	0.20384674290765634
rs102342	synthetic	2343	A	G	0.016666666666666666	780	0.5127691647602948	0.2032581378765035	6.364260051830731	0.011838714715275832
rs102343	synthetic	2344	A	G	0.589171974522293	785	0.012563753874968196	0.05536735814035275	0.05149098937762485	0.8205473400925886
rs102344	synthetic	2345	A	G	0.21301020408163265	784	0.019061011616241505	0.06872801129614221	0.07691735424460501	0.7815914974785284
rs102345	synthetic	2346	A	G	0.2072704081632653	784	0.028617340521603685	0.06669671040287435	0.18409827278212865	0.6679911882789694
rs102346	synthetic	2347	A	G	0.3563218390804598	783	0.045352785256210594	0.05846575282894645	0.6017343927883417	0.438148312421656
rs102347	synthetic	2348	A	G	0.15335051546391754	776	-0.08260431592735577	0.07465980335501715	1.224141988425137	0.2688848365017376
rs102348	synthetic	2349	A	G	0.11503856041131105	778	-0.04744980321749303	0.08687253911868777	0.29833472105649694	0.5850819187054462
rs102349	synthetic	2350	A	G	0.5407643312101911	785	-0.006812448241487139	0.05427308452238853	0.015755689806968346	0.9001423844400991
rs102350	synthetic	2351	A	G	0.03875968992248062	774	-0.12155295189618139	0.14659201499270402	0.6875596647413855	0.40724518894164247
rs102351	synthetic	2352	A	G	0.36845466155810985	783	0.06602742154963195	0.05736651259385361	1.3247434392658815	0.2500894486466306
rs102352	synthetic	2353	A	G	0.25	788	0.03423082977988003	0.06062556212230452	0.3188036587301238	0.5724871636018511
rs102353	synthetic	2354	A	G	0.2321882951653944	786	-0.05286984141499165	0.07095271326793533	0.5552364897905002	0.4564067087501767
rs102354	synthetic	2355	A	G	0.18646232439335889	783	0.1672063426241529	0.07475747197053521	5.0026057919975635	0.025586451945351932
rs102355	synthetic	2356	A	G	0.18454661558109833	783	0.10236177466327046	0.0686695485933016	2.222016238234905	0.13645291785797123
rs102356	synthetic	2357	A	G	0.3560509554140127	785	-0.02592174231579079	0.05873362176228723	0.1947846879353127	0.659084152801825
rs102357	synthetic	2358	A	G	0.24428934010152284	788	-0.06352713283254385	0.0632000977268653	1.0103759726674464	0.3151193955595776
rs102358	synthetic	2359	A	G	0.24140127388535032	785	0.132459548099021	0.06567304562011024	4.068105652047229	0.04403680862655681
rs102360	synthetic	2361	A	G	0.12467866323907455	778	-0.09122833287889438	0.0773461847430689	1.39117474472375	0.23856054365048224
rs102362	synthetic	2363	A	G	0.34033078880407125	786	-0.006682028897765449	0.05581364016708442	0.014332963757910443	0.9047349973097899
rs102364	synthetic	2365	A	G	0.21328224776500637	783	-0.038399871022080215	0.06667149039149688	0.3317257649143101	0.5648080708949708
rs102365	synthetic	2366	A	G	0.5242656449553001	783	0.1552876310954285	0.055237954703566065	7.903119532592421	0.005056709790745228
rs102366	synthetic	2367	A	G	0.11926020408163265	784	-0.1406000545257329	0.08589109165363266	2.6796293940703007	0.10203613106823076
rs102367	synthetic	2368	A	G	0.05327342747111682	779	-0.11368516110602192	0.12206757780000888	0.8673750176373048	0.3519664828215779
rs102368	synthetic	2369	A	G	0.33631713554987214	782	-0.10396276632495842	0.05743502558169189	3.2764384691113793	0.0706597131471241
rs102369	synthetic	2370	A	G	0.06033376123234917	779	0.09993809287197307	0.11286024980992565	0.7841156114115967	0.3761538146048705
rs102370	synthetic	2371	A	G	0.010217113665389528	783	-0.35783231517815156	0.2712333807122841	1.7404952500577322	0.18745687815309603
rs102371	synthetic	2372	A	G	0.027493606138107418	782	-0.04654487588493158	0.16772521616782368	0.07700998389700053	0.7814633684265928
rs102372	synthetic	2373	A	G	0.1450381679389313	786	0.09003316193188703	0.08318416590014507	1.1714497738936285	0.27943255278571844
rs102373	synthetic	2374	A	G	0.17452229299363056	785	-0.0472088694919571	0.07352036675950574	0.41231759811064966	0.5209810987836592
rs102374	synthetic	2375	A	G	0.027493606138107418	782	-0.14270094394016136	0.1638899381226469	0.7581394734097396	0.3841748992354161
rs102375	synthetic	2376	A	G	0.08673469387755102	784	-0.0955257864472509	0.09525984564028828	1.0055912756122196	0.31626724191981387
rs102376	synthetic	2377	A	G	0.062261753494282084	787	-0.011405699156341178	0.1107653235754586	0.01060318120223523	0.9180114259404202
rs102377	synthetic	2378	A	G	0.3557692307692308	780	-0.05786356077227976	0.057424742335673365	1.0153416475895711	0.31393389624243606
rs102378	synthetic	2379	A	G	0.23243933588761176	783	-0.03659225742556567	0.06968999311847278	0.2757005051100969	0.59967997028562
rs102379	synthetic	2380	A	G	0.3816793893129771	786	0.034819304665696854	0.05558797174725285	0.39235440421568424	0.5312446768191734
rs102380	synthetic	2381	A	G	0.0879746835443038	790	-0.05471639038504063	0.09316747081405972	0.34491038185649314	0.5571756496036052
rs102381	synthetic	2382	A	G	0.10741687979539642	782	0.029501408035878213	0.08870688201550392	0.11060400674110897	0.7395454219126001
rs102382	synthetic	2383	A	G	0.18275418275418276	777	0.09826304255765717	0.0708568644244363	1.9231650356574015	0.16589786287449335
rs102383	synthetic	2384	A	G	0.07360406091370558	788	-0.09857891965457835	0.10363050655885551	0.9048839112449306	0.34176535390271084
rs102384	synthetic	2385	A	G	0.22774193548387098	775	-0.008564328376894593	0.06884538249009649	0.015475225545777167	0.9010305269309449
rs102385	synthetic	2386	A	G	0.39631043256997456	786	0.027727477138799937	0.05712763871907584	0.23557443852139331	0.6275549824353226
rs102387	synthetic	2388	A	G	0.012101910828025478	785	-0.20491079870635795	0.2528802500889926	0.6565984717893105	0.41800648200210583
rs102388	synthetic	2389	A	G	0.19369369369369369	777	-0.11098661370051222	0.06792582723661378	2.669754513469914	0.10266870778993195
rs102389	synthetic	2390	A	G	0.2296774193548387	775	-0.010043802455011838	0.06707445163345042	0.02242239830404428	0.8810069522403897
rs102390	synthetic	2391	A	G	0.10573248407643313	785	-0.12038398707395002	0.08616082904358739	1.9521703286744725	0.16274397960450085
rs102391	synthetic	2392	A	G	0.20971867007672634	782	-0.046722964827021464	0.06797541346336072	0.47245132454936944	0.49206257150335647
rs102392	synthetic	2393	A	G	0.28562259306803595	779	-0.0331025421569828	0.06064467842187459	0.29794582190001356	0.5853265939687117
rs102393	synthetic	2394	A	G	0.13380281690140844	781	-0.027212774840891178	0.07903714852992373	0.11854496956805284	0.7307092585034968
rs102394	synthetic	2395	A	G	0.49487836107554417	781	0.10770601830621315	0.057631574961873426	3.49268135540912	0.06200911764790257
rs102395	synthetic	2396	A	G	0.05840821566110398	779	-0.06667073633195929	0.11737542088155191	0.32263849127264427	0.5701870949147203
rs102396	synthetic	2397	A	G	0.09287531806615776	786	-0.032221778838241254	0.10167855007953723	0.10042465204577578	0.7514040366606817
rs102397	synthetic	2398	A	G	0.13636363636363635	781	-0.03747136719895372	0.07976607608381343	0.22067982033098887	0.6386515648201242
rs102398	synthetic	2399	A	G	0.20636942675159237	785	0.11174446358645683	0.06684386505310438	2.794659637836444	0.09497335396064646
rs102399	synthetic	2400	A	G	0.32061068702290074	786	-0.06694071333658351	0.05813175228150026	1.3260315081442091	0.2498595088080827
rs102400	synthetic	2401	A	G	0.12595419847328243	786	0.05229532959601292	0.08658736251057542	0.36476804617908176	0.5460427673021074
rs102401	synthetic	2402	A	G	0.3089171974522293	785	-0.05557897508522927	0.05998227962925149	0.8585688613745578	0.35442140378330556
rs102402	synthetic	2403	A	G	0.6039794608472401	779	-0.04541527414995181	0.05430849461389229	0.6993077655691246	0.40326830019238
rs102403	synthetic	2404	A	G	0.24173027989821882	786	-0.05158467162908396	0.06277808100577784	0.6751888603388174	0.4114953356101444
rs102404	synthetic	2405	A	G	0.24872122762148338	782	0.00526979382216582	0.06138307520753898	0.007370381424766059	0.9316065937495908
rs102405	synthetic	2406	A	G	0.5281329923273658	782	0.03946719368541224	0.052656179245506335	0.5617897450905905	0.4537623125070525
rs102406	synthetic	2407	A	G	0.1503184713375796	785	-0.012646693656431065	0.07546050351531622	0.028087597946131047	0.8669457751589852
rs102407	synthetic	2408	A	G	0.0842911877394636	783	-0.13350747526351056	0.09706684402250984	1.8917744137660732	0.16939031871412646
rs102408	synthetic	2409	A	G	0.04974489795918367	784	-0.08051714057422127	0.12340841845799087	0.4256837906615894	0.5143035594280648
rs102409	synthetic	2410	A	G	0.22842639593908629	788	0.10328066518571141	0.06399405320442365	2.604706637036441	0.10694469025612528
rs102410	synthetic	2411	A	G	0.2503217503217503	777	-0.0047607751114037925	0.06342993319854405	0.005633351178460621	0.9401893607787787
rs102411	synthetic	2412	A	G	0.3002560819462228	781	-0.03850806687989071	0.05970279381276236	0.41601991956900974	0.519116288973107
rs102412	synthetic	2413	A	G	0.04017857142857143	784	-0.1295604355080347	0.13575521674383498	0.9108182908781468	0.3401882177158287
rs102413	synthetic	2414	A	G	0.23954372623574144	789	-0.12626631852018722	0.06407251377550033	3.883573330950842	0.049108109583358824
rs102414	synthetic	2415	A	G	0.14030612244897958	784	-0.02147417940670992	0.07755895375809851	0.07666008037987229	0.7819478054989231
rs102415	synthetic	2416	A	G	0.09358974358974359	780	0.038212787652694674	0.09307385452815696	0.16856291845194243	0.6815030650153528
rs102416	synthetic	2417	A	G	0.2496823379923761	787	0.033197791819687086	0.06134597264905287	0.29285070985079464	0.5885514774139675
rs102417	synthetic	2418	A	G	0.37724935732647813	778	-0.04723111477428567	0.05510898689543064	0.7345333823162798	0.391676601479008
rs102418	synthetic	2419	A	G	0.48662420382165605	785	0.05509893009166425	0.0556284998597677	0.9810511129426491	0.32224156121688297
rs102419	synthetic	2420	A	G	0.45460358056265987	782	0.06968544191816002	0.054482299998958386	1.635962146200831	0.20125452658308057
rs102420	synthetic	2421	A	G	0.26211734693877553	784	-0.03674387750057287	0.06333721814939355	0.3365518635541529	0.5619911416913673
rs102421	synthetic	2422	A	G	0.5893782383419689	772	0.0940402263095673	0.056959286124103	2.725826792544718	0.09913291533587093
rs102422	synthetic	2423	A	G	0.24648786717752236	783	-0.06805145062837842	0.0646619815314202	1.1075842114592067	0.2929282660908461
rs102423	synthetic	2424	A	G	0.2026854219948849	782	0.047915109680634796	0.06874368380463801	0.4858244535267732	0.4860001311684658
rs102424	synthetic	2425	A	G	0.24615384615384617	780	0.01992501456292402	0.06653256040458916	0.08968686036912207	0.7646540995647425
rs102425	synthetic	2426	A	G	0.1397712833545108	787	-0.049864271828631186	0.07955997630790879	0.3928164554800779	0.5310030411592667
rs102426	synthetic	2427	A	G	0.25	780	0.07544674326693043	0.0628545780124437	1.4408114977526665	0.2303665180054986
rs102427	synthetic	2428	A	G	0.34885204081632654	784	0.001333467147678779	0.056921518191950175	0.0005487969527459647	0.9813160274641537
rs102428	synthetic	2429	A	G	0.35514612452350697	787	-0.01902689483171396	0.05675685743697956	0.11238262015188905	0.737536353452396
rs102429	synthetic	2430	A	G	0.21062740076824585	781	-0.028601207908626462	0.0671096682450741	0.18163459344580926	0.6700878998613863
rs102430	synthetic	2431	A	G	0.1382842509603073	781	-0.07379344677334765	0.07798892173220653	0.8953024239338467	0.3443326560493397
rs102431	synthetic	2432	A	G	0.117797695262484	781	-0.10713712596571316	0.08617617823725487	1.5456299475239221	0.21414917382939339
rs102432	synthetic	2433	A	G	0.19556962025316454	790	0.04209024794768324	0.0668150718627625	0.39683876422429293	0.5289078474997047
rs102433	synthetic	2434	A	G	0.20648030495552733	787	-0.0005849133465133167	0.06754786213645968	7.4982487831437e-05	0.9930931879963946
rs102434	synthetic	2435	A	G	0.19601542416452442	778	0.04886482411409705	0.07026660803422105	0.4836093634657434	0.48699568644417895
rs102435	synthetic	2436	A	G	0.3623096446700508	788	0.043098259036205254	0.05531417280457515	0.6070809568098972	0.4361214529115222
rs102436	synthetic	2437	A	G	0.053865652724968315	789	-0.03701193949433856	0.12204369518570872	0.09197144077487922	0.7617652224886774
rs102437	synthetic	2438	A	G	0.3622448979591837	784	-0.06081844446583009	0.05772286847767514	1.1101324733804445	0.29237407623944234
rs102438	synthetic	2439	A	G	0.34102564102564104	780	0.016547610076993152	0.05618166190102084	0.08675237911505654	0.768424244999448
rs102439	synthetic	2440	A	G	0.04394904458598726	785	-0.067404831494271	0.13417983310764522	0.2523524700133254	0.6155629420695443
rs102440	synthetic	2441	A	G	0.06178343949044586	785	-0.037679751241715395	0.11174114255295782	0.11370769043975791	0.7360510627732857
rs102441	synthetic	2442	A	G	0.2554278416347382	783	0.03497329648546399	0.0637444376819707	0.3010152861694409	0.5834010560214081
rs102442	synthetic	2443	A	G	0.46602564102564104	780	-0.06271492435603375	0.05376347478283656	1.3607149174106725	0.243764298990927
rs102443	synthetic	2444	A	G	0.21875	784	-0.0005683188087583188	0.06650901405603138	7.301684092838237e-05	0.9931843171360896
rs102444	synthetic	2445	A	G	0.18532818532818532	777	0.05495785635849126	0.07154792026724884	0.5900183797220458	0.44264068155899206
rs102445	synthetic	2446	A	G	0.03777208706786172	781	-0.2100978634740078	0.1412859257620754	2.211288812628938	0.13740165636438517
rs102446	synthetic	2447	A	G	0.18710089399744573	783	-0.048694886360905416	0.06766560021501115	0.5178820236043757	0.47195858152632747
rs102447	synthetic	2448	A	G	0.2846153846153846	780	0.08036727764174832	0.06010184835410659	1.7880631702497745	0.18154575563981223
rs102448	synthetic	2449	A	G	0.35109114249037227	779	-0.052144069242613326	0.057549464082354	0.8209699714157109	0.36517193810976706
rs102449	synthetic	2450	A	G	0.2560355781448539	787	-0.042112897328013224	0.06199413888359718	0.4614545995730477	0.4971431695258387
rs102450	synthetic	2451	A	G	0.06923076923076923	780	0.10108094660269769	0.10718174947849489	0.8893995749989808	0.3459272908494718
rs102451	synthetic	2452	A	G	0.49362244897959184	784	0.0660193173542226	0.05487534545719396	1.4473965202783332	0.22930521637895707
rs102452	synthetic	2453	A	G	0.2980769230769231	780	-0.08060645907974182	0.06035432995413954	1.7837041457898053	0.18207833455665595
rs102453	synthetic	2454	A	G	0.0665374677002584	774	0.031697638554977745	0.10872723323655138	0.08499182293729854	0.7707195142923214
rs102454	synthetic	2455	A	G	0.030205655526992288	778	-0.03669678186394422	0.15518875136843402	0.05591592104053	0.8131325591013524
rs102455	synthetic	2456	A	G	0.2140127388535032	785	0.05810045019503873	0.07290255183562146	0.6351459518235063	0.42571254591143204
rs102456	synthetic	2457	A	G	0.09987277353689568	786	0.1053572974381514	0.08721735360809348	1.4592289386039237	0.2274129689910889
rs102457	synthetic	2458	A	G	0.24489795918367346	784	0.04494913816589742	0.06240791652819588	0.5187562836698167	0.47158493708459076
rs102458	synthetic	2459	A	G	0.20748730964467005	788	-0.08469955781594275	0.0693277647175336	1.4926153050859883	0.22217417771897915
rs102459	synthetic	2460	A	G	0.3505089058524173	786	0.08457343698453512	0.055100760655362464	2.355877866801232	0.12521046478687678
rs102461	synthetic	2462	A	G	0.2774234693877551	784	-0.10860500554536108	0.0601751818593872	3.257353267050814	0.07148304033668719
rs102462	synthetic	2463	A	G	0.030205655526992288	778	0.07410590171888036	0.1588230940728864	0.2177099547431685	0.6409185392880392
rs102463	synthetic	2464	A	G	0.47130102040816324	784	-0.0860982981236393	0.05606850593065746	2.358039994970351	0.1250375683094641
rs102464	synthetic	2465	A	G	0.2185089974293059	778	-0.07477495956408704	0.07062560248352324	1.1209546486936486	0.2900353738011462
rs102465	synthetic	2466	A	G	0.2861715749039693	781	0.030849875850033914	0.06135773192726674	0.2527948638578476	0.6152535692556592
rs102467	synthetic	2468	A	G	0.10526315789473684	779	0.056405584350541174	0.09016516682301703	0.3913511591186287	0.5317700196836462
rs102468	synthetic	2469	A	G	0.017419354838709676	775	-0.38391901141980084	0.21147073420087112	3.295935400481706	0.06982912339189375
rs102469	synthetic	2470	A	G	0.26658163265306123	784	-0.004945820108107125	0.06148143549550012	0.006471256791492899	0.9359043330139056
rs102470	synthetic	2471	A	G	0.45	780	0.12277778295751207	0.05427291032313258	5.117682658607841	0.023953087652449682
rs102471	synthetic	2472	A	G	0.31242078580481625	789	-0.02515166592413024	0.05926921002913911	0.18008404381508467	0.6714161239830226
rs102472	synthetic	2473	A	G	0.08656330749354005	774	-0.09666515588202497	0.09847257454908193	0.9636278119579079	0.3265739319080708
rs102474	synthetic	2475	A	G	0.3337595907928389	782	-0.01731931628628971	0.05695988391620141	0.09245348698920322	0.76116069000518
rs102475	synthetic	2476	A	G	0.1253180661577608	786	0.05982674140640556	0.08197537267978444	0.5326278829038806	0.4657196545718482
rs102476	synthetic	2477	A	G	0.4618805590851334	787	0.006428408127543741	0.05424091591902645	0.014046006144582318	0.9056889528286268
rs102477	synthetic	2478	A	G	0.2031847133757962	785	-0.00011673678238541725	0.06720495409225587	3.017260865054609e-06	0.9986144909792026
rs102478	synthetic	2479	A	G	0.1376440460947503	781	-0.10071841833935596	0.07969225139936446	1.5972967261323796	0.20665811204905993
rs102479	synthetic	2480	A	G	0.17748091603053434	786	0.10876249803418293	0.07155378610205183	2.3104315736091205	0.1289069597739172
rs102480	synthetic	2481	A	G	0.0587467362924282	766	0.10730395252559818	0.11543151760951775	0.8641370538400062	0.3528664295346911
rs102481	synthetic	2482	A	G	0.07234314980793854	781	0.07429827519653974	0.10325115497958894	0.5178066540017917	0.4719908156772652
rs102482	synthetic	2483	A	G	0.4671302149178255	791	-0.039187573624801395	0.06244326934342479	0.3938451316927063	0.5304657919373844
rs102483	synthetic	2484	A	G	0.3269476372924649	783	0.036349748699472675	0.058362699168865766	0.3879109932094926	0.5335785838857274
rs102484	synthetic	2485	A	G	0.3968354430379747	790	-0.0460067856008053	0.05795699158785929	0.6301328398457059	0.427544056646673
rs102485	synthetic	2486	A	G	0.12807244501940493	773	0.038656035854590216	0.08213368642534806	0.22150931763698167	0.6380217173377308
rs102486	synthetic	2487	A	G	0.32655654383735705	787	-0.03885305563746927	0.05804980935273195	0.44796982843427835	0.5034954420469785
rs102487	synthetic	2488	A	G	0.33375474083438683	791	0.030303353158398206	0.059215762311458336	0.2618826490234692	0.6089721609940996
rs102488	synthetic	2489	A	G	0.22087067861715748	781	-0.10279849622727481	0.06959047258404921	2.182096495668602	0.1400211650632769
rs102489	synthetic	2490	A	G	0.14936708860759493	790	-0.11339370674208052	0.07844919692792277	2.0893004614853994	0.14872903457453276
rs102490	synthetic	2491	A	G	0.354140127388535	785	-0.015999223601120795	0.05874957739367652	0.07416317638464444	0.7854398212635483
rs102491	synthetic	2492	A	G	0.8137003841229193	781	-0.13485671897481064	0.06826179192856842	3.9029214344896035	0.04854853814548929
rs102492	synthetic	2493	A	G	0.09783989834815757	787	-0.022257588403040752	0.10294747499259649	0.04674388618059353	0.8288848484055169
rs102493	synthetic	2494	A	G	0.2129156010230179	782	0.06190304264045961	0.07195159214340341	0.740189934186608	0.3898600717364924
rs102494	synthetic	2495	A	G	0.24872122762148338	782	0.09404090381051253	0.06266046530451143	2.2524043515678986	0.13380501478069812
rs102495	synthetic	2496	A	G	0.22299872935196952	787	0.1715464117973363	0.06689736557663944	6.5757492751710584	0.010520828133070235
rs102496	synthetic	2497	A	G	0.0929936305732484	785	-0.05209787295514827	0.08993992933429727	0.335532737922683	0.562583735155592
rs102497	synthetic	2498	A	G	0.33740359897172234	778	0.011039208224976097	0.05831377326003461	0.035837158106783486	0.8499006133251238
rs102498	synthetic	2499	A	G	0.40153452685422	782	0.018989155536648046	0.056020900228305276	0.11489764746630401	0.7347254160130922
rs102499	synthetic	2500	A	G	0.2687420584498094	787	0.035389932042381	0.06336645209288407	0.31191817007338735	0.5766631546025434
rs102500	synthetic	2501	A	G	0.31058673469387754	784	-0.01265775524003545	0.05857786697189066	0.04669240891768154	0.828977635718329
rs102501	synthetic	2502	A	G	0.22877059569074779	789	-0.01528378550039591	0.06753759582092325	0.05121187473322088	0.8210260973689837
rs102502	synthetic	2503	A	G	0.24555837563451777	788	-0.009131717353162094	0.06060802577590744	0.02270098208367306	0.8802755775199874
rs102503	synthetic	2504	A	G	0.35850253807106597	788	0.03816453733957804	0.056294883908663045	0.45960225203401783	0.4980076758702226
rs102504	synthetic	2505	A	G	0.02465233881163085	791	-0.1364783157104842	0.17720675455274643	0.5931530458226503	0.4414318078579078
rs102505	synthetic	2506	A	G	0.14249363867684478	786	-0.164109922203836	0.07950752325766873	4.260427990870657	0.03933485189456772
rs102506	synthetic	2507	A	G	0.08998732572877059	789	0.10004382929669339	0.09213089905188003	1.1791525502277769	0.27785856592207886
rs102507	synthetic	2508	A	G	0.3120978120978121	777	-0.012579071250816708	0.05833188057164848	0.04650345264557459	0.8293186874845582
rs102508	synthetic	2509	A	G	0.28525641025641024	780	-0.17497642533895702	0.060093139299590634	8.478310058996625	0.0036948715046380876
rs102509	synthetic	2510	A	G	0.22286079182630908	783	-0.03454697188515047	0.06437440994016802	0.2880006384436281	0.5916551457456617
rs102510	synthetic	2511	A	G	0.5234771573604061	788	-0.06869878773652202	0.055938403541036665	1.5082662456084488	0.2197682142731737
rs102511	synthetic	2512	A	G	0.5446428571428571	784	-0.048903453152146635	0.05550940319539194	0.77615049131162	0.37858797725083704
rs102512	synthetic	2513	A	G	0.18597168597168598	777	-0.06738299393115481	0.0707299178623679	0.907599607544847	0.3410424026875094
rs102513	synthetic	2514	A	G	0.22066326530612246	784	0.08647888248062266	0.06278356207335382	1.8972660414012406	0.16877328678094192
rs102514	synthetic	2515	A	G	0.1369949494949495	792	0.018160250438015717	0.0773125307379607	0.055175196357580086	0.8143516369823198
rs102516	synthetic	2517	A	G	0.159846547314578	782	-0.019858770092073746	0.07496247193652096	0.07018057099896226	0.7911428934307788
rs102517	synthetic	2518	A	G	0.08631713554987212	782	-0.020489174641548293	0.09490967380769581	0.046604512221528324	0.8291361925772336
rs102518	synthetic	2519	A	G	0.03354430379746835	790	0.26680669567613846	0.14642554997601642	3.3201654098775406	0.06881146549467478
rs102519	synthetic	2520	A	G	0.15938303341902313	778	0.13415539302443977	0.07227933589911449	3.4449899922281	0.06381457213149883
rs102521	synthetic	2522	A	G	0.18354430379746836	790	-0.06371603528951504	0.07657561234409314	0.6923353893320472	0.4056216543894767
rs102522	synthetic	2523	A	G	0.19720101781170485	786	-0.02701630935967723	0.07065238599090441	0.14621717052668515	0.7022793565566494
rs102523	synthetic	2524	A	G	0.22987012987012986	770	0.012788455794719645	0.06719401709228011	0.03622221484844698	0.8491060366834658
rs102525	synthetic	2526	A	G	0.4099616858237548	783	0.08102330827112128	0.054547114425208224	2.2063600318675842	0.13784004062914465
rs102526	synthetic	2527	A	G	0.4327784891165173	781	-0.018200062425519328	0.05392410535663375	0.11391472291133704	0.7358198690850904
rs102527	synthetic	2528	A	G	0.26713197969543145	788	-0.020775193221750154	0.061161067442787716	0.11538252275805229	0.7341874459255195
rs102528	synthetic	2529	A	G	0.24069319640564826	779	-0.04495181785272044	0.06234967389659068	0.5197878765800931	0.47114466581378134
rs102529	synthetic	2530	A	G	0.610613810741688	782	-0.059979183191090496	0.05877731461143325	1.0413137752317956	0.307827326961373
rs102530	synthetic	2531	A	G	0.4641485275288092	781	0.022365669458737338	0.055414123385746486	0.16290066965780395	0.6866086687561033
rs102531	synthetic	2532	A	G	0.33780332056194123	783	0.12215525006706285	0.05732937846777122	4.540145878830567	0.03341584008116317
rs102534	synthetic	2535	A	G	0.07225063938618925	782	0.21983778441544466	0.10287430386807171	4.566577768523548	0.03290700753946878
rs102535	synthetic	2536	A	G	0.1532567049808429	783	0.028903847872070988	0.07702006266816755	0.14083272746876127	0.7075549191416529
rs102536	synthetic	2537	A	G	0.2458808618504436	789	-0.061048205732221784	0.06202380745904191	0.9687884727953184	0.32528271933633457
rs102537	synthetic	2538	A	G	0.35622593068035946	779	0.05855359339218793	0.05571264012913035	1.1045862334151708	0.2935819816843911
rs102538	synthetic	2539	A	G	0.08962868117797695	781	0.1116130499277871	0.10052331309583738	1.2328106113345094	0.26719769510848557
rs102539	synthetic	2540	A	G	0.05019059720457433	787	-0.16127640411655647	0.1238349745547084	1.6961139450875806	0.19317508719654586
rs102540	synthetic	2541	A	G	0.2608142493638677	786	-0.0858703079889625	0.06039814732339702	2.021337378082333	0.155495644182664
rs102541	synthetic	2542	A	G	0.23260309278350516	776	-0.024353510657421612	0.06938231387889583	0.1232042224146433	0.7256781333114861
rs102542	synthetic	2543	A	G	0.03571428571428571	784	-0.14573688715087613	0.14769796698173376	0.9736210237869812	0.32407972472638963
rs102543	synthetic	2544	A	G	0.33737244897959184	784	0.05449124904414202	0.058763009440117794	0.8598950861546545	0.35405019253022874
rs102544	synthetic	2545	A	G	0.5133928571428571	784	-0.08077311447829208	0.05297127245655969	2.3251600192214052	0.1276958256579641
rs102545	synthetic	2546	A	G	0.492948717948718	780	-0.1330010405632198	0.05598159077370166	5.644423705043664	0.01774765983512432
rs102546	synthetic	2547	A	G	0.3141592920353982	791	0.0363630638035591	0.06009787141429896	0.36610255150396176	0.5453095150343041
rs102547	synthetic	2548	A	G	0.33227445997458704	787	0.00921386661027062	0.060892487534371195	0.022895830933451305	0.8797667589247745
rs102548	synthetic	2549	A	G	0.4448669201520912	789	0.10542307433339583	0.05532061423234765	3.6315946431319146	0.057053834744607214
rs102549	synthetic	2550	A	G	0.05407124681933842	786	0.22074466982571223	0.12076537266245539	3.3411471241200648	0.0679430759605633
rs102550	synthetic	2551	A	G	0.5210727969348659	783	-0.020007894056570618	0.05315068271766729	0.1417049637908416	0.7066925909155004
rs102551	synthetic	2552	A	G	0.33631713554987214	782	0.01198156335436218	0.05618732581640674	0.04547264866697417	0.8311921080707481
rs102552	synthetic	2553	A	G	0.620051085568327	783	-0.0319904226149163	0.05669140259270758	0.31842382214385945	0.5727159753348561
rs102553	synthetic	2554	A	G	0.45153061224489793	784	0.09611716838941159	0.05367764128934814	3.2063807205887356	0.07373290866940126
rs102554	synthetic	2555	A	G	0.22826086956521738	782	-0.06320533289554703	0.0655988486280418	0.9283569914704366	0.3355839404466874
rs102555	synthetic	2556	A	G	0.18901660280970625	783	-0.03262431433132463	0.07140866056712167	0.20872814415716714	0.6478912209721983
rs102556	synthetic	2557	A	G	0.04731457800511509	782	0.402748419143903	0.1337042336174706	9.07355280101688	0.002675746017634347
rs102557	synthetic	2558	A	G	0.42356687898089174	785	0.007306261821184091	0.05606826364219723	0.016980725783674083	0.8963541262524914
rs102558	synthetic	2559	A	G	0.1762086513994911	786	-0.00898614179667327	0.0714073029158229	0.01583657546774725	0.8998877393631212
rs102559	synthetic	2560	A	G	0.3181242078580482	789	-0.022943276815357717	0.056964625518975194	0.16221850572945182	0.6872307048946773
rs102560	synthetic	2561	A	G	0.21601016518424396	787	0.11331595907552568	0.06429502989891818	3.106185246138166	0.07838063552407469
rs102561	synthetic	2562	A	G	0.10855683269476372	783	0.020219744796493758	0.08645228087995913	0.05470139829895827	0.815135943000966
rs102562	synthetic	2563	A	G	0.4594594594594595	777	0.028814217654257717	0.05350954718591687	0.2899686943481191	0.590391707438979
rs102563	synthetic	2564	A	G	0.15501905972045743	787	0.07548744966719602	0.07285749290991209	1.0734975575713537	0.3004726022776544
rs102564	synthetic	2565	A	G	0.1918158567774936	782	-0.007484858600834978	0.06834918823950682	0.0119922446202461	0.9128264036805659
rs102565	synthetic	2566	A	G	0.07326478149100257	778	0.017503580711566245	0.10319052491128454	0.028772272162542266	0.8653491754063553
rs102566	synthetic	2567	A	G	0.4033290653008963	781	0.058783446279092516	0.05724561877907281	1.0544489999298514	0.3047977785109297
rs102567	synthetic	2568	A	G	0.4307496823379924	787	0.009698527843578858	0.055870631885295355	0.03013314542762862	0.8622327678449122
rs102568	synthetic	2569	A	G	0.3976982097186701	782	0.04201026019931484	0.05829184913111043	0.5193917875983656	0.4713136331735277
rs102569	synthetic	2570	A	G	0.4720457433290978	787	0.0049102656675569486	0.05282080347265046	0.008641715687161275	0.9259581605377862
rs102570	synthetic	2571	A	G	0.06829896907216494	776	-0.02072542779670648	0.10679194272968309	0.03766431150248355	0.8461684611736001
rs102571	synthetic	2572	A	G	0.18693982074263765	781	0.02311250347554115	0.07001764767416922	0.10896297366196567	0.7414150604208501
rs102572	synthetic	2573	A	G	0.18251928020565553	778	0.0599874839717779	0.07080879157123972	0.7177065806774922	0.3971528239922969
rs102573	synthetic	2574	A	G	0.18360864040660738	787	-0.01805434397907189	0.07021750585276601	0.06611083262590298	0.7971526299422613
rs102574	synthetic	2575	A	G	0.06346153846153846	780	-0.02315035383316635	0.11338218717436198	0.04168939624695641	0.8382653738761191
rs102575	synthetic	2576	A	G	0.07088122605363985	783	-0.03152008803866635	0.10412310154920772	0.09163906543967856	0.7621830616307905
rs102576	synthetic	2577	A	G	0.39285714285714285	784	-0.052293495377106924	0.05824488005804989	0.806083131283245	0.36955331564631255
rs102577	synthetic	2578	A	G	0.030690537084398978	782	-0.024722873011023074	0.15802746184702682	0.024475566170347934	0.875720757541232
rs102578	synthetic	2579	A	G	0.3496774193548387	775	0.09319820442296967	0.056512106016494756	2.7197695415774903	0.09950837358607251
rs102579	synthetic	2580	A	G	0.7187096774193549	775	0.014619633956948697	0.06088572585529739	0.05765566985269059	0.8103024244893509
rs102580	synthetic	2581	A	G	0.10858585858585859	792	0.14000265141734516	0.0848520729967342	2.7223728650502634	0.09934681654344656
rs102581	synthetic	2582	A	G	0.16432225063938619	782	0.06220825797701651	0.07337774948142797	0.7187325348569727	0.39681577956176084
rs102582	synthetic	2583	A	G	0.09870967741935484	775	-0.4117033258837633	0.08929298007246278	21.25857335391337	4.676475280633704e-06
rs102583	synthetic	2584	A	G	0.15576923076923077	780	-0.07289015062212428	0.07690179865285926	0.8983895675871766	0.3435026365077923
rs102584	synthetic	2585	A	G	0.2181122448979592	784	-0.04370627519918827	0.06597432619365998	0.43887178919607095	0.5078599834585352
rs102585	synthetic	2586	A	G	0.32716836734693877	784	-0.12072452919248762	0.054523714017905546	4.902529079232303	0.027101113945262618
rs102586	synthetic	2587	A	G	0.2678117048346056	786	0.09015751226335779	0.06213284194237848	2.105529846417462	0.14716294748771483
rs102587	synthetic	2588	A	G	0.26903553299492383	788	0.06159050119889642	0.060117139696718926	1.049617004799734	0.30590772744535866
rs102588	synthetic	2589	A	G	0.319515306122449	784	-0.006222993461963949	0.05834428441665971	0.011376326664934423	0.9150858007398114
rs102589	synthetic	2590	A	G	0.339058524173028	786	0.04329473665653689	0.056205058313845334	0.5933615482999552	0.44135158014421233
rs102590	synthetic	2591	A	G	0.48982188295165396	786	-0.1317816259098751	0.05689113716442063	5.365627184126321	0.02079147298669876
rs102591	synthetic	2592	A	G	0.09514687100893997	783	0.022450543547273466	0.09195964889781626	0.059601763698664725	0.8071896285880027
rs102592	synthetic	2593	A	G	0.38382541720154045	779	-0.02632857962903577	0.055953358574385624	0.22141270666343177	0.6380950010403807
rs102593	synthetic	2594	A	G	0.20308483290488433	778	-0.17195917997055513	0.0683782763444792	6.324328683771762	0.012106022045224514
rs102594	synthetic	2595	A	G	0.04846938775510204	784	-0.056516836923020404	0.12457089422193503	0.20583656767124467	0.6501745476397347
rs102595	synthetic	2596	A	G	0.36590038314176243	783	-0.005627768148781879	0.057186371860913056	0.0096847252912566	0.921630808191503
rs102596	synthetic	2597	A	G	0.058524173027989825	786	-0.016198001031274084	0.11567163715839845	0.019609615568310076	0.8886684194340616
rs102597	synthetic	2598	A	G	0.1751592356687898	785	0.03921043944586758	0.07572863385374544	0.26809158036605574	0.6047592487192657
rs102598	synthetic	2599	A	G	0.19798234552332913	793	-0.07314764532820069	0.06906584184307074	1.1216931851529988	0.28987664624810516
rs102599	synthetic	2600	A	G	0.07142857142857142	784	-0.07158239919680376	0.10245306945070727	0.48816040690034224	0.48495390220977364
rs102600	synthetic	2601	A	G	0.08962868117797695	781	0.06587117796277861	0.09430155769998869	0.4879250627566683	0.4850591394595231
rs102601	synthetic	2602	A	G	0.1984732824427481	786	0.023497444799889886	0.07136714040875854	0.10840384463878254	0.7420556435596944
rs102602	synthetic	2603	A	G	0.11435832274459974	787	0.0839640342199418	0.08713616295042124	0.9285167236271892	0.33554239287349297
rs102603	synthetic	2604	A	G	0.3053777208706786	781	-0.04025070884406331	0.0600874309951021	0.4487245112925643	0.5031362903712343
rs102604	synthetic	2605	A	G	0.4942233632862644	779	0.016919932081492013	0.055006935841709986	0.09461550773236195	0.7584702726674788
rs102605	synthetic	2606	A	G	0.1996173469387755	784	0.023103530734263824	0.07334563111714759	0.09922205325315536	0.7528480713015423
rs102606	synthetic	2607	A	G	0.3337612323491656	779	0.08317155414913165	0.05713792191936263	2.118852626836402	0.14589126369499264
rs102607	synthetic	2608	A	G	0.1636828644501279	782	-0.030670994763475977	0.07047971324370265	0.18937710221550375	0.6635539659652465
rs102608	synthetic	2609	A	G	0.2627551020408163	784	-0.017750215995115767	0.06264558496495773	0.0802835090647037	0.7769875275090826
rs102609	synthetic	2610	A	G	0.36450381679389315	786	-0.01206686681230725	0.05590021773914066	0.04659743803025637	0.8291489605136373
rs102610	synthetic	2611	A	G	0.234955185659411	781	0.017879106615407845	0.06407832810788465	0.07785191226052236	0.7803025657631308
rs102611	synthetic	2612	A	G	0.19483870967741934	775	-0.05334591518770137	0.06915297828098643	0.5950871360203269	0.44068846852863586
rs102612	synthetic	2613	A	G	0.3605830164765526	789	-0.009224204244002493	0.06110131643641249	0.022790648690385405	0.8800411503221934
rs102613	synthetic	2614	A	G	0.289873417721519	790	-0.0874330588941508	0.05910256989374687	2.1884600088092667	0.13944540026932883
rs102614	synthetic	2615	A	G	0.3361075544174136	781	-0.05469966900051172	0.056130515533231375	0.9496669729642677	0.3301012481565989
rs102615	synthetic	2616	A	G	0.22988505747126436	783	0.018985351708733	0.06489956037764992	0.08557635493022826	0.7699546109752292
rs102616	synthetic	2617	A	G	0.019695044472681066	787	0.2669204467624336	0.20086683195476093	1.7658232315754165	0.18428205848928458
rs102617	synthetic	2618	A	G	0.37293519695044475	787	-0.01204162505587562	0.055985563934993314	0.0462613270013098	0.829756767606086
rs102618	synthetic	2619	A	G	0.07179161372299873	787	-0.005404256240406081	0.10442915028744526	0.0026781097887165397	0.9587405649239852
rs102619	synthetic	2620	A	G	0.20520965692503176	787	0.010702356924721764	0.06624074877570985	0.02610408021254928	0.871687550007642
rs102620	synthetic	2621	A	G	0.42756410256410254	780	0.09712583260728491	0.055027157849939466	3.115410974175093	0.07793976737265167
rs102621	synthetic	2622	A	G	0.10269576379974327	779	-0.05047733542098551	0.08698472888954496	0.33674938751810196	0.5618764257352816
rs102622	synthetic	2623	A	G	0.4178343949044586	785	-0.06294578970714666	0.055252865698364594	1.2978477771217527	0.2549507353153839
rs102623	synthetic	2624	A	G	0.12419974391805377	781	-0.04103450866835252	0.08587102529255361	0.22835218876333846	0.6328800496740842
rs102624	synthetic	2625	A	G	0.1346153846153846	780	0.017082916591186513	0.0785469017502117	0.047300520798212946	0.827884916277093
rs102625	synthetic	2626	A	G	0.32334183673469385	784	-0.03580252968118144	0.05611648965776906	0.407048758698481	0.5236554366687582
rs102626	synthetic	2627	A	G	0.02544529262086514	786	-0.37890077490740964	0.17090919561807075	4.9149615716204895	0.02690797397177965
rs102627	synthetic	2628	A	G	0.19215938303341903	778	-0.024351671856341055	0.06774652893106915	0.12920623416122368	0.7193521611361501
rs102628	synthetic	2629	A	G	0.06385696040868455	783	0.019384308590125226	0.1084315248532452	0.03195872903115227	0.858163928788497
rs102629	synthetic	2630	A	G	0.04193138500635324	787	-0.004921691327600789	0.13492681949578306	0.0013305530010546982	0.9709114003500222
rs102630	synthetic	2631	A	G	0.2931701030927835	776	0.0034815628483266924	0.06054564974171836	0.0033066070731214156	0.954158918738255
rs102631	synthetic	2632	A	G	0.42015209125475284	789	-0.0618189242095825	0.055612100750534174	1.2356750688516165	0.2666431030897957
rs102632	synthetic	2633	A	G	0.04294871794871795	780	-0.10434959818933678	0.1360383035414643	0.5883816872396687	0.4432738978507162
rs102633	synthetic	2634	A	G	0.017948717948717947	780	-0.04364134935941221	0.19893291045294892	0.04812636575270348	0.8264126651554181
rs102634	synthetic	2635	A	G	0.19087403598971722	778	-0.14663584487616924	0.07026903365488074	4.354640720473127	0.03722710199292378
rs102635	synthetic	2636	A	G	0.5019157088122606	783	0.02177115372737417	0.053407785174595546	0.16617043339021417	0.6836479588307924
rs102636	synthetic	2637	A	G	0.03498727735368957	786	0.1745480817060262	0.14400397589468672	1.4692009299882103	0.2258328249099933
rs102637	synthetic	2638	A	G	0.28081321473951715	787	-0.00890525502464652	0.06178632987072473	0.020773416312518275	0.8854345459273126
rs102638	synthetic	2639	A	G	0.26913265306122447	784	-0.011228917583097024	0.06498559414389016	0.02985668599710707	0.8628599020807635
rs102639	synthetic	2640	A	G	0.2994891443167305	783	0.07921365568607132	0.059902156757285406	1.7486995328514696	0.18642156551558323
rs102640	synthetic	2641	A	G	0.3384418901660281	783	-0.002185658807392544	0.05957876447059274	0.0013458037968709622	0.9707452430347883
rs102641	synthetic	2642	A	G	0.19833119383825418	779	0.028661339621687935	0.07285895879690257	0.15474871429897266	0.6941437408288248
rs102642	synthetic	2643	A	G	0.37595419847328243	786	-0.007723618088973243	0.05589460550842351	0.0190942142494024	0.8901318057636576
rs102643	synthetic	2644	A	G	0.14185750636132316	786	0.04501087461470585	0.07739142620050403	0.33825887768343466	0.5610012418039553
rs102644	synthetic	2645	A	G	0.4789002557544757	782	-0.04757985015590453	0.05646566818408858	0.7100308137194814	0.39968764949651425
rs102645	synthetic	2646	A	G	0.3163265306122449	784	0.11706655728308185	0.056907277318049475	4.23184817433741	0.03999875473136621
rs102646	synthetic	2647	A	G	0.23687580025608196	781	-0.05068859011452944	0.06490897377568158	0.6098330221376458	0.435083741175184
rs102647	synthetic	2648	A	G	0.15012722646310434	786	0.03405054660997416	0.07663833260788185	0.19740406030261667	0.6569456451090064
rs102648	synthetic	2649	A	G	0.5885750962772786	779	0.0007409526347742871	0.05608257924409698	0.0001745520429099763	0.9894621269034943
rs102649	synthetic	2650	A	G	0.12868117797695264	781	0.013531128072140592	0.08482866712832697	0.02544384392604751	0.8733067008042652
rs102650	synthetic	2651	A	G	0.20282413350449294	779	-0.020668178898983428	0.0693436564304718	0.08883639946509579	0.76573975032264
rs102651	synthetic	2652	A	G	0.1172680412371134	776	0.01743812440367892	0.08372952253001249	0.0433752822585447	0.8350737148428128
rs102652	synthetic	2653	A	G	0.08076923076923077	780	0.15755372916425658	0.10669963585163518	2.180376534926919	0.14017724410907598
rs102653	synthetic	2654	A	G	0.34099616858237547	783	-0.08507158702887085	0.0586920053997082	2.100928012993118	0.14760510813154026
rs102654	synthetic	2655	A	G	0.11302681992337164	783	-0.08653142008024599	0.0918709719497039	0.8871377092669098	0.34654097899549996
rs102655	synthetic	2656	A	G	0.11273885350318472	785	-0.034893192408804403	0.08539612222678498	0.1669571836708775	0.682940649485125
rs102656	synthetic	2657	A	G	0.06794871794871794	780	0.14240628888577594	0.10252373804186007	1.9293431307369042	0.16522026653155414
rs102657	synthetic	2658	A	G	0.09490445859872612	785	-0.16597813880826393	0.0928333597125762	3.1966393722890447	0.0741714809696766
rs102658	synthetic	2659	A	G	0.5331210191082802	785	-0.04989664943610166	0.0539931583191416	0.8540146151173055	0.3557002079999896
rs102659	synthetic	2660	A	G	0.30165816326530615	784	-0.03602571603351242	0.059423232387004976	0.36754684478622535	0.5445179938348309
rs102660	synthetic	2661	A	G	0.24296675191815856	782	-0.043113389405836734	0.06356338611622511	0.4600555604129136	0.4977958781588873
rs102661	synthetic	2662	A	G	0.2710997442455243	782	-0.03383337201170546	0.062342338663763625	0.29452650776445327	0.5874868208993688
rs102662	synthetic	2663	A	G	0.17541613316261204	781	-0.04778081454411113	0.07394465171642679	0.4175356504530269	0.5183562239610365
rs102663	synthetic	2664	A	G	0.45754119138149557	789	0.03481040226891622	0.05317793018140472	0.42850434012597405	0.5129135695186788
rs102664	synthetic	2665	A	G	0.49429657794676807	789	0.02393878875878443	0.055824156527014654	0.18389080128964658	0.6681671140601587
rs102665	synthetic	2666	A	G	0.02477763659466328	787	-0.278563988889493	0.16973220703774206	2.6935275907933676	0.10115304673636868
rs102666	synthetic	2667	A	G	0.19898605830164764	789	-0.05407868560938268	0.06831658638756911	0.6266137777473857	0.4288368359184996
rs102667	synthetic	2668	A	G	0.07070063694267516	785	0.10527999310665451	0.11587098162346807	0.8255479879955442	0.3638390858350662
rs102668	synthetic	2669	A	G	0.12055837563451777	788	-0.11117453422488507	0.08533786566974473	1.6971767890126301	0.1930357860372796
rs102669	synthetic	2670	A	G	0.41232528589580686	787	-0.010226856469673534	0.05588753391291745	0.033485318090130514	0.8548526853536966
rs102670	synthetic	2671	A	G	0.3243589743589744	780	-0.06787333249210203	0.05910100061884041	1.3188903126580513	0.25113760118805184
rs102671	synthetic	2672	A	G	0.39272030651340994	783	-0.0365020772312297	0.058516536553337176	0.3891149638999783	0.532944369267331
rs102672	synthetic	2673	A	G	0.22201017811704835	786	-0.029145779805773524	0.06506922020509652	0.2006319779656599	0.6543335546712801
rs102673	synthetic	2674	A	G	0.3273657289002558	782	0.065892424985386	0.060956539412707164	1.1685044606156345	0.2800373725078877
rs102674	synthetic	2675	A	G	0.18401015228426396	788	-0.01108664289308674	0.07024401878275474	0.024910441055485816	0.8746306079358781
rs102675	synthetic	2676	A	G	0.1981012658227848	790	0.11048211685587563	0.06863370069425456	2.591248959366241	0.10785354715362498
rs102677	synthetic	2678	A	G	0.15414012738853503	785	0.01783329548252281	0.0778353545732533	0.052493967101634106	0.8188381297198499
rs102678	synthetic	2679	A	G	0.2943444730077121	778	-0.031150433756431353	0.059450209493472114	0.274549981077846	0.6004422182304017
rs102679	synthetic	2680	A	G	0.3548994974874372	796	-0.023633386289713898	0.05741088559692193	0.16945852225828975	0.6807047214921442
rs102680	synthetic	2681	A	G	0.11984536082474227	776	0.04588320046576266	0.08382021855385646	0.2996469275682695	0.5842578715259473
rs102681	synthetic	2682	A	G	0.1372299872935197	787	-0.1347592748645127	0.0800745238711548	2.832230535466489	0.09278358077730203
rs102682	synthetic	2683	A	G	0.2535211267605634	781	0.036599651309453744	0.06552329828669388	0.3120056038544716	0.5766097488679568
rs102683	synthetic	2684	A	G	0.3331218274111675	788	0.04896144497401983	0.05583499553128486	0.7689453614176324	0.3808090758674312
rs102684	synthetic	2685	A	G	0.05791505791505792	777	0.14576324039412752	0.11503181288499917	1.6056840751076047	0.20547155083023522
rs102685	synthetic	2686	A	G	0.33312020460358055	782	0.015532363211944226	0.057732719316063004	0.07238207802620934	0.7879695171904275
rs102686	synthetic	2687	A	G	0.26436781609195403	783	0.03332745129217926	0.06195939851908221	0.289327569335896	0.5908026834549829
rs102687	synthetic	2688	A	G	0.1675094816687737	791	-0.02207038999818167	0.07221675210676831	0.09339940510470852	0.759979402681782
rs102688	synthetic	2689	A	G	0.28137128072445017	773	0.040231410292956175	0.0590373115899088	0.46438412877483465	0.4957810977293117
rs102689	synthetic	2690	A	G	0.3230769230769231	780	-0.04629658371285527	0.0576461793248539	0.644995720673024	0.42214818688439704
rs102690	synthetic	2691	A	G	0.13174807197943444	778	-0.06888253363736502	0.08106700413250566	0.7219879984479911	0.3957490331998135
rs102691	synthetic	2692	A	G	0.18227848101265823	790	0.04767595434541715	0.06870009118234646	0.4815974331091269	0.48790286965568364
rs102692	synthetic	2693	A	G	0.21910828025477708	785	0.07616354815952275	0.06358133617587765	1.4349442716974752	0.23131713090757738
rs102693	synthetic	2694	A	G	0.02788339670468948	789	0.010636964889504115	0.16752715296590473	0.004031484881968475	0.9493891575205504
rs102694	synthetic	2695	A	G	0.43478260869565216	782	-0.0751660051735446	0.05376348108639619	1.9546462813828853	0.16247795048591182
rs102695	synthetic	2696	A	G	0.6154822335025381	788	-0.05636802941028729	0.056253315371767865	1.0040826394859292	0.3166302994829337
rs102696	synthetic	2697	A	G	0.3197452229299363	785	-0.08624479765166022	0.059125354856456404	2.127738709031117	0.14504997143058238
rs102697	synthetic	2698	A	G	0.3721227621483376	782	-0.0041085867554381955	0.05618643548000181	0.005347145007881712	0.9417257437812113
rs102698	synthetic	2699	A	G	0.36427656850192064	781	-0.08950301613484636	0.055673616807594334	2.5844996016276554	0.10831255717485655
rs102699	synthetic	2700	A	G	0.22913992297817715	779	0.008241689626350641	0.06356529157841821	0.016810956480617208	0.8968706262467624
rs102700	synthetic	2701	A	G	0.600383631713555	782	-0.005136534023879281	0.05577836758598427	0.00848025161607401	0.9266511565615394
rs102701	synthetic	2702	A	G	0.2430025445292621	786	0.09108844053269499	0.06425120301781309	2.009851667033666	0.1566733975508557
rs102702	synthetic	2703	A	G	0.17369093231162197	783	0.1202288122490202	0.07065854239560708	2.895261297935212	0.08923235438584376
rs102703	synthetic	2704	A	G	0.10305343511450382	786	0.04440807833959123	0.08929092068828921	0.24734854431886316	0.6190861326939453
rs102704	synthetic	2705	A	G	0.3565051020408163	784	-0.0449329238580446	0.05928053934139591	0.574519887828627	0.4486935888838785
rs102705	synthetic	2706	A	G	0.4801536491677337	781	0.03692504277567415	0.05908066755498811	0.39061707768991194	0.5321550107536472
rs102706	synthetic	2707	A	G	0.5205128205128206	780	-0.017530207192496323	0.0535783459571476	0.10705217464293855	0.7436118279561976
rs102707	synthetic	2708	A	G	0.2725540025412961	787	0.028799698664898708	0.061632673615891885	0.21835033967730674	0.6404281304523244
rs102708	synthetic	2709	A	G	0.3767560664112388	783	0.038306595007525875	0.058325825620293925	0.4313455382943956	0.5115199964470512
rs102709	synthetic	2710	A	G	0.19923857868020303	788	0.00938814605073176	0.06918877407700054	0.018411467400480337	0.8921016882822216
rs102710	synthetic	2711	A	G	0.11267605633802817	781	0.005925126808078635	0.08821233241194124	0.004511663371242794	0.9464641610644707
rs102711	synthetic	2712	A	G	0.3024296675191816	782	0.010818193347735656	0.05791042992529664	0.03489762728000323	0.8518581189833543
rs102712	synthetic	2713	A	G	0.14923469387755103	784	0.07267125981431555	0.0766861161453084	0.8980321651111303	0.34359859029207346
rs102713	synthetic	2714	A	G	0.14795918367346939	784	0.005348499771635982	0.08327985215899343	0.0041246212234929535	0.9488086787572215
rs102714	synthetic	2715	A	G	0.2355584082156611	779	0.05597258336149338	0.06458565895880979	0.7510667113294528	0.386400853968013
rs102715	synthetic	2716	A	G	0.18877551020408162	784	-0.05991592077442221	0.06786186340573967	0.7795301449878396	0.3775524427346156
rs102716	synthetic	2717	A	G	0.07716836734693877	784	-0.12080579119542208	0.10205905641008849	1.401110573758946	0.2368924124548542
rs102717	synthetic	2718	A	G	0.18710089399744573	783	0.0977582491969969	0.06896468316363079	2.0093395810182426	0.15672614312091546
rs102718	synthetic	2719	A	G	0.19642857142857142	784	0.008449745951309326	0.06802841636977604	0.015427891684256883	0.9011812221960437
rs102719	synthetic	2720	A	G	0.4681933842239186	786	0.036682589883342144	0.05477669710269604	0.4484647340199902	0.5032598683055938
rs102720	synthetic	2721	A	G	0.058823529411764705	782	-0.22407757408402176	0.12415012561419075	3.257635293441877	0.0714707991399394
rs102721	synthetic	2722	A	G	0.05057618437900128	781	0.022523103764445468	0.1276851187942227	0.031115437052328044	0.8600281334151847
rs102722	synthetic	2723	A	G	0.38446726572528883	779	0.032959994935393956	0.05675214775767536	0.33729481792704985	0.5615598896616869
rs102723	synthetic	2724	A	G	0.4263565891472868	774	0.11455276215440259	0.056195878592653466	4.155298239853063	0.04183571822619899
rs102725	synthetic	2726	A	G	0.09454314720812183	788	-0.03489972841812343	0.0915903951956632	0.1451925152834565	0.7032746205037469
rs102726	synthetic	2727	A	G	0.38092189500640206	781	-0.030951128352104354	0.056615376433282925	0.2988712733977069	0.5847446874228412
rs102727	synthetic	2728	A	G	0.21711366538952745	783	-0.040386016152962376	0.06696422686010692	0.36372764543351815	0.5466156932317524
rs102728	synthetic	2729	A	G	0.44884910485933505	782	-0.14510407549327803	0.05486260263917889	6.995301030145108	0.008334082034349722
rs102729	synthetic	2730	A	G	0.2059948979591837	784	-0.0421487968556565	0.06989946055575275	0.363599030055612	0.5466865965144969
rs102730	synthetic	2731	A	G	0.521656050955414	785	0.06555730913292691	0.05432444470264715	1.4563026740957414	0.22787918261528411
rs102733	synthetic	2734	A	G	0.2330345710627401	781	-0.008875447919122554	0.06490143176843872	0.018701308925953144	0.8912609595626821
rs102734	synthetic	2735	A	G	0.25096277278562257	779	-0.019795721057293946	0.06255212954453654	0.1001517291555198	0.7517309140909821
rs102735	synthetic	2736	A	G	0.39500640204865556	781	-0.06648370159409644	0.05455386671702833	1.485180732564591	0.22332811795843374
rs102736	synthetic	2737	A	G	0.47903430749682335	787	0.09148829809782447	0.05764566541180055	2.518823776360545	0.112893095619025
rs102737	synthetic	2738	A	G	0.1573248407643312	785	-0.10243500961403658	0.07586376849539814	1.823173503476011	0.17732122176062823
rs102738	synthetic	2739	A	G	0.36909323116219667	783	-0.07599632059581984	0.05487235434500233	1.9181295838033467	0.16645249344743435
rs102739	synthetic	2740	A	G	0.11632390745501285	778	0.006638379647445658	0.08491970168691113	0.006110929201872458	0.937710610744534
rs102740	synthetic	2741	A	G	0.2653452685421995	782	-0.037357306269418945	0.06125787307667045	0.37190094209745195	0.5421446103050929
rs102741	synthetic	2742	A	G	0.28061224489795916	784	-0.05765152776661481	0.06276338223534199	0.8437406301985474	0.35860843268532594
rs102743	synthetic	2744	A	G	0.1706700379266751	791	0.03332064435192032	0.07239356980847825	0.21184918468074004	0.6454480550906149
rs102744	synthetic	2745	A	G	0.461439588688946	778	0.020147151392599195	0.05544098476060238	0.13205821668740286	0.7164043336820807
rs102745	synthetic	2746	A	G	0.4942528735632184	783	-0.06886959790187688	0.05411478851724884	1.6196574149554082	0.20351256651784683
rs102746	synthetic	2747	A	G	0.3732484076433121	785	0.057649906721437084	0.056307474204095986	1.0482506123808584	0.30622254938320964
rs102747	synthetic	2748	A	G	0.25416133162612037	781	-0.07768146792131977	0.06839287724541773	1.2900694716751449	0.256378295897065
rs102748	synthetic	2749	A	G	0.30749354005167956	774	0.08645346000983317	0.05708209717988744	2.2938494828729374	0.13028588536229627
rs102749	synthetic	2750	A	G	0.31305449936628643	789	0.014767042214571422	0.05792493341826037	0.06499140807106576	0.798840078148196
rs102750	synthetic	2751	A	G	0.29693486590038315	783	-0.027017056159286987	0.06216978851002898	0.18885012260162992	0.663993602026481
rs102751	synthetic	2752	A	G	0.18343949044585986	785	0.015304287113381885	0.07061757762876236	0.0469678388367356	0.8284817968799797
rs102752	synthetic	2753	A	G	0.3467948717948718	780	-0.028198624612101753	0.05856943473669022	0.23180018970040023	0.6303250426273406
rs102754	synthetic	2755	A	G	0.41165172855313703	781	-0.09001717062496999	0.05558081212377808	2.62301600248013	0.10572166746425571
rs102755	synthetic	2756	A	G	0.3703939008894536	787	3.2671763801983554e-05	0.05567147656852494	3.4441311525014674e-07	0.9995318953427212
rs102756	synthetic	2757	A	G	0.24393358876117496	783	-0.057531451062349796	0.06426437194245199	0.8014383512306107	0.3709353208722464
rs102757	synthetic	2758	A	G	0.10115236875800256	781	-0.2234228922141931	0.08925860424527736	6.265491658295327	0.012511258255696307
rs102758	synthetic	2759	A	G	0.5025740025740025	777	0.009634693049922509	0.05495660458440011	0.03073519557397428	0.8608772239036268
rs102759	synthetic	2760	A	G	0.36516129032258066	775	0.013530532774385214	0.0557995977341376	0.05879869117534821	0.8084675317151966
rs102760	synthetic	2761	A	G	0.5994897959183674	784	0.07760625059009867	0.05780246631777585	1.8026053883074105	0.1797820270657448
rs102761	synthetic	2762	A	G	0.2965561224489796	784	0.020004034626649507	0.05900897543209902	0.11492090756668792	0.7346995800116065
rs102763	synthetic	2764	A	G	0.24744897959183673	784	0.0289937385326317	0.06304008948682602	0.21153137589057353	0.6456958365730859
rs102764	synthetic	2765	A	G	0.029831387808041506	771	-0.06390288125294138	0.15485849831662582	0.17028280403587784	0.6799721322931357
rs102765	synthetic	2766	A	G	0.274746192893401	788	-0.02586226870492573	0.06046722431981855	0.18293347014239814	0.6689804101289609
rs102766	synthetic	2767	A	G	0.23405612244897958	784	-0.08504809117272077	0.06506592282974852	1.708527422971925	0.19155542484578209
rs102767	synthetic	2768	A	G	0.21855146124523506	787	-0.01214298974416615	0.07098969307848664	0.029259079529022822	0.8642258402826928
rs102768	synthetic	2769	A	G	0.14911167512690354	788	0.08587152581448323	0.07398324569147637	1.3471985266149942	0.24611776105778455
rs102769	synthetic	2770	A	G	0.35312899106002554	783	-0.01584707834989211	0.05666724855167852	0.07820493471990672	0.7798178521970468
rs102770	synthetic	2771	A	G	0.3122629582806574	791	0.08426234498687057	0.058228816514306746	2.0940698109145965	0.14826685929407665
rs102771	synthetic	2772	A	G	0.3745173745173745	777	0.031421783217458296	0.05764658986950905	0.29710804618951503	0.5858543842779822
rs102772	synthetic	2773	A	G	0.29974326059050066	779	-0.07861257973100116	0.06040667103454744	1.6936134379027035	0.19350327929029426
rs102773	synthetic	2774	A	G	0.32061068702290074	786	0.06829056688091512	0.05832053116543422	1.3711295609517136	0.24196964068834076
rs102775	synthetic	2776	A	G	0.03630573248407643	785	0.28260872909260665	0.14620667528980147	3.736256994893664	0.05359932091080312
rs102776	synthetic	2777	A	G	0.17737789203084833	778	0.09224700431276397	0.0705898712001305	1.707732187295724	0.1916587068308852
rs102777	synthetic	2778	A	G	0.20828025477707007	785	-0.06327429930143455	0.06580288944002251	0.9246231456040289	0.3365571104010537
rs102778	synthetic	2779	A	G	0.2770700636942675	785	-0.05086159940350574	0.06301858745524379	0.6513924150122128	0.41985729380238024
rs102779	synthetic	2780	A	G	0.04780361757105943	774	-0.14678506436886332	0.1308700690321473	1.2580070421907543	0.2623681799171249
rs102780	synthetic	2781	A	G	0.1333762886597938	776	0.14397483968294367	0.07939696694931035	3.2882541945596064	0.07015509348710694
rs102781	synthetic	2782	A	G	0.4993606138107417	782	0.0509040648408793	0.05515774046313015	0.8517104834203714	0.3563496052726573
rs102782	synthetic	2783	A	G	0.12134688691232529	787	0.09955153620611379	0.09051379816269388	1.209668450061092	0.2717315638985294
rs102783	synthetic	2784	A	G	0.18030690537084398	782	-0.031262533260649664	0.06998415722760597	0.19954868008012713	0.6552073507416426
rs102784	synthetic	2785	A	G	0.27509529860228715	787	0.03630891486189426	0.05964110342502887	0.3706254173720248	0.5428379079921758
rs102785	synthetic	2786	A	G	0.18741976893453144	779	-0.10932226345103986	0.06726910109295423	2.641106908440677	0.10452830963040814
rs102786	synthetic	2787	A	G	0.6075063613231552	786	-0.052798838952126156	0.055616086501444874	0.9012554276022212	0.3427345316707482
rs102787	synthetic	2788	A	G	0.5295629820051414	778	0.09610486312498262	0.0563060424857573	2.9132698995732182	0.08824506852038322
rs102789	synthetic	2790	A	G	0.21923076923076923	780	0.22288916166057487	0.06711877869339368	11.027823603678929	0.0009385892952846959
rs102790	synthetic	2791	A	G	0.41412213740458015	786	-0.06841662340268122	0.055528197009825385	1.5180851374426634	0.21827469873768354
rs102791	synthetic	2792	A	G	0.49428208386277	787	0.0032675135343633436	0.05521342239328274	0.0035022363800862356	0.9528238914921454
rs102792	synthetic	2793	A	G	0.19859514687100893	783	-0.11243787567355316	0.07031380331128956	2.55707863672012	0.11019963829100231
rs102793	synthetic	2794	A	G	0.18205128205128204	780	-0.002205362790021517	0.07286064385420805	0.000916165800419618	0.9758607489954416
rs102794	synthetic	2795	A	G	0.29910714285714285	784	-0.03942815483354786	0.05981681992283959	0.4344764741200992	0.5099919003357588
rs102795	synthetic	2796	A	G	0.20881226053639848	783	0.06467415675233643	0.07278578264833356	0.7895296376913254	0.3745118295526865
rs102796	synthetic	2797	A	G	0.06701030927835051	776	-0.15270988055021129	0.10936844639373786	1.949620977432282	0.16301841553253588
rs102797	synthetic	2798	A	G	0.08535031847133757	785	0.0638595273452973	0.09711873901714874	0.43235982237781667	0.5110240934449104
rs102799	synthetic	2800	A	G	0.1833756345177665	788	0.09540253769239466	0.07700348786416193	1.534967060374307	0.2157350848676991
rs102800	synthetic	2801	A	G	0.1516497461928934	788	0.08489281954434744	0.07355263455673991	1.3321264444604632	0.24877498335427653
rs102801	synthetic	2802	A	G	0.17258883248730963	788	-0.10460131972849039	0.0736399404950343	2.017657611501306	0.15587187015037662
rs102802	synthetic	2803	A	G	0.39845758354755784	778	0.019857196020865765	0.0554903120439855	0.1280564658688494	0.7205509600762661
rs102803	synthetic	2804	A	G	0.18980891719745224	785	-0.03008811855461553	0.06973186092321537	0.18617765363951772	0.6662344251870848
rs102804	synthetic	2805	A	G	0.2861715749039693	781	0.020048675784588934	0.060049696628959294	0.1114678822386311	0.7385673888573722
rs102805	synthetic	2806	A	G	0.04731457800511509	782	0.014942549467804893	0.1265864797912743	0.013933966394926013	0.9060640949449648
rs102806	synthetic	2807	A	G	0.24189364461738003	771	0.007374021116998092	0.06350606618230457	0.013482745306300902	0.9075906210535719
rs102807	synthetic	2808	A	G	0.05176767676767677	792	0.12247959084128626	0.11990968056190035	1.0433234329392602	0.30736128836963666
rs102808	synthetic	2809	A	G	0.12355212355212356	777	0.07305153297273473	0.08659811027172708	0.7116096647850418	0.39916434259850236
rs102809	synthetic	2810	A	G	0.35095541401273883	785	0.023252346422890004	0.05645434615715739	0.16964411776995772	0.6805395899785942
rs102810	synthetic	2811	A	G	0.24618320610687022	786	-0.029972297527043126	0.05956600311057037	0.2531880188233171	0.6149789144878121
rs102811	synthetic	2812	A	G	0.1453045685279188	788	-0.05750082532914528	0.07485593170969466	0.5900593765845885	0.44262483830894944
rs102812	synthetic	2813	A	G	0.584942084942085	777	0.07947627678726936	0.05727566096716638	1.9254613605667263	0.16564563722255124
rs102813	synthetic	2814	A	G	0.13786531130876747	787	-0.06072671213873591	0.07998104406863808	0.5764815311138994	0.4479203923618196
rs102814	synthetic	2815	A	G	0.04272959183673469	784	-0.02059197390251803	0.13630901476020563	0.02282163740035994	0.879960242169214
rs102815	synthetic	2816	A	G	0.07971938775510204	784	0.06923117464517624	0.09769092877958621	0.502221063637764	0.47873409879162077
rs102816	synthetic	2817	A	G	0.08935361216730038	789	0.013713161637475673	0.09562756851277414	0.020564064795760624	0.8860093236221603
rs102817	synthetic	2818	A	G	0.2519230769230769	780	0.006073214604134396	0.06448451286332725	0.00887005695825113	0.9249891843847727
rs102818	synthetic	2819	A	G	0.2448586118251928	778	0.04559314767794039	0.06318616762996702	0.5206610883257088	0.4707725083774558
rs102819	synthetic	2820	A	G	0.26903553299492383	788	-0.03221928482634046	0.058872398434969136	0.2995079357896351	0.5843450452449677
rs102820	synthetic	2821	A	G	0.3245501285347044	778	-0.015069397379651964	0.05788721586325303	0.0677682773508305	0.7946818956451593
rs102821	synthetic	2822	A	G	0.39299363057324843	785	0.057654044923453496	0.059070899040270644	0.9526040045571759	0.32935499213547703
rs102823	synthetic	2824	A	G	0.4219948849104859	782	-0.10939589322013411	0.05742961422042226	3.6285260006765063	0.05715862284040321
rs102824	synthetic	2825	A	G	0.19872611464968154	785	-0.027758040353424034	0.06775408132463351	0.167844333335165	0.6821454077782008
rs102825	synthetic	2826	A	G	0.11768447837150127	786	0.022365126305410096	0.08626410767939291	0.06721751328738759	0.7954992999290821
rs102826	synthetic	2827	A	G	0.2589974293059126	778	0.02860403690086659	0.0636821665825911	0.201752534091074	0.6534326813410305
rs102827	synthetic	2828	A	G	0.22611464968152867	785	-0.0016854373826572899	0.06624794300257886	0.0006472625033050217	0.9797093264688607
rs102828	synthetic	2829	A	G	0.43121019108280256	785	0.015308948970000399	0.0559982609799508	0.07473803414710267	0.784630326740195
rs102829	synthetic	2830	A	G	0.35051546391752575	776	-0.018632442298189292	0.05869132569378274	0.10078403257321068	0.7509743544256889
rs102830	synthetic	2831	A	G	0.29769526248399486	781	-0.06634674736717973	0.05937186831412477	1.2487567306737195	0.2641285056924301
rs102831	synthetic	2832	A	G	0.15596919127086006	779	0.11394849337703324	0.0779896737069598	2.1347300715970396	0.14439191029991774
rs102832	synthetic	2833	A	G	0.03861003861003861	777	0.006785693014933433	0.14498981234611405	0.002190349616051331	0.9626834790277135
rs102833	synthetic	2834	A	G	0.247141041931385	787	-0.07047191183305042	0.0629504794484852	1.2532393507653605	0.26327363946018784
rs102834	synthetic	2835	A	G	0.14904458598726114	785	0.01417401668160536	0.07643355248923403	0.03438886075374837	0.8529295233037896
rs102835	synthetic	2836	A	G	0.22756410256410256	780	-0.043334539223302444	0.06526325026703109	0.4408907307268434	0.5068858541454138
rs102836	synthetic	2837	A	G	0.17884615384615385	780	0.039733965470824195	0.07308104928269384	0.2956066988943899	0.5868026380435936
rs102838	synthetic	2839	A	G	0.14194373401534527	782	0.10225089590769332	0.07918117187051266	1.6675942689855656	0.1969573546794754
rs102839	synthetic	2840	A	G	0.2694267515923567	785	0.0030896093023149314	0.062244181719400556	0.0024638235620819517	0.9604242261442755
rs102840	synthetic	2841	A	G	0.3156887755102041	784	0.03269310822236637	0.059139187130236734	0.3056058916083418	0.5805449806722429
rs102841	synthetic	2842	A	G	0.088348271446863	781	0.04602621304593019	0.09430187676536057	0.2382153894218735	0.6256329560717289
rs102842	synthetic	2843	A	G	0.050387596899224806	774	-0.10016608275378325	0.13384103337276207	0.560096446910889	0.45444328510791265
rs102843	synthetic	2844	A	G	0.06876606683804627	778	0.0021345046650676517	0.10358052256305686	0.00042465673978909157	0.9835641798039197
rs102844	synthetic	2845	A	G	0.027458492975734355	783	-0.08797483540532837	0.16944290107818677	0.2695691374084405	0.6037658141575949
rs102845	synthetic	2846	A	G	0.15006305170239598	793	-0.07310751359051487	0.07399070309645382	0.9762694939622738	0.3234229221102048
rs102846	synthetic	2847	A	G	0.09974424552429667	782	-0.0763188839408818	0.09481767106853205	0.6478663953528232	0.42111778661370497
rs102847	synthetic	2848	A	G	0.49111675126903553	788	0.04140601885978309	0.05350164830743354	0.5989528376413809	0.43920850156333213
rs102848	synthetic	2849	A	G	0.41645569620253164	790	-0.012940899992647898	0.05331884637687963	0.058907076999996304	0.8082945236188369
rs102849	synthetic	2850	A	G	0.029601029601029602	777	0.08404024950379392	0.16230967988178174	0.26809321558010263	0.6047581473665558
rs102850	synthetic	2851	A	G	0.32142857142857145	784	0.019732125469891656	0.0599954247322821	0.10817115631531438	0.7423227696249963
rs102851	synthetic	2852	A	G	0.19166666666666668	780	-0.0977403769875731	0.06897483470690768	2.0080137519741577	0.15686279928889324
rs102852	synthetic	2853	A	G	0.39782886334610473	783	-0.04578531751760827	0.05476226001709921	0.6990202139719828	0.40336496166393804
rs102853	synthetic	2854	A	G	0.25127226463104324	786	0.11862280622288995	0.06646575313249656	3.1852280181578863	0.07468881190975057
rs102854	synthetic	2855	A	G	0.10215736040609137	788	-0.11120939260170913	0.09224198651152846	1.4535354993220932	0.22832110929029
rs102855	synthetic	2856	A	G	0.3203821656050955	785	-0.015173317269611278	0.0567155716820529	0.07157419129264088	0.7891279644741072
rs102856	synthetic	2857	A	G	0.16346153846153846	780	0.01874338720429838	0.07308001333670346	0.06578076474669776	0.797648588961721
rs102857	synthetic	2858	A	G	0.040973111395646605	781	0.16251227063952983	0.1416916663949535	1.3154783376817365	0.25175109457955736
rs102858	synthetic	2859	A	G	0.20982142857142858	784	-0.002113539358499279	0.06761367822342605	0.0009771282163608815	0.9750708131755402
rs102859	synthetic	2860	A	G	0.20242656449553	783	0.0588330757310356	0.06855325789578898	0.7365240103134421	0.39103595521727463
rs102860	synthetic	2861	A	G	0.23469387755102042	784	-0.009211363532925192	0.06502881152804006	0.02006486356461067	0.8873920545755468
rs102861	synthetic	2862	A	G	0.3490445859872611	785	0.03503181024722377	0.0606596052484431	0.33352316245381375	0.563755778831756
rs102862	synthetic	2863	A	G	0.24650571791613723	787	0.00978880525778024	0.06723005722688583	0.021199831802296256	0.884272889658967
rs102863	synthetic	2864	A	G	0.31346153846153846	780	0.004620604929752821	0.05917216425440144	0.006097653838554846	0.9377781684361098
rs102864	synthetic	2865	A	G	0.2294344473007712	778	0.11010657690250428	0.06423604580382317	2.9381159036356754	0.08690235220069653
rs102865	synthetic	2866	A	G	0.18002544529262088	786	-0.005295596095704213	0.07344737350416684	0.005198489447732059	0.942540068012751
rs102866	synthetic	2867	A	G	0.30544993662864384	789	-0.026526827224608696	0.060668180619493396	0.191182737266558	0.6620530992077588
rs102867	synthetic	2868	A	G	0.48145780051150894	782	0.08678505884810911	0.05491535071170705	2.4974821995155394	0.11442722715185805
rs102868	synthetic	2869	A	G	0.5019132653061225	784	0.025397736684540047	0.05458179996741312	0.21651815890381876	0.6418335639710413
rs102869	synthetic	2870	A	G	0.20833333333333334	780	0.06491754196402051	0.06715533624233293	0.9344650842319027	0.3340000700245158
rs102870	synthetic	2871	A	G	0.176696542893726	781	-0.05730665656197626	0.07135060181322864	0.6450819071480679	0.42211719618881927
rs102871	synthetic	2872	A	G	0.26413881748071977	778	-0.04221524432771873	0.06514961483950979	0.41987006202901933	0.5171894482415063
rs102872	synthetic	2873	A	G	0.383587786259542	786	0.05545678497713083	0.05754093215134245	0.9288713989239974	0.33545016371503245
rs102873	synthetic	2874	A	G	0.38269230769230766	780	0.08464563349245999	0.05568211900950186	2.310881154330784	0.12886980126478656
rs102874	synthetic	2875	A	G	0.07579617834394904	785	0.04571155939096162	0.10239778489045914	0.19928332011579253	0.6554218257968882
rs102875	synthetic	2876	A	G	0.28177150192554556	779	0.09199311849877402	0.05904200209211296	2.4276637367162084	0.11960942584658758
rs102876	synthetic	2877	A	G	0.3607188703465982	779	-0.08461219109429012	0.05573462390776052	2.3047070661218916	0.12938114566664263
rs102877	synthetic	2878	A	G	0.09067688378033206	783	-0.0017424190346213646	0.09718996026454121	0.00032141223475105153	0.9857008225641537
rs102878	synthetic	2879	A	G	0.11607142857142858	784	-0.08999499838037331	0.08822030204902312	1.0406379655494042	0.30798425320344536
rs102879	synthetic	2880	A	G	0.178117048346056	786	0.07714471727805096	0.0756818035339544	1.0390332308819417	0.3083572971867443
rs102880	synthetic	2881	A	G	0.35253164556962024	790	-0.013650858583294472	0.05628194006653902	0.0588276928787544	0.8084212219549536
rs102881	synthetic	2882	A	G	0.05938697318007663	783	0.2502171121197558	0.1148326206463419	4.747920762151479	0.029627422877328637
rs102882	synthetic	2883	A	G	0.3970775095298602	787	0.0728964811535702	0.05700832223999425	1.6350709762013436	0.20137717916072406
rs102883	synthetic	2884	A	G	0.3111395646606914	781	0.023969545553373564	0.05689171929634066	0.1775094519858808	0.6736365438844683
rs102884	synthetic	2885	A	G	0.15637065637065636	777	0.022624820900900677	0.07500440479944734	0.09099064883528049	0.7630005934282241
rs102885	synthetic	2886	A	G	0.382202304737516	781	0.04062751438928679	0.054060025616847286	0.5647913169307361	0.4525591383778925
rs102886	synthetic	2887	A	G	0.17997465145754118	789	-0.05464566943503094	0.06838544201169498	0.6385342315885914	0.4244813393315242
rs102888	synthetic	2889	A	G	0.148840206185567	776	-0.05883064514276355	0.07799585129359726	0.5689370501570457	0.45090553296639696
rs102889	synthetic	2890	A	G	0.17974683544303796	790	-0.0452025849560662	0.06909536938780333	0.42798510660349454	0.5131689605232405
rs102890	synthetic	2891	A	G	0.041243654822335024	788	0.152092286569392	0.13108125386367503	1.3462732120356347	0.2462798901524327
rs102891	synthetic	2892	A	G	0.25063775510204084	784	0.059723983625739864	0.06702257632487918	0.7940636204662	0.3731444799039113
rs102892	synthetic	2893	A	G	0.4505141388174807	778	-0.09150043120903147	0.05711657343252375	2.566386081356416	0.10955508219612362
rs102893	synthetic	2894	A	G	0.305484693877551	784	0.020947966821397535	0.05789963221687289	0.1308977388726079	0.7175994245512209
rs102894	synthetic	2895	A	G	0.16623711340206185	776	0.0035064386297771893	0.07159475261366176	0.002398667765325596	0.9609505983503366
rs102895	synthetic	2896	A	G	0.07623888182973317	787	-0.1381842434194247	0.10109481268134504	1.8683546029397016	0.1720510164210481
rs102896	synthetic	2897	A	G	0.10012755102040816	784	-0.04379672742070547	0.0904065954466212	0.2346837888987574	0.628206179775925
rs102897	synthetic	2898	A	G	0.09536082474226804	776	-0.16725738564853035	0.09028896065879327	3.431636676447408	0.06433009179358869
rs102898	synthetic	2899	A	G	0.06960408684546615	783	0.022588019121583595	0.1076094831425166	0.04406108653410046	0.8337939189050623
rs102899	synthetic	2900	A	G	0.13804071246819338	786	0.08819262688465057	0.08048036202125877	1.2008388076501113	0.2734867780493572
rs102900	synthetic	2901	A	G	0.15256410256410258	780	-0.07833177559529343	0.07469452896226104	1.0997611060161392	0.29463804042346026
rs102901	synthetic	2902	A	G	0.16901408450704225	781	0.027892613517444077	0.07778381863079671	0.12858783915193941	0.719996175193187
rs102902	synthetic	2903	A	G	0.0710594315245478	774	-0.17967513643050095	0.1049916928874385	2.928640675214948	0.08741177464438302
rs102903	synthetic	2904	A	G	0.05979643765903308	786	0.14821949808671778	0.11359919408673493	1.702394375986516	0.1923536476503858
rs102904	synthetic	2905	A	G	0.16879795396419436	782	-0.05466325433362403	0.07242225713820442	0.5697008335232612	0.4506019145963051
rs102905	synthetic	2906	A	G	0.29081632653061223	784	-0.03261515055554012	0.05734054636993018	0.3235304200654079	0.5696547239397158
rs102906	synthetic	2907	A	G	0.24426020408163265	784	0.06106138192678214	0.0633375446341983	0.9294174263882684	0.33530824204241966
rs102907	synthetic	2908	A	G	0.07079646017699115	791	-0.11088807021782578	0.10477452561707686	1.1201037332072812	0.29021839159445834
rs102908	synthetic	2909	A	G	0.21455938697318008	783	-0.013084405312606788	0.06564220069411955	0.03973211759550514	0.8420563610887685
rs102909	synthetic	2910	A	G	0.09414758269720101	786	0.028104700503128143	0.08928080995648906	0.09909270416579208	0.7530039606600692
rs102910	synthetic	2911	A	G	0.2378826530612245	784	-0.025130688286040922	0.0617857402151058	0.16543685238412717	0.6843092291876401
rs102911	synthetic	2912	A	G	0.22727272727272727	781	-0.057929934769161404	0.062411949240556555	0.8615303585956092	0.3535932109981335
rs102912	synthetic	2913	A	G	0.3520859671302149	791	0.08453336175340076	0.05468286850241881	2.3897567908362616	0.12253158793786482
rs102913	synthetic	2914	A	G	0.09223918575063614	786	0.03984241315539609	0.09445144349360131	0.17794019827963362	0.6732637369774102
rs102914	synthetic	2915	A	G	0.1364795918367347	784	-0.03130771051847949	0.07727440793416934	0.16414635623339544	0.6854766778986173
rs102915	synthetic	2916	A	G	0.022321428571428572	784	0.19032838172063174	0.17628937285263216	1.165614240003085	0.2806324877859273
rs102916	synthetic	2917	A	G	0.2614795918367347	784	-0.03875893987158866	0.06458713327046776	0.36012374876391257	0.5486089588703692
rs102918	synthetic	2919	A	G	0.08673469387755102	784	0.15290648005729632	0.09828496140530939	2.420347025000936	0.12016737790768534
rs102919	synthetic	2920	A	G	0.589873417721519	790	0.002579069606456173	0.055488206447684	0.0021603531592843525	0.96293969607217
rs102920	synthetic	2921	A	G	0.07070063694267516	785	0.13011523411428066	0.10701269978892237	1.478378551814609	0.22439020667019083
rs102921	synthetic	2922	A	G	0.5943877551020408	784	-0.06578238393633273	0.053850442200236825	1.4922468419535735	0.22223119927297708
rs102922	synthetic	2923	A	G	0.49935897435897436	780	-0.039680028158886514	0.05348659388465694	0.550369120499596	0.458386570077039
rs102923	synthetic	2924	A	G	0.14403553299492386	788	0.15362180527913574	0.07700612700329229	3.9797442715900204	0.04639237879767354
rs102924	synthetic	2925	A	G	0.3596938775510204	784	-0.10240296506640403	0.05530061274228432	3.4289817740552775	0.06443311667032875
rs102925	synthetic	2926	A	G	0.3575031525851198	793	-0.11522150590740941	0.05898089910586806	3.816315899636725	0.05110699353013564
rs102926	synthetic	2927	A	G	0.1868622448979592	784	-0.005183385411606878	0.07250228097464512	0.005111209286191099	0.9430236430097076
rs102927	synthetic	2928	A	G	0.30343511450381677	786	-0.04778516051580625	0.05894947090697575	0.6570921447035885	0.41783160688645204
rs102928	synthetic	2929	A	G	0.2774234693877551	784	0.021715381457139013	0.06153464780921432	0.1245361647110037	0.7242595757172069
rs102929	synthetic	2930	A	G	0.13010204081632654	784	0.059293176659156	0.07960855285781096	0.5547406338548773	0.45660778587391043
rs102930	synthetic	2931	A	G	0.38549618320610685	786	-0.071902968542468	0.05501548620611459	1.708141053514486	0.19160559681678993
rs102931	synthetic	2932	A	G	0.17586649550706032	779	0.08653348448215595	0.07282498422151991	1.4119118576751875	0.23509501255256207
rs102932	synthetic	2933	A	G	0.3578745198463508	781	-0.052931634663995	0.05995300292492925	0.7794867383727598	0.3775657173010074
rs102933	synthetic	2934	A	G	0.09548387096774194	775	0.008696159144218453	0.09818262250183907	0.007844869106771306	0.9294450074969008
rs102934	synthetic	2935	A	G	0.20419847328244276	786	-0.03696936357465235	0.06749558332746747	0.30000827817525544	0.5840313603475589
rs102935	synthetic	2936	A	G	0.34536082474226804	776	-0.03754304819951245	0.058388969663187094	0.41342566969005967	0.5204217406707257
rs102936	synthetic	2937	A	G	0.3161290322580645	775	0.00614184882105384	0.05741759039485297	0.011442167971453006	0.914841365984748
rs102937	synthetic	2938	A	G	0.10178117048346055	786	-0.023069336766105404	0.08778883070518477	0.06905445289523701	0.7927867575436474
rs102938	synthetic	2939	A	G	0.2554557124518614	779	0.00814971120431991	0.06504713166345413	0.015697414901247247	0.9003262578399158
rs102939	synthetic	2940	A	G	0.5593112244897959	784	0.0940522841273503	0.053187412316293314	3.1269502483764597	0.07739210246176631
rs102940	synthetic	2941	A	G	0.07830551989730423	779	-0.04627102588612491	0.1010575619793414	0.20964312443298377	0.6471726926563218
rs102941	synthetic	2942	A	G	0.1319796954314721	788	-0.03248755444871395	0.08020731534048203	0.16406127433284715	0.6855538348505068
rs102942	synthetic	2943	A	G	0.10573248407643313	785	-0.16355213137903207	0.09170639368242968	3.180630254082127	0.07489834653796101
rs102943	synthetic	2944	A	G	0.19590268886043533	781	0.03147683795735256	0.06566420795828173	0.2297866407801596	0.6318142418096255
rs102944	synthetic	2945	A	G	0.17388535031847133	785	0.006244946485040393	0.07068574653638844	0.0078053744785511435	0.929622371155014
rs102945	synthetic	2946	A	G	0.0751592356687898	785	0.026310266826858355	0.10373762062308735	0.06432472525096003	0.7998524151512135
rs102946	synthetic	2947	A	G	0.27877237851662406	782	0.0008404087662174166	0.06352917756488416	0.00017499864318968648	0.9894486554595371
rs102947	synthetic	2948	A	G	0.15517241379310345	783	0.058971121212239984	0.0828931096869373	0.506106489003338	0.4770384103872375
rs102948	synthetic	2949	A	G	0.229404309252218	789	-0.00134559398737769	0.06430289087018377	0.0004378920693642343	0.9833100532264311
rs102949	synthetic	2950	A	G	0.38164556962025314	790	-0.1135021739849172	0.0541033297615155	4.40109123055309	0.03623186726475944
rs102950	synthetic	2951	A	G	0.41751918158567775	782	0.07748432037938346	0.05356463688771493	2.092528231079314	0.14841606859629983
rs102951	synthetic	2952	A	G	0.25572519083969464	786	0.11627360843848865	0.06078503465962186	3.659055221783442	0.05612515407490197
rs102952	synthetic	2953	A	G	0.15772669220945082	783	-0.008988997630662085	0.0713788531109427	0.01585927758827342	0.8998163871019271
rs102953	synthetic	2954	A	G	0.49808429118773945	783	8.254414451503346e-05	0.056531607211852734	2.1320131361378e-06	0.9988353432982375
rs102954	synthetic	2955	A	G	0.19567979669631513	787	-0.04760147445559712	0.0681398006557209	0.4880216545648631	0.48501594258438324
rs102955	synthetic	2956	A	G	0.4936788874841972	791	0.11180603007554944	0.05395827201473162	4.293528874724404	0.03858037536982315
rs102956	synthetic	2957	A	G	0.20576923076923076	780	-0.017387065011483942	0.06764472264473426	0.0660670195447158	0.7972183872584442
rs102957	synthetic	2958	A	G	0.32908163265306123	784	-0.10153376732093901	0.058649123823888795	2.997077299794816	0.08380381765815863
rs102958	synthetic	2959	A	G	0.4017857142857143	784	-0.041216658981176144	0.05376202490152822	0.5877522963791072	0.44351777405911563
rs102959	synthetic	2960	A	G	0.20382165605095542	785	-0.11692460691230333	0.06907208232321929	2.8655417424072374	0.0908880168074072
rs102961	synthetic	2962	A	G	0.11489088575096278	779	0.07710418049510397	0.08580356944916867	0.8075048533611333	0.36913173393456367
rs102962	synthetic	2963	A	G	0.3735558408215661	779	0.10481362985288131	0.05414043603965378	3.747934777937893	0.05322788803862011
rs102963	synthetic	2964	A	G	0.24904701397712833	787	0.09264469745344053	0.06451808273213695	2.061950468594392	0.15141110225865195
rs102964	synthetic	2965	A	G	0.24776500638569604	783	-0.04280635709570705	0.0620436717661925	0.4760160070046755	0.49043432069361526
rs102965	synthetic	2966	A	G	0.36096938775510207	784	-0.05379453625901993	0.05692074173948762	0.8931722765653317	0.34490695766813023
rs102966	synthetic	2967	A	G	0.17496807151979565	783	-0.06347854680784903	0.07129139079324462	0.7928294568115327	0.373515982092305
rs102967	synthetic	2968	A	G	0.2929936305732484	785	0.010444356725708748	0.06002076977173338	0.030280306817822383	0.8619001480597283
rs102968	synthetic	2969	A	G	0.17852522639068563	773	0.0032857562620851612	0.07079170726352814	0.0021542986837493057	0.9629916266145019
rs102969	synthetic	2970	A	G	0.4846153846153846	780	0.05306870422589855	0.05423516732137172	0.9574475641016114	0.3281292104502202
rs102970	synthetic	2971	A	G	0.38104325699745545	786	0.038887018438295076	0.05655109415601029	0.47285421841234054	0.49187808752574735
rs102971	synthetic	2972	A	G	0.06772151898734177	790	0.12243679303713573	0.1084949956154409	1.2735162126272788	0.25944936366006255
rs102973	synthetic	2974	A	G	0.2662835249042146	783	0.004219637152322631	0.06031639347797437	0.00489417487924441	0.9442444241180473
rs102974	synthetic	2975	A	G	0.2071611253196931	782	-0.001951926330139015	0.06451092878129218	0.0009155040201117565	0.9758694662409847
rs102975	synthetic	2976	A	G	0.1946564885496183	786	-0.10032912431843147	0.0669419210165803	2.2462479890158056	0.1343367714221086
rs102977	synthetic	2978	A	G	0.3085787451984635	781	0.005016082492340802	0.05997012563878834	0.0069961550015139535	0.9333613701820535
rs102978	synthetic	2979	A	G	0.1405852417302799	786	-0.06219574888570871	0.07897949627672507	0.6201441965411469	0.4312290113017577
rs102979	synthetic	2980	A	G	0.46332046332046334	777	0.0072883207605656765	0.054078197856236944	0.018163959912075256	0.8928249712123623
rs102980	synthetic	2981	A	G	0.04017857142857143	784	-0.03149186052168666	0.13871064233544922	0.05154387591656326	0.8204567792208395
rs102981	synthetic	2982	A	G	0.4606598984771574	788	-0.07189826350052489	0.05378908442812371	1.7866870873972198	0.1817136879213968
rs102982	synthetic	2983	A	G	0.11475409836065574	793	-0.10119992206997012	0.09404735556270873	1.1578896692142786	0.2822308957161441
rs102983	synthetic	2984	A	G	0.1743002544529262	786	0.05396825284595682	0.07333392788908893	0.5415852436367716	0.4619941103517087
rs102984	synthetic	2985	A	G	0.05683269476372925	783	-0.09945329556296428	0.11838419268804243	0.705750060311443	0.40111151677920637
rs102985	synthetic	2986	A	G	0.2225765306122449	784	-0.09654831534436185	0.0672992110160882	2.058114132807221	0.151791676382276
rs102986	synthetic	2987	A	G	0.16043814432989692	776	-0.0887182683838046	0.07481197389733192	1.4063191346083663	0.2360236029888033
rs102987	synthetic	2988	A	G	0.49872122762148335	782	0.028177265375152766	0.05349693627913064	0.2774213381650579	0.5985436587108504
rs102988	synthetic	2989	A	G	0.2611181702668361	787	0.04070935149366276	0.0617374284698386	0.4348017627736763	0.5098335919736192
rs102989	synthetic	2990	A	G	0.09323116219667944	783	-0.1248859128685122	0.09085062628598985	1.8896051087793326	0.16963477272589964
rs102990	synthetic	2991	A	G	0.19974554707379136	786	0.02299790284236309	0.07082778218807696	0.10543120827392397	0.7454924669091955
rs102991	synthetic	2992	A	G	0.08045977011494253	783	-0.08081551936351605	0.10082497120317965	0.6424706954379438	0.4230576432312331
rs102992	synthetic	2993	A	G	0.6017925736235595	781	-0.0041984239430059925	0.056298108362550794	0.005561410786788558	0.9405717791794277
rs102993	synthetic	2994	A	G	0.5686149936467598	787	0.10711883508420832	0.053721979402727014	3.9758287527575202	0.046499789888780486
rs102994	synthetic	2995	A	G	0.19363057324840766	785	-0.010283913209076335	0.06750638819905186	0.023207430605674588	0.8789576444013172
rs102995	synthetic	2996	A	G	0.03443877551020408	784	0.00472010286720814	0.15026976092437214	0.0009866423118002291	0.9749497817702142
rs102996	synthetic	2997	A	G	0.04725415070242656	783	-0.20575614379277132	0.12366937905346866	2.768096737550273	0.09655552399812552
rs102997	synthetic	2998	A	G	0.15374841168996187	787	0.004303511944548014	0.07473483400879466	0.003315888181917285	0.9540947006522064
rs102998	synthetic	2999	A	G	0.24195624195624196	777	-0.03855262090904375	0.06500363149495052	0.35174876111649256	0.5532939648625251
rs102999	synthetic	3000	A	G	0.01464968152866242	785	0.25088381581403163	0.21780156563535158	1.3268544897100194	0.24971273003665567
rs103000	synthetic	3001	A	G	0.1297709923664122	786	-0.053972439803575835	0.08367003257577452	0.4161062366568043	0.5190729525378094
rs103001	synthetic	3002	A	G	0.3988549618320611	786	-0.002185044943191079	0.05593101219595944	0.0015262138507461278	0.9688469736271439
rs103002	synthetic	3003	A	G	0.3653113087674714	787	-0.04668208431586915	0.05613550670168291	0.691552543770627	0.40588713707883073
rs103003	synthetic	3004	A	G	0.1809462915601023	782	-0.020459236406389497	0.07684743835523655	0.07087940298000756	0.7901298538957572
rs103004	synthetic	3005	A	G	0.4835651074589128	791	-0.006610887868664409	0.05456773953560815	0.014677350136436233	0.9036028265673209
rs103005	synthetic	3006	A	G	0.15966921119592875	786	0.07489593553070736	0.0733101291990951	1.043730873625902	0.3072669148760415
rs103006	synthetic	3007	A	G	0.29594423320659063	789	-0.09745275671880337	0.05821151696883195	2.8026600547533613	0.09450238214728841
rs103007	synthetic	3008	A	G	0.24553571428571427	784	-0.024428792601735787	0.06221015848087646	0.154198940392702	0.6946600946762165
rs103008	synthetic	3009	A	G	0.4111253196930946	782	0.03293446377079572	0.054515924158039186	0.3649677046545897	0.5459329473188118
rs103009	synthetic	3010	A	G	0.060126582278481014	790	-0.08843652263795763	0.11212759247447858	0.6220686577283954	0.43051531946478916
rs103010	synthetic	3011	A	G	0.08033419023136247	778	0.12790484674936092	0.09976062730423647	1.6438253010695276	0.20017611692853385
rs103011	synthetic	3012	A	G	0.2896774193548387	775	-0.04867553997668628	0.060193132914503136	0.653924577025865	0.4189555594440297
rs103012	synthetic	3013	A	G	0.02506426735218509	778	0.22929470719424233	0.1705100789517698	1.8083727290467637	0.17908804759759747
rs103013	synthetic	3014	A	G	0.4096153846153846	780	0.09241715488725062	0.054841584894026844	2.8397832576324205	0.09235005406458145
rs103014	synthetic	3015	A	G	0.5243277848911652	781	-0.0034670379093237795	0.05399095697455842	0.004123586699250736	0.948815090149601
rs103015	synthetic	3016	A	G	0.2828863346104725	783	0.059331211514363644	0.06426929003041795	0.8522351220984198	0.3562015979525095
rs103016	synthetic	3017	A	G	0.23367477592829705	781	-0.08354336349907883	0.06476197493749676	1.664116565945027	0.19742448171164775
rs103017	synthetic	3018	A	G	0.44225888324873097	788	-0.062278295083628796	0.05689969115902594	1.1979911549351578	0.27405588585199325
rs103018	synthetic	3019	A	G	0.1518987341772152	790	-0.06110833031803512	0.07794520494806363	0.6146417099617388	0.43327956410946156
rs103019	synthetic	3020	A	G	0.25412960609911056	787	-0.0673258389066884	0.06241703583595428	1.1634755643966517	0.2810738845869157
rs103020	synthetic	3021	A	G	0.03337612323491656	779	0.3016126231746469	0.15121188435120303	3.978571585831088	0.046424520569725576
rs103021	synthetic	3022	A	G	0.12993630573248408	785	0.05489296607018612	0.08041074922387643	0.46602066857377633	0.4950229325508175
rs103022	synthetic	3023	A	G	0.2323943661971831	781	0.023671014981979994	0.06457965064053699	0.13435145622497685	0.7140600623705022
rs103023	synthetic	3024	A	G	0.2767857142857143	784	-0.04147663448915606	0.06463029281235139	0.41184592374236595	0.5212195237707493
rs103024	synthetic	3025	A	G	0.22121604139715395	773	-0.008322545181707245	0.06557189444665175	0.016109307103838837	0.8990339565633328
rs103025	synthetic	3026	A	G	0.29214929214929214	777	-0.09545678450990118	0.0599611377771163	2.534392482335993	0.11178826771835149
rs103026	synthetic	3027	A	G	0.3688212927756654	789	0.06366745153215883	0.056395685294054844	1.2745097905340845	0.2592637486191423
rs103027	synthetic	3028	A	G	0.3877551020408163	784	-0.027554537360393327	0.057533006117145416	0.22937818606658927	0.6321173090363132
rs103028	synthetic	3029	A	G	0.12548262548262548	777	-0.20934347961257718	0.08204361776396854	6.510723798707084	0.01090914488231118
rs103029	synthetic	3030	A	G	0.590153452685422	782	-0.11611238838963966	0.059663813805015585	3.787346983270232	0.051994338332532884
rs103030	synthetic	3031	A	G	0.36061381074168797	782	-0.06971446284975145	0.05621662055074168	1.537858232513138	0.21530369692424908
rs103031	synthetic	3032	A	G	0.28316326530612246	784	-0.006925656766989777	0.06180048866619449	0.012558509841732303	0.9108004204988661
rs103032	synthetic	3033	A	G	0.3711734693877551	784	-0.04230209585677985	0.0636513184539212	0.4416812489472071	0.506505308429012
rs103033	synthetic	3034	A	G	0.03380102040816327	784	0.012469946119160358	0.15195209621154399	0.006734661355665113	0.9346157475619687
rs103034	synthetic	3035	A	G	0.25257731958762886	776	-0.047077720044735476	0.061705629389535034	0.5820781151804404	0.44572580830431674
rs103035	synthetic	3036	A	G	0.33799237611181704	787	0.03653193141447977	0.057177771575688555	0.40821674607930203	0.5230604986328548
rs103036	synthetic	3037	A	G	0.45408163265306123	784	-0.07342633374471529	0.05367685412166928	1.8712403691148525	0.17172058429248505
rs103037	synthetic	3038	A	G	0.15964240102171137	783	-0.01958267219392528	0.07789072687125154	0.06320805035731061	0.8015606388423737
rs103038	synthetic	3039	A	G	0.3128991060025543	783	0.032251487724553135	0.05982364984408765	0.2906388685927713	0.5899627363557125
rs103039	synthetic	3040	A	G	0.4388535031847134	785	-0.04500494836621611	0.055229533483176	0.664014840691957	0.41539077249704554
rs103040	synthetic	3041	A	G	0.4012820512820513	780	0.013646266648683975	0.05754925524036053	0.056227437429435194	0.81262241605545
rs103041	synthetic	3042	A	G	0.07142857142857142	784	-0.17096023138639926	0.10402138058695724	2.7011267688949108	0.10067374070629655
rs103042	synthetic	3043	A	G	0.18998716302952504	779	0.005893442439399458	0.06898647704810675	0.007298105847267301	0.9319419402416393
rs103043	synthetic	3044	A	G	0.09195402298850575	783	-0.07313763157187207	0.09645988498948035	0.5748947005135499	0.4485456930751703
rs103044	synthetic	3045	A	G	0.08695652173913043	782	0.02900841643810173	0.09575093879962861	0.09178293924335618	0.7620020921083237
rs103045	synthetic	3046	A	G	0.15012722646310434	786	-0.10397978684431859	0.07457826848778919	1.9438970186625373	0.16363652620094876
rs103046	synthetic	3047	A	G	0.06482670089858793	779	0.0002761932431374197	0.10902656461481908	6.417434484548701e-06	0.9979793857882358
rs103047	synthetic	3048	A	G	0.24111675126903553	788	0.051864865496312966	0.06281944487920242	0.6816451096297778	0.4092691161673097
rs103048	synthetic	3049	A	G	0.3503787878787879	792	-0.07758639290763993	0.05797681735059341	1.7908630702217772	0.1812046210708447
rs103049	synthetic	3050	A	G	0.08206106870229007	786	-0.06871015865994706	0.0989970372051125	0.4817231398555185	0.4878461060448571
rs103050	synthetic	3051	A	G	0.15295629820051415	778	0.07442561136106957	0.07604482921226338	0.9578675127567629	0.32802321800037576
rs103051	synthetic	3052	A	G	0.18048469387755103	784	0.07152537440825185	0.07289153538125842	0.9628665136281627	0.3267649858657608
rs103052	synthetic	3053	A	G	0.2955696202531646	790	0.03490909375254695	0.062028835182069954	0.3167305082000277	0.5737382140788994
rs103053	synthetic	3054	A	G	0.26463104325699743	786	-0.01742238649718254	0.063113717430901	0.07620224486602174	0.7825834743981884
rs103054	synthetic	3055	A	G	0.239769820971867	782	-0.06247528994257986	0.06332111518366632	0.9734630038171874	0.3241189683455707
rs103055	synthetic	3056	A	G	0.24296675191815856	782	0.11702253422041606	0.06168479719616829	3.5990071986845313	0.05817715484582029
rs103056	synthetic	3057	A	G	0.1402831402831403	777	-0.0064666203145421364	0.07773026378155029	0.006921089119305309	0.9337190074440365
rs103057	synthetic	3058	A	G	0.1639030612244898	784	0.04436870215831368	0.07202323662075331	0.37949685609109424	0.5380494121988115
rs103058	synthetic	3059	A	G	0.15063291139240506	790	0.19371233455032297	0.07558448462598608	6.568243396605683	0.01056491653471613
rs103059	synthetic	3060	A	G	0.1358974358974359	780	0.021334441526816624	0.08156251119166043	0.06841973383241673	0.793719616699312
rs103060	synthetic	3061	A	G	0.29441624365482233	788	-0.0712576484718992	0.062018678492480356	1.3201338188285754	0.2509144685313806
rs103061	synthetic	3062	A	G	0.5025316455696203	790	-0.03036952227552529	0.05414792405048518	0.31456637563416934	0.57504993369264
rs103064	synthetic	3065	A	G	0.03176620076238882	787	0.08055581162546123	0.15584629407778397	0.26717806261414295	0.6053751901120986
rs103065	synthetic	3066	A	G	0.21092757306226176	787	0.11153432008444329	0.0673252085495315	2.7444898790487344	0.09798578993446991
rs103066	synthetic	3067	A	G	0.43112244897959184	784	0.08505974510288472	0.054404857465696545	2.444402955784568	0.11834370903754488
rs103067	synthetic	3068	A	G	0.1762820512820513	780	-0.017100133575675386	0.06810046018245014	0.063052006613632	0.801800619563284
rs103068	synthetic	3069	A	G	0.110397946084724	779	-0.0008990813790725963	0.08454193230110155	0.00011309767221307335	0.9915175407275083
rs103069	synthetic	3070	A	G	0.09743589743589744	780	-0.05855954332944557	0.09292845573898742	0.3970982033194452	0.5287732171890542
rs103070	synthetic	3071	A	G	0.33588761174968074	783	0.025353643192902536	0.05660450028596972	0.20062212528711298	0.6543414891369923
rs103071	synthetic	3072	A	G	0.319672131147541	793	0.11869699666104983	0.0585183020230714	4.114300689649071	0.0428558575239166
rs103072	synthetic	3073	A	G	0.6269132653061225	784	-0.01563309280645491	0.054707908961250655	0.08165627814668973	0.7751399217212178
rs103073	synthetic	3074	A	G	0.020356234096692113	786	0.10448759061340394	0.19421392290070807	0.28944677066215047	0.5907262282223825
rs103074	synthetic	3075	A	G	0.36323155216284986	786	-0.07756536098504556	0.05602852143169261	1.916537461018907	0.16662830011701274
rs103075	synthetic	3076	A	G	0.4065300896286812	781	0.0845702124423096	0.06014464483935825	1.977155894062132	0.16008205780775986
rs103076	synthetic	3077	A	G	0.4993606138107417	782	-0.017979093780465666	0.05952285340476477	0.09123639378853504	0.7626903821477158
rs103077	synthetic	3078	A	G	0.46523388116308473	791	-0.07753385968743892	0.05762683002317138	1.8102282888296581	0.1788654293158593
rs103078	synthetic	3079	A	G	0.6147435897435898	780	0.007903699893589907	0.057808693132916894	0.018692809503578715	0.8912855185710469
rs103079	synthetic	3080	A	G	0.269280205655527	778	-0.04945730423580063	0.05979304516009877	0.68416292746096	0.4084057319788395
rs103080	synthetic	3081	A	G	0.06823979591836735	784	-0.14756241363429154	0.10619082407873695	1.930978855808576	0.16504139593567774
rs103082	synthetic	3083	A	G	0.4011627906976744	774	0.021315492680848314	0.05710168304660968	0.13934549491684498	0.7090323116469197
rs103083	synthetic	3084	A	G	0.2652671755725191	786	0.048692339323278044	0.062512297218554	0.6067228650405164	0.43625675529552865
rs103084	synthetic	3085	A	G	0.28754813863928114	779	0.016939188433437412	0.06047560608639206	0.07845574292843618	0.779474199136552
rs103085	synthetic	3086	A	G	0.0778061224489796	784	0.1983103588550821	0.10179063511184736	3.7955538080279707	0.05174130989557989
rs103086	synthetic	3087	A	G	0.1698595146871009	783	-0.09123326591883227	0.07207610528923152	1.602226171775266	0.20595976304731475
rs103087	synthetic	3088	A	G	0.2776349614395887	778	0.009521217748183023	0.06408787067443758	0.022071574253238507	0.8819346220995384
rs103088	synthetic	3089	A	G	0.25734355044699875	783	-0.011788823682154016	0.06496609775779079	0.03292815383067759	0.8560519844880877
rs103089	synthetic	3090	A	G	0.14930114358322744	787	-0.06275188879761272	0.07550139396696791	0.6907862187477498	0.4061472635821336
rs103090	synthetic	3091	A	G	0.08706786171574904	781	0.027014911149109002	0.09858657959966108	0.0750881645181639	0.7841389241434824
rs103091	synthetic	3092	A	G	0.1946564885496183	786	-0.09726493591210489	0.06822037370642282	2.0327521155304664	0.15433513363155127
rs103092	synthetic	3093	A	G	0.18980891719745224	785	-0.09031856498872033	0.072425602995459	1.5551411674674611	0.212746251698194
rs103093	synthetic	3094	A	G	0.44587628865979384	776	0.07154194676823931	0.05723145276836555	1.562614921779379	0.21165152287353514
rs103094	synthetic	3095	A	G	0.10613810741687979	782	0.009283750002883515	0.08622911441295358	0.011591483528548103	0.9142896569089166
rs103095	synthetic	3096	A	G	0.16261203585147246	781	-0.009760998197378332	0.07796909862990484	0.01567268619490328	0.9004043884821337
rs103096	synthetic	3097	A	G	0.3437900128040973	781	-0.00917253341506697	0.05916583203026504	0.02403458638060166	0.8768363911531308
rs103097	synthetic	3098	A	G	0.10750636132315522	786	0.017838746470126322	0.08723919796257434	0.04181242325499103	0.8380302138638671
rs103098	synthetic	3099	A	G	0.24872448979591838	784	0.08017756134838408	0.0626897619721073	1.6357331069801921	0.20128604106589662
rs103099	synthetic	3100	A	G	0.19822109275730623	787	0.03341503343300081	0.06915771078953113	0.2334546784902941	0.6291073529307339
rs103100	synthetic	3101	A	G	0.06903225806451613	775	-0.07953529884702781	0.10771845664766079	0.5451795913160662	0.4605124830124441
rs103101	synthetic	3102	A	G	0.36164736164736166	777	0.026166354841625605	0.05696781179502444	0.21097324223103608	0.6461315351645666
rs103102	synthetic	3103	A	G	0.38924870466321243	772	-0.019123045473951453	0.056938464609012876	0.11279831491384114	0.737069350862613
rs103103	synthetic	3104	A	G	0.022900763358778626	786	-0.25256842120917805	0.18426561392206617	1.8787521997947316	0.170863868113112
rs103104	synthetic	3105	A	G	0.33119383825417203	779	0.04864630370976071	0.05814731700380262	0.6999069927769085	0.4030669763674235
rs103105	synthetic	3106	A	G	0.06870229007633588	786	-0.0010298552964536512	0.10627638278389945	9.390287410358312e-05	0.9922707779609977
rs103106	synthetic	3107	A	G	0.19936305732484078	785	0.00020398797544181094	0.0698945641871108	8.517699861486135e-06	0.9976721033488153
rs103107	synthetic	3108	A	G	0.4377382465057179	787	0.044961641589823416	0.053487318897860514	0.7066146879885294	0.4008233305153252
rs103108	synthetic	3109	A	G	0.07560355781448538	787	0.14546878257183174	0.10265002036216585	2.0082673551911148	0.15683664934996971
rs103109	synthetic	3110	A	G	0.3007662835249042	783	-0.07351350996410999	0.05950656016703275	1.5261760206704855	0.21705312933321533
rs103111	synthetic	3112	A	G	0.2480916030534351	786	-0.04984230117047252	0.059774796268316284	0.6952803587195231	0.4046252119398848
rs103112	synthetic	3113	A	G	0.19783715012722647	786	-0.00024961151853484094	0.06992526548862464	1.2742686448277665e-05	0.9971527033221986
rs103113	synthetic	3114	A	G	0.03371501272264631	786	-0.04317568539879862	0.1467420307700707	0.08657040138337947	0.7686603132887507
rs103114	synthetic	3115	A	G	0.049107142857142856	784	0.06431510518997531	0.12246257252478897	0.27581584516143115	0.5996036668873654
rs103116	synthetic	3117	A	G	0.38881829733163914	787	0.04329933807803082	0.05633020309421741	0.5908535925235533	0.4423180859385567
rs103117	synthetic	3118	A	G	0.18829516539440203	786	0.03624058344620605	0.06736569594721402	0.28940948483586215	0.5907501410130861
rs103118	synthetic	3119	A	G	0.2802547770700637	785	0.06877763729909736	0.05864046990908365	1.3756236111512516	0.24120020224032077
rs103119	synthetic	3120	A	G	0.42701664532650446	781	0.05378299259160995	0.05351934665541878	1.0098766272901076	0.31523893283954785
rs103120	synthetic	3121	A	G	0.23312101910828026	785	-0.03703479334115508	0.06581546558212288	0.3166386574252077	0.5737937664191918
rs103121	synthetic	3122	A	G	0.18421052631578946	779	0.004444500400034984	0.06938008579035473	0.004103705952316702	0.9489384569495791
rs103122	synthetic	3123	A	G	0.2674714104193138	787	-0.05905665964994995	0.0601669620363824	0.9634331612596446	0.3266227669680276
rs103123	synthetic	3124	A	G	0.27413127413127414	777	-0.015141422751740095	0.05985969392760147	0.06398296868772535	0.8003735273392959
rs103124	synthetic	3125	A	G	0.13137755102040816	784	0.031084613459692136	0.07630372295987015	0.1659584943011979	0.6838388315020223
rs103125	synthetic	3126	A	G	0.146606914212548	781	0.054115034559418004	0.0794718763332055	0.46366994571124204	0.49611257316497226
rs103126	synthetic	3127	A	G	0.294987146529563	778	0.07384585940235523	0.06171699469029096	1.4316694517724882	0.2318497801930809
rs103127	synthetic	3128	A	G	0.09923664122137404	786	-0.0345328157966879	0.08660474056868815	0.15899397013329306	0.6901917810813913
rs103128	synthetic	3129	A	G	0.2439180537772087	781	0.007992815781654778	0.06870573571633573	0.013533608776709827	0.9074172629991037
rs103130	synthetic	3131	A	G	0.4260204081632653	784	-0.040248304580281884	0.054990952270618114	0.5356889660504571	0.4644411105576931
rs103131	synthetic	3132	A	G	0.27237851662404094	782	0.04132441800837204	0.06211263381954167	0.44264300033525705	0.5060429947754108
rs103132	synthetic	3133	A	G	0.52735368956743	786	-0.025433993353524385	0.05407785428677025	0.2212025883406781	0.6382544525542304
rs103133	synthetic	3134	A	G	0.49037227214377405	779	0.04690249005966241	0.0543947681287441	0.7434941240051249	0.38880455242846856
rs103134	synthetic	3135	A	G	0.06002554278416347	783	-0.11192320095565406	0.11858229474237741	0.8908417121444909	0.34553678018786327
rs103135	synthetic	3136	A	G	0.1656010230179028	782	0.046505184495751306	0.07404060480555838	0.394514371071541	0.5301167916025066
rs103136	synthetic	3137	A	G	0.23447401774397972	789	0.004012359102476538	0.06458339691607327	0.0038597379679531103	0.9504775182604865
rs103137	synthetic	3138	A	G	0.2544757033248082	782	-0.019170435934544053	0.06423914147414021	0.08905627409261424	0.7654585300667671
rs103138	synthetic	3139	A	G	0.04568854568854569	777	-0.158609889703894	0.13764676896780875	1.3277872169803833	0.24954650608183856
rs103139	synthetic	3140	A	G	0.27586206896551724	783	0.035271348030769006	0.060968749205520895	0.33467983455087125	0.5630805997238905
rs103140	synthetic	3141	A	G	0.14030612244897958	784	-0.08157022910696475	0.07850642734138044	1.0795752915786192	0.2991092803648485
rs103141	synthetic	3142	A	G	0.2949044585987261	785	-0.05552985027197109	0.058103368137857284	0.9133776666408197	0.33951105771295786
rs103142	synthetic	3143	A	G	0.12626903553299493	788	-0.14512348949639053	0.07921968961488395	3.35590108803123	0.06733947477448567
rs103143	synthetic	3144	A	G	0.07307692307692308	780	-0.16665367192857614	0.10465900815030026	2.5355754887135946	0.11170480495105678
rs103144	synthetic	3145	A	G	0.20460358056265984	782	0.017140286249745413	0.0712067236645112	0.057942086988436045	0.8098408449461356
rs103145	synthetic	3146	A	G	0.2483912483912484	777	0.03410525247550016	0.06367858166740653	0.2868506078112949	0.5923960106447678
rs103146	synthetic	3147	A	G	0.16645326504481434	781	0.149813981929639	0.07029211731894568	4.542463478841506	0.03337089703555512
rs103148	synthetic	3149	A	G	0.4375796178343949	785	-0.05027494884217356	0.05511441216316705	0.8320950056164135	0.36194465604129616
rs103149	synthetic	3150	A	G	0.1980891719745223	785	0.022412772188561306	0.06817684993804446	0.10807302096343031	0.7424355244189785
rs103150	synthetic	3151	A	G	0.3086734693877551	784	0.0171977242590444	0.05829181824608136	0.08704157853804648	0.7680496377354485
rs103151	synthetic	3152	A	G	0.05923566878980892	785	0.1301160569053945	0.11752896178224131	1.225665574183071	0.26858734490857544
rs103152	synthetic	3153	A	G	0.2471626733921816	793	-0.024825233753323586	0.0632149634739945	0.15422220575137077	0.6946382220737617
rs103153	synthetic	3154	A	G	0.16174582798459564	779	0.02824271053176666	0.07332275216827808	0.14836628897816342	0.7002047957682072
rs103154	synthetic	3155	A	G	0.2960609911054638	787	-0.04981262015564567	0.061211940144924676	0.662226388857524	0.4160193200575012
rs103155	synthetic	3156	A	G	0.289171974522293	785	0.0504065416435327	0.06213882012770768	0.6580331884312708	0.4174985597619176
rs103156	synthetic	3157	A	G	0.29235668789808916	785	0.014161674512196899	0.06003072267853936	0.05565216622963997	0.8135656615706814
rs103157	synthetic	3158	A	G	0.1946564885496183	786	-0.11144400058803103	0.07311869033457562	2.323039422378277	0.12786941965701643
rs103158	synthetic	3159	A	G	0.06590621039290241	789	-0.07796603275255894	0.11142944272172062	0.4895656687941178	0.4843263055830794
rs103159	synthetic	3160	A	G	0.3057324840764331	785	-0.00103353988006672	0.057211694932590616	0.0003263509261011241	0.9855913955248785
rs103160	synthetic	3161	A	G	0.264404609475032	781	0.08763184987745272	0.060118123360704635	2.1247758848561618	0.14532986746808654
rs103161	synthetic	3162	A	G	0.2702182284980745	779	0.06427568723485856	0.06511394501637913	0.9744183204007869	0.3238818151658233
rs103162	synthetic	3163	A	G	0.2017766497461929	788	-0.07926891172683202	0.06693797495094188	1.4023636702658289	0.23668303675957464
rs103163	synthetic	3164	A	G	0.30165816326530615	784	0.00834392543727342	0.061257742140511384	0.01855320136820979	0.891689732037901
rs103164	synthetic	3165	A	G	0.2247765006385696	783	-0.006200904763536793	0.06856341956259199	0.008179470365601228	0.92796007249069
rs103165	synthetic	3166	A	G	0.2953667953667954	777	-0.06478745569413183	0.06137592959150669	1.1142578023068788	0.2914797491268389
rs103166	synthetic	3167	A	G	0.552258064516129	775	-0.05082284974836496	0.05461960505168002	0.8658066466967534	0.35240199744513556
rs103167	synthetic	3168	A	G	0.12199747155499367	791	0.07960580541774757	0.08869468859536257	0.8055532514044442	0.36971061218215096
rs103168	synthetic	3169	A	G	0.43141025641025643	780	-0.01500057188193872	0.05276265384972339	0.08082809994512011	0.7762525363572453
rs103169	synthetic	3170	A	G	0.41245136186770426	771	0.023938235789401845	0.05733360238875944	0.17432746719836456	0.6764071603621569
rs103170	synthetic	3171	A	G	0.5210191082802548	785	-0.01829501736340968	0.05573572512830091	0.10774530144953735	0.7428124766342356
rs103171	synthetic	3172	A	G	0.2585987261146497	785	-0.07893852300972908	0.06066674436143341	1.693076623878716	0.19357382131455325
rs103172	synthetic	3173	A	G	0.28433889602053913	779	-0.062325855349761476	0.06117048532696903	1.0381321534423533	0.3085670234058812
rs103173	synthetic	3174	A	G	0.4486521181001284	779	-0.03396669023266071	0.057034786044702836	0.3546719378028175	0.5516502199579585
rs103174	synthetic	3175	A	G	0.36426767676767674	792	0.08353832060599656	0.05685784420438738	2.158692100288977	0.1421618991807492
rs103175	synthetic	3176	A	G	0.6055341055341056	777	0.010473908371605611	0.057276589941296446	0.03343976627484494	0.8549503470112826
rs103176	synthetic	3177	A	G	0.01905972045743329	787	-0.37524389038640993	0.1966256390911831	3.642058903283418	0.056698034581352384
rs103177	synthetic	3178	A	G	0.3305626598465473	782	-0.03033971301072148	0.05748896963108309	0.27851839702468034	0.5978215899448529
rs103178	synthetic	3179	A	G	0.05712451861360719	779	-0.11726184216537831	0.11691025080678107	1.0060237667318657	0.31616326241857784
rs103179	synthetic	3180	A	G	0.2951653944020356	786	-0.0005595609530173521	0.058032112105646474	9.297325757692262e-05	0.992309130674377
rs103180	synthetic	3181	A	G	0.15172855313700384	781	0.0003936415542222889	0.07930347602995798	2.4638679500078377e-05	0.99604077598576
rs103181	synthetic	3182	A	G	0.1319796954314721	788	-0.012257466605160677	0.07935970847367725	0.02385620235102898	0.8772906597699925
rs103182	synthetic	3183	A	G	0.07188703465982028	779	-0.11598290819543894	0.10966234982023869	1.1185950500351136	0.29054324683316013
rs103183	synthetic	3184	A	G	0.45966709346991036	781	0.013448945184449904	0.054599365876084056	0.06067380750732463	0.8054978569770728
rs103184	synthetic	3185	A	G	0.22433460076045628	789	0.010746209123378944	0.06392530845086343	0.028259528468538457	0.8665429836168574
rs103185	synthetic	3186	A	G	0.19369369369369369	777	0.0033664952607878242	0.06923931886564445	0.002364016160363827	0.9612334578365467
rs103186	synthetic	3187	A	G	0.2236503856041131	778	0.055612404094156236	0.0695732181779765	0.6389386422062644	0.42433474539662797
rs103187	synthetic	3188	A	G	0.2410941475826972	786	-0.1100851885741536	0.06428199456031305	2.932777352765374	0.08718897458860041
rs103188	synthetic	3189	A	G	0.6351351351351351	777	0.043467043873876204	0.056435783664574406	0.5932135889084849	0.4414085097367188
rs103189	synthetic	3190	A	G	0.5432816537467701	774	-0.04338725098840581	0.0543841273673783	0.6364729333677991	0.42522971878971333
rs103190	synthetic	3191	A	G	0.09323116219667944	783	-0.17630019693754984	0.0929339795017961	3.598790174970804	0.05818471428087699
rs103191	synthetic	3192	A	G	0.055414012738853505	785	-0.16274031101199815	0.11710264094221944	1.9313318570052767	0.16500282348088915
rs103192	synthetic	3193	A	G	0.4061302681992337	783	-0.13533723533566802	0.054199074699997574	6.235206720330585	0.01272526301734798
rs103193	synthetic	3194	A	G	0.310828025477707	785	-0.046855262130086096	0.06031106407657213	0.6035632133197638	0.43745339452633697
rs103194	synthetic	3195	A	G	0.20670037926675094	791	-0.05582138824895802	0.0692413229979569	0.6499359370725237	0.42037727617955223
rs103195	synthetic	3196	A	G	0.08205128205128205	780	-0.16257628650434836	0.10537987849673423	2.3801208661352056	0.12328697779732774
rs103196	synthetic	3197	A	G	0.24269377382465057	787	-0.029915429154929587	0.0637380564558309	0.22028901539454648	0.6389488087502919
rs103198	synthetic	3199	A	G	0.4153944020356234	786	0.012058843261150066	0.055949786306353354	0.046453071640318915	0.8294097437843407
rs103199	synthetic	3200	A	G	0.23821656050955414	785	-0.01055706248035769	0.06321661371714925	0.027888408204979405	0.8674140165354821
rs103200	synthetic	3201	A	G	0.3354673495518566	781	0.004481878745039058	0.057567771418587606	0.006061238470254839	0.9379638652890536
rs103202	synthetic	3203	A	G	0.2020330368487929	787	0.017226266248992452	0.06649089343183885	0.06712093129346723	0.7956430078815127
rs103203	synthetic	3204	A	G	0.29092071611253195	782	0.08721494210940356	0.06274297453721717	1.9321978107133064	0.16490824440363774
rs103204	synthetic	3205	A	G	0.01918158567774936	782	0.05063016559150741	0.19466631057684544	0.0676452178348787	0.7948642231459142
rs103206	synthetic	3207	A	G	0.06739409499358151	779	0.09418285278552041	0.10861670529788368	0.7518832879425998	0.3861429228656402
rs103207	synthetic	3208	A	G	0.07662835249042145	783	-0.06595200194251451	0.10315869385437776	0.4087373232005252	0.5227957182617301
rs103208	synthetic	3209	A	G	0.44814340588988477	781	0.07301966335711031	0.054181050260275164	1.8162884208663583	0.17814060064009166
rs103209	synthetic	3210	A	G	0.09212198221092757	787	-0.11568912419952217	0.09474037532641646	1.491127792380789	0.2224044854820245
rs103210	synthetic	3211	A	G	0.23503184713375797	785	-0.028993623566249935	0.06650108161297974	0.1900848804813356	0.6629646409596187
rs103211	synthetic	3212	A	G	0.2914032869785082	791	0.005164597357433836	0.058602763060114645	0.007766703953558997	0.9297964726183393
rs103212	synthetic	3213	A	G	0.13444302176696543	781	0.06966395647606433	0.08056787903642791	0.7476397958415565	0.3874859932093192
rs103213	synthetic	3214	A	G	0.14340588988476313	781	0.14533162209002365	0.07786184002846962	3.4839419993911003	0.06233583812783405
rs103214	synthetic	3215	A	G	0.16159695817490494	789	-0.05984815625819919	0.07130215746899159	0.7045246766879953	0.40152046170598726
rs103215	synthetic	3216	A	G	0.4720101781170484	786	-0.02818941287388771	0.052842170271853894	0.28458418964729315	0.5938616802947184
rs103216	synthetic	3217	A	G	0.27621483375959077	782	0.06968793281430528	0.0608407934882944	1.3119745937398728	0.25238300831172494
rs103217	synthetic	3218	A	G	0.39285714285714285	784	-0.09648047996870344	0.05344097466606908	3.25934377917757	0.07139669138256244
rs103218	synthetic	3219	A	G	0.19087403598971722	778	0.17041212879221296	0.06916965154605835	6.069736358070744	0.01396299464806728
rs103219	synthetic	3220	A	G	0.10750636132315522	786	0.05809178612733578	0.08761975578984271	0.43956730562663526	0.5075240365778628
rs103220	synthetic	3221	A	G	0.21702944942381563	781	-0.06016121180072888	0.06876207649296406	0.7654823556504611	0.38188316618049706
rs103221	synthetic	3222	A	G	0.14904458598726114	785	-0.06779991131622969	0.0751556074204986	0.8138333320480118	0.36726326617315974
rs103222	synthetic	3223	A	G	0.41763191763191765	777	-0.050203385832679	0.05450196479207731	0.8484801728114244	0.3572627809487644
rs103223	synthetic	3224	A	G	0.17564102564102563	780	-0.027378070902427123	0.07340903923562671	0.1390934270038058	0.7092836010669136
rs103224	synthetic	3225	A	G	0.070242656449553	783	-0.2117270929379958	0.1074386799548232	3.8835736139921453	0.0491081013477189
rs103225	synthetic	3226	A	G	0.19476372924648785	783	0.18110837303166746	0.06928156757195875	6.833475587975178	0.009116221067407239
rs103226	synthetic	3227	A	G	0.013461538461538462	780	0.08204462730624704	0.23696132894434305	0.11987961497490647	0.7292569360362946
rs103227	synthetic	3228	A	G	0.12993630573248408	785	0.13883759578328023	0.08027118161440329	2.9915402953600005	0.08408964265517972
rs103228	synthetic	3229	A	G	0.6174968071519795	783	0.0522696158076113	0.05595794525738844	0.8725194114843421	0.3505431036774883
rs103229	synthetic	3230	A	G	0.5515923566878981	785	-0.058845738218261605	0.05278272919317173	1.2429290727855276	0.2652450509015595
rs103230	synthetic	3231	A	G	0.04528061224489796	784	-0.07854067206650261	0.12840986398173032	0.37410408843474974	0.5409509474223538
rs103231	synthetic	3232	A	G	0.21747448979591838	784	-0.03163471005390806	0.06449197846204632	0.2406114642768438	0.6239005279851872
rs103232	synthetic	3233	A	G	0.20955414012738854	785	0.04835513248884331	0.06763334662084	0.5111676956522049	0.4748442308906933
rs103233	synthetic	3234	A	G	0.5365853658536586	779	-0.12622256445523583	0.053569967390350956	5.551767048841781	0.018704452354706542
rs103234	synthetic	3235	A	G	0.1531130876747141	787	0.023029289042675583	0.07442058126046448	0.09575797333222877	0.7570621652722836
rs103235	synthetic	3236	A	G	0.4440874035989717	778	0.005803897286938752	0.05355051025476758	0.011746600786783367	0.9137203047048296
rs103236	synthetic	3237	A	G	0.2789072426937738	787	0.048200895375461794	0.06176046501354933	0.6091006976094776	0.4353595077793596
rs103237	synthetic	3238	A	G	0.5153256704980843	783	-0.05617337885151298	0.05663342734262417	0.9838194520767752	0.3215602104420068
rs103238	synthetic	3239	A	G	0.08151476251604621	779	0.12262289330774524	0.09738791449917905	1.5853785821444761	0.20835815218499246
rs103239	synthetic	3240	A	G	0.42838874680306904	782	-0.06707676391071894	0.05620739553092282	1.4241550699106134	0.23307760839455538
rs103240	synthetic	3241	A	G	0.1694373401534527	782	-0.044735432961121153	0.07250540668030002	0.38068214187461036	0.5374154931604943
rs103241	synthetic	3242	A	G	0.14596670934699105	781	0.13234549436566664	0.07617665691405835	3.0183840863255194	0.08271371167298767
rs103242	synthetic	3243	A	G	0.46114649681528663	785	0.012916521424912597	0.056579570747888094	0.052116091845314724	0.8194800465660121
rs103243	synthetic	3244	A	G	0.3891025641025641	780	-0.03688665468606793	0.055420853699503725	0.44298815875232905	0.505877253903996
rs103244	synthetic	3245	A	G	0.09032258064516129	775	-0.01551072082293419	0.0952680114624146	0.026507560520078636	0.8707083904355617
rs103245	synthetic	3246	A	G	0.1111111111111111	774	-0.01877458147712899	0.08574060392557442	0.0479476639233182	0.8267301115469552
rs103246	synthetic	3247	A	G	0.08998732572877059	789	-0.13733719262914984	0.09451202796404864	2.11155387694468	0.14658639797667225
rs103247	synthetic	3248	A	G	0.42283163265306123	784	-0.06765833279246407	0.0554065498159665	1.491146690916038	0.22240155767625125
rs103248	synthetic	3249	A	G	0.04236200256739409	779	-0.08007323058579126	0.13045114105854724	0.3767722744105073	0.5395117775325773
rs103249	synthetic	3250	A	G	0.3386683738796415	781	-0.01463071914382813	0.057008310600105604	0.06586504678890479	0.7975218211462447
rs103250	synthetic	3251	A	G	0.17591424968474148	793	-0.10922069736341566	0.06978932871582995	2.449242846592389	0.11798051736055402
rs103251	synthetic	3252	A	G	0.42346938775510207	784	0.08773524815657985	0.05407647596910263	2.6322761796578273	0.10510896634433135
rs103252	synthetic	3253	A	G	0.354140127388535	785	0.005231093031524201	0.05635184782992063	0.008617247454245105	0.9260627546631938
rs103253	synthetic	3254	A	G	0.46405648267008986	779	0.05944646646614048	0.05673734650628919	1.0977767999649481	0.2950737514413851
rs103254	synthetic	3255	A	G	0.24329501915708812	783	-0.012693843796055006	0.06625553777011105	0.036706411835477744	0.8481130675739289
rs103255	synthetic	3256	A	G	0.1656010230179028	782	0.019234815908387954	0.07311355310146028	0.06921182302222817	0.7925561773290453
rs103256	synthetic	3257	A	G	0.24010217113665389	783	0.007517118949503394	0.06384224866321359	0.01386393438123225	0.9062993598851334
rs103257	synthetic	3258	A	G	0.27168367346938777	784	0.1495520812120346	0.061763505805646504	5.863015518106001	0.01568571187434713
rs103258	synthetic	3259	A	G	0.4307496823379924	787	0.09785371281692903	0.05415259781875107	3.265246901674841	0.07114127024435489
rs103259	synthetic	3260	A	G	0.41709183673469385	784	0.020069018629642228	0.05714338506683391	0.12334465796519888	0.7255281602234698
rs103260	synthetic	3261	A	G	0.3166877370417193	791	0.037627010173394655	0.057561176485614436	0.42730708917233357	0.5135027845475876
rs103261	synthetic	3262	A	G	0.30970625798212004	783	0.09449986425098812	0.061812239005806555	2.33729440202714	0.12670753249688996
rs103262	synthetic	3263	A	G	0.17553865652724968	789	-0.020496271597103016	0.07103347749686152	0.08325754135937811	0.7730058902305641
rs103263	synthetic	3264	A	G	0.1446862996158771	781	-0.0463816391262129	0.07621494973273671	0.37034957448700195	0.5429880544850031
rs103264	synthetic	3265	A	G	0.283989834815756	787	-0.022495473118124058	0.060534988550851765	0.13809480269723504	0.7102816986759064
rs103265	synthetic	3266	A	G	0.20971867007672634	782	-0.04589923609099281	0.06662052884059044	0.47467325600640775	0.49104659426399166
rs103266	synthetic	3267	A	G	0.16412213740458015	786	0.15140889157533316	0.07318105388169896	4.280607827125962	0.038873062341051146
rs103267	synthetic	3268	A	G	0.28944020356234096	786	0.03727195961283529	0.06092374561657467	0.3742753813381518	0.5408583435716139
rs103268	synthetic	3269	A	G	0.1796675191815857	782	0.02141947429622147	0.07059133392848153	0.09206929931737055	0.7616423586964364
rs103269	synthetic	3270	A	G	0.30526992287917737	778	0.07253884618807765	0.06186023153637127	1.3750490942564468	0.2412984004129707
rs103270	synthetic	3271	A	G	0.30842911877394635	783	0.01752995231563633	0.062269554715713354	0.07925194860538377	0.7783871609386384
rs103271	synthetic	3272	A	G	0.16283524904214558	783	0.0521237645322163	0.07124295262347831	0.5352882715989846	0.46460815196915944
rs103272	synthetic	3273	A	G	0.2512755102040816	784	-0.001203119044553666	0.06805932602873936	0.00031249416660135177	0.9859005732145253
rs103273	synthetic	3274	A	G	0.2626582278481013	790	-0.05244134490358696	0.061447155490755544	0.7283566258416105	0.3936740985278696
rs103274	synthetic	3275	A	G	0.14512040557667935	789	0.2359335872657679	0.07900528671993587	8.917995214522199	0.002910666271590423
rs103275	synthetic	3276	A	G	0.13286264441591783	779	-0.08824106695045753	0.08073902273640547	1.194468013924531	0.2747620515668166
rs103276	synthetic	3277	A	G	0.2827763496143959	778	-0.025918707572675736	0.06372211725032463	0.16544219706129876	0.6843044051720237
rs103277	synthetic	3278	A	G	0.20012870012870013	777	0.08930180434531707	0.07014671911009875	1.6207116040992142	0.20336567166325636
rs103278	synthetic	3279	A	G	0.3248407643312102	785	-0.04572966517771505	0.05718281167370943	0.6395360520497613	0.42411833067919935
rs103279	synthetic	3280	A	G	0.06178343949044586	785	0.15408908668552748	0.11257242915851083	1.8736121183678527	0.17144955602429202
rs103280	synthetic	3281	A	G	0.2960358056265985	782	0.054125500751678504	0.05855682522922243	0.8543755461053346	0.35559863021520177
rs103281	synthetic	3282	A	G	0.17135549872122763	782	-0.09076624564707829	0.07709625717000601	1.3860603973185621	0.2394247587175265
rs103283	synthetic	3284	A	G	0.3912483912483912	777	-0.06692957349753578	0.05706092414737473	1.375810161568908	0.24116832694946455
rs103284	synthetic	3285	A	G	0.37547892720306514	783	0.02940259749648401	0.05531948745203789	0.28249782094705994	0.5952175576120228
rs103285	synthetic	3286	A	G	0.33737244897959184	784	0.012142498448691174	0.05726941594322499	0.044954234350980796	0.8321426868586882
rs103286	synthetic	3287	A	G	0.19529262086513996	786	0.03841579464979218	0.06661322243455989	0.33258201164752804	0.5643063058682048
rs103287	synthetic	3288	A	G	0.27621483375959077	782	0.07290405374469526	0.0632543089176991	1.3283824351166946	0.24944050158046263
rs103288	synthetic	3289	A	G	0.3886743886743887	777	-0.07428816403614077	0.056173703604380024	1.7489328444687051	0.18639222102380337
rs103289	synthetic	3290	A	G	0.1441326530612245	784	-0.1066529231205435	0.0770171488628178	1.9176557701775228	0.16650479104141308
rs103290	synthetic	3291	A	G	0.2627226463104326	786	-0.11691950289822131	0.061636259222851174	3.5983331881648324	0.05820063560149355
rs103291	synthetic	3292	A	G	0.09056122448979592	784	-0.07503853169748795	0.0972288355428993	0.5956326364704984	0.4404791617569071
rs103292	synthetic	3293	A	G	0.4768637532133676	778	0.015840718982117898	0.05562008917067676	0.08111224419458658	0.775870111648483
rs103293	synthetic	3294	A	G	0.053069053708439895	782	0.06657968332979108	0.12034223122827072	0.30608872456016883	0.5802462134605118
rs103294	synthetic	3295	A	G	0.33547557840616965	778	-0.02335151747434286	0.058179264770711336	0.16109933909135335	0.6882545265681819
rs103295	synthetic	3296	A	G	0.3113087674714104	787	-0.049699795009206	0.05873573750002377	0.7159856900907634	0.3977190978502173
rs103296	synthetic	3297	A	G	0.054980595084087966	773	-0.020055015311790287	0.11802807294288885	0.028871899875908855	0.8651184877489768
rs103297	synthetic	3298	A	G	0.2825255102040816	784	-0.05552231273955165	0.060789121146355596	0.8342253191279382	0.3613311750620232
rs103298	synthetic	3299	A	G	0.40293742017879947	783	-0.02345856006236583	0.05390605392725376	0.18937716832490753	0.6635539108587303
rs103299	synthetic	3300	A	G	0.4513444302176697	781	0.002108289146582741	0.05363655322906825	0.001545036070068617	0.9686555614498576
rs103300	synthetic	3301	A	G	0.39272030651340994	783	0.0543775878243692	0.05470094057715883	0.9882123768061308	0.32048290707224963
rs103301	synthetic	3302	A	G	0.05313700384122919	781	0.19850097214452297	0.11920922787712872	2.772716877514003	0.09627828033797728
rs103302	synthetic	3303	A	G	0.15019255455712452	779	-0.09623514242981475	0.076532628347879	1.581153849917994	0.20896475356545377
rs103303	synthetic	3304	A	G	0.37595419847328243	786	-0.006374847923713976	0.0546398795455546	0.01361194517310454	0.9071509135164727
rs103304	synthetic	3305	A	G	0.6038461538461538	780	0.17977514192601474	0.057402329204982505	9.808447017039637	0.001800906133159423
rs103305	synthetic	3306	A	G	0.07898089171974522	785	0.1006257798249269	0.10545756353691205	0.9104645727514581	0.3402819475239954
rs103306	synthetic	3307	A	G	0.4286624203821656	785	0.016740899493159	0.054558271658669714	0.09415347862388149	0.7590423734668265
rs103307	synthetic	3308	A	G	0.057034220532319393	789	-0.24290584974569476	0.11506474547549457	4.45647408366884	0.0350816055605998
rs103308	synthetic	3309	A	G	0.37420178799489145	783	0.06344556559328753	0.05521893706455267	1.3201596715716541	0.25090983214515317
rs103309	synthetic	3310	A	G	0.3305626598465473	782	-0.03032703647543467	0.05743137376967456	0.27884414995178053	0.597607534110225
rs103310	synthetic	3311	A	G	0.2050955414012739	785	-0.046388682397108034	0.0673481154432547	0.47443113148129074	0.49115713520532484
rs103311	synthetic	3312	A	G	0.22988505747126436	783	-0.045470843020048425	0.06735676071645208	0.455725810218339	0.4998251040932798
rs103312	synthetic	3313	A	G	0.26153846153846155	780	0.034592540533678856	0.06031446693165068	0.32894396982788415	0.5664441921336449
rs103313	synthetic	3314	A	G	0.1183206106870229	786	-0.024332653166011905	0.08330193549206204	0.0853235167232475	0.7702851193681602
rs103314	synthetic	3315	A	G	0.29721166032953106	789	0.009204072143988695	0.060004504892874046	0.023528395668339974	0.8781300015910839
rs103315	synthetic	3316	A	G	0.4218551461245235	787	-0.037903194496439856	0.0549942672604644	0.4750253517524483	0.49088592060250813
rs103316	synthetic	3317	A	G	0.15120711562897077	787	-0.03523091310129222	0.07485439130748141	0.2215201475845605	0.6380135035598853
rs103317	synthetic	3318	A	G	0.5102695763799743	779	0.09379365018854978	0.05748673563929012	2.6620216254242233	0.10316707144689542
rs103318	synthetic	3319	A	G	0.12244897959183673	784	0.09071507080124316	0.0821569913985261	1.2191856261737373	0.26985545773825387
rs103319	synthetic	3320	A	G	0.06560509554140127	785	0.07745589350587895	0.10656959132292967	0.5282534422344677	0.46755656589515765
rs103320	synthetic	3321	A	G	0.14222503160556257	791	0.020506784723825677	0.07619253544996554	0.07243864083403707	0.7878886707415044
rs103321	synthetic	3322	A	G	0.194125159642401	783	-0.00572345807606953	0.0675599707812851	0.007176920009710617	0.9325079977902654
rs103322	synthetic	3323	A	G	0.3657760814249364	786	-0.04682101111738787	0.05612232285380328	0.6960017007220671	0.40438168832403054
rs103323	synthetic	3324	A	G	0.010165184243964422	787	-0.25615365404887375	0.26841484178098524	0.9107266783313132	0.340212490279895
rs103324	synthetic	3325	A	G	0.2893401015228426	788	0.012325529735054847	0.06202711984148989	0.03948643778153902	0.8425390118814023
rs103325	synthetic	3326	A	G	0.37451984635083224	781	-0.08442308211844488	0.05593405868855817	2.2780840279662957	0.13161219556699444
rs103326	synthetic	3327	A	G	0.27365728900255754	782	-0.11439730574030087	0.05916505663400125	3.7385313187486204	0.05352676685945387
rs103327	synthetic	3328	A	G	0.032525510204081634	784	-0.12424831614269202	0.15460502612764496	0.6458531862603956	0.421840013320927
rs103328	synthetic	3329	A	G	0.17287917737789202	778	0.1122850452277726	0.07034668406944417	2.5477486179718545	0.11084995319471375
rs103329	synthetic	3330	A	G	0.32756410256410257	780	-0.07247426204512397	0.060999312697124906	1.4116197323233373	0.23514340597591527
rs103330	synthetic	3331	A	G	0.31426735218509	778	0.038547842274001286	0.06113078311718587	0.39763099314096734	0.5284969300188352
rs103331	synthetic	3332	A	G	0.2798459563543004	779	0.12506030812236807	0.05901360350183029	4.490913807066793	0.03438567444292334
rs103332	synthetic	3333	A	G	0.24584929757343552	783	-0.009441497187168845	0.06451195140242325	0.02141910788417806	0.8836801738881914
rs103333	synthetic	3334	A	G	0.46994884910485935	782	-0.016526799794338416	0.05622596487755945	0.0863980017835218	0.7688842053057511
rs103334	synthetic	3335	A	G	0.033672172808132145	787	-0.33225323996285794	0.14652645889065014	5.141695353684023	0.023626152391860198
rs103336	synthetic	3337	A	G	0.3848600508905852	786	0.07593426895645378	0.05570296232831229	1.8583137853222884	0.17320645084353678
rs103337	synthetic	3338	A	G	0.36025641025641025	780	-0.0016562023539444264	0.05730066365980492	0.0008354250456845672	0.9769486508381766
rs103338	synthetic	3339	A	G	0.3067602040816326	784	0.04998117106063904	0.05991722877356648	0.6958400437217608	0.4044362447898571
rs103339	synthetic	3340	A	G	0.43248407643312103	785	-0.03485992690193206	0.057078461565890165	0.3729996515092234	0.5415487253033211
rs103340	synthetic	3341	A	G	0.06675224646983312	779	0.09404479070732301	0.10979754292872192	0.7336421004007946	0.3919639321446001
rs103341	synthetic	3342	A	G	0.1040868454661558	783	0.04457306350073596	0.08787150309758628	0.2573053744093416	0.6121185024928404
rs103342	synthetic	3343	A	G	0.11181702668360864	787	-0.07452999725372349	0.08902129949201039	0.7009295204956485	0.4027237733597883
rs103343	synthetic	3344	A	G	0.32229299363057323	785	-0.07962549511542276	0.05662289487582715	1.9775166708182301	0.16004398701100175
rs103344	synthetic	3345	A	G	0.3681177976952625	781	-0.07627686549559404	0.05800386413216037	1.729305898065882	0.18887970041236024
rs103345	synthetic	3346	A	G	0.5382165605095541	785	0.03197128674608467	0.05624434434233052	0.3231190136254533	0.569900161786294
rs103346	synthetic	3347	A	G	0.3371647509578544	783	0.062199147917057884	0.0599612028503415	1.076039459335076	0.29990144528646795
rs103347	synthetic	3348	A	G	0.12163892445582586	781	-0.1448054026510339	0.08545986643417768	2.871078795687298	0.09057703633407042
rs103348	synthetic	3349	A	G	0.25064599483204136	774	0.010118316509525696	0.0630774719726975	0.02573166935411233	0.8725982254883642
rs103349	synthetic	3350	A	G	0.06345177664974619	788	0.067956057158855	0.10929885725145017	0.38656729051380007	0.5342880203872545
rs103350	synthetic	3351	A	G	0.09375	784	-0.14906227738606323	0.09356152859397741	2.538287943863353	0.11151369671056276
rs103351	synthetic	3352	A	G	0.07261146496815286	785	0.0816389352985307	0.10389938491350158	0.6174029657402073	0.43224870874161253
rs103352	synthetic	3353	A	G	0.5184948979591837	784	0.06079873605300309	0.054969743746399624	1.223324508953752	0.2690446252989835
rs103353	synthetic	3354	A	G	0.13769035532994925	788	-0.03809101467895058	0.08072376831817303	0.22266001232794821	0.6371503620454989
rs103354	synthetic	3355	A	G	0.28743654822335024	788	0.10380345402536456	0.061934963071328245	2.8090006749139365	0.09413092849848347
rs103355	synthetic	3356	A	G	0.548284625158831	787	-0.019163022547934432	0.055003542345023325	0.12137987934356224	0.7276351611862106
rs103356	synthetic	3357	A	G	0.30916030534351147	786	0.06175511644118887	0.057911803986787164	1.1371341505525507	0.2865832576390586
rs103357	synthetic	3358	A	G	0.14993564993564992	777	-0.08934046449733322	0.07438768218501811	1.4424287114399859	0.23010532522874588
rs103358	synthetic	3359	A	G	0.18421052631578946	779	0.04149134221655659	0.06870342550365889	0.36471882995587646	0.5460698444560529
rs103359	synthetic	3360	A	G	0.07390745501285347	778	0.0019236435540234333	0.10527169619818924	0.0003339073369568443	0.9854255582606313
rs103360	synthetic	3361	A	G	0.21739130434782608	782	-0.03898274733765117	0.06415225003781737	0.36925050661055825	0.5435870599206103
rs103361	synthetic	3362	A	G	0.2982005141388175	778	0.09161899077190137	0.061652392323255006	2.20836644820465	0.13766139319387
rs103362	synthetic	3363	A	G	0.4922779922779923	777	-0.010662582599555518	0.055346103940564974	0.03711510626502435	0.8472802073973094
rs103363	synthetic	3364	A	G	0.39080459770114945	783	-0.029643070791905722	0.05510944633119649	0.2893305460771318	0.5908007739383415
rs103364	synthetic	3365	A	G	0.39221938775510207	784	0.0303780087557915	0.05490316198145708	0.3061426885060508	0.5802128407961481
rs103365	synthetic	3366	A	G	0.3045977011494253	783	-0.11430436061516017	0.0614591386839221	3.4590166956624198	0.06327780566164258
rs103366	synthetic	3367	A	G	0.49935897435897436	780	0.04978818323650664	0.054995648196223296	0.8195885984243992	0.3655754436329231
rs103367	synthetic	3368	A	G	0.4480769230769231	780	-0.0665887181202184	0.05442679970586664	1.4968411428315174	0.22152145964897602
rs103368	synthetic	3369	A	G	0.33227445997458704	787	0.01341364738403448	0.059603038920473	0.050647377709282265	0.8219985724243262
rs103369	synthetic	3370	A	G	0.22762148337595908	782	0.06576218983316408	0.06355374232512975	1.0707060959361574	0.3011014520224247
rs103370	synthetic	3371	A	G	0.1759493670886076	790	-0.057491281900261954	0.07076359816383725	0.6600611464362629	0.4167821807855306
rs103371	synthetic	3372	A	G	0.23252858958068615	787	0.05298203898022893	0.06300664318313377	0.7071062097139718	0.4006596371268894
rs103372	synthetic	3373	A	G	0.19127086007702182	779	0.007425073141355963	0.07328391130644885	0.010265596533460309	0.9193226231689425
rs103373	synthetic	3374	A	G	0.13312101910828025	785	0.08466657546321618	0.08044296179531321	1.1077656225679555	0.2928887688239917
rs103374	synthetic	3375	A	G	0.24097938144329897	776	-0.05413964132285893	0.06405583533253056	0.714353785235184	0.39825717015734524
rs103375	synthetic	3376	A	G	0.2777777777777778	783	-0.046710303212970254	0.06209168917841399	0.5659244055008693	0.45210624240655595
rs103376	synthetic	3377	A	G	0.0910828025477707	785	0.08836968498899977	0.09611701433839322	0.8452906591370435	0.3581675821256777
rs103377	synthetic	3378	A	G	0.14010282776349614	778	0.015812764522904615	0.07909785969491213	0.039965582121014226	0.8415991435604621
rs103378	synthetic	3379	A	G	0.10755441741357234	781	0.021790120657861328	0.08419756752316773	0.06697615016670497	0.7958586399529408
rs103379	synthetic	3380	A	G	0.43925831202046034	782	-0.04211133823732076	0.05684348479184641	0.5488285519219432	0.45901604504216015
rs103381	synthetic	3382	A	G	0.4797211660329531	789	-0.0330321137449183	0.05551182362642967	0.35408028115176865	0.5519821748777776
rs103382	synthetic	3383	A	G	0.1	785	-0.015540713988791291	0.091947726174423	0.028566691709500224	0.8658264985822964
rs103383	synthetic	3384	A	G	0.14066496163682865	782	-0.049180928870496805	0.07734624732697344	0.40431044286665074	0.5250549762425205
rs103384	synthetic	3385	A	G	0.06418485237483953	779	-0.20648969969967337	0.10914890742620026	3.5789695197056055	0.05887954203695506
rs103385	synthetic	3386	A	G	0.2303299492385787	788	-0.08452965926676281	0.06410457058825729	1.738762423331266	0.18767640231673544
rs103386	synthetic	3387	A	G	0.26211734693877553	784	0.08420527434208429	0.06081352966431025	1.9172474481697552	0.16654987505384633
rs103387	synthetic	3388	A	G	0.08928571428571429	784	-0.04573372765912017	0.09550154627480971	0.22932552467272246	0.6321564071366245
rs103388	synthetic	3389	A	G	0.1889168765743073	794	0.021331462187054034	0.06984486628000756	0.09327650624440799	0.7601325112322931
rs103389	synthetic	3390	A	G	0.6175349428208387	787	0.06886710848146249	0.059280587857609764	1.3495801875238378	0.24570105843538
rs103390	synthetic	3391	A	G	0.25443037974683547	790	-0.025114022870052762	0.06103560634955415	0.16930354199908462	0.6808426944853674
rs103391	synthetic	3392	A	G	0.33588761174968074	783	0.14976751278468534	0.05580645667522532	7.202219241362346	0.007433165198667188
rs103392	synthetic	3393	A	G	0.08734177215189873	790	0.006901324515891403	0.09358193683649982	0.005438521377453131	0.9412308295346246
rs103393	synthetic	3394	A	G	0.506418485237484	779	-0.032577396169285074	0.05326477732726856	0.37406967898009147	0.5409695532720109
rs103394	synthetic	3395	A	G	0.2702182284980745	779	-0.005142162717980673	0.06491169086411881	0.00627546318912711	0.9368793554065277
rs103395	synthetic	3396	A	G	0.12564102564102564	780	-0.043059867200307786	0.08245489613247814	0.27271716544679747	0.6016607154229213
rs103396	synthetic	3397	A	G	0.15816326530612246	784	0.02531891067071616	0.07818105817363714	0.10487861522883173	0.7461372339193726
rs103397	synthetic	3398	A	G	0.12260536398467432	783	0.012190153893614743	0.07970154645044494	0.023392943965703683	0.8784785692637611
rs103398	synthetic	3399	A	G	0.33418367346938777	784	-0.03326499463939962	0.05830356394540416	0.32552527155444994	0.5684675520064316
rs103399	synthetic	3400	A	G	0.5115532734274711	779	0.023590100257957484	0.0550031234323041	0.18394367916254648	0.6681222650294921
rs103400	synthetic	3401	A	G	0.1961783439490446	785	0.05507149418229904	0.068113568653767	0.6537119892045952	0.41903115350945047
rs103401	synthetic	3402	A	G	0.30254777070063693	785	0.008436239049546136	0.0651947861412809	0.016744493867986446	0.897073551662791
rs103402	synthetic	3403	A	G	0.10609911054637865	787	-0.01570811371147252	0.0893744759645753	0.030890223899690872	0.8605303909058156
rs103404	synthetic	3405	A	G	0.30038265306122447	784	-0.007511767040677528	0.0603216980080019	0.015507332738733537	0.9009284414896872
rs103405	synthetic	3406	A	G	0.3371647509578544	783	0.06348581419266551	0.05766297404971463	1.2121582214561546	0.27123918553676196
rs103406	synthetic	3407	A	G	0.29884318766066836	778	-0.038363017009696604	0.05959333504696096	0.4144099051749649	0.5199257834049635
rs103407	synthetic	3408	A	G	0.2931701030927835	776	0.08679887837199877	0.05910569611545297	2.156599763328173	0.1423550666978021
rs103408	synthetic	3409	A	G	0.2436548223350254	788	0.008581990105717292	0.06266300831791308	0.01875657499210674	0.891101407220972
rs103409	synthetic	3410	A	G	0.2586427656850192	781	-0.03334388035067102	0.0624890196611379	0.284724510454307	0.5937707188043024
rs103410	synthetic	3411	A	G	0.35477707006369424	785	0.028367022157339508	0.05708936614177375	0.24689770532641878	0.6194057399107067
rs103411	synthetic	3412	A	G	0.14524421593830333	778	-0.006867893942944302	0.08053642796362287	0.007272143382140165	0.9320628097694355
rs103412	synthetic	3413	A	G	0.2708066581306018	781	0.030301306205603222	0.060759711949099515	0.2487088776791629	0.6181239672189459
rs103413	synthetic	3414	A	G	0.514030612244898	784	0.13145287027154637	0.05599359807770763	5.5114185740334865	0.019137640220596743
rs103414	synthetic	3415	A	G	0.34610472541507026	783	-0.01925582257891345	0.05750465621038943	0.11212904640304217	0.7378216969640568
rs103415	synthetic	3416	A	G	0.2140127388535032	785	-0.1453494013488288	0.06560546190406248	4.908474053907944	0.027008578606683153
rs103416	synthetic	3417	A	G	0.1913265306122449	784	-0.061738289961564344	0.07055221721191461	0.7657515048214625	0.3817995328315115
rs103417	synthetic	3418	A	G	0.3423076923076923	780	-0.010581822741556238	0.061186556204653714	0.029909485614837673	0.8627398985121018
rs103418	synthetic	3419	A	G	0.16901408450704225	781	0.08978702338905398	0.07385542921237573	1.4779586901313195	0.2244559620915127
rs103419	synthetic	3420	A	G	0.1946564885496183	786	-0.026122905910384887	0.06829572299169354	0.1463039186412968	0.7021952804842286
rs103420	synthetic	3421	A	G	0.2538167938931298	786	-0.011026776482362397	0.06278514348008007	0.03084489956890747	0.8606316985673453
rs103421	synthetic	3422	A	G	0.2152956298200514	778	0.06743372549862041	0.06715633033606824	1.0082782386645803	0.31562196754541816
rs103422	synthetic	3423	A	G	0.4815756035578145	787	-0.05810335505381251	0.05311833911040052	1.1965020490512555	0.27435407829777037
rs103423	synthetic	3424	A	G	0.2627226463104326	786	0.017350027416952365	0.06274798529904893	0.07645409618063871	0.7822335449047912
rs103424	synthetic	3425	A	G	0.5299744897959183	784	-0.0012554271584962874	0.05691275616726285	0.0004865906983337174	0.982406599711202
rs103425	synthetic	3426	A	G	0.2927295918367347	784	-0.003963154451937495	0.060019849501188834	0.004360057249069949	0.9473700029838867
rs103426	synthetic	3427	A	G	0.1867007672634271	782	0.021596655752676094	0.06918376334371343	0.09744614137235412	0.7549982207550356
rs103427	synthetic	3428	A	G	0.17261146496815286	785	0.008657375014486235	0.07363134327327238	0.013824422998806344	0.9064323599643008
rs103428	synthetic	3429	A	G	0.3796178343949045	785	-0.07585451266692009	0.056134268868094646	1.8260249369789683	0.17698315525991856
rs103429	synthetic	3430	A	G	0.13409961685823754	783	-0.10995374327870913	0.08340538649846481	1.7379282383825816	0.18778218832559435
rs103430	synthetic	3431	A	G	0.14980793854033292	781	-0.06723150081345759	0.07656198185192374	0.7711152259875772	0.3801382458612789
rs103431	synthetic	3432	A	G	0.41053299492385786	788	0.042350638539775554	0.05475963645010109	0.5981344452129926	0.4395211814669055
rs103432	synthetic	3433	A	G	0.3889593908629442	788	-0.05734342286098152	0.05582617406025986	1.055094829229463	0.3046498219022483
rs103433	synthetic	3434	A	G	0.44878361075544176	781	-0.08273504147777065	0.05583714565090741	2.1954955395648414	0.13881192769242287
rs103434	synthetic	3435	A	G	0.4120667522464698	779	0.014251232775393724	0.055779309078954065	0.06527676246704987	0.7984084667649289
rs103435	synthetic	3436	A	G	0.44891443167305234	783	-0.08143695969516031	0.0548912471530819	2.201085469745218	0.13831092054024519
rs103436	synthetic	3437	A	G	0.3427471116816431	779	0.026419165985089917	0.059982478113423686	0.1939944915904416	0.6597326568753419
rs103437	synthetic	3438	A	G	0.23278061224489796	784	0.09954051709813813	0.06624662707672072	2.2577312413343735	0.13334680543956098
rs103439	synthetic	3440	A	G	0.1461836998706339	773	-0.24933079865836147	0.07634714301658327	10.665133016414963	0.0011386214524583998
rs103440	synthetic	3441	A	G	0.13786531130876747	787	-0.025024140611902196	0.07880145569364083	0.10084395336797884	0.7509027940487194
rs103441	synthetic	3442	A	G	0.6007702182284981	779	0.024266953723216772	0.057434707515804984	0.17851786997721242	0.672764601106629
rs103442	synthetic	3443	A	G	0.33163265306122447	784	-0.024405915953996802	0.05600590335483065	0.1898989701349976	0.6631193108769661
rs103443	synthetic	3444	A	G	0.26429479034307496	787	0.10280099433700021	0.0607020086119124	2.8680618107738365	0.09074633713564269
rs103444	synthetic	3445	A	G	0.03748411689961881	787	-0.2185285924098109	0.14472048800500997	2.280113679335794	0.13144060253046436
rs103445	synthetic	3446	A	G	0.1875	784	-0.11257618547870364	0.06770714942922221	2.764547131767162	0.09676911944545276
rs103446	synthetic	3447	A	G	0.04294871794871795	780	0.08669268484855913	0.13209569394921844	0.430712608023252	0.511829871370322
rs103447	synthetic	3448	A	G	0.2824427480916031	786	-0.07323835743689225	0.06139336672067184	1.4230963045496243	0.23325123899627714
rs103448	synthetic	3449	A	G	0.4827586206896552	783	0.006819454337660773	0.05365173204479967	0.01615592236885789	0.8988887649580238
rs103449	synthetic	3450	A	G	0.1865482233502538	788	-0.04422506350723889	0.06796269631371893	0.4234437523190774	0.5154121552468041
rs103450	synthetic	3451	A	G	0.03443877551020408	784	-0.0904364783657773	0.14520908943418182	0.38788204854161196	0.5335938478563834
rs103451	synthetic	3452	A	G	0.14567430025445294	786	-0.06483537930876837	0.07858066432285671	0.6807579469555545	0.4095739721018407
rs103452	synthetic	3453	A	G	0.04071246819338423	786	-0.033755020666723375	0.1390449274903838	0.05893407297627279	0.808251458206994
rs103453	synthetic	3454	A	G	0.1483375959079284	782	-0.05748050207210559	0.07710499359143984	0.5557456793647078	0.4562003699319898
rs103454	synthetic	3455	A	G	0.5774647887323944	781	-0.03618506106192265	0.05806869093222613	0.38830639980272036	0.5333701453455199
rs103455	synthetic	3456	A	G	0.45108005082592123	787	0.07720382183576367	0.05497935517831916	1.9718701637984224	0.16064101859035484
rs103456	synthetic	3457	A	G	0.140485312899106	783	-0.08870024765465277	0.07721631824547018	1.319567116618664	0.2510161263855978
rs103457	synthetic	3458	A	G	0.0698856416772554	787	-0.15031248219713816	0.10405597767501237	2.086680824437229	0.14898358482906188
rs103458	synthetic	3459	A	G	0.032903225806451615	775	-0.17528436503363612	0.15194413416328212	1.3308174354899036	0.24900741887710107
rs103459	synthetic	3460	A	G	0.0779639175257732	776	-0.0006053033998382499	0.10272126031736434	3.4723664226664054e-05	0.9952998317557797
rs103460	synthetic	3461	A	G	0.16198979591836735	784	0.07899634078717215	0.07348301078062998	1.1556865664205245	0.28268888389342745
rs103461	synthetic	3462	A	G	0.2366412213740458	786	0.005172422685714553	0.06365351150284383	0.006603030173303834	0.9352564582464208
rs103462	synthetic	3463	A	G	0.4789540816326531	784	-0.03604264996248854	0.05608693343450358	0.4129619492751673	0.5206556991783287
rs103463	synthetic	3464	A	G	0.09188846641318124	789	0.046960955766627226	0.09571616198987824	0.24071508233690567	0.6238258510693919
rs103464	synthetic	3465	A	G	0.04236200256739409	779	-0.06537496650109488	0.13701562469064926	0.22765792254551637	0.6333973718730801
rs103465	synthetic	3466	A	G	0.01532567049808429	783	-0.08094868787434158	0.22168690801822408	0.13333357839724544	0.7150977697109026
rs103466	synthetic	3467	A	G	0.3227040816326531	784	-0.012667444353906536	0.05882987039170914	0.04636414198877348	0.8295705973207947
rs103467	synthetic	3468	A	G	0.06353240152477764	787	-0.09343876165247893	0.11263005471797471	0.6882489507343416	0.40701027512855964
rs103468	synthetic	3469	A	G	0.18494897959183673	784	0.027499494566342517	0.07601126797473806	0.1308860824070976	0.71761145903094
rs103469	synthetic	3470	A	G	0.4125159642401022	783	0.030937886561093607	0.054248422655071196	0.3252423238226186	0.5686356453961348
rs103470	synthetic	3471	A	G	0.22796934865900384	783	0.008711106868236607	0.06218531927926016	0.01962325043758611	0.888629973612742
rs103471	synthetic	3472	A	G	0.26560509554140127	785	-0.0031180277093682753	0.0647589161616957	0.002318252824575892	0.9616102256766903
rs103472	synthetic	3473	A	G	0.25225225225225223	777	0.0704399793849392	0.06550793611927545	1.1562469674294453	0.28257229669500117
rs103473	synthetic	3474	A	G	0.13157894736842105	779	-0.07841119994457056	0.09035626921430806	0.7530774070398519	0.3857661793707963
rs103474	synthetic	3475	A	G	0.34763124199743917	781	-0.09676633649639897	0.05844645288521409	2.7411467126859397	0.09819020607403235
rs103475	synthetic	3476	A	G	0.37168141592920356	791	0.012870939143579585	0.05453276676013492	0.05570644046612028	0.8134764513606972
rs103476	synthetic	3477	A	G	0.02295918367346939	784	0.044397547754823595	0.18406716167336287	0.05817887713910396	0.8094601530862425
rs103477	synthetic	3478	A	G	0.1485969387755102	784	-0.040937762487128444	0.07611767368827761	0.2892525459190381	0.5908508135759725
rs103478	synthetic	3479	A	G	0.32220795892169446	779	-0.0328421583640435	0.06226715004269755	0.2781924918767537	0.5980359060530483
rs103479	synthetic	3480	A	G	0.06896551724137931	783	0.1979116084826783	0.10609341280274545	3.4798914495517113	0.0624878904927901
rs103480	synthetic	3481	A	G	0.3125	784	0.0031472711773935175	0.0588721759450769	0.0028579074023673164	0.9573793430311984
rs103481	synthetic	3482	A	G	0.4429657794676806	789	0.03548129887855451	0.055697203525232684	0.4058188714834182	0.5242832044863177
rs103482	synthetic	3483	A	G	0.42464878671775225	783	0.039363940545399365	0.055343483865112134	0.5058993780342773	0.47712855071285865
rs103483	synthetic	3484	A	G	0.46035805626598464	782	-0.05924880885856248	0.0537934685039261	1.2131099140707131	0.2710512736866879
rs103484	synthetic	3485	A	G	0.35778061224489793	784	0.05489211430509956	0.06087282615297587	0.8131543460059251	0.36746310360372986
rs103485	synthetic	3486	A	G	0.06369426751592357	785	0.16438037623080645	0.10838113151095351	2.3003428991371773	0.12974395669500022
rs103486	synthetic	3487	A	G	0.17263427109974425	782	0.022881086636623384	0.07110915942764867	0.10353857921425352	0.7477086261396959
rs103487	synthetic	3488	A	G	0.4770700636942675	785	-0.03235638162920123	0.05818001425785509	0.30929453861234163	0.5782702914894304
rs103488	synthetic	3489	A	G	0.0489060489060489	777	-0.0574255730847156	0.12764666276208764	0.20239125623745716	0.6529205241995697
rs103489	synthetic	3490	A	G	0.1700636942675159	785	-0.028286676698161543	0.07296248776489357	0.15030194008940723	0.6983510169537517
rs103490	synthetic	3491	A	G	0.03934010152284264	788	0.025017713512917285	0.141568802030976	0.031229146557444597	0.8597752569813598
rs103491	synthetic	3492	A	G	0.22628205128205128	780	-0.0016330882070875604	0.06415312288391951	0.0006480129443912077	0.9796975698376955
rs103492	synthetic	3493	A	G	0.10307298335467349	781	-0.12246859786856142	0.09035478721029812	1.8371607418494615	0.17567000544062478
rs103493	synthetic	3494	A	G	0.17363751584283904	789	0.013473487031072954	0.06991806695214864	0.03713480877932034	0.8472401769664797
rs103494	synthetic	3495	A	G	0.0663265306122449	784	-0.06077143117874047	0.10841628594814412	0.3142026745445897	0.5752709615027747
rs103495	synthetic	3496	A	G	0.2811296534017972	779	-0.014633520512628322	0.05864404892374079	0.06226582498011739	0.8030145226200114
rs103496	synthetic	3497	A	G	0.20270270270270271	777	-0.030342801192946765	0.06868959244385398	0.19513243499723876	0.6587992592470656
rs103497	synthetic	3498	A	G	0.29846938775510207	784	-0.010570114514691706	0.060151652413758916	0.030879073433397287	0.8605553070024496
rs103498	synthetic	3499	A	G	0.4127086007702182	779	-0.010541790772889211	0.057305238029116086	0.0338407627412997	0.854092969632557
rs103499	synthetic	3500	A	G	0.12325285895806862	787	-0.007742657761543755	0.0836578243692131	0.008565781544954095	0.9262832454570016
rs103500	synthetic	3501	A	G	0.27162849872773537	786	-0.014136980333002081	0.062117988835070435	0.05179389058094657	0.8200293237429895
rs103501	synthetic	3502	A	G	0.16283524904214558	783	0.028443876973417555	0.0729939508978304	0.15184616955145255	0.6968819281145797
rs103502	synthetic	3503	A	G	0.04597701149425287	783	0.26158792322962204	0.12959149867940678	4.074575366290398	0.04386936862085727
rs103503	synthetic	3504	A	G	0.5272842639593909	788	0.07960076045239453	0.055925481559310306	2.02588583879988	0.15503202767538618
rs103504	synthetic	3505	A	G	0.1840764331210191	785	-0.017952628337326495	0.06929254545958344	0.06712480687968915	0.7956372391279062
rs103505	synthetic	3506	A	G	0.12467866323907455	778	-0.044855601763319965	0.08374886633204383	0.2868636373770385	0.5923876061276028
rs103506	synthetic	3507	A	G	0.3318356867779204	779	-0.0035791012213746026	0.06043585222686793	0.003507184883855669	0.9527906133552407
rs103507	synthetic	3508	A	G	0.25798212005108556	783	-0.015172441674601835	0.06880093363136396	0.048632017873788125	0.825517756154069
rs103508	synthetic	3509	A	G	0.39681528662420384	785	-0.06687144325186276	0.057985577485607794	1.3299686977090008	0.24915826827958742
rs103509	synthetic	3510	A	G	0.14923469387755103	784	-0.05107619789508485	0.0769459650191483	0.44062123203168774	0.5070156998840445
rs103510	synthetic	3511	A	G	0.15917843388960207	779	0.08323606831223086	0.07410172659433738	1.2617300928651325	0.26166380294358393
rs103511	synthetic	3512	A	G	0.35823754789272033	783	0.013736734521412981	0.05647689636356782	0.059159618574900034	0.8078920633885299
rs103512	synthetic	3513	A	G	0.2426751592356688	785	-0.013084344195319394	0.0637044073432932	0.04218567094485914	0.8373189668969807
rs103513	synthetic	3514	A	G	0.23794416243654823	788	-0.02193378770843121	0.06555684741002579	0.11194150734357115	0.7380329633583745
rs103514	synthetic	3515	A	G	0.15605095541401273	785	-0.016291795032007225	0.07164248355434324	0.051712628109448294	0.8201681406862918
rs103515	synthetic	3516	A	G	0.3452229299363057	785	0.05026207359388695	0.056946981645683646	0.7790034536991822	0.3777135593688713
rs103516	synthetic	3517	A	G	0.045512010113780026	791	-0.08285789571883793	0.12542978810996258	0.4363815917194149	0.5090659426612684
rs103517	synthetic	3518	A	G	0.16815856777493607	782	0.030661696117426786	0.07040169426218186	0.18968200364995297	0.6632999322297137
rs103518	synthetic	3519	A	G	0.19391634980988592	789	-0.08229284700715558	0.06737800404928629	1.4917219891209696	0.22231245322348708
rs103519	synthetic	3520	A	G	0.1768837803320562	783	0.025428915752037876	0.07034842081785081	0.13066130162555237	0.7178436479913578
rs103520	synthetic	3521	A	G	0.25412960609911056	787	-0.16030849141382347	0.06353438615861784	6.366421343258368	0.011824421122485591
rs103521	synthetic	3522	A	G	0.3102791878172589	788	0.15531010520161603	0.06399196593010868	5.890450660875214	0.015444997066443051
rs103522	synthetic	3523	A	G	0.33735705209656924	787	-0.11368107698847742	0.058954487892235265	3.7182845002123965	0.05417635297779079
rs103523	synthetic	3524	A	G	0.2087067861715749	781	0.14166894195355176	0.06692874124479126	4.480474258790391	0.03459508783935146
rs103524	synthetic	3525	A	G	0.13814955640050697	789	0.011589150873400206	0.08796039839663546	0.017359166074996813	0.8952121432042657
rs103525	synthetic	3526	A	G	0.17049808429118773	783	-0.049976045699218014	0.0742586667400093	0.45292832903985975	0.5011436787709221
rs103526	synthetic	3527	A	G	0.39987244897959184	784	0.04243745942149156	0.05709967659136499	0.552371745573607	0.4575703384227012
rs103527	synthetic	3528	A	G	0.30779054916985954	783	0.0114432921946885	0.0596356241088501	0.03682056408235387	0.8478799599792253
rs103528	synthetic	3529	A	G	0.3373879641485275	781	-0.067804776037467	0.055167525211482195	1.5106142156389664	0.21940996471369312
rs103529	synthetic	3530	A	G	0.2032051282051282	780	0.050911473019865476	0.06767935574138956	0.565872897037705	0.452126814950714
rs103530	synthetic	3531	A	G	0.2567221510883483	781	-0.05958470756569714	0.06319323000197709	0.8890547698134303	0.3460207479222543
rs103531	synthetic	3532	A	G	0.28205128205128205	780	0.08414506797858863	0.05843260144097603	2.0737045847561624	0.1502517817402795
rs103532	synthetic	3533	A	G	0.35279187817258884	788	-0.13127261846687924	0.05515507378777002	5.664705759776406	0.01754506461557554
rs103533	synthetic	3534	A	G	0.03401797175866496	779	-0.016905767510465138	0.15130406529192575	0.012484426318150534	0.9110628092577134
rs103534	synthetic	3535	A	G	0.18244949494949494	792	0.021337897857931123	0.0709607304400621	0.09042054266946434	0.7637220201736945
rs103535	synthetic	3536	A	G	0.4607594936708861	790	-0.10873831788782445	0.05475146289420214	3.9443347512575277	0.047373352417373775
rs103536	synthetic	3537	A	G	0.320659062103929	789	0.02830024520334538	0.0590374392156684	0.22978695701011279	0.6318140073001678
rs103537	synthetic	3538	A	G	0.17278481012658228	790	0.032168962533108664	0.0726591130346776	0.196017084668291	0.6580758708229096
rs103538	synthetic	3539	A	G	0.16131105398457585	778	0.01363374001305944	0.07457559016805641	0.03342232193719203	0.8549877653247079
rs103539	synthetic	3540	A	G	0.20471938775510204	784	-0.013898729464158557	0.06642000656007986	0.04378772428161449	0.8343027919702802
rs103540	synthetic	3541	A	G	0.05405405405405406	777	-0.1152406664258446	0.11863217980344909	0.9436403464630893	0.33163959134188575
rs103541	synthetic	3542	A	G	0.13491048593350383	782	0.023175945500275724	0.07641744819739964	0.09197924902238859	0.7617554164231428
rs103542	synthetic	3543	A	G	0.27989821882951654	786	-0.008255283937978076	0.060733069431880074	0.018476238894995136	0.8919132273327773
rs103543	synthetic	3544	A	G	0.5102432778489117	781	0.02743350925355402	0.053393913944401634	0.2639849794422684	0.6075386729731646
rs103544	synthetic	3545	A	G	0.3527180783817952	791	0.005056691614909462	0.054041508040246336	0.00875544084868077	0.9254739695909898
rs103545	synthetic	3546	A	G	0.28662420382165604	785	0.04530725129805123	0.061847491132641895	0.536650151588121	0.4640408026239847
rs103546	synthetic	3547	A	G	0.16259640102827763	778	-0.006875079553773573	0.07625432265353543	0.008128801535060928	0.9281829430549309
rs103547	synthetic	3548	A	G	0.2081736909323116	783	7.151616525573292e-05	0.06612662281078772	1.1696495340598472e-06	0.9991373573272376
rs103548	synthetic	3549	A	G	0.1859872611464968	785	-0.035552561675434	0.0690786501156193	0.2648830157837971	0.6069285397610477
rs103549	synthetic	3550	A	G	0.28910256410256413	780	-0.047517407057024834	0.06022573699743239	0.6225026739702302	0.43035461080235393
rs103550	synthetic	3551	A	G	0.11651728553137004	781	-0.004756068041454923	0.08176313134124193	0.003383616133269599	0.9536287799500079
rs103551	synthetic	3552	A	G	0.09102402022756005	791	-0.01791626036875506	0.09357947109814813	0.03665502819426435	0.8482181195320108
rs103552	synthetic	3553	A	G	0.01020408163265306	784	-0.024913443802907914	0.2687546180563219	0.008593214605980741	0.926165633557039
rs103553	synthetic	3554	A	G	0.1159235668789809	785	0.11064498647295073	0.08472231876271341	1.705563185218486	0.19194073909699713
rs103554	synthetic	3555	A	G	0.2786259541984733	786	-0.03445387216111177	0.06176917110627783	0.31112329451594656	0.5771491263865095
rs103555	synthetic	3556	A	G	0.05916030534351145	786	0.07017691577023744	0.11547627274750612	0.3693201807527395	0.5435490504325501
rs103556	synthetic	3557	A	G	0.3335451080050826	787	0.029471872942718323	0.05702979520454136	0.26706184707834374	0.6054536443574279
rs103557	synthetic	3558	A	G	0.1946564885496183	786	-0.05941939248880425	0.06969414238347572	0.7268819053342243	0.3941531736755936
rs103558	synthetic	3559	A	G	0.10805626598465473	782	0.1537200976972658	0.09118071866619092	2.8422042324229935	0.0922115570971234
rs103559	synthetic	3560	A	G	0.21119592875318066	786	0.057817287570083774	0.06502933602119547	0.7904907410074434	0.3742213954863534
rs103560	synthetic	3561	A	G	0.2824967824967825	777	-0.08110631031271759	0.062617946990044	1.6776897092979612	0.1956086594888568
rs103561	synthetic	3562	A	G	0.42071611253196933	782	-0.10492688833528996	0.06140614144059561	2.9197789311081612	0.0878911474013274
rs103562	synthetic	3563	A	G	0.11583011583011583	777	0.07784136156040103	0.08574549377445925	0.824134768167941	0.3642498126269765
rs103563	synthetic	3564	A	G	0.3276081424936387	786	-0.07786131136343806	0.05875142507360096	1.7563320127151378	0.18546438194562243
rs103564	synthetic	3565	A	G	0.034526854219948847	782	0.09995233830051158	0.15325211905439687	0.42537595820092794	0.5144556590729039
rs103565	synthetic	3566	A	G	0.30818414322250637	782	0.12456126053833633	0.0596525538015185	4.360215023007055	0.03710616878131124
rs103566	synthetic	3567	A	G	0.46501272264631044	786	-0.009493223123919007	0.05571206084211131	0.029035474614734224	0.8647406173589979
rs103567	synthetic	3568	A	G	0.05806451612903226	775	0.17191793127927935	0.11803171941196894	2.121509035359606	0.14563919158535618
rs103568	synthetic	3569	A	G	0.196405648267009	779	-0.09695669390461563	0.07011123219024384	1.9124073175149179	0.1670853556488229
rs103569	synthetic	3570	A	G	0.3126598465473146	782	0.0266035069719078	0.057657608292802615	0.2128945454971648	0.6446346192171538
rs103570	synthetic	3571	A	G	0.34096692111959287	786	-0.019720853638996914	0.05579782167018466	0.12491567260787928	0.7238569515507891
rs103571	synthetic	3572	A	G	0.37229987293519695	787	0.0461126769908639	0.05670003147629622	0.661415046362487	0.41630493009752284
rs103573	synthetic	3574	A	G	0.32101910828025476	785	-0.058503938868355566	0.05866022430184167	0.994678600578069	0.3189057893616786
rs103574	synthetic	3575	A	G	0.18326947637292465	783	0.09746660711767564	0.06912722431920204	1.9879866270921487	0.15894363590957428
rs103575	synthetic	3576	A	G	0.05266497461928934	788	-0.06328952442712758	0.12273390873008196	0.2659099164641293	0.6062324565833552
rs103576	synthetic	3577	A	G	0.43456162642947904	787	-0.045419803319865476	0.05436673005286357	0.6979496169173308	0.4037251438553923
rs103577	synthetic	3578	A	G	0.017285531370038413	781	0.15241532274107383	0.20853045535828485	0.5342177045740281	0.4650549210389045
rs103578	synthetic	3579	A	G	0.18464467005076143	788	0.10589196954069527	0.06978415088994157	2.302567948693258	0.12955883751560515
rs103579	synthetic	3580	A	G	0.2416452442159383	778	-0.11043791541281654	0.06388689271309167	2.98822207327369	0.08426143783500915
rs103580	synthetic	3581	A	G	0.6480304955527318	787	-0.08728346801987878	0.057698268130719224	2.28843421388532	0.13073976765577913
rs103581	synthetic	3582	A	G	0.3288804071246819	786	0.05978660775161833	0.0576951788241272	1.073813297195792	0.3004015803672823
rs103582	synthetic	3583	A	G	0.2935196950444727	787	0.0572963923878887	0.05900233548737314	0.9430096793547242	0.3318011260408895
rs103583	synthetic	3584	A	G	0.6615581098339719	783	0.04424977524729695	0.06329105469719408	0.48880706290043774	0.4846649357194485
rs103584	synthetic	3585	A	G	0.20398970398970398	777	0.03807616670837694	0.06993933658664583	0.2963899150663108	0.5863075686942965
rs103585	synthetic	3586	A	G	0.21464968152866243	785	-0.03649691923768433	0.06571530033125307	0.3084461962861463	0.5787918636947673
rs103586	synthetic	3587	A	G	0.5272842639593909	788	-0.04497816637042721	0.05355652082958586	0.7053079520223551	0.401258990862784
rs103587	synthetic	3588	A	G	0.24203821656050956	785	-0.08420038820239241	0.06560921513887365	1.6470185959118255	0.19974010846589352
rs103588	synthetic	3589	A	G	0.1387468030690537	782	-0.09701385583852451	0.07777027514754058	1.5561098837904859	0.2126039785963024
rs103589	synthetic	3590	A	G	0.343312101910828	785	-0.061842412019719926	0.05761788609709106	1.152015170932801	0.2834541996068345
rs103590	synthetic	3591	A	G	0.13312101910828025	785	-0.0931055560129418	0.08119414908452728	1.3149272526095344	0.25185035577664694
rs103591	synthetic	3592	A	G	0.31242078580481625	789	0.10262376064014113	0.05776863234310598	3.1558160375669133	0.07604018617146419
rs103592	synthetic	3593	A	G	0.455470737913486	786	0.11234586805244016	0.054122888199538303	4.308759760263317	0.038238336422896424
rs103593	synthetic	3594	A	G	0.2264516129032258	775	-0.04236165680469855	0.06502615598518002	0.42439446572767564	0.5149411377447338
rs103594	synthetic	3595	A	G	0.2850765306122449	784	-0.016725839832440373	0.059402678049735015	0.07928003219812979	0.778348926991208
rs103595	synthetic	3596	A	G	0.23979591836734693	784	0.051305778718279786	0.062445483754558676	0.6750415398233497	0.4115463421208693
rs103596	synthetic	3597	A	G	0.3040973111395647	781	-0.07086164343231902	0.05959556566249935	1.4138213903610617	0.23477897689680569
rs103597	synthetic	3598	A	G	0.2650834403080873	779	0.02596938414237018	0.0657014134836968	0.15623339679193893	0.6927545826815801
rs103598	synthetic	3599	A	G	0.15772669220945082	783	0.0587854109758557	0.07428945234611153	0.6261592547558921	0.429004242277277
rs103599	synthetic	3600	A	G	0.4674329501915709	783	-0.0006332375236856824	0.05480429189150766	0.0001335070323394282	0.9907839347272847
rs103600	synthetic	3601	A	G	0.11926020408163265	784	0.09195175797352996	0.0835829246730077	1.210277462920884	0.27161102182129604
rs103601	synthetic	3602	A	G	0.26309067688378035	783	-0.04208534531621649	0.06284614874555212	0.44844011161566244	0.5032715840523455
rs103602	synthetic	3603	A	G	0.3163659793814433	776	-0.021235500616791796	0.058608788452034065	0.13128028769879113	0.7172048056841005
rs103603	synthetic	3604	A	G	0.1235595390524968	781	-0.12230572014694399	0.08375953186402237	2.1321858432632697	0.1446309947938357
rs103605	synthetic	3606	A	G	0.3111395646606914	781	-0.130131684836404	0.05878759895013705	4.899983977283233	0.02714083016230982
rs103606	synthetic	3607	A	G	0.18877551020408162	784	-0.1677079488828692	0.06918864388418719	5.875402964495201	0.015576548855330443
rs103607	synthetic	3608	A	G	0.42464878671775225	783	0.02788263429535368	0.06037764685288626	0.21326286509074735	0.6443485926205244
rs103608	synthetic	3609	A	G	0.10012836970474968	779	0.05893947199816925	0.08812409651538602	0.44732495509360587	0.5038026829752286
rs103609	synthetic	3610	A	G	0.4142125480153649	781	-0.046639602306326244	0.05517998308419161	0.7144083979696575	0.3982391461848869
rs103610	synthetic	3611	A	G	0.09642401021711366	783	-0.1930752643182747	0.09210206916245296	4.394550927723334	0.03637029247712626
rs103611	synthetic	3612	A	G	0.010217113665389528	783	0.39480437607461594	0.2543757424993176	2.408865364053374	0.12104876663396971
rs103612	synthetic	3613	A	G	0.41923076923076924	780	0.05341405146279053	0.05400947064237015	0.9780728409841151	0.32297671096094127
rs103613	synthetic	3614	A	G	0.22407170294494239	781	-0.06018018896243353	0.06595231817243323	0.8326202395233977	0.36179326723681193
rs103614	synthetic	3615	A	G	0.194125159642401	783	0.02784849440470491	0.06734690302313064	0.17098900396059702	0.6793461385100966
rs103615	synthetic	3616	A	G	0.3797953964194373	782	-0.06556687039741063	0.05572855537896641	1.3842461964483483	0.23973223446463426
rs103616	synthetic	3617	A	G	0.3967948717948718	780	-0.020832877609249408	0.05487596147504068	0.14412331399189168	0.704317450544292
rs103617	synthetic	3618	A	G	0.12371794871794872	780	0.2251815267828635	0.08892766199733504	6.411974256647175	0.011527255134459465
rs103618	synthetic	3619	A	G	0.17155612244897958	784	0.0891554844932389	0.07136572764001481	1.5606903046610923	0.21193279263158493
rs103619	synthetic	3620	A	G	0.082687338501292	774	-0.053583404357188634	0.09931595806679243	0.2910868136442386	0.589676367557504
rs103620	synthetic	3621	A	G	0.20843989769820973	782	-0.02118096879556123	0.07191615637223218	0.0867438521803795	0.7684353004443724
rs103621	synthetic	3622	A	G	0.07716836734693877	784	0.09673790810951212	0.09698208676447001	0.9949707978006174	0.3188347636384803
rs103622	synthetic	3623	A	G	0.42573623559539053	781	0.08296960267392083	0.05824861541072592	2.02892880388443	0.15472274102059078
rs103623	synthetic	3624	A	G	0.17305236270753513	783	-0.005744034794514848	0.07177277587435166	0.006404933683332304	0.9362329280494738
rs103624	synthetic	3625	A	G	0.38917525773195877	776	0.056636088514274555	0.054763567114449914	1.0695548118626292	0.3013613035404753
rs103625	synthetic	3626	A	G	0.36942675159235666	785	-0.057077246812348124	0.05523955694718652	1.0676420222639789	0.3017936717636915
rs103626	synthetic	3627	A	G	0.044642857142857144	784	-0.10536878852810733	0.13441719242548028	0.614489312069512	0.43333656744627697
rs103627	synthetic	3628	A	G	0.33951406649616367	782	0.1111343177757684	0.05853363907886659	3.6048344513059005	0.05797456863046969
rs103629	synthetic	3630	A	G	0.36311787072243346	789	-0.0442573977070874	0.05756943870520662	0.5910003773290918	0.442261428725084
rs103630	synthetic	3631	A	G	0.5070694087403599	778	-0.05084285832600072	0.054750464270388786	0.8623514614580067	0.35336405583278324
rs103631	synthetic	3632	A	G	0.08819796954314721	788	-0.005636409220302071	0.0947887157406815	0.003535833082714442	0.9525984186917026
rs103632	synthetic	3633	A	G	0.2580025608194622	781	0.10457957845045412	0.06407761082079069	2.663674499261231	0.10306032576961188
rs103633	synthetic	3634	A	G	0.18958868894601544	778	0.014723695670881673	0.06978499390725033	0.044515327695023546	0.8329519653471169
rs103634	synthetic	3635	A	G	0.38407643312101913	785	0.03357586444171557	0.05432336658896158	0.38201555960112277	0.5367039765802737
rs103635	synthetic	3636	A	G	0.05167958656330749	774	-0.09269416707813412	0.1208766996347314	0.5880572725770703	0.4433995760733931
rs103636	synthetic	3637	A	G	0.2893401015228426	788	0.06895691896750192	0.05799965318378706	1.4135295899459568	0.23482723775005873
rs103637	synthetic	3638	A	G	0.13694267515923567	785	-0.002481300012133384	0.079564634277719	0.0009725645010232493	0.9751290787398423
rs103638	synthetic	3639	A	G	0.17413572343149808	781	-0.018416875533805915	0.07052727982896105	0.06818952078836536	0.7940591074534797
rs103639	synthetic	3640	A	G	0.29102564102564105	780	0.03493363234509085	0.060321763306364656	0.3353817558568402	0.5626716292866466
rs103640	synthetic	3641	A	G	0.4354219948849105	782	0.045144132413989374	0.054560174009436926	0.6846224379957031	0.40824845008193483
rs103641	synthetic	3642	A	G	0.2631578947368421	779	0.03075209494572385	0.06445305712781314	0.22764723019360983	0.6334053466904509
rs103642	synthetic	3643	A	G	0.38273195876288657	776	-0.0009606081759694142	0.059550221208677055	0.00026021108840156004	0.9871338921369655
rs103643	synthetic	3644	A	G	0.4717948717948718	780	0.07585786115121465	0.05410096089430523	1.966034928950114	0.16126067807828262
rs103644	synthetic	3645	A	G	0.3416988416988417	777	0.046514352029603134	0.05694194219860509	0.667281982440558	0.41424617203741687
rs103645	synthetic	3646	A	G	0.044287548138639284	779	-0.04286722277250299	0.13433019502392451	0.10183648605855966	0.7497208515385775
rs103646	synthetic	3647	A	G	0.45302445302445304	777	0.028544775739094648	0.05535082080604534	0.2659531507076781	0.6062031876651691
rs103647	synthetic	3648	A	G	0.05844980940279543	787	0.1127179700887814	0.11550153519630524	0.9523811799196399	0.32941152980075156
rs103648	synthetic	3649	A	G	0.33864795918367346	784	0.012501871276717133	0.05709191383930774	0.047951350430704226	0.8267235565685196
rs103649	synthetic	3650	A	G	0.12325285895806862	787	0.019212204533102215	0.08347224137241592	0.05297491305099461	0.8180246284690127
rs103650	synthetic	3651	A	G	0.33142493638676845	786	0.14607028869507674	0.05729831171438596	6.498904030057512	0.010981297310887057
rs103651	synthetic	3652	A	G	0.10102960102960103	777	0.09856240052750614	0.08767921449336458	1.2636571062725637	0.261300146641624
rs103652	synthetic	3653	A	G	0.2066326530612245	784	-0.08429737802519195	0.065775282294375	1.6424898401700634	0.20035879116107563
rs103653	synthetic	3654	A	G	0.11596958174904944	789	-0.07509443624471163	0.09050171850176313	0.6884967121624452	0.40692588470769325
rs103655	synthetic	3656	A	G	0.25255102040816324	784	0.05359532296165676	0.06258650528172917	0.7333180595603813	0.3920684711648401
rs103656	synthetic	3657	A	G	0.5593869731800766	783	-0.05794662719166759	0.05558826399911233	1.08665104675231	0.2975321074676444
rs103657	synthetic	3658	A	G	0.22186700767263426	782	-0.10704445259767903	0.06909055045125848	2.4004409431492104	0.12170002987691056
rs103658	synthetic	3659	A	G	0.1285166240409207	782	-0.10150411605924509	0.08172431058155095	1.5426406664549288	0.2145923702652731
rs103659	synthetic	3660	A	G	0.35596446700507617	788	-0.04091395317170135	0.05607182542502309	0.532418941698153	0.46580712977197464
rs103660	synthetic	3661	A	G	0.05	790	0.031879382546327516	0.12275446962863648	0.06744428795212642	0.7951623059833712
rs103661	synthetic	3662	A	G	0.13214739517153748	787	0.017317259133520578	0.07949635459930378	0.04745302289100085	0.8276120398839107
rs103662	synthetic	3663	A	G	0.3595360824742268	776	0.07901048141699632	0.05532983136502618	2.0391572738615706	0.15368824831931097
rs103663	synthetic	3664	A	G	0.22385204081632654	784	-0.056405521666780915	0.06827804049209518	0.6824661927579291	0.408987264329251
rs103664	synthetic	3665	A	G	0.45897435897435895	780	-0.006841546040343084	0.05412760072324191	0.015976106762715363	0.8994500133603665
rs103665	synthetic	3666	A	G	0.19743589743589743	780	0.023739158003621898	0.06801166045561301	0.12183269921832102	0.7271478761505079
rs103666	synthetic	3667	A	G	0.3732394366197183	781	-0.03652074826500432	0.054675656023666655	0.4461607165841245	0.5043581809530833
rs103667	synthetic	3668	A	G	0.05512820512820513	780	0.04133759820000065	0.11662315471138097	0.12563796952224704	0.7230925556136735
rs103668	synthetic	3669	A	G	0.29783163265306123	784	-0.05538610986067502	0.05742503880508486	0.9302488266398496	0.335092301626412
rs103669	synthetic	3670	A	G	0.4106002554278416	783	-0.04738146700785975	0.05589897536427014	0.718471113123607	0.3969016220417073
rs103670	synthetic	3671	A	G	0.05534351145038168	786	0.010948564818356482	0.1213485899295447	0.008140384511719254	0.9281319328789458
rs103671	synthetic	3672	A	G	0.13110539845758354	778	0.18936354716762788	0.08255164343152513	5.261884528136734	0.022058052654312342
rs103672	synthetic	3673	A	G	0.2639949109414758	786	-0.012515021431659236	0.061531392153968835	0.0413684942011875	0.8388804685807036
rs103673	synthetic	3674	A	G	0.24107142857142858	784	-0.01337301543419024	0.06265520381260098	0.045555875519260415	0.8310400297044451
rs103674	synthetic	3675	A	G	0.14294790343074967	787	-0.09912083650034487	0.07744962494343682	1.6379146937120193	0.20098610305870704
rs103675	synthetic	3676	A	G	0.2544529262086514	786	-0.030578142217347778	0.061216949867313325	0.24950475012796997	0.6175625685000422
rs103676	synthetic	3677	A	G	0.33163265306122447	784	-0.09809750410417882	0.055095662876048265	3.1701593317703125	0.07537790442196088
rs103677	synthetic	3678	A	G	0.2900763358778626	786	-0.05328988492166875	0.058586939482168435	0.8273474672268177	0.36331702774888
rs103678	synthetic	3679	A	G	0.3062261753494282	787	-0.03081152792999381	0.059422908847580766	0.2688553331798696	0.6042453074163328
rs103679	synthetic	3680	A	G	0.2915601023017903	782	0.02764000021917719	0.058143138553108466	0.22598475470283477	0.6346480998990103
rs103680	synthetic	3681	A	G	0.13473818646232438	783	-0.009095418265526086	0.08351603818702477	0.011860570589380781	0.9133044027951682
rs103681	synthetic	3682	A	G	0.42902408111533585	789	0.024541494987166113	0.052180364042961266	0.22120137416776972	0.6382553742167306
rs103682	synthetic	3683	A	G	0.397172236503856	778	-0.01581453177157146	0.057332294914433875	0.07608762421651691	0.7827429377252495
rs103683	synthetic	3684	A	G	0.37853470437017994	778	0.010341837316982053	0.05567983760151199	0.03449844212665293	0.8526980681674498
rs103684	synthetic	3685	A	G	0.4636942675159236	785	-0.03773620752788663	0.055649494510416744	0.45982656290823354	0.49790285282130725
rs103685	synthetic	3686	A	G	0.27579617834394904	785	0.03932905810988991	0.06017705436202386	0.4271350795539061	0.5135875341546862
rs103686	synthetic	3687	A	G	0.07458912768647281	791	-0.06498150686825271	0.10116923817535038	0.41255570467039193	0.5208608123126597
rs103687	synthetic	3688	A	G	0.1851145038167939	786	-0.01981914947815296	0.06935402146735686	0.08166326305999434	0.775130563863179
rs103688	synthetic	3689	A	G	0.12532133676092544	778	0.07817066199004372	0.08466785838762192	0.8524137177395018	0.3561512330764101
rs103689	synthetic	3690	A	G	0.20178799489144317	783	0.05635116366266338	0.07116511517114779	0.6270056645718963	0.42869257850171016
rs103690	synthetic	3691	A	G	0.13307984790874525	789	-0.02255947968312806	0.08182932116940994	0.07600466701993887	0.7828584306527613
rs103691	synthetic	3692	A	G	0.18861892583120204	782	0.034474215989085705	0.06945834044538729	0.24634286688509263	0.6197995739647874
rs103692	synthetic	3693	A	G	0.17752234993614305	783	0.05457396499645228	0.07037656866741707	0.6013327255575954	0.4383011651305677
rs103693	synthetic	3694	A	G	0.29961832061068705	786	-0.05102305023948345	0.059490123540266455	0.735602326516798	0.3913323947908461
rs103694	synthetic	3695	A	G	0.4100765306122449	784	0.03305757903868869	0.0568918896982032	0.33763026625710124	0.5613653849370709
rs103695	synthetic	3696	A	G	0.028314028314028315	777	0.05716444693701868	0.17016571135510514	0.1128516478496006	0.7370095045735532
rs103696	synthetic	3697	A	G	0.2237851662404092	782	-0.009830810831745975	0.06521845119035906	0.02272153756596207	0.8802217948467873
rs103697	synthetic	3698	A	G	0.4454428754813864	779	-0.040106303330652494	0.056984953153220025	0.4953416849402918	0.4817607294029788
rs103698	synthetic	3699	A	G	0.15172855313700384	781	-0.03837418927753785	0.07775184614101698	0.243588626865403	0.6217628067340185
rs103699	synthetic	3700	A	G	0.06658130601792574	781	-0.007337788833444551	0.11372296942472267	0.004163264821979719	0.9485697634204244
rs103700	synthetic	3701	A	G	0.1376440460947503	781	-0.014839372781228355	0.07742288515694834	0.03673604406981812	0.8480525202186519
rs103701	synthetic	3702	A	G	0.22929936305732485	785	0.02273088777874015	0.06404731016874446	0.12595952246067038	0.7227530566560323
rs103702	synthetic	3703	A	G	0.08045977011494253	783	-0.058464283767163304	0.09925434066194526	0.34696226938869756	0.5560055258908709
rs103704	synthetic	3705	A	G	0.11360718870346598	779	-0.06144679078795218	0.0834407149878893	0.5423034630354521	0.4616974475513898
rs103705	synthetic	3706	A	G	0.12292993630573248	785	-0.005770462834753016	0.08184829182512146	0.004970522640003474	0.9438119367418486
rs103707	synthetic	3708	A	G	0.3741976893453145	779	0.04814838981381594	0.05631091242114769	0.7311027325824185	0.3927842333204711
rs103708	synthetic	3709	A	G	0.21237244897959184	784	-0.06486385541521614	0.06535560539878583	0.985008172965863	0.3212682226678081
rs103709	synthetic	3710	A	G	0.31441326530612246	784	0.08376401197679967	0.06168969029291356	1.843697898249509	0.17490437615205873
rs103711	synthetic	3712	A	G	0.14040660736975857	787	-0.040955635388600205	0.0780786211205325	0.2751459128293102	0.600047146346666
rs103712	synthetic	3713	A	G	0.6581306017925737	781	0.011078718585676358	0.057127125671049925	0.03760921902704883	0.8462796027341578
rs103713	synthetic	3714	A	G	0.14713375796178343	785	-0.033275458075338986	0.07735670938066179	0.18503424433565538	0.6671989859446797
rs103714	synthetic	3715	A	G	0.03836317135549872	782	-0.15105357672179143	0.13893127730149282	1.182121100096203	0.27725495775818865
rs103715	synthetic	3716	A	G	0.42041078305519897	779	-0.004735748655901109	0.055672389246053146	0.007235983525655527	0.9322315164706938
rs103716	synthetic	3717	A	G	0.3575063613231552	786	0.014464975449630293	0.056725322744567125	0.06502516317908572	0.7987889694630197
rs103717	synthetic	3718	A	G	0.2880710659898477	788	0.022412608965157926	0.060312673475796615	0.1380917293359493	0.7102847767476963
rs103718	synthetic	3719	A	G	0.033121019108280254	785	-0.10566197446799178	0.1506777210432189	0.49174432640360166	0.4833559550435975
rs103719	synthetic	3720	A	G	0.31835686777920413	779	0.03264667023578861	0.057731449313376426	0.3197811531010243	0.5718991513772246
rs103720	synthetic	3721	A	G	0.3202033036848793	787	-0.039397414369777034	0.060900298912332756	0.4185010885968483	0.5178731229323358
rs103721	synthetic	3722	A	G	0.6243589743589744	780	-0.10600008053506259	0.05972627515743048	3.1497894861941957	0.076320321092245
rs103722	synthetic	3723	A	G	0.1641318124207858	789	-0.13080726051771144	0.07090462815978975	3.4034120572706583	0.06543444188068447
rs103724	synthetic	3725	A	G	0.3184713375796178	785	-0.053504175074579205	0.0584459467113051	0.8380434759431452	0.360235222108759
rs103725	synthetic	3726	A	G	0.525706940874036	778	-0.1316100415560812	0.05354042853193901	6.042468105127874	0.01417857876823131
rs103726	synthetic	3727	A	G	0.16966580976863754	778	0.07588310040407281	0.07823561110570354	0.9407650510161487	0.3323769021185475
rs103727	synthetic	3728	A	G	0.12786259541984732	786	0.03285479767814715	0.08287473663764194	0.1571640716845446	0.6918876753092915
rs103728	synthetic	3729	A	G	0.16666666666666666	783	-0.0637470428923144	0.07630942746278753	0.6978525931889451	0.40375780884268836
rs103729	synthetic	3730	A	G	0.12307692307692308	780	-0.06922917709554273	0.08213765574110202	0.7103849161191664	0.39957019646298536
rs103730	synthetic	3731	A	G	0.22593068035943517	779	-0.02670287195430111	0.06522300460352104	0.16761556435215486	0.6823502412115126
rs103731	synthetic	3732	A	G	0.233921815889029	793	-0.06931230330542455	0.0641474172768478	1.1675145762572972	0.28024101640565025
rs103732	synthetic	3733	A	G	0.15330788804071246	786	-0.010614878049157594	0.07499290010835692	0.020035017236670307	0.8874752785247576
rs103734	synthetic	3735	A	G	0.14276568501920614	781	-0.062430918205020176	0.0812758508847564	0.5900331263832196	0.4426349826064778
rs103735	synthetic	3736	A	G	0.27365728900255754	782	0.023658693059695618	0.0601840912155114	0.1545318791381081	0.6943472681744972
rs103736	synthetic	3737	A	G	0.08717948717948718	780	0.014458097361687643	0.09893911286953849	0.021354345547322105	0.8838549064185116
rs103737	synthetic	3738	A	G	0.1372299872935197	787	0.0017333930753681756	0.08260618271897625	0.00044032060338721396	0.9832638430703653
rs103738	synthetic	3739	A	G	0.4030612244897959	784	-0.031918714682576885	0.055121608967674596	0.335310395225659	0.5627131810376086
rs103739	synthetic	3740	A	G	0.023717948717948717	780	0.02628534739091397	0.17560511215435182	0.022405422230700186	0.8810516698314114
rs103740	synthetic	3741	A	G	0.4328263624841572	789	0.03840643675615074	0.05605112172444661	0.4695041291095759	0.49341561748417667
rs103741	synthetic	3742	A	G	0.24808673469387754	784	-0.04399228681854798	0.060967280916913016	0.5206662456960254	0.47077031174839157
rs103742	synthetic	3743	A	G	0.4219948849104859	782	-0.0436125177952576	0.05702270368244068	0.5849607263731161	0.44460195585305123
rs103743	synthetic	3744	A	G	0.25699745547073793	786	0.015942860859685215	0.062455820913791406	0.06516083929676537	0.7985836843466753
rs103744	synthetic	3745	A	G	0.6368821292775665	789	0.04314328418835797	0.05659985967796333	0.5810261708317567	0.4461370302684608
rs103745	synthetic	3746	A	G	0.33889602053915274	779	-0.0358994240484341	0.056470439892598145	0.4041407289435455	0.5251419351269321
rs103746	synthetic	3747	A	G	0.16941624365482233	788	-0.06318471161730767	0.07247965064106951	0.7599619223714529	0.38360429027857673
rs103747	synthetic	3748	A	G	0.2541191381495564	789	-0.0015528843814982005	0.06373995909610311	0.0005935464106726964	0.980569343547024
rs103748	synthetic	3749	A	G	0.42312579415501905	787	0.04238547307249379	0.05407370431178408	0.6144150226153482	0.43336435902135384
rs103749	synthetic	3750	A	G	0.21446862996158772	781	-0.015796206927334647	0.06675421046364313	0.055994877807565284	0.813003116842661
rs103750	synthetic	3751	A	G	0.40063694267515926	785	0.038485748759692226	0.05421589957392354	0.5039025364671011	0.47799905875886456
rs103751	synthetic	3752	A	G	0.2713730569948187	772	-0.033517265536561015	0.061312691062660976	0.2988384009835711	0.5847653369213024
rs103752	synthetic	3753	A	G	0.479539641943734	782	0.006286436705792283	0.05740809544029392	0.01199120469032792	0.9128301683700923
rs103753	synthetic	3754	A	G	0.19540229885057472	783	-0.001249300778885042	0.06897610166455406	0.00032804749835510413	0.9855539957824433
rs103754	synthetic	3755	A	G	0.13427109974424553	782	0.001907560963982729	0.07906322950241346	0.0005821136095057515	0.9807573519471322
rs103755	synthetic	3756	A	G	0.056847545219638244	774	-0.1605687397676776	0.11407401880546736	1.9812921267825478	0.15964620286297643
rs103756	synthetic	3757	A	G	0.14512040557667935	789	0.053853559164425815	0.0748529368221914	0.5176201010400976	0.4720706161636238
rs103757	synthetic	3758	A	G	0.26962025316455696	790	0.004971891699037785	0.060636204902599466	0.006723250553003873	0.9346710383183784
rs103758	synthetic	3759	A	G	0.28498727735368956	786	-0.004979169373392741	0.06004203763475432	0.00687706223455452	0.9339296742984298
rs103759	synthetic	3760	A	G	0.34076433121019106	785	0.11193753119240224	0.05539820700993432	4.082818094344217	0.043657013819893134
rs103760	synthetic	3761	A	G	0.29336734693877553	784	-0.02328784143866204	0.06123800042162155	0.14461604095893543	0.7038363282174988
rs103761	synthetic	3762	A	G	0.3005082592121982	787	0.007155066463310051	0.06043195310699425	0.014018259124637653	0.9057817162708522
rs103762	synthetic	3763	A	G	0.38010204081632654	784	-0.05726524869314674	0.056126949501329904	1.0409729019184806	0.3079064663815399
rs103763	synthetic	3764	A	G	0.22681067344345615	787	-0.0866586994350165	0.06491547024970463	1.7820829651919603	0.18227687014203708
rs103764	synthetic	3765	A	G	0.3153153153153153	777	0.03923115244452599	0.05860726898030253	0.4480837182017256	0.5034412141302448
rs103765	synthetic	3766	A	G	0.3152454780361757	774	-0.014863500298456003	0.0593140559458265	0.0627952722140993	0.802196141112865
rs103766	synthetic	3767	A	G	0.5909669211195929	786	0.03812746679979524	0.056308636799240794	0.45848578608446294	0.4985299693580711
rs103767	synthetic	3768	A	G	0.3435114503816794	786	0.0262504826472345	0.05740512790066289	0.20910923243717075	0.6475917237437009
rs103768	synthetic	3769	A	G	0.08419023136246787	778	-0.009835170546804257	0.09361811649234524	0.011036820817231528	0.9163577213542135
rs103769	synthetic	3770	A	G	0.4980744544287548	779	0.05955677927930035	0.053385524265164644	1.2445586961622854	0.2649322336585126
rs103770	synthetic	3771	A	G	0.25	778	0.004767311450835791	0.06373100488959776	0.005595585271437834	0.9403898073691743
rs103771	synthetic	3772	A	G	0.3921694480102696	779	-0.10428058440592043	0.055718960805184285	3.502683502173418	0.0616374289702976
rs103772	synthetic	3773	A	G	0.4711168164313222	779	0.05989853132720169	0.058790915607164214	1.038034767795302	0.3085897010716824
rs103773	synthetic	3774	A	G	0.16475095785440613	783	-0.07176645817782595	0.07335171542237909	0.957243612854284	0.3281807029037429
rs103774	synthetic	3775	A	G	0.43517329910141206	779	0.058830376356264535	0.05667137767190232	1.0776449860806723	0.2995414097629048
rs103775	synthetic	3776	A	G	0.12436548223350254	788	0.015273965814962324	0.08099859593874985	0.03555892696329698	0.8504775075649145
rs103776	synthetic	3777	A	G	0.12988650693568726	793	-0.12117782696787129	0.0857595499418834	1.9965552554945738	0.15804952230060246
rs103777	synthetic	3778	A	G	0.15512820512820513	780	0.022640655026835	0.07559246248539625	0.08970589608778091	0.7646298639413354
rs103778	synthetic	3779	A	G	0.3037974683544304	790	0.04542594639908477	0.062091674845867875	0.5352309504104369	0.46463205586244416
rs103779	synthetic	3780	A	G	0.011494252873563218	783	0.21176251096732224	0.24389258445162887	0.753877817018915	0.3855139437807368
rs103780	synthetic	3781	A	G	0.6213282247765006	783	-0.04280229215696462	0.056431244034746225	0.5753005711743869	0.44838562784532526
rs103781	synthetic	3782	A	G	0.15222929936305732	785	0.02205384225426141	0.07538003968284013	0.08559646004202484	0.7699283524723576
rs103782	synthetic	3783	A	G	0.31226053639846746	783	-0.0550251298274028	0.058158442563096366	0.8951516487781899	0.3443732634232945
rs103783	synthetic	3784	A	G	0.16043814432989692	776	-0.10799693593555651	0.07460859315999382	2.095294949327747	0.14814839933148596
rs103785	synthetic	3786	A	G	0.034526854219948847	782	-0.09302851975139995	0.14996795711612723	0.38480018330314425	0.5352236099609492
rs103786	synthetic	3787	A	G	0.20652173913043478	782	0.042840958847735366	0.06587138124478419	0.4229848616732553	0.5156397755743726
rs103787	synthetic	3788	A	G	0.2483912483912484	777	-0.08084845589261522	0.05974722511847371	1.8310827864043342	0.17638532617578306
rs103788	synthetic	3789	A	G	0.24587039390088947	787	0.08848932001051717	0.06500671309179912	1.8529568268432917	0.17382655207649783
rs103789	synthetic	3790	A	G	0.06496815286624204	785	-0.06368067305258215	0.1101671612397057	0.33412653905330403	0.5634033778950819
rs103790	synthetic	3791	A	G	0.2926208651399491	786	-0.0027061785583711597	0.05865821978813695	0.00212840926352854	0.9632145151114606
rs103791	synthetic	3792	A	G	0.06679389312977099	786	0.06997605595618582	0.10725533004876514	0.4256583471582678	0.5143161280587224
rs103792	synthetic	3793	A	G	0.3377862595419847	786	0.03290944802013495	0.05870547474962584	0.31425629579563347	0.575238364321472
rs103793	synthetic	3794	A	G	0.08778625954198473	786	-0.013003774815463004	0.09745838556366064	0.017803297734569134	0.8938879647775193
rs103794	synthetic	3795	A	G	0.10063291139240506	790	0.18913854371963187	0.08812632280502725	4.606263561030764	0.032158199387068466
rs103795	synthetic	3796	A	G	0.2755754475703325	782	0.0700830365679805	0.06070931417296758	1.3326471291181712	0.24868260145012044
rs103796	synthetic	3797	A	G	0.2889733840304182	789	-0.0776201242556253	0.05839543601435858	1.7668140992893497	0.18415913171641507
rs103797	synthetic	3798	A	G	0.09795134443021766	781	-0.012183583319766314	0.09239272619572694	0.017388996160753296	0.8951226686958883
rs103798	synthetic	3799	A	G	0.4012820512820513	780	0.02649732343344497	0.054399847623147986	0.2372513254305873	0.6263330458208566
rs103799	synthetic	3800	A	G	0.35913705583756345	788	0.04954132542431548	0.05856306874088826	0.7156284390297406	0.39783680080182016
rs103800	synthetic	3801	A	G	0.1445859872611465	785	0.0403288636610616	0.07290938768620776	0.30596029320915547	0.5803256541049616
rs103801	synthetic	3802	A	G	0.058524173027989825	786	0.18813629330016993	0.11865122247894977	2.5142052683549965	0.11322315979482937
rs103802	synthetic	3803	A	G	0.1855146124523507	787	0.03965485552962332	0.07100317991610733	0.3119156355906797	0.5766647028452944
rs103803	synthetic	3804	A	G	0.16477272727272727	792	0.014757526646887415	0.07186468966152242	0.04216926614322173	0.8373501582241941
rs103804	synthetic	3805	A	G	0.4344783715012723	786	-0.1280839501197604	0.05585659190604023	5.25824186081014	0.02210395395415802
rs103805	synthetic	3806	A	G	0.21099744245524296	782	0.03210760531149541	0.06698428868046472	0.22975762412880332	0.6318357607904368
rs103806	synthetic	3807	A	G	0.23257287705956908	789	-0.16349206286719864	0.06444409993885454	6.436162820316714	0.011372594078735051
rs103807	synthetic	3808	A	G	0.46124523506988563	787	0.1049515826428545	0.05513019752313978	3.6240892716437823	0.057310490549873985
rs103808	synthetic	3809	A	G	0.3561381074168798	782	-0.014455311647398633	0.057323658156890916	0.06358975086678813	0.8009749434135227
rs103809	synthetic	3810	A	G	0.4496815286624204	785	0.08978756682393675	0.05471244434856757	2.69314768480881	0.10117707418905145
rs103810	synthetic	3811	A	G	0.08343949044585987	785	0.26450805114371895	0.10009425920572933	6.983279939072903	0.008389741625151746
rs103811	synthetic	3812	A	G	0.2227214377406932	779	-0.12613272240967044	0.06565553539740403	3.6907348407939855	0.055073713676265304
rs103812	synthetic	3813	A	G	0.1399229781771502	779	-0.05314391213464857	0.07685516078822446	0.4781464897578779	0.489465465099701
rs103813	synthetic	3814	A	G	0.17374517374517376	777	0.012492164593279004	0.0688941446686738	0.032878407216679666	0.8561595723780782
rs103814	synthetic	3815	A	G	0.24776500638569604	783	-0.04082956148233729	0.06318170535364144	0.4176060129827811	0.5183209881139285
rs103815	synthetic	3816	A	G	0.5160875160875161	777	-0.04184169702791424	0.055043012501579315	0.5778487675369084	0.4473827114560162
rs103816	synthetic	3817	A	G	0.210292249047014	787	-0.13508376756661072	0.06524290588477544	4.286864314081956	0.038731050442071334
rs103817	synthetic	3818	A	G	0.23252858958068615	787	0.09161564803492739	0.06478162778627654	2.000025822344067	0.15768900971932392
rs103818	synthetic	3819	A	G	0.5255754475703325	782	-0.11406618534730734	0.053534847365180126	4.539841580720038	0.033421745753288816
rs103819	synthetic	3820	A	G	0.375	784	-0.009803535321630245	0.05659566327021704	0.03000537976922591	0.8625222278609961
rs103820	synthetic	3821	A	G	0.03384418901660281	783	0.09592496155474979	0.14674538760616151	0.4273014319547548	0.5135055714867808
rs103821	synthetic	3822	A	G	0.08555133079847908	789	0.035170512363319535	0.09573349310368501	0.13496761669041965	0.7134340637172024
rs103822	synthetic	3823	A	G	0.2072704081632653	784	-0.06262350245722322	0.06759645072933337	0.85827590566474	0.3545034741616524
rs103823	synthetic	3824	A	G	0.02362707535121328	783	-0.15359560822599358	0.18328760659897492	0.7022494306547343	0.40228138552950604
rs103824	synthetic	3825	A	G	0.41217948717948716	780	0.020414159591277965	0.05713339682831716	0.1276682543596075	0.720957097122039
rs103825	synthetic	3826	A	G	0.4321705426356589	774	0.007694621839436494	0.05550733867921791	0.01921647613099903	0.8897828622985493
rs103826	synthetic	3827	A	G	0.11424903722721438	779	0.08177790651905698	0.08309882898081153	0.9684610741828856	0.325364434241718
rs103827	synthetic	3828	A	G	0.35279187817258884	788	-0.07681590762483682	0.05811653248521901	1.7470403842549689	0.18663039814254898
rs103828	synthetic	3829	A	G	0.2980769230769231	780	0.03099582856554822	0.06096835736768777	0.25846248281148354	0.6113198182792595
rs103829	synthetic	3830	A	G	0.5674807197943444	778	-0.04064476549301978	0.05915197359207955	0.47213996732220154	0.49220522048674553
rs103830	synthetic	3831	A	G	0.5019329896907216	776	0.12032079887160481	0.05321935126555165	5.111428156620407	0.024039012897560046
rs103831	synthetic	3832	A	G	0.040127388535031845	785	-0.059277088614397414	0.13772847745299635	0.1852363596005831	0.6670282283426473
rs103832	synthetic	3833	A	G	0.03485424588086185	789	-0.08725629156662408	0.14615744697137162	0.3564114158598528	0.550676436629817
rs103833	synthetic	3834	A	G	0.3832908163265306	784	0.07478286445664233	0.05419324103238653	1.9042060592793462	0.16799720431001441
rs103834	synthetic	3835	A	G	0.02574002574002574	777	-0.052014672016908625	0.17096212000549346	0.09256609425390892	0.761019717853686
rs103835	synthetic	3836	A	G	0.2953667953667954	777	0.009658296259279357	0.059746611112395626	0.026132110882343924	0.8716192756916002
rs103836	synthetic	3837	A	G	0.19543147208121828	788	0.009615050852167345	0.06958858394429247	0.01909093384408844	0.8901411839171862
rs103837	synthetic	3838	A	G	0.26045627376425856	789	-0.1067076618789611	0.06130662765054356	3.0295376467767268	0.08214919431742175
rs103838	synthetic	3839	A	G	0.05222929936305733	785	-0.11834554979890892	0.13029695478532377	0.8249646354460641	0.36400854888688583
rs103839	synthetic	3840	A	G	0.17710997442455242	782	-0.0352957977501127	0.06896598681336183	0.26192448269454255	0.6089435657064041
rs103840	synthetic	3841	A	G	0.12324393358876118	783	0.037243993287518755	0.08393834993639837	0.1968754773991339	0.6573758172097992
rs103841	synthetic	3842	A	G	0.13473818646232438	783	-6.160002194580594e-05	0.08043869195570959	5.864510041851197e-07	0.9993891719515134
rs103842	synthetic	3843	A	G	0.4685494223363286	779	0.02082119316656948	0.053997064133715814	0.14868629221187468	0.6998973728797595
rs103843	synthetic	3844	A	G	0.06700379266750948	791	-0.08637086531437548	0.10566590551230377	0.6681358620705883	0.4139477964102197
rs103844	synthetic	3845	A	G	0.4508301404853129	783	0.04723946501546323	0.0553610558241563	0.7281170699792532	0.3937518631835202
rs103845	synthetic	3846	A	G	0.058333333333333334	780	-0.11594694120794305	0.11599203699782548	0.9992225841566381	0.31780361140139735
rs103846	synthetic	3847	A	G	0.15424164524421594	778	0.0539629701689686	0.07906589001139648	0.4658148861585868	0.4951181586904592
rs103848	synthetic	3849	A	G	0.28616751269035534	788	-0.028911532704730472	0.062447528145883724	0.21434419529012186	0.643510590105609
rs103849	synthetic	3850	A	G	0.1356687898089172	785	0.07557701243718133	0.0815615104718096	0.8586356583210194	0.3544026945275421
rs103850	synthetic	3851	A	G	0.12849872773536897	786	-0.02523989347725021	0.08140372669078237	0.09613609124347346	0.7565981575502414
rs103851	synthetic	3852	A	G	0.2503176620076239	787	-0.012730102603065053	0.06120707189315126	0.04325741875762236	0.8352947233704998
rs103852	synthetic	3853	A	G	0.32371794871794873	780	0.02483014293198028	0.056983054013106646	0.18987465417810379	0.6631395474357182
rs103853	synthetic	3854	A	G	0.3286624203821656	785	-0.0032367145452911177	0.06053144726372348	0.002859214143931958	0.9573696095625611
rs103854	synthetic	3855	A	G	0.14148527528809218	781	-0.02171800783075897	0.08488371543037004	0.06546229234780923	0.798128383389932
rs103855	synthetic	3856	A	G	0.22924648786717752	783	0.0025590934596214383	0.06729716241937485	0.0014460349457946582	0.9696759117801855
rs103856	synthetic	3857	A	G	0.38554987212276215	782	-0.01574514561705759	0.05721276706841299	0.0757368882483049	0.783231695498205
rs103857	synthetic	3858	A	G	0.1391025641025641	780	0.1486053021794046	0.08004562405773906	3.4466201334606605	0.06375194169387227
rs103858	synthetic	3859	A	G	0.33375634517766495	788	-0.03747849164770366	0.05742714764290799	0.4259216502625422	0.5141860869881394
rs103859	synthetic	3860	A	G	0.12979539641943735	782	0.037218002568355314	0.08631941162071276	0.18590419085971177	0.6664647934745918
rs103860	synthetic	3861	A	G	0.38028169014084506	781	0.06531128910158687	0.05588508744702621	1.3657922437522303	0.24288734903919584
rs103861	synthetic	3862	A	G	0.514575411913815	789	-0.0007630016632309101	0.05524593395685929	0.0001907437556751509	0.9889842394391528
rs103862	synthetic	3863	A	G	0.20445859872611466	785	0.013484148869982665	0.06920274360844547	0.037966490277132545	0.8455603514158516
rs103863	synthetic	3864	A	G	0.36892583120204603	782	0.010512522608023158	0.05635612236461133	0.034796188809323975	0.8520710885520157
rs103864	synthetic	3865	A	G	0.3405336721728081	787	-0.018635422071764492	0.05706696911399155	0.10663722925598088	0.7440917371732986
rs103865	synthetic	3866	A	G	0.46923076923076923	780	0.029309742346358584	0.053242453132392	0.30304553307888654	0.5821344482284213
rs103866	synthetic	3867	A	G	0.3791348600508906	786	-0.10585785965831734	0.057684499226245786	3.367657870781827	0.06686260319718589
rs103867	synthetic	3868	A	G	0.2729591836734694	784	-0.0476655131484706	0.06243333233100147	0.5828751151946154	0.44541463948669413
rs103868	synthetic	3869	A	G	0.16221374045801526	786	-0.03127627351595493	0.07589845979815817	0.16981031951113254	0.6803918035131445
rs103869	synthetic	3870	A	G	0.10445859872611465	785	-0.022152350656668197	0.08896662830762578	0.06199909799374333	0.8034282104196079
rs103870	synthetic	3871	A	G	0.07015306122448979	784	-0.20082580527340246	0.1075221092141779	3.4885382073075637	0.06216378064491805
rs103871	synthetic	3872	A	G	0.19383825417201542	779	0.04319057706064706	0.06884468878735152	0.3935837244729911	0.5306022249603758
rs103872	synthetic	3873	A	G	0.29325699745547074	786	0.004202144527271596	0.05769630238998029	0.005304518986349714	0.9419580694242168
rs103874	synthetic	3875	A	G	0.12831858407079647	791	-0.09308341413748893	0.07892169534886678	1.3910790057703035	0.23857668660964332
rs103875	synthetic	3876	A	G	0.237012987012987	770	-0.03013039710145861	0.06280308162736191	0.23016951490005128	0.6315304556861125
rs103876	synthetic	3877	A	G	0.029746835443037974	790	-0.268833768474895	0.16245177776720418	2.7385375690611014	0.09835006457493956
rs103877	synthetic	3878	A	G	0.12467866323907455	778	-0.07763418051091787	0.08324679307813272	0.8697029071869837	0.3513214145013986
rs103878	synthetic	3879	A	G	0.2681528662420382	785	0.03153904850872724	0.061311702233591614	0.26461254297567255	0.6071121633517322
rs103879	synthetic	3880	A	G	0.3022959183673469	784	-0.017818078466257676	0.05926249709395713	0.0903986282180334	0.7637498007139953
rs103880	synthetic	3881	A	G	0.07388535031847134	785	-0.21241958280928935	0.10364979508549865	4.200028210337561	0.04075181099577138
rs103881	synthetic	3882	A	G	0.38946015424164526	778	0.024126615294557955	0.05794201290580162	0.1733826520476771	0.6772355433542164
rs103882	synthetic	3883	A	G	0.38988476312419973	781	0.011983199502228844	0.0537159732439227	0.04976668142443603	0.823527213940195
rs103883	synthetic	3884	A	G	0.3891025641025641	780	0.0280852007509462	0.058580651424016646	0.22985114498562792	0.6317664109608713
rs103885	synthetic	3886	A	G	0.47058823529411764	782	-0.027058712706002516	0.05541640262543785	0.2384172109382384	0.625486618261423
rs103887	synthetic	3888	A	G	0.2518939393939394	792	0.003272295123132038	0.06030165897234566	0.002944736297863251	0.956737363995952
rs103888	synthetic	3889	A	G	0.4829329962073325	791	-0.006875723006098763	0.05357126323424764	0.016473010310093024	0.8979067354175819
rs103889	synthetic	3890	A	G	0.2376425855513308	789	-0.039201979864613636	0.06252070242825657	0.3931590754194631	0.5308239914471199
rs103890	synthetic	3891	A	G	0.2753807106598985	788	0.009891091992519247	0.06069138770710609	0.02656038381842739	0.8705807675269157
rs103891	synthetic	3892	A	G	0.28169014084507044	781	0.00505370795879808	0.06091933446982247	0.006881925752146449	0.9339063692687485
rs103892	synthetic	3893	A	G	0.570242656449553	783	0.006726058679088793	0.053959373585248056	0.015537727662420335	0.9008318990850404
rs103894	synthetic	3895	A	G	0.19294871794871796	780	0.11730389370974728	0.06670278141129984	3.092694119541894	0.07903018375104662
rs103895	synthetic	3896	A	G	0.1229404309252218	789	0.017107145354338153	0.08179589348078173	0.043741340623042496	0.8343893011018221
rs103896	synthetic	3897	A	G	0.12756410256410255	780	-0.047702401461461236	0.08065555662412456	0.3497936335067549	0.554398523173166
rs103897	synthetic	3898	A	G	0.4636942675159236	785	0.06734039298358184	0.05332019821290029	1.5950260583170175	0.2069807371172569
rs103898	synthetic	3899	A	G	0.2606177606177606	777	0.02686897218589795	0.06085421939297256	0.19494886710744527	0.6589496103360175
rs103899	synthetic	3900	A	G	0.31313775510204084	784	0.06101662576774157	0.060246602774459916	1.0257257292817294	0.3114735991712179
rs103900	synthetic	3901	A	G	0.13578680203045684	788	0.09474390626440105	0.07842830447229394	1.4593414595413474	0.22739506505060977
rs103901	synthetic	3902	A	G	0.1545338441890166	783	-0.059370314513046356	0.07827075473427965	0.5753599871968349	0.4483622031182427
rs103902	synthetic	3903	A	G	0.39730423620025673	779	-0.09616106116963365	0.05678121426130931	2.868066014256059	0.09074610101423226
rs103903	synthetic	3904	A	G	0.3182397959183674	784	0.09084164899427603	0.059499079481843145	2.331038919821592	0.1272159457470414
rs103904	synthetic	3905	A	G	0.22151088348271447	781	-0.1330075697782588	0.06681981129236106	3.9622532217655504	0.0468742347300212
rs103905	synthetic	3906	A	G	0.2744215938303342	778	-0.04495832209463903	0.062499145985365524	0.5174543268822748	0.4721415465618615
rs103906	synthetic	3907	A	G	0.4467680608365019	789	0.008788740856470535	0.055400020746420406	0.025167116732411243	0.8739917432648538
rs103907	synthetic	3908	A	G	0.3042362002567394	779	0.01374140249461394	0.058747918656215724	0.05471131476423377	0.8151194910560556
rs103908	synthetic	3909	A	G	0.18414322250639387	782	0.043651336972386004	0.06822829079766195	0.40932296976010646	0.5224981255571168
rs103909	synthetic	3910	A	G	0.013427109974424553	782	-0.38175629475554207	0.23731702360194792	2.5877041839128694	0.10809435269350616
rs103910	synthetic	3911	A	G	0.24294871794871795	780	-0.0013382031934597797	0.06306158401468087	0.0004503128842652303	0.9830750381595492
rs103911	synthetic	3912	A	G	0.24426020408163265	784	-0.1371151104446114	0.06609821535197112	4.3031964024800065	0.03836290162430178
rs103912	synthetic	3913	A	G	0.14076433121019108	785	-0.02555511722793869	0.07914110013202662	0.10426813100458945	0.7468517344880562
rs103913	synthetic	3914	A	G	0.28535031847133757	785	0.00896539126808886	0.05940020936991964	0.02278046286862343	0.880067756679803
rs103914	synthetic	3915	A	G	0.3850574712643678	783	-0.09366431491075985	0.056622103653683774	2.736379454050753	0.09848250415035335
rs103915	synthetic	3916	A	G	0.36033163265306123	784	0.033284881652669226	0.05708535870077422	0.33997310803087677	0.5600105160993967
rs103916	synthetic	3917	A	G	0.17239185750636132	786	0.04319344926149025	0.07396978334547628	0.3409785657488836	0.5594309763470603
rs103917	synthetic	3918	A	G	0.16516129032258065	775	-0.027739580846172562	0.07388835408328397	0.14094439314115031	0.7074443521332558
rs103918	synthetic	3919	A	G	0.2512820512820513	780	0.06574471838844409	0.06312714480331165	1.0846495615510185	0.2979771472453633
rs103919	synthetic	3920	A	G	0.36050955414012736	785	-0.04777930663428852	0.060778073412581735	0.6179962322603331	0.43202771207580454
rs103920	synthetic	3921	A	G	0.1850443599493029	789	0.03909266426740537	0.06992699546004295	0.31253654202357173	0.5762856553665135
rs103921	synthetic	3922	A	G	0.35218508997429304	778	0.043714246867111325	0.060824773511384725	0.5165174522048752	0.4725427349632792
rs103922	synthetic	3923	A	G	0.32802547770700635	785	-0.061641109189269606	0.06088227428350292	1.025083292728846	0.3116250791596486
rs103923	synthetic	3924	A	G	0.39588688946015427	778	-0.0689502474681931	0.056780263054667345	1.4746089246983896	0.22498140556589993
rs103924	synthetic	3925	A	G	0.18043202033036848	787	0.05830016496940467	0.06915179978088558	0.710775732842197	0.3994406236909929
rs103926	synthetic	3927	A	G	0.39326556543837354	787	0.02570904848731168	0.05572316275751825	0.2128631526572349	0.6446590118884782
rs103927	synthetic	3928	A	G	0.5452229299363057	785	-0.07145900383451899	0.054598311845360355	1.712992596273524	0.19097671272537967
rs103928	synthetic	3929	A	G	0.31210191082802546	785	0.11355858604825245	0.05690431961416265	3.9824422130895623	0.04631852097918655
rs103929	synthetic	3930	A	G	0.012132822477650063	783	0.3228177138576509	0.2520095690587202	1.6408944714504738	0.20057727478796364
rs103930	synthetic	3931	A	G	0.305484693877551	784	-0.0460032233416446	0.057978509727391804	0.6295676868275306	0.4277512768989342
rs103931	synthetic	3932	A	G	0.34163473818646234	783	0.06688508382010427	0.05703934679656895	1.375021422714802	0.24130313134649672
rs103932	synthetic	3933	A	G	0.22570332480818414	782	-0.07412154987891759	0.07073533953749171	1.0980347852398462	0.2950170567008656
rs103933	synthetic	3934	A	G	0.18286445012787725	782	-0.08980116673842926	0.07008646762998477	1.6417068658895082	0.2004659834233535
rs103934	synthetic	3935	A	G	0.1596153846153846	780	0.030394522765161785	0.07500814146357382	0.1642002628745477	0.6854278044363847
rs103935	synthetic	3936	A	G	0.1453045685279188	788	0.06152376092932784	0.07766613327101313	0.6275125044924293	0.4285061144717987
rs103937	synthetic	3938	A	G	0.31910828025477705	785	-0.07147743078273827	0.05807341948891989	1.5148968735668094	0.2187583200412271
rs103938	synthetic	3939	A	G	0.32608695652173914	782	-0.007636680296218971	0.05803741624633858	0.017313827220719457	0.8953482857406794
rs103939	synthetic	3940	A	G	0.24746192893401014	788	0.012300748911528683	0.06469176197907957	0.03615473204633353	0.849244972180147
rs103940	synthetic	3941	A	G	0.02362707535121328	783	-0.0546418584785457	0.18207049446602058	0.09006826168630575	0.7641690458984917
rs103941	synthetic	3942	A	G	0.058524173027989825	786	-0.03749745397764547	0.11609212338633437	0.10432732020298947	0.746782359461433
rs103942	synthetic	3943	A	G	0.13060179257362356	781	0.1419023984289914	0.08873308349038628	2.557456907618243	0.11017336111677101
rs103943	synthetic	3944	A	G	0.11931818181818182	792	0.06483445164581805	0.08692931533119161	0.5562617092544645	0.45599140922544856
rs103944	synthetic	3945	A	G	0.18934531450577663	779	-0.04799685333239979	0.07071942426184383	0.4606256301362436	0.49752974265703365
rs103945	synthetic	3946	A	G	0.15776081424936386	786	-0.0014068326719771235	0.07269325266780932	0.0003745386905175131	0.9845643704590564
rs103946	synthetic	3947	A	G	0.386392811296534	779	0.029744336796094725	0.05592806314858785	0.28284533547887125	0.5949912718297453
rs103947	synthetic	3948	A	G	0.22998729351969505	787	-0.06454209691982239	0.06566968127792684	0.9659537334074996	0.325991140103731
rs103948	synthetic	3949	A	G	0.1681528662420382	785	0.16078024251071651	0.07790832123904086	4.258902189739866	0.03937000154226057
rs103949	synthetic	3950	A	G	0.2515964240102171	783	-0.08973097687480844	0.06559223621866536	1.8714572751670688	0.17169577718650175
rs103950	synthetic	3951	A	G	0.20038167938931298	786	0.09779703147325562	0.06713565820928305	2.1219973759751203	0.14559290546719098
rs103951	synthetic	3952	A	G	0.26145038167938933	786	0.08727819915592878	0.06390356201143582	1.8653546763544437	0.17239529668883524
rs103952	synthetic	3953	A	G	0.20618556701030927	776	-0.07030450686849132	0.06687001683001441	1.1053592952503708	0.2934132353009873
rs103953	synthetic	3954	A	G	0.04789272030651341	783	0.22220906847565536	0.1253132666627629	3.1443396698338497	0.07657460474277893
rs103955	synthetic	3956	A	G	0.31153846153846154	780	0.10492129554236178	0.05914150302499158	3.147332120388253	0.07643486682992835
rs103956	synthetic	3957	A	G	0.31760204081632654	784	0.0490296187062974	0.05884387494248355	0.694247786929116	0.404974179103688
rs103957	synthetic	3958	A	G	0.0499359795134443	781	-0.05080426784626623	0.12029955339622876	0.17834969210013185	0.6729098164785807
rs103958	synthetic	3959	A	G	0.3273657289002558	782	0.02081346627416789	0.06089867105697078	0.1168081636221638	0.7326129614806369
rs103959	synthetic	3960	A	G	0.5289203084832905	778	-0.09369966543072702	0.055035081544783156	2.8986571582182434	0.08904526911448003
rs103960	synthetic	3961	A	G	0.3612531969309463	782	-0.1238717692779768	0.05744560084430681	4.649766336751085	0.03135780689830832
rs103961	synthetic	3962	A	G	0.43167305236270753	783	-0.044189552796130724	0.056019209745341886	0.6222505038412958	0.43044797394454587
rs103962	synthetic	3963	A	G	0.1265984654731458	782	-0.06645010458736328	0.08356530890362217	0.6323234554030206	0.4267422702423683
rs103963	synthetic	3964	A	G	0.3548387096774194	775	0.050855999603759465	0.05764937562166378	0.7782070737180966	0.3779573588087353
rs103964	synthetic	3965	A	G	0.4814340588988476	781	-0.042043532199744875	0.05497136838432006	0.5849588215133587	0.44460269705655153
rs103965	synthetic	3966	A	G	0.13561470215462612	789	0.10041922873498678	0.07908517829900717	1.6122915088579124	0.2045424628627729
rs103966	synthetic	3967	A	G	0.4961636828644501	782	0.10536078783292435	0.05393410568666611	3.81619936659156	0.05111053072283289
rs103967	synthetic	3968	A	G	0.20918367346938777	784	0.03165387396673532	0.0663726778999492	0.22744429990322992	0.6335567444730407
rs103968	synthetic	3969	A	G	0.16709183673469388	784	-0.05991268985867648	0.07093602443822108	0.7133521037229452	0.3985879672011152
rs103969	synthetic	3970	A	G	0.07637997432605904	779	-0.0978663157321591	0.10457976073731085	0.87573194180313	0.3496582221794514
rs103970	synthetic	3971	A	G	0.24742268041237114	776	0.14402633250771038	0.0644184801610857	4.998766555259778	0.02564290176894336
rs103971	synthetic	3972	A	G	0.0697084917617237	789	0.07252062378005841	0.1046478542952286	0.48024450688735165	0.488514487149857
rs103972	synthetic	3973	A	G	0.20038167938931298	786	0.0419751223502946	0.06767211190370809	0.38473746682576915	0.5352568696595007
rs103973	synthetic	3974	A	G	0.050955414012738856	785	0.02663591908348683	0.12488145275391822	0.04549246705713532	0.8311558812264668
rs103974	synthetic	3975	A	G	0.15064102564102563	780	-0.03322461632897768	0.0727939242412498	0.2083193847727089	0.6482128325456487
rs103975	synthetic	3976	A	G	0.2785532994923858	788	0.00047718858917418733	0.062282399005343776	5.870153192345373e-05	0.9938888406283886
rs103976	synthetic	3977	A	G	0.2233502538071066	788	-0.00944642453015444	0.06539920651563667	0.02086363422937637	0.8851877631221028
rs103977	synthetic	3978	A	G	0.18059125964010284	778	0.04302715969384176	0.07089999243462132	0.36829258842344076	0.5441101336603787
rs103978	synthetic	3979	A	G	0.31887755102040816	784	0.06213076566653624	0.060767454763383494	1.0453730955386482	0.30688691639040694
rs103979	synthetic	3980	A	G	0.08998732572877059	789	-0.009938247567096105	0.09966263733548042	0.009943857017888193	0.9205927063185159
rs103980	synthetic	3981	A	G	0.35658914728682173	774	0.009437731223191964	0.05729693855248699	0.027131410634508028	0.869209380047595
rs103981	synthetic	3982	A	G	0.2	785	0.12207091939824133	0.06897426127650273	3.1322059877072173	0.07714403646602054
rs103982	synthetic	3983	A	G	0.4395674300254453	786	-0.03991862627124321	0.056304399919345584	0.5026509484622267	0.47854600289589583
rs103983	synthetic	3984	A	G	0.2862644415917843	779	0.022658455034771607	0.058385302400679136	0.15060990012528958	0.698057350897827
rs103984	synthetic	3985	A	G	0.2822477650063857	783	-0.07857367570148518	0.06366151050241436	1.523351982869488	0.21747857583494581
rs103985	synthetic	3986	A	G	0.19123252858958067	787	0.06580035124491387	0.0700003744332786	0.8835999805993631	0.347503799859799
rs103986	synthetic	3987	A	G	0.3001269035532995	788	-0.0713781284421356	0.060809720402928466	1.3777940334464494	0.2408296662051493
rs103987	synthetic	3988	A	G	0.11910828025477707	785	0.08961077135462846	0.08198399456064233	1.1947094021319438	0.2747135956654741
rs103988	synthetic	3989	A	G	0.19062901155327341	779	0.019914293732030353	0.06936470379519817	0.08242382126608273	0.7741142038578194
rs103989	synthetic	3990	A	G	0.26735218508997427	778	0.015107746153525855	0.0603011835673853	0.06276935778944584	0.8022361122408073
rs103990	synthetic	3991	A	G	0.2538265306122449	784	-0.09338328375845188	0.06339347884110227	2.169946930845446	0.1411278880435528
rs103991	synthetic	3992	A	G	0.41161290322580646	775	0.03404736047307893	0.057271240148719475	0.35342211604006524	0.552351886662158
rs103992	synthetic	3993	A	G	0.33634020618556704	776	-0.013412220424808143	0.059090065492830815	0.051519592812510895	0.8204983546034055
rs103993	synthetic	3994	A	G	0.25443037974683547	790	0.021816625317142572	0.061477352313595954	0.12593453291269044	0.722779423383318
rs103994	synthetic	3995	A	G	0.3764478764478765	777	0.019919690876258295	0.05726983629427907	0.1209799235445106	0.728066407068116
rs103995	synthetic	3996	A	G	0.05096774193548387	775	0.0047629499886575255	0.1228057100526846	0.0015042323410997941	0.9690720167748658
rs103996	synthetic	3997	A	G	0.12086513994910941	786	-0.05537299929907153	0.081137470059278	0.4657503307534937	0.4951480381614402
rs103997	synthetic	3998	A	G	0.02496798975672215	781	0.27917250286438333	0.1767972115149434	2.493414372129793	0.11472224643641195
rs103998	synthetic	3999	A	G	0.12484076433121019	785	0.07606140196090816	0.08291345478709437	0.8415474904228417	0.35923347042653225
rs103999	synthetic	4000	A	G	0.10559796437659033	786	0.0025708308273428315	0.08942630304986755	0.0008264497332548145	0.9770727759053642
