sample	PC1	PC2	PC3	PC4	PC5	PC6	PC7	PC8	PC9	PC10
DG0000	-11.8296943707183	-2.730559609247275	2.4471839782784155	-0.6045770805110471	0.4903698582425729	-3.2223864818854557	1.435954995459759	-1.8584103449666494	0.016430726306332744	-3.0644272836512734
DG0001	-12.471020796963412	2.228250175328928	1.1703082357684573	0.914258940521093	-3.4494480634426727	-0.38982445048513703	-3.0080766665341856	-2.8533699180955048	-4.396385475388561	-2.53026706532916
DG0002	21.633393175940643	-11.33686316364581	-7.575357713417524	3.8163117543431615	-3.0369102520520244	-0.9826859903786405	-2.4669251651126842	4.454079919044398	7.312989251482367	4.494480387656501
DG0003	-11.913517759621602	1.3859929472133174	0.08924405968643992	4.684513872109896	3.9668040171793106	-3.255167039129086	-3.955340303637856	-2.769382285921059	-1.4512674604168414	5.141615319894431
DG0004	-11.36254520009374	0.7790859565795237	-5.072813753806623	-3.3743547391948026	-3.4369864995375035	-1.9973853923961904	-1.0691003685069733	-0.05223368078858545	-0.8851718282680764	-2.5577782032192133
DG0005	19.784964438729144	-2.1501313028430364	5.238286692488703	4.226504289887884	1.46310023604956	2.6566538863664513	-4.627969894600017	0.36870280506725706	-0.38825990040808395	-5.355914151259718
DG0006	-12.16392485493381	2.916074112440121	3.097037016127782	1.8165826983092097	2.538444342975873	0.5728816549147313	-1.1368402478936097	-1.50085050881397	2.975228236923315	1.004961064804821
DG0007	-12.208463101692077	-2.133200827628349	-1.1166256810737158	0.9154857286770618	-2.008159031009448	4.608050970238493	-2.8602347016529115	-0.9827889085674237	0.7105973827803597	-0.6623735041993956
DG0008	19.957125616659788	0.5171634754829766	0.09096155572904988	-1.6128249033497613	2.6911275225520095	-1.7669756383678046	4.85250193299276	3.461016886319677	3.4688402449044182	2.8243619558325084
DG0009	19.891071704914584	4.260498743237394	1.4400210152225077	5.032960320660228	-0.5630343722960253	-0.35902552267234783	1.5963813378775853	4.037433225271896	-2.705503626473544	-3.1833276902877743
DG0010	-11.415933526441345	-4.69501360321859	3.0905895246715724	-2.4700681155587345	-1.4295180295300913	-1.1788014605779324	-0.7133770955018088	-0.4425431184084502	0.9626631938333975	-1.5590798145233533
DG0011	-12.498562110507883	1.242199827711099	-1.442042197768997	-6.447000161898808	-4.697000287918326	-1.553466260465564	0.9731071763754293	2.980641372235125	0.1243984221237095	-2.084378211492212
DG0012	21.07045484952417	2.9745394125193596	-3.2731995508374725	-5.939191261343589	-0.9847368982580651	-4.0158166318567	-4.544158379624726	2.7384341475604903	-0.8476128762207751	-3.522335815684577
DG0013	-12.109791572527751	-3.4523074245339047	3.16322018997786	-4.803273274160582	-3.524698125888901	0.6359365785921709	2.3432910263701916	-0.59515492577441	-4.220477304737635	0.6723173833075031
DG0014	-13.24987961877807	4.738395921713116	-0.5535425948504918	2.170072749765957	8.018370002020028	-0.033288379988833536	0.016411109106192017	-1.8366541477422815	-0.0053949660812853545	0.2892406401262569
DG0015	20.80835412914746	9.14666967366896	8.29990818415578	4.462233032201294	-6.340850665216037	1.449138828533274	-3.9168343740516947	4.599809424717601	0.7492293859197003	2.8698231995832155
DG0016	20.95637738272369	-5.585767228841231	6.1324066504220935	1.1294229912426506	4.196090764477378	-0.725505176258479	1.077866095176136	-1.630340704342684	-0.9333610211600026	1.9030245654628704
DG0017	-11.107114895494888	-3.933795420163089	3.13809462343207	-0.2515821171494889	-0.7004363199520853	1.5197980462544256	2.7492178144167143	-3.0626728126437324	-0.7761892134572721	-2.2958081929208687
DG0018	21.028071036481133	2.3979112723111364	-1.2362501707947573	-1.2803970207343676	-9.615341842279602	-0.24924421305626188	0.6749632659372679	1.3539893627636288	-2.1689959468881614	3.7658699489382013
DG0019	-10.576620568505504	2.6994995992002098	-3.7270634501314728	0.578875454231623	-0.04617156077006601	0.0327169065680417	-0.5528637309270251	0.9483042628203293	2.3815620696568383	-0.607376431870203
DG0020	20.613782231152214	-6.945354800204968	-1.1390919087962539	0.7505306655686976	2.8803735613700248	0.9676402185654583	-0.8937153772837553	-3.1048380621746663	-0.6051652153932812	3.27921268914474
DG0021	-13.905548819946855	-2.275256386101208	1.518538358045236	-0.8841981703400172	-1.3755482382209934	0.9640333204178643	4.600875715038725	4.376929472897457	-0.4748902603908109	3.9291271390430036
DG0022	-14.795199976100413	-0.48661155585576654	-0.2917233299302811	-0.3666814428758184	2.9390154174158383	-0.058828151722443336	0.18111351443337725	-4.081983574222172	1.1785556135292254	-0.27237020914914245
DG0023	-11.812674505586521	-0.33340448308820686	4.966855897571946	3.294881038163072	1.594966206874037	3.0607565677982254	-4.897177336613055	3.809643091536588	3.0325726055246642	-4.753535825256115
DG0024	-11.185207258774488	-2.8919883344086252	0.7918181688408272	4.494857309074009	-6.320526834716552	-2.819111862218861	3.0510857016496993	0.39482493112192374	-1.3883364266686433	-1.2326245511802139
DG0025	-11.618949395507933	0.10135948659495159	1.0955878402819959	2.2447501607319973	2.134857329663824	2.3271487252631884	-1.8507683539284405	0.06710581019860737	0.07963510574750822	-3.7211773230628213
DG0026	-11.200955395872533	-0.6771817400827661	-4.848563800457632	-1.209840941309105	-2.042820393932132	0.7944555720519711	-0.20061793513552215	-2.4310858461942404	4.761595208058628	-1.2777134503996082
DG0027	18.945591563447177	-1.8903433935632534	-1.2219448141491447	0.7832367741223609	-0.27579463901990237	3.937279450768197	2.3478816473434194	-6.867873318134107	0.31130565090024126	3.4308169310897734
DG0028	19.288024254266897	-5.755484961044126	-5.94834585484132	8.443533058776849	-4.082439869658684	1.6045950003936298	0.5854342344717869	6.329316622814711	2.7752934970224845	6.618843873722173
DG0029	-10.596228776821544	-3.0158986189525376	0.8617496250718124	5.828962382305351	2.4881174456153032	0.15883206363205982	0.7908739751308177	4.645961975085708	2.777846370942307	-4.207614968531683
DG0030	-11.983907256163453	-1.516320928001829	4.342548375544082	1.2222355562828102	0.5600991724382284	0.2591586006351164	2.211141280094755	0.8431522099163324	-0.4294349868504606	1.2593281579496893
DG0031	-11.326115823660425	-4.351372519704264	-1.8628181249739575	3.955652115533018	-2.313653824003385	-1.1480039527315042	-0.38770291507934906	-0.7005825307870921	-2.443349641677226	0.4051061348069879
DG0032	-12.647098022680643	0.6102892212442097	-6.20499660133377	0.4454926863615257	-5.440853874972608	-0.6320758206579586	1.2159895842166484	-4.178812715731303	-0.9541139047170198	3.1314908289311565
DG0033	21.200120275657355	-1.7819355280464781	2.7020755424813703	1.562327166213571	-2.05760277000743	8.314054593406393	-7.804408235997282	-5.3957305885796005	-2.7261595124797	4.677746857738002
DG0034	-12.184707925017413	4.761926394521383	2.376046183003337	2.735653056768776	5.8923585018642575	3.376268319742183	-0.8756001767104525	0.5144148584835855	-0.12627171416728192	2.4444499597849485
DG0035	-11.274301692526688	-1.863092817580218	6.034766224366146	1.2441625338430125	1.9871784002140296	1.866761083846399	-1.9089399161738696	-1.3091342778095456	2.230129641905229	-4.007216780276962
DG0036	19.458641832375555	0.18736664554575905	-3.2037321237764167	1.2284081441204628	-1.2847431120952875	-2.6352789541125463	-2.831143184474057	1.8273779435426025	-2.56869299444774	-3.7712842908447546
DG0037	-11.271583734510124	-0.5786682095050015	6.181187060436632	3.1377516812623645	-2.5467913028028355	-2.358393707079608	-1.2623968221264972	0.26912850591616705	-1.6351098446721668	-0.36521057097115456
DG0038	19.179443986685953	-3.4302069786372633	-1.0271353530657232	-4.400647734993491	0.6508291238332194	1.7592576390748547	6.509891443746075	-0.45104000453888016	-2.251434182859103	-1.1337958630196148
DG0039	-10.084322082591884	-0.6523471522714923	-4.830610359422113	-1.0149024936227495	-3.1744955635989025	-3.3922452494819884	0.4379258159650996	-4.489704448503749	-2.6487275479372587	1.191600794854878
DG0040	-12.806104377781637	1.522739424513829	1.2772515719498312	-3.350445390113846	-4.091626844056987	-0.6247017593721282	-0.026700449457922243	-2.280372904743115	1.7321352998740762	0.6957598787275515
DG0041	-13.896673115440851	-1.2677096493610458	-4.821858237474878	-1.5444154016767808	1.8153910697589009	0.4296355404145248	-2.2755536755755044	0.5860575155388406	-4.641528146706341	-1.1236767644638865
DG0042	-11.01711852020688	0.9672544015202996	2.769892541956711	7.969573258206836	0.42488555248711474	2.313712342016074	1.8010441198251244	-0.3121750963437767	2.426470296491481	-3.583740272273278
DG0043	-9.7535723892666	0.7002598191400496	3.1938969748772474	-0.1206838525712725	-1.8203549441965088	5.492614285102806	4.673591673365478	-0.153906819297338	-4.608587901454986	0.9911122014481025
DG0044	19.8103922321831	-1.0883089692303278	1.4439586985996633	1.1560465010547525	6.418967803195511	0.171149210140745	-0.020246698629667104	-2.611205257275977	-2.107861509688945	-4.67557857778731
DG0045	18.993757299528028	2.85380349299516	1.7050389250808924	0.01965859950313767	0.6874380214974003	6.0186454877733775	4.3612933788549055	-1.3567626110013917	3.1147694100670047	4.214190084253291
DG0046	-12.026954981394713	1.962430365930626	-1.7134797746629273	0.6051200141675663	5.63254161430487	-5.834322082465644	-1.13457389145688	-0.06055452272627832	2.8710019939026843	-0.5651274464823305
DG0047	-11.10225437709675	-1.8153140489969937	6.563592846466271	-3.20073909290969	1.694643183343994	2.07048995400518	-3.6113542839568438	2.5044173891383568	-5.066867723203313	-0.9949617791352533
DG0048	-10.075754737113032	-1.3933442722133915	-4.845673384075785	-0.7652403904128248	5.798095593427483	-0.6635950038810733	-3.591101697690619	0.47729040596232597	-1.978789094247788	-4.939741785293138
DG0049	19.76357925259841	-8.55537219556416	3.747282690841656	-0.3753287996607742	1.6968018088616357	-5.067287777698	2.9310732795872294	-0.21538793863873482	-2.062317003513496	0.9544242574707014
DG0050	-12.116650192604665	4.870591434757923	0.34374543646600647	1.1999106507634711	-0.12713866071184426	3.7677011238864746	-0.5184853344127455	-0.45606394240011466	-3.074910103897605	-0.19389666304839195
DG0051	20.356886633134966	1.0059176147889972	8.189023833169204	-0.06791006420355897	0.12436555871943833	5.435766661898241	-1.3880640369343242	-3.968164387051333	7.872272962880993	-0.28144717852191586
DG0052	-11.829421714903937	7.752967704710201	-1.3601398708524022	3.4464784103282793	-1.825720814638617	-3.037678102713974	-2.840209815590595	-5.2716486375316425	-3.0948891931051916	-0.9690071763138075
DG0053	-12.16737733367409	-3.3187668515481348	0.9263562225844025	0.6829281575965421	1.8697543124539866	-0.1419601583625811	-6.723740880015406	2.5000936512602756	3.4096986254272013	-0.11047381485915025
DG0054	19.02129575635903	-3.4682643542373444	-7.715611651053736	2.1368021767296876	5.915744381159712	9.515699963911866	1.0969853233416704	1.0932068178928507	8.517742118191064	-1.029259861349713
DG0055	-12.74371755047592	-4.879582367066547	0.35746683475222646	6.832222598077048	1.6548105846477497	1.6183977447950202	-3.2117588136037716	-3.54572785389526	-3.5144342744321952	-1.75427144696901
DG0056	-11.22251443155116	3.022727776625719	0.5232502819862213	-3.3005629055338535	5.246129220612549	4.2463988168984095	3.760468663850147	0.010266348890727167	-1.4521665722245976	0.994271207367006
DG0057	-11.298800667111333	0.7358175633361043	-1.2618699023243387	2.9708969601935227	1.4011663082955068	-3.8716787606861987	-0.9525106862606929	-2.00536848472499	-0.13440806163018465	-4.127080654167976
DG0058	-13.913323867925195	-1.1482991352468646	3.720818044968376	2.3042943477386215	-5.746629432421196	-4.31271019314061	-2.2140181509933687	-1.5027420188936653	-0.34941472229230447	-3.7304280026895102
DG0059	-12.437212570443027	1.7416709206620828	0.29171777720058395	-3.010257772812818	-4.189860075953903	-3.2720549250514095	0.6291521529555089	6.9097350924812755	1.5629560211443188	4.142231541783354
DG0060	-12.137484512334018	1.3914975763879458	-0.4344941416506213	2.0214257361283647	2.236734367974153	0.04472785626452189	1.118570436933819	2.124956314516773	-1.1416518543816516	-3.9848824330814505
DG0061	19.767303964382105	2.104191507334618	-0.5576497755123566	-2.2004022481143077	-1.2516962733571784	-3.8751424748549663	0.8409555296387533	-0.26142994127491026	2.201949455535444	0.5194648060222707
DG0062	-12.813131747875284	-0.6862999214692916	2.947582467680557	4.396656473117722	4.2344731545262775	4.831392966129426	-0.2944686923718324	2.0029462095611157	-3.6153065570622056	-3.2599609890328485
DG0063	-11.532053614450485	1.7461753759339238	-0.00023147316744936974	4.280884677517191	-2.869525602247962	-1.0806715594450842	0.8252878969070402	-3.8287978047399585	0.4914636450545541	-1.692736029394755
DG0064	19.02166836290138	2.918635758305192	1.3113588859787753	-5.291060061930811	-1.0040135150558738	0.1480896267590308	4.31092415327712	1.351213611640573	5.234715756127491	0.6116796603524622
DG0065	-11.960753181953748	2.6386083714261543	0.5845009579303813	2.8381951971106063	0.797280570970516	1.2906516219583661	-0.4542167167015188	-4.238340466695272	-1.1937846995387988	-1.346452701249443
DG0066	-10.2552771960191	-1.5187738839373857	-0.7915257153215695	2.1694094629766516	2.8164601425787605	1.9275358889748908	-1.2254407320121936	3.6062847109796943	0.08545722863812502	-2.112390221293799
DG0067	-11.957084717715736	-1.3214649800525957	3.365131246924651	-0.20878917641079425	0.8348019064890739	-4.604629164293673	-2.647111989158593	4.029891525411621	1.286071095836207	3.027673213364391
DG0068	20.306980894300068	-3.5938914129181727	6.111894695504855	1.852580201438483	-1.5477253644119093	-0.5446968673874869	1.227026991884976	8.358883486580918	2.1458094206163585	2.241352407703345
DG0069	-11.318771495791896	-2.3320513666445724	0.6898687494003792	0.5621850397079904	0.7532505895880462	-1.1982166495942406	-2.516349815140039	3.6715843055478956	2.9735272970981694	-1.4946139814614383
DG0070	19.58107018461972	-4.068383279353613	1.6573283566564645	3.702564781880584	1.5920977153855378	-0.9943562182001398	1.9906724953135437	1.1450114102691926	-2.2307273119179065	6.599062721737789
DG0071	-12.027892271487449	-1.3465409502459105	-3.035201834196201	-2.067623533708945	-2.3872280967937747	0.5214076456116541	-0.3327611411278294	1.6982184853567954	1.4716969009436207	-4.663806491172437
DG0072	-11.323240119478015	0.9327002947229815	1.4414971456580266	-2.2895679082516485	-0.22354227091388162	-4.631035572423157	-3.624201597092418	0.577641299564215	0.2090076145995835	-3.556254098112864
DG0073	-10.720843743209025	0.43723802939207473	2.8084193905937096	0.9972678706786731	-0.2854744848199756	-0.27225059061180384	-0.6709317944746562	2.2831142904658277	0.29045674223593865	5.329154951125622
DG0074	-14.224774996809845	4.5647550852365795	3.061448100343923	1.0568287548378776	1.310577349183013	3.5120738045493365	-0.4597926517428741	4.743447446379056	-0.856094070568331	-1.8797234897903092
DG0075	19.067669904896377	-3.383939703408218	5.708130789582977	1.2875277486029515	3.6887824524377626	-3.795329348685925	4.102402783426158	4.209793963747326	-1.1666748904440605	-2.9089853219827093
DG0076	-12.198466511129526	-1.7079825276018856	-2.274264244804212	-0.5998290884822415	-0.5297142605906635	-3.0163367998504884	-0.27985827176648365	0.8950998817015268	0.03886036376376134	1.4921238222129007
DG0077	21.623827444417028	-5.521788251727176	-1.4651136661707886	1.7233027892795298	-2.0649330532596637	-2.916438809026508	-2.4627590242374455	-0.05309715125687481	-0.3734089126508222	-0.2172056508610959
DG0078	-10.064867082965081	0.967320902784239	-1.0223317562457417	-0.08366840168062006	1.032423877097604	-1.2909617410209404	-3.063564116463227	-2.921021928457943	-3.0228965585777607	0.5796337854224941
DG0079	-11.707963867414746	-1.5125903656500699	-4.096801841660703	-1.8888728834343618	1.2630224774132417	0.37575019820175654	-0.2819034657006008	2.439202953324658	-3.7997486719741933	1.5543316528539746
DG0080	-11.836236654919876	5.5127220483227415	-0.6320445459529966	4.297447538241107	-0.21136248088610102	0.05297543666150051	5.138935049364321	1.0456681639687766	-3.5638154693421527	2.247253420588147
DG0081	21.594172687885155	-10.804549297609993	3.405238685652536	0.7053670068536456	1.2035885723184299	4.673590803263918	-4.501651935921802	-2.8750675397026937	2.882255772962109	3.917995963583458
DG0082	20.280520097269353	-0.8753001632337849	3.3818331054784156	4.634084143315908	-7.599668254350828	3.343887701265285	1.5150973655191144	0.9209249191433474	2.0380936281033004	-0.2818596827679416
DG0083	-11.909422698261206	-1.97651177871806	5.497001161897096	-1.3053058866230716	3.0717226726932667	-2.196863138426889	-2.7888221807492535	-0.321091490746362	-2.049189183497928	-3.7235228258400763
DG0084	-12.055998608930672	-2.107963727539833	-1.8307990072984104	1.1431147334961094	-6.634823156807961	1.8288538172883178	0.5027926510138288	-2.1015206288054955	-0.5645700806083007	-2.5352442535805904
DG0085	-11.269754709508346	-2.559472248840453	0.39467450576368984	-2.36867674296614	1.624013680182221	-1.5297092450682492	-1.6122453810984823	-0.5790692476035485	-3.5229900043409104	-2.443243336508979
DG0086	19.608706851306998	-3.458193067183334	-0.6206094572378561	-2.22182111210731	5.476082414364133	1.9708527544742909	1.726407382101538	2.685385553073523	-0.5412441331442344	4.056982466984606
DG0087	-11.980848489956944	-0.8146044356990272	-1.820664852668477	0.8795012466844517	-3.8593442810558547	-1.3596159693390477	3.2554872191017266	-3.173806396566547	-4.114503351008228	-2.2273680963761304
DG0088	-12.984342782231277	-0.8706941411089255	-1.7242970068859336	-0.5572542743505171	3.6430218622430353	-3.1564115299095254	3.002559728006652	-1.4269483606337032	-5.265925820059236	-0.7048988891613215
DG0089	-11.558248122353344	2.4153308352561167	1.330641234092078	-2.143231716668608	-1.8157128661240483	3.653498677698423	-0.2768286343043601	2.453539429080002	-0.09036065829737056	1.8660372930848546
DG0090	-10.235206453695998	1.884969937810061	-3.597003155474472	0.2088789990784783	-1.7164149927589099	5.552698293916252	-0.649635963317286	2.693080709709068	2.6271929725422347	1.1659838159274214
DG0091	19.962983826111078	-2.1866986838581797	4.457090408005662	1.7726402764914966	-1.5629245936923486	-2.2616813502855373	-3.5099646758066005	-4.341458637049162	2.666666136771712	0.04732947373924412
DG0092	19.894753790478788	9.843080933627764	1.472635866128716	5.599283284658171	4.1198383928740485	-0.870054407026378	0.980277511673129	0.4351524775963462	5.9809830338488466	-6.864247695270049
DG0093	-13.112124374316355	0.505396565877029	0.6461991826635644	-0.2623752150101599	-4.196637580967735	0.6604075727732619	-1.8557506438324223	2.6451331023617564	5.310485671498395	2.0485509995846027
DG0094	21.92038606079083	-0.1974797169109807	1.8291163091017935	-4.813473092489121	-6.814577898003779	3.9016844123148267	4.567670793973653	5.694348766627254	-0.3156348200086283	1.43595348915843
DG0095	19.628727931581434	1.9618351004640129	4.771269745737687	4.227506090755696	0.8642163857641498	-1.6434566515908686	-1.1273558417683252	5.291507079523775	-3.057179666902289	-3.1158736488198326
DG0096	18.423926762850492	-0.8561777667436193	-2.4430450191933724	-1.953256485322801	0.5426422380495086	6.235182982029242	-0.625978861441372	2.8067526141715478	-0.3524372571276657	3.0834183886751356
DG0097	19.972139155269392	4.614394544526085	5.364567094953863	4.6599696970978375	0.9330708591636308	7.989018002316526	-2.598349747231301	-1.0129257637536495	1.5383805061239073	-4.563444978023952
DG0098	-11.007102114763356	0.11382171483959519	0.24251872994968723	-3.150065023115506	-1.6234778059711434	0.16382653973720313	2.241382148511648	1.3037611718853082	-5.509900910781363	5.934723387568446
DG0099	20.67829287631856	0.8857142996340605	-4.580132387394933	-1.8646840601404806	-4.707419042278774	3.6537113395422627	-4.451304698155655	0.28849214872492923	-1.462060539463585	2.6235175804307973
DG0100	-12.851053514905962	0.48754743529727457	-1.3714108920218664	-0.802027769409685	-6.217643804137094	-8.994210373811022	0.5509695261870711	3.5098714277972527	-0.12145125227207981	3.6810840149920705
DG0101	-12.718593071488307	1.761126078824966	-1.1383239274540677	-0.43376750786976237	0.4042653966151277	0.7260775456071469	-2.6264122939263483	-2.3711449357662437	-3.342049213221519	-1.339667842737652
DG0102	20.131654599257352	0.1334428181818515	8.834849934001053	-1.331923439149966	-0.7163297797175383	-4.5222663153499685	3.3437293463970645	1.5489244770574433	1.734853367985186	-5.266783921534761
DG0103	18.321250891606503	0.5465854176446684	-4.745860018009573	-1.6077168032433584	-5.08914282571571	1.6212448286652061	-4.6518657011864235	5.022970762991097	-2.2478437261500894	-2.380164454830987
DG0104	20.895287749291036	2.05024947583218	0.05354429278025041	-1.172199466077736	-0.7868628726715842	4.4802069303778795	-1.4773779305638868	3.015452200977938	-0.11467457483051738	-4.567663792049898
DG0105	-11.450549620014364	1.577271433921466	0.9038495159499911	2.101832371658757	-5.926262942426011	3.1804089501954826	0.9952513076370422	4.5656127955042125	1.6201050649657094	-0.7726421332059925
DG0106	-12.443353347176346	-6.294795170733605	0.17741719473299325	-2.365127224881682	4.868619512122876	-0.5687148703891381	-6.403097220620196	2.8401181678346674	1.3737830758903347	4.9294206188784795
DG0107	-11.674681719236252	4.874826231633668	-0.3769666160725392	-0.4989431206413472	-0.8346827023227589	-1.1777199992523077	-8.359258934147848	1.2634055546836755	1.348827872899324	-0.7381250184263501
DG0108	20.745021121440374	-2.409898625927333	0.6842656340413898	0.4271985627866878	-0.8977814210525998	-3.795881617028311	-4.52405986509872	0.3322798852140407	2.0135274260517804	-2.2116572436494364
DG0109	-12.091558444714199	-0.08909431168673912	1.7136276479495933	-2.0623823086008017	-1.9172119087182629	-2.965848132063359	-2.550141121650671	1.3248724895443174	4.323820518813717	2.6277585275580195
DG0110	-9.165788918496128	-0.27661906023969807	-1.1992080812087427	0.8842554457579518	3.1235163112501296	-2.595220327102011	3.149516147549128	4.286100370847365	-1.9536066662368103	5.410927247767358
DG0111	-11.8296443545316	-4.185532770744117	-1.0280639458004401	-0.7663241534343582	-0.6460113368396743	1.3310605475196282	2.778409025806925	-2.1656054209675664	0.1662981237905296	-0.07391446624523423
DG0112	-12.093923406116069	0.7304578717273631	-1.4883363396621259	6.828228907983908	-2.606317554460155	-1.640377936749264	2.1247829827427145	0.7535208005795155	0.9181222812842236	-3.8014730884664085
DG0113	19.176519674898678	-0.03770086872827483	-2.186395498916739	1.4972357033991892	1.2857183353252288	-0.8706826477266111	-1.2012886732790962	1.735970914010958	2.4021901734051543	-2.187450219401401
DG0114	19.237901967027682	-0.7291171581617216	2.595751406245406	-1.8180483113532684	-7.460992540791204	-1.1849979962706723	-0.6301806738494413	-2.207217075146382	-0.5808421479541245	1.2684731140160161
DG0115	-10.512909436115475	-0.7502825499848604	1.2472026911620173	3.8365088199104584	3.243133304662783	3.2866985299634845	-0.37501723593123193	-2.853853355902754	-1.3989502573949524	-1.4811624459614106
DG0116	-11.229299413185863	1.7831929294951288	5.874542452096105	1.3272164407722744	1.3244733250488663	-0.3363201730046496	-2.0767688997165217	3.4797548212396796	-0.5827818259079457	-1.2105322549020976
DG0117	-13.670282214639442	-2.596108201302208	1.7891218455938316	-6.739555793152093	-3.108017859340814	3.1174797442743474	3.4555426492775814	4.951431616559539	-3.973581996331954	-4.829581188789691
DG0118	19.282703756883944	-1.0438345888934117	-0.5702134953138964	-2.8606263527171514	0.6017344884258172	-7.448711762817069	-9.78766154875261	1.0154199864686575	-6.100573583939264	-2.0785750772540554
DG0119	-10.638900121233462	-4.918552066741161	4.177948768049194	-3.340053444189556	1.6516407506046955	-2.1720536290175856	4.453661592714454	0.705012690943341	2.3069111493425103	1.6743129384522255
DG0120	-11.658057054790943	-1.6023558073772166	2.7504389279365644	-0.3444412699822864	-4.647451382830014	0.6470594128952797	-3.9523708117491045	-1.7425328543886816	-0.4601565673999952	-1.4877343277079358
DG0121	-12.583501421533473	-7.631726502333075	3.416072357605634	2.996325411465706	6.191342104945852	1.5625836399391864	-3.1580242855525555	8.448585852597633	2.6342904884344596	-1.8745485963052388
DG0122	-14.079225151761888	-0.9057765634427957	-1.2364234170240964	-0.2114911233139108	-3.865368674223818	4.594430068782244	1.0274762361969185	2.599319500028224	1.1945729020033617	2.8032161614387157
DG0123	20.956611599300498	-4.52269464369043	1.624283156117618	-0.5908614519983646	-3.0536186600280932	-2.6907908936180496	-8.025264742760681	-1.693824505882351	0.009829543955303777	-4.789531284770249
DG0124	-10.660655884173226	2.721787489808626	2.1108510688933966	4.210599122620943	-0.13776932514032356	-4.376068170018945	0.3434513260734825	0.48066537633492645	-2.2558149421514155	0.770731660986877
DG0125	19.37529567717507	-2.391636184546205	-3.7522944980217585	0.013261496473506496	-0.8655063316298236	1.371510322552002	1.7198874357171332	1.7230231718615394	0.7866179250467582	0.6898299772809401
DG0126	-9.41440922026594	3.5524675506029535	0.08736446371469432	1.0751854767723208	-6.515917292922847	-2.5163314023815597	-7.684580578303221	0.7508785838336317	1.3638939403826016	5.319131638131758
DG0127	-12.103080089978553	-5.948155299512345	-1.8035746721568409	-7.780469378360617	3.9102112502693487	4.795369336772621	2.4594057127178077	4.159513461978863	0.5420437767796853	-0.039343789442378124
DG0128	-11.097819476895529	1.4422443274142565	2.5780332975970883	-3.290184402635381	4.0101909611806335	0.9686419754203712	-1.3256510870313944	-3.4236666721642735	2.6587795277082824	2.436324449333061
DG0129	-11.361431248154307	3.7260856924817527	-4.253456659452313	-0.2888492795505543	-1.2282678548228694	0.6014491211743439	4.899512672810201	1.5869687928613971	-2.5437193360121446	-0.943529507774825
DG0130	18.608602898881802	5.054338105306845	0.7952929761581871	-1.5251575081888764	3.970026649172453	-1.2651395941164176	3.708587547860907	0.40403767992316875	-6.410129833334643	-0.9024812466174843
DG0131	-10.067009196294235	2.9006898139485973	-6.346631513989872	-1.8072978336318006	-4.960001475527201	1.05766257311596	-1.1587634060613303	0.3517105102286508	-0.2681773310565395	0.36304026658787125
DG0132	-10.520245677740132	-2.931673642137127	-1.6064156115237478	0.9387937120286887	-5.782377495362435	-1.4251928945959818	5.721735061841686	0.007891422421826388	2.5685622554936853	1.683697233852856
DG0133	-13.27651038063314	4.7940594824861655	2.0552619679252997	-5.117858688261778	-3.5645380097639046	1.8260467130315365	4.236587680138025	2.939034070499634	0.7088550106418807	-1.0288090972334913
DG0134	19.22297105536659	0.8498670925756616	-6.438139268918992	0.1967918969957651	-2.8906642116258157	1.0403535085775653	0.8745983148196823	0.7291283351134352	3.9732713157062	0.8533156524260535
DG0135	19.855034885543628	6.113759577751869	1.6799405367709257	4.966814531202212	-4.439051853936772	-1.7708901903981296	-0.6812319449893104	-0.4116696207000828	1.8675371495677868	-1.8783110322346257
DG0136	19.30344639443977	-2.7414416017462893	-2.2884297119021078	2.7657528587550155	1.64735613772057	-2.4053335663808335	1.701140796469095	2.375877900014921	2.13807470706624	-3.424213758466417
DG0137	-11.711490847534376	-1.1186513808672283	-1.2597241899217515	-0.8257961409830089	-2.120598280007729	0.5815686817824018	-3.504565824585802	1.9733877805377578	1.8412779695548172	-3.285219784835243
DG0138	20.3732096057314	0.5952733903050405	0.2140897886284539	-0.17030601022387948	-7.539558754713568	1.658798045131959	1.0063064195491607	-1.1893748073219823	-1.346732532343484	-5.827214965004869
DG0139	20.320192519421028	4.613883672195376	-1.228284664837029	0.3650107696094853	0.2518648254309758	-2.590845913106553	8.474892579845445	-1.5921630750676212	5.007294606980631	-0.0016198431204042796
DG0140	-11.21518219915577	1.995737102365562	-0.21560103228608568	-3.872917597240081	-1.225297724367425	2.338236113259051	0.4747847873739487	0.44412622982719924	-0.794122183053211	-2.5634624190708855
DG0141	-12.5960914029799	1.846201242379875	4.735645564566601	-1.2243947286434458	-3.031873040621395	3.1889952061733275	0.006270573076010394	-1.732153339271692	-1.9346369858790717	5.064602776779069
DG0142	-12.220253623478012	1.9195076093968724	-0.7223519848553344	-0.294488247596811	2.355012308935986	0.9612643654963353	-7.23248613729815	-1.0461309843370945	-4.853856022010025	-0.5563876599570898
DG0143	19.837088534353775	3.074419585536903	-0.210413931277461	-7.543505393621107	-0.8456375683815092	2.90261570230991	0.013482144391093659	-2.6063848236950298	2.2341863442973016	-3.228084886594079
DG0144	21.258422717866374	5.83514006803133	-5.013914267560505	-5.148536859518617	2.530717831166003	-1.2860660905494063	2.710517163876374	-1.6083434159496135	1.427518940799115	2.3683052781932834
DG0145	21.479377231608687	0.18408950923994183	4.289740950937095	-1.9452972366685446	2.775066613684051	3.0197582085094585	4.406043006408601	-4.138280334529608	1.309298845620035	-1.0490730700975623
DG0146	19.762654708235043	2.927140647774847	1.216981015285657	-4.11229301029948	3.180746714833324	-6.513642304823938	-1.9991573543509416	-3.432386905868258	5.738482704579798	-5.222224768986855
DG0147	-9.853214447627373	-0.9198763793977995	-0.42271203628214704	-1.7355806380623882	-2.4697763533580814	-2.4022344222859884	0.20065131973107161	-2.116880893416774	-0.04988997800232004	-2.6266786898996495
DG0148	19.728053805610013	0.1855414102754686	-2.9075871942950355	-3.977190689964304	7.045852356368173	7.172899342161057	-0.4716524452641597	-1.7471097590979594	-5.915848428708254	1.0324839975168987
DG0149	-12.102367552632806	2.1550918572060356	-0.9247401932551624	-2.730091552792977	-0.5293467455262107	3.664154492404446	-0.23487461659099054	0.05374020489549114	-1.5369802991446493	-3.929926868520657
DG0150	-11.682214636890063	3.943964055894458	3.6157740197042143	-5.805772025070865	1.2233458784472055	1.4313907955457046	1.2183823809244816	0.8816568064960316	-1.7945233534649612	0.7437718707571842
DG0151	-9.784624150174704	-5.295093990892254	1.8337219953337032	0.5551580419842084	5.27270328174721	0.23836816657004603	3.405274101247389	5.565831931378707	1.4000756817863838	3.191202149187319
DG0152	-12.003404802063661	-0.9075382788571404	3.0003165334252446	2.430940302713233	-4.210814147174855	-0.7007719151967393	3.720316429818223	0.27605505091588134	0.4587576875738367	3.167920586650819
DG0153	-11.048930817771733	1.5377715731599682	-1.8254380601377234	-3.0446621328401218	-1.0673011859275547	1.1652549988130723	-2.40513687647623	1.4047250382566803	-2.784811633269055	1.1698508866375619
DG0154	19.732156554202724	-2.307329266003222	0.3489761468342907	-0.8637733288673983	1.3256194676123265	1.4292058615041185	3.4685835576481923	-4.684860068088886	-1.380011125530122	1.4547307487011796
DG0155	19.709805753664924	5.148551974266847	-4.204792485792902	-1.2127390047149869	-2.2534931984610993	-3.7543158726869272	-1.2138105122405978	0.015754946173543935	7.349043435198383	-5.286581205748165
DG0156	-11.828406997011392	0.039868474891386535	2.0565304985461013	-0.9979945593445116	-2.51597887404325	-4.5252270780818336	-0.14862820858356046	-0.11397034302274152	1.2990652224031483	-3.100135885391282
DG0157	18.41547475563605	4.775524224954607	-5.003937131832971	1.2997532798835514	8.827961456176606	-3.717454742968134	-1.7721446267260723	-1.2182705647199974	-2.337137240372722	4.163730161958016
DG0158	-12.814551273251045	0.00359411534631085	-0.4421868828293214	-2.218699210016051	1.0764365753501393	0.6682140208033535	-4.856632982438837	-1.8465959810314765	-5.137325516491423	1.3452561667989433
DG0159	19.793562523775112	-6.484786211031094	-3.1550285835359877	-0.041197960347166475	-4.076876451660648	-1.8660422135318966	2.627632220353672	1.0419149087104085	2.679629768172938	-3.098465805947582
DG0160	-11.993895172931229	-3.0755931153464684	-3.6856487610272795	-2.9032439905500533	1.536244511124677	3.523800230877383	0.7750244061906466	-3.7591498262522496	1.0713455799529539	3.001243206667329
DG0161	19.36181592451085	-1.8544701858260468	-3.8227169817154016	6.142214900287626	-1.9519716374847966	-1.6281784708480391	3.0991324663557323	-0.48816128234089146	6.7441400387790935	5.51041933709441
DG0162	-12.336870290677107	2.0018845151494187	-1.0636540973103201	-2.56814194894987	-3.7646234845271156	4.1158302032436405	-1.6721057229178844	1.2388172825951642	1.8314861033176224	-1.8724046502571188
DG0163	-12.179896538812773	1.399537720095656	4.308163113702152	0.5042730324783078	-0.4953164004670091	0.47584618152080393	1.0881196805239086	6.033893969054692	-3.28593806241952	-0.5585264413108859
DG0164	21.84322458003011	2.644337632283969	-4.57557377812873	-3.5506783955556362	0.39243044279110995	-2.79848718072561	-0.9840483172830525	1.24051119568144	6.668304194037222	-2.7659171583170656
DG0165	-10.990999992787577	-2.749986133382392	0.2570811926459235	-0.3440318031337275	-0.7582262215973691	-3.6329031551907027	3.170533226429633	-1.0062010116719338	2.5279066824858085	-1.466252399641558
DG0166	-10.737631659185599	0.7602800558323062	-0.9192309875245311	2.4285513106798677	-0.5514182447144734	-0.535177742737344	-1.5918706814496604	1.3165280797387313	1.2731205701192418	-4.632507102829102
DG0167	19.893104855747676	3.60619088402834	-2.708638902438745	-2.832039621178317	0.619581432957822	-6.523536800740042	2.0459561803363253	2.2183490136230986	-3.256092671763426	-2.813456047329919
DG0168	-12.186323570512949	0.22093308706393314	-1.7717200179838968	-2.8335927218283343	-2.8331345890130146	0.33580692608950913	1.6883768104284742	-0.15880009509383997	-0.7640749024912278	-4.281671859981778
DG0169	-12.214573397409136	-0.7144124880055236	2.715479328345058	-0.7053166172648512	-3.912155808656154	3.6001514890197197	0.8957891610418026	-1.917026200456701	2.0095822927661127	3.5838507823317536
DG0170	-12.607427158319044	1.4445204334623403	1.8063326027556132	2.4988336611274544	3.92971046432209	-1.531238842388614	-4.644050826412524	2.461120900359918	-5.794262929616354	-2.430596975937996
DG0171	-11.203425269884956	-3.8664959781101462	-0.009567007857756299	-1.6620993357381242	-1.4398973328696645	1.4333473067977898	-3.9296774043452207	-5.81574008729683	1.0449026768827143	1.4144842284200563
DG0172	-11.261073962872606	-4.303843401864603	-0.2574827122171728	-2.636729978572263	7.493753656581025	-5.394687492000864	2.3381867926302062	-2.690111017958364	-0.22673317857211875	0.8331685855461397
DG0173	19.958376392555763	-3.2614048273089433	-3.105045506762372	-5.748436851311561	0.6515553869945687	1.2704399561263484	-4.020534036691272	2.8195761037110807	-4.786599137504252	2.054927025459333
DG0174	19.65958159344986	-1.4361760577686764	-6.980383922945329	3.931968555484633	-4.654219960996804	-5.759792578880513	7.810809670322785	-1.4703114112620141	-0.059721245014356016	5.5017994731235715
DG0175	17.635882031727988	0.04493629474727891	1.6084578648684147	-3.8819276507329485	4.904658695263212	-1.6585913518316502	1.9436410969604292	0.6511706752085322	-1.856691675541212	1.2682691980143124
DG0176	19.208000463892358	2.6419041182332013	2.1148414461974085	2.0830469977631068	-0.5944811956077308	0.9425531743398315	-3.9770005125211982	2.0035566102215348	4.069140965299157	-1.2662441235190165
DG0177	20.246813919344063	-2.2245477923855743	-0.6011318429037926	3.5766512907913737	2.210110521344846	1.3092246479518188	-3.000071699291499	2.7023056152255522	1.1017027104714072	7.309017468186385
DG0178	-10.434120845086166	4.288544067185229	1.072847358934191	1.336397498165808	-1.2365676640203251	-3.3894848643148507	7.314432756590148	-5.0882106397545375	-2.889625021208621	-3.226741103850709
DG0179	19.223492629987263	-0.6916510419467301	0.22380393225514783	6.1390950478274675	-0.7106214890103086	-7.006486283676704	-4.4005064318273375	2.374988245748567	2.916520046406156	-2.0746449816415744
DG0180	-10.972786059455723	4.369357944821422	-2.0273367221105705	-2.5963255674066903	-3.5777698199022896	2.2921994319713965	-0.27327127478372504	-1.500835972656594	-2.0456618444043264	1.9031618136838486
DG0181	19.46180284358908	5.6194955873893475	-3.241150940811608	-1.2505095095442207	2.0242490577320353	-7.636313314018565	-3.685981652057743	-1.693898264909368	6.534130222080559	-2.1010498153849095
DG0182	-12.30465441454521	1.6829915920528518	2.9023689321687804	-3.407458477591012	-1.8573815756318057	4.328904422362587	-5.636589468049513	4.291735163027584	-0.07066657864585624	-0.7279813052069615
DG0183	-12.554688977422845	1.0757957030500553	-4.930328254883711	-1.3943124917601284	1.333685078622216	5.773503441105785	-2.6655304307408234	-0.9111181612607604	2.9288750097841865	-0.4861286722076731
DG0184	18.411117444280066	-1.0698161258744376	-1.495402845843256	1.3285330424874076	-1.7340968034438409	-3.847774345285107	-7.001790372493965	6.195614809170664	-3.791134192653865	-1.1965949815800987
DG0185	20.016710605258844	0.44855347339680157	0.24050279196103808	1.4267833174088043	3.7542749791741943	1.6282784626263138	3.3160238864948095	-1.0779828950837804	-0.30715154951397106	1.1457110038788452
DG0186	19.325393781747266	0.10713448652533758	-0.3319648179923034	7.1292656945091055	2.9294528866090386	2.579866175217722	-1.994022419099631	1.1496835741376235	2.5210705476460267	-0.26321336138160045
DG0187	-12.330855396003162	-1.9908650259546932	3.7633357623983605	-3.1318950640781194	0.17858654916580202	-3.9246470845814416	-6.338262955881103	-3.5072565096635198	0.2824855235192534	-2.408332892689779
DG0188	21.22981547163512	-3.1112986701874674	3.7708516845913276	-3.078256960463163	2.63427767363737	-3.9450408521328355	0.6792454497780147	-0.696187917758713	2.1651686217711656	5.127078690104642
DG0189	-10.689964224992837	-5.1853625910505565	2.4285720312328114	0.7239249871291573	-1.8307916160203528	0.6377954499597145	1.3735593757612157	-1.8149903064391175	2.4702846979474327	-0.2806348529569871
DG0190	-11.563354223216116	3.119996679286087	2.9044026254414153	0.34849430532924586	-0.7285709269339725	-0.7435745944818815	-0.8320940092915899	-4.9733841584638725	-1.007993438763525	1.995135976633886
DG0191	-11.574018401870584	2.974497589414012	2.0848679128000533	1.9694680754686913	-2.372152804842718	-3.8825268664642723	-0.23247808700954284	3.344824197117192	0.27338906879589187	-0.20907917981531923
DG0192	-11.195345041451702	-1.5000548766518547	-1.1326430433460104	1.8187582557613793	-0.27331033168922575	0.5576686079288407	0.7949328516687464	-4.649125185432624	-1.0652445235429593	-1.6213667225155683
DG0193	18.661539903206098	2.596907136400397	3.093803306679076	2.445707723102424	-1.0300750984624039	4.3566879612361005	5.644419879128799	-4.783883687987081	6.769136639759773	4.554276332198483
DG0194	21.309105551649044	-1.3568528134467426	-0.9554105968139064	-3.175832631701307	0.6704180158043547	0.7065799541241679	1.7315351868211297	5.414749127075796	-8.283334638303998	-2.4967889150423295
DG0195	19.54838835909955	-2.390690091478994	1.195350619209735	-1.8739590213018102	1.4315460616842042	2.094562435420121	2.9132535773775614	0.4274292334183814	-3.269637235289262	3.179351271761953
DG0196	-13.844612115542853	0.9026752702666497	-2.2631877668671967	-0.045538983092850066	-4.54801695154654	5.347461149147352	2.148247986417175	1.202789471956541	-0.5213072422693731	-3.485014028610428
DG0197	19.514436560591477	4.967232422955627	0.34865628460353976	1.4910250315048645	-1.3255517055467547	1.6625975811962281	0.19706596849113578	6.597664670655922	1.5878362808000563	-1.631621782381782
DG0198	-12.610595444600062	-2.7805091234000923	1.067015765965876	-3.977060747034821	1.2307642461494326	4.066525705786631	1.2141370155102573	2.426482939478441	-1.489629981249934	3.3652062238698703
DG0199	20.718611554769048	1.1535741387459288	0.7652668760175947	-5.632650157769166	1.7599698201089335	-3.009818081496376	-0.6522917090250983	-2.084233508402087	-0.43505424127919884	-0.14452160417735926
DG0200	-10.962443827462193	-0.4309169074854443	-3.2491107719294914	7.200542505638285	-2.666380420809633	2.279147557961089	2.0779945921405316	-1.4510595987791617	0.5578882586045044	-5.414064677688112
DG0201	-10.544692978607282	-1.7250829321701493	0.7490621749187655	1.338181915083923	2.0672894356827127	-5.319847511923174	-4.232058460880812	-3.420168108038266	0.07116937962296047	2.4912939952915
DG0202	19.716120019325185	-0.046302517401005994	4.388276861843567	-5.387606305823838	-3.285419713050727	-0.5975624817402065	-1.151927505273293	-3.1098256423396666	-0.00450407547668627	-8.066579908459717
DG0203	-11.051637231251528	0.45882506376942384	-4.286321772521319	-1.142872874236603	2.795239062820131	-2.151537062381955	-3.9614797903663375	0.8847189112894317	-5.04738720268932	3.523853281880567
DG0204	-11.921767500333505	-1.8456217058440312	-8.240098378320244	3.461708324784187	1.1302068077987497	-0.053935981513292985	3.628712700785831	-0.4316649462781684	-2.9181830165523905	0.34664740069615946
DG0205	19.13209376804611	7.928164956229901	5.582742383319349	4.630612483522562	-1.3486377598348607	-0.8179135175365086	-6.22663926567896	-3.459954125217644	-0.2238742709716992	5.15813650144905
DG0206	-11.785305623400642	-3.635608066857746	-4.545076582219994	-3.0595565022520512	0.7022757529345723	6.653752901391957	-0.5502293480481502	-9.442055877338259	-0.5100954212015778	-0.332601572328945
DG0207	20.505860752928765	7.31967804148056	3.8971854202381593	-1.9017701380150456	3.871027782401621	-0.901679755876778	0.6193391115653255	-2.1193196138318076	4.54735868701766	-2.773089463618647
DG0208	-12.17688985667831	-3.7669791188728463	0.7333767212999344	-1.9480875072505925	-2.825716066755153	-1.5534139982072264	0.4309611564683231	4.513448978972171	-3.2718817142839516	-0.9809024059885819
DG0209	-11.042601326304386	2.110548952314692	1.0278483528882747	-3.244459714591541	0.8984619727678147	1.53331200903181	-1.594365968634075	0.26820775864207536	2.8212275382054837	-3.156120759983148
DG0210	-11.915891925241255	-1.1715961816873555	3.7259212710174916	2.789532650861764	1.8771966979997048	-5.124579411614542	-1.8413852998814793	1.9295229950222317	-1.1731312009862347	2.6840755443346724
DG0211	-11.58480444547302	3.5079799013118467	0.16953246330639823	-0.1982967592437301	-1.2368165460125171	3.736160520303301	-1.1264590059032784	-0.09802631657821367	2.327676685798415	3.9858106069961394
DG0212	-11.670785759146767	2.4333074571396014	1.1051728335387305	3.218218582325512	1.4440555470778051	-2.066199167358845	3.513307598767598	-3.0214663400235433	-0.2940292077947422	3.2196109629552923
DG0213	20.944947873059476	-5.838343231784382	-0.4582537604133584	-0.3296997653408041	-1.2636924837341863	2.619313044615626	-2.3179802419127804	-0.8018301770832676	-0.7307971238479771	3.400713083484956
DG0214	-12.09531649428831	1.1136530386091963	-0.6805351595819864	0.3780455000490135	-2.179034104952261	-2.0086304392430345	-4.330628124692398	-1.2686817701431599	1.7329846807274447	2.504520611226641
DG0215	-10.644216748292893	2.9051095283456716	-1.6970779649650312	1.977178718165375	2.062022278425036	-2.274471621448549	3.5505725905878585	1.5498296012208739	1.9095199650131596	0.49449948415031586
DG0216	-12.820118803586732	0.8620178330274958	-2.7625388079806292	-2.5088891920829113	-2.5971745741366625	-5.148050033244326	3.3719472461649693	-6.349364669432562	6.0345806509025	4.782376167381293
DG0217	-12.39085266856333	-4.9496821799739	-1.6644704717360506	-1.6018220024706618	-4.374492867377589	-1.2833224346830279	0.9360316146484973	2.52912607168299	7.080177331802997	-1.4819043504199647
DG0218	19.639725357121332	1.8995946689053276	-4.129560065728536	-0.0033977248222249734	2.101057291156078	-1.1823370313976862	-2.4266803013151854	-4.726788749893694	-0.36634806142304316	0.9971413077626187
DG0219	-12.168544835098476	0.2082746558938261	-3.8552758304210637	0.3650408881610937	-0.3054771451082984	3.2570192984444186	3.98388185337985	1.1579117779296384	-0.5009104457936017	2.186910796879005
DG0220	19.079759040521594	0.9646868849483473	-4.8584170792078885	6.1819077304308445	3.801138093339391	1.159818256078548	-0.9710605032314265	2.3363201997679433	1.380471759494502	0.4213983616066857
DG0221	-12.590231322608968	1.2543673021651849	4.566571628046319	2.136764311010408	0.5208379291761411	3.3810147624404108	-0.2837560224758568	-2.6746514920369937	1.3243264936999182	0.17587107500082746
DG0222	-11.893079841168705	0.4687848501409394	5.616963507691126	5.497547330764752	-5.4039050208387325	-3.4896604674284415	-3.1367834969105566	-0.2355785094412423	1.294240151630495	0.9588715579204257
DG0223	-9.912680037303831	-0.32934224636989645	-2.6374873709361912	-1.7287836132139902	0.9832146429987522	0.2879424569666686	0.2487262952599565	-0.5384975620473699	-3.1897786456575763	-2.891455880207274
DG0224	-11.548327813331893	-5.4806474524039555	2.5131634441661648	-4.277806564541113	2.529290657075964	1.5539968638636936	-1.4649401980876395	4.711293493599174	-1.9209432996824245	-2.706567745816477
DG0225	19.059661669325465	-2.70048016172089	-2.3763254047829143	3.696999101093851	1.2375843115925649	-3.034787830228315	-4.120282473769398	2.634142681067268	-3.541415731095212	-0.42570709263319706
DG0226	-10.8029006875231	0.281073472775463	-2.0448994800349753	-1.7216493682702076	-0.24438355215157156	-1.8671524002095172	-4.318103932078202	2.1941504431792738	3.8771218162530685	4.598359548373919
DG0227	-10.975608521232006	4.199325741802261	-2.265011067020848	3.434931727692835	2.888505256993365	-5.068668011500575	-3.7087455329661494	-1.0410776165407003	1.7050975390017407	-0.865467856282788
DG0228	-11.451022775845491	2.1048321423789176	3.5118712942529813	10.578177425545165	1.9620225006711696	2.8921477781441562	4.42698088766604	-3.790585520812213	-0.414443008124031	-3.9707190751052104
DG0229	19.77428355132196	-0.7528706560647168	0.8580115625409677	-4.180045188219342	-4.2398736756448	-2.02459240458267	2.4821241909638467	0.5290411030235825	0.13157635308360932	1.907272592851259
DG0230	20.91342932811856	-1.5323881000735222	-1.2471131529956987	-3.083766461094881	-0.860419304737893	-1.4511103074190497	-3.202323912440862	0.805431744859247	-3.033260595994598	-1.0445574884641757
DG0231	-10.14032486658103	-0.9370140064362136	-1.9778889943231466	1.718732543482235	2.207495964210569	0.4371703292368143	-1.23309757955407	-1.7433772915080297	-1.6032782724706283	2.026628979853909
DG0232	-13.414290087923403	-3.6577774705452493	5.601524976133197	-2.6395339318828257	7.734428547464447	-5.385234397966955	0.4828286412573002	-3.8250120334907334	2.7022440883806245	-2.1884305148000047
DG0233	22.1991926204356	-6.428960637245864	-0.3078751682902227	4.952466217745505	-6.217548006590045	-3.7876317213750648	2.1436304015339527	5.211693200506324	-1.8899003042184483	-0.5386992561562536
DG0234	19.918108911063392	4.345042090834522	0.8220068099975433	1.080782481970951	3.9830690689295283	2.029785240509787	0.21116472864883035	0.32091296734888186	-5.981799156467534	1.4832990705951967
DG0235	-12.245539402181267	-0.9482055336412374	-0.16632652984730079	-0.3431960334868248	-6.028176337945219	-6.830006096098574	-3.5413414009837525	-1.856890877490035	-2.177903113752479	-2.245830161768697
DG0236	-10.853575540068373	-3.2035356397571086	-0.8624591052230423	-2.7816508661339263	-1.1458780489020186	-0.6681059196035978	2.6914360909764294	1.3208539914825017	-3.966687114519052	0.834103239580634
DG0237	-9.940982703795061	0.8360557630623936	2.220467371672066	1.8435759694711191	1.2646843594510506	1.6459221759942044	-3.7468396273595337	-0.43673400725729733	1.875863976717334	-1.6923214026410112
DG0238	-12.353732413174164	-0.07032311559654333	3.5615569684422845	-4.9240485534672676	3.829905358792414	-1.9149238928073846	-2.3145731631169233	1.6704079705009993	-4.005494323969935	-0.8549044179884908
DG0239	-10.810609066805913	1.0125017292354126	-2.8161160139342267	1.1870260263046197	-1.0119507089224442	-3.282751501303221	-0.3995390167692848	-0.050407730554038715	-2.69009195741806	-3.0560874188785325
DG0240	-12.642518083122479	-1.9447040679623218	2.1414975837535177	-1.4584413483889702	1.5703193942997198	1.8888562427982172	0.23115245453204517	1.7663036404774222	-0.24942522452251653	1.064175539515311
DG0241	-12.370737676782934	1.4044727834283817	1.0637998678779557	-0.04454090404873087	1.5207754990445201	2.9365340268075424	-6.9374736812034	2.3912473699233137	0.4097881037420759	0.3158603604381298
DG0242	-9.999108934998498	1.2558224692278848	-2.877989715300038	4.401797013852697	1.193937198764229	0.1970688479139526	5.283549461972446	-0.258911742793971	-6.4189926651723	-1.3896332276350347
DG0243	21.142776619428542	-2.9031097648119397	4.449814341332049	-4.439002407338499	5.569607116643892	1.9995472240362395	-5.772500015219257	0.5572593240047744	-0.47086984240760826	8.51944876148955
DG0244	19.732605086606252	-5.369117075851542	1.9247519071684869	5.253055467339534	-2.3508817487269926	-2.3146357867392524	3.8943593454929357	-0.36749822095027573	1.6211540922012955	3.0904868922876654
DG0245	-11.740951706718755	0.9828989748797322	3.006064946412753	0.15726726176124411	-0.31389576620699833	-3.2771144054938732	3.6878466924508913	1.6257255171095577	0.6757089743828041	2.432488764473101
DG0246	-10.882205303350405	-1.8723055490661944	0.5067931937035802	-1.3099562430198324	-3.0757808316461657	-2.921636409800033	0.0892572430133105	-0.7831199187152317	1.572680122774682	3.86356655000329
DG0247	-12.22994389916156	-2.210785912077008	4.772303663013168	0.3329557198648713	5.008656150228716	-4.132417152328238	4.253391830111342	-1.6170786851292016	2.947882779672099	-2.303238265190522
DG0248	19.373413691386315	1.6669549160695531	-5.4200586272062505	2.8753346684322256	1.2863714807206117	-4.1007796608450695	-3.8041407756935697	-6.8392650010677665	8.837701498059541	1.4472517297052858
DG0249	19.84535053328778	-3.225515275539717	-0.24744644395981547	-8.046759007788646	0.4423984736165474	-3.7705684507507793	3.7327637998150838	0.24314922222449864	-0.584914886000215	-6.976604729174431
DG0250	-12.53484627707135	-0.38342881142818325	-2.387016427558833	-5.277793434351604	-3.0955414399332137	-3.3379345993612404	-0.010487389864794555	1.22607431384467	0.4279761575493387	7.167845586566928
DG0251	21.739770134672423	0.7265129976394709	-0.5864295204160505	4.410313615557816	-3.0367500351396464	-5.099728835721743	9.036114526379771	2.5026544586249067	6.57447636879178	2.000901705285053
DG0252	19.625907260631976	3.0063375109428203	-0.357655162570142	1.005171125397462	8.64658302695533	-1.9564033277553041	2.0285361433616202	1.678439411740452	2.631030630745911	-1.2457630641746626
DG0253	-10.20576803442264	5.529564246406853	2.80201505217001	-0.05845263562689958	-5.7519454933833085	3.5051951733223383	-2.579336738475369	1.7529347767628767	4.9430656409716605	0.32287736015629487
DG0254	20.534249395269505	3.18681587088013	-1.2704732808223198	2.868797106421255	4.309284835345123	3.251331981416075	-2.1110995965410297	2.57270346140712	-3.0158404358721675	2.38107006804068
DG0255	-12.125201985705552	0.4626150613323518	-0.8816692280428238	4.147688485945782	0.44458407521224697	2.6599994477390227	0.3564850947957868	-0.8326679921632673	3.163066206188509	-0.7747014391694799
DG0256	-12.666556395171224	0.5278634823311814	-3.2464334288051493	2.2748712308981482	1.3112121754303403	-0.19324933228224656	-1.0896846349836438	2.3286661675216562	-2.0079455843195646	1.6377962706274731
DG0257	-10.987773831998108	-1.015441666056815	-2.574187038462248	-1.3544361144280317	3.1988534236194806	-4.942052793633523	-3.2468466558130396	-2.95843917451733	2.0577325425396507	0.6494400608047487
DG0258	-10.784242374247391	-0.19608372919664951	1.2497756022287814	-2.0940165090753506	1.2605092259996291	1.592840935078125	-6.538033672878697	2.2643604463486113	-2.0351607346320013	-1.3244275939323131
DG0259	19.475100780972056	-2.76895102421462	-3.520715350364532	7.857513501758272	-0.8811231740992049	-3.685421737714929	-2.6363924555584166	1.452317076328387	-3.0782473211388792	0.8611796107408498
DG0260	17.40184814719819	1.6914658408710568	-0.30607043190946376	2.1666347025970207	1.0581649612625665	2.9540161996947263	5.399962997967324	5.055382953657144	-1.4336243315938924	-0.8238544309431654
DG0261	20.050149850682626	2.86271310114921	4.242242814381594	6.698185650532969	0.7797295757649875	-0.5155989562047261	3.5515116471127346	-1.4097522403855953	1.7340283477063025	-1.4479573040465903
DG0262	-12.634799779822304	-0.9400277175542189	4.811191330909133	0.6289148126833835	-1.1706948934236905	2.581392269803198	-3.273863637667391	-4.76504867625182	-1.4525112921079264	-0.18363277914656698
DG0263	-10.373288877446383	-0.20105354766070502	-0.017868779557069503	0.47173441844786995	2.5856281733501323	1.9146540971976318	2.9173582708997765	-0.9475815419227243	4.605827214316622	1.4605222822879995
DG0264	21.5821127851527	-1.8233930016255766	2.744779182173234	-4.816655555412276	0.42244970207011023	3.0599851327195355	5.274454869094208	0.37760428425750714	-1.9211782127523607	-2.294231708494032
DG0265	19.842569440543528	-1.9391139779927393	-2.1714799514029655	2.0092371542457714	6.76190628478872	0.417581608424769	5.776223604398848	8.67475418477181	1.785189369249142	-1.6736729253372244
DG0266	19.39587961089814	-2.210441382551069	4.128975008546758	-2.7217068255897527	-0.7216848205021112	-2.048660344706737	5.402103760809982	-2.834356087058605	-2.6428059335713225	-2.297847394276152
DG0267	-12.146928989199093	-2.7245745399982515	2.1970632352007895	1.0078350919948902	3.160303052522254	3.696493995262406	0.13836570929890127	-4.445756582881679	2.956956836991221	5.505045863385592
DG0268	19.98275418615914	1.017208429585674	-0.41641582855655124	-1.0374773737300735	-4.782890826254254	1.0442360799883115	2.4843339732240217	7.640937041672953	2.5306814458052305	0.1106495267718137
DG0269	-11.637593673167176	-2.334833928947361	2.692364460487549	1.9440221605383112	2.263526030293518	1.0067582967369635	-1.119016880963742	4.515121611148084	0.7337503695878995	-2.70913648603481
DG0270	-12.052917064898969	1.0870207112422998	-3.104170556892647	-4.2588441411649125	4.963360335850234	-0.10163234273538982	-1.1728853763944955	1.0914171472632832	-2.3868092443728215	-0.838113092244614
DG0271	-10.708663335622017	2.3794627698545825	-1.3158686832385817	1.217280807925558	-5.657982733748518	0.6173017874786974	-6.946937495332946	0.2666927244279935	0.8969574289168378	4.661284434674774
DG0272	19.112740192818315	4.389231975477063	-1.5810231729813922	-5.807417604589352	-2.8565064790347763	-2.9772408695665504	0.25452772476727037	4.990032743443688	-0.051793912540088555	4.243113650415181
DG0273	-12.721311200276313	-0.638429931244062	1.645690191707649	2.322926297157789	2.312776143956358	0.913812799185092	-0.09480159420510523	-2.3404689387179958	-2.0883110090122226	0.6463926359437018
DG0274	19.678256885355857	0.4874090773643962	-3.705271475562408	4.831344782097732	1.755038096612431	-1.8861616312458154	-0.9923013451764672	1.7519633993592882	-0.42487508981779576	-7.029059310917781
DG0275	-12.38283733407636	-1.3030672562512595	-1.4284152173395304	-0.4531885590780636	-4.400639100325547	2.8411586614469773	-0.3330865320768296	-1.0836882760213502	-4.6524158149741135	1.0790086394085812
DG0276	-12.013423977627065	-1.3471801338486216	1.0599798687135518	3.0418513832086975	3.740082007645832	-3.0383745247541536	0.29331485651312084	4.713603747341962	-2.0524944622114054	4.007517469491342
DG0277	19.41956840722918	6.634419418671154	-0.4020444447928165	2.1376908474540923	1.8139518306277256	-3.1223632952417866	-1.424884886321169	-4.657503287242271	1.629232366622396	3.6686538449138726
DG0278	-12.327944346329605	-2.602328325767451	0.1145001771944697	-1.5483616541248653	-0.7570890783253297	-1.908948153514562	-2.2941965900186876	-1.0153405615857574	2.4501337904400016	-2.9924209308492067
DG0279	-11.86979476231918	0.7706472774194169	-2.8094356871523116	0.44783191032902175	-5.489505115876481	-0.3506633968409444	4.721170717641286	0.889012356862245	2.2142408249149224	-2.835513698585991
DG0280	-11.182675000350129	4.198490976115328	-0.5188690895475898	-3.5738758020191073	4.635664911180078	-3.0920789514938427	0.39876804056641557	3.124804877707822	-0.5391584784855491	1.3196770627250352
DG0281	19.145760754033297	0.7410326222016363	1.5528322121560085	-2.978867836254803	-2.8194564825094437	-5.47566049173283	-1.6677738056622637	-3.2110178953245754	0.5226975895710017	3.6903077828296644
DG0282	-12.218307545731685	-4.463477781968673	-3.48375474549469	2.086079666961267	-0.6000150143956455	-1.869253345084041	2.383167655030803	0.7032840963754567	-3.136732326666447	1.7543768960988653
DG0283	-11.39083393193532	-2.2186009827887845	0.27396797106115944	-3.3328062228080895	1.4221407155067203	-6.054509981506906	0.1754265247925022	-1.708409652020491	2.4455421991525776	0.6392559397125023
DG0284	-12.696211927092431	-0.26408099529175383	3.8600350806503227	1.899212872941359	5.342577399294332	-0.9164227344969693	0.19899346597801792	-3.4772639884530547	-3.3290808722633103	-0.4446786726252594
DG0285	-12.030773522517773	3.5090338850184977	-3.9377464498577575	1.0196796179947751	2.7449950383859933	0.6706977936271997	2.988884943509766	-2.2570483687691527	2.3183197685503725	2.2973926658532178
DG0286	-13.149919921922947	-0.6039120511558858	0.7126083377570096	-4.2336259870595985	-3.0165857801428326	-4.556772298358573	1.2622702081830184	2.2026462914737897	5.569968523085068	-0.8388135371722087
DG0287	-11.1694912824087	5.754911247233791	-2.4160445449011116	0.4402768038347141	-2.7280188494761717	2.6202341407867555	4.5643363110196	-3.9503132128775467	2.651238458066154	2.9063514043505
DG0288	-13.31026589879212	1.7603899401485452	2.762376286881773	-1.8319102320326963	-0.22002496172368521	0.5031943441215625	3.0702246586672617	-1.5814702451997094	-5.526921017527855	2.958377081040236
DG0289	-10.866202506593801	0.6929447392072927	-5.810328664567372	-2.4617597487649525	3.20323588329465	-0.04643816626958691	1.138557514032955	0.5154144306146842	0.07069254161485838	-2.233979572057957
DG0290	-14.3984019526208	-4.471604703340798	-3.4150223855374953	-1.9569594939600086	-1.8671721432306332	2.775429125461449	3.655921060110711	-0.7415055022773666	3.2209122162326578	1.3123704387930788
DG0291	-11.710142917556007	2.8483412970839046	5.04380317026893	5.5158627444497075	-3.0505807979709614	2.167945512239605	-0.057953200344121075	2.318540959621836	-2.6442574779083516	-0.31999955533953944
DG0292	18.389421950899486	1.403139589696246	-4.263839932067168	-2.373848012246005	0.7205077043899089	-2.6268834005071042	-0.3698561122307701	-8.907902230127423	-6.052663472033612	-0.5506537327731935
DG0293	19.937093584147952	-0.15346696191426185	-3.5768115986990825	3.6284233260708145	-0.4074766115539217	5.829244542217378	-4.403065179824201	-3.8851395558862705	-3.9895196233577432	6.1740580622917856
DG0294	21.07834376422672	0.2982056722483463	-3.2997058151527083	2.517363596832284	-7.544934599885218	0.3503852737897938	4.015624684428583	-4.714847196583799	-2.4632353399068343	0.5293617249250249
DG0295	18.88051835490009	4.889004765272983	-1.1379514755016746	2.349407211541468	1.3349489747196388	1.5569503224076437	0.600748619006374	0.7558293006705794	-5.5904110467939025	-3.544849848603457
DG0296	-12.601378164324109	-4.179247641498798	0.08159336062132172	2.611427769122783	-2.8987426316834064	1.8422291397058144	-0.6583549533727585	-3.896523937300292	0.047058510683013366	-0.7883168575970062
DG0297	-12.910068591594639	-1.1397210044150274	-7.117381414393445	-2.5605101918322575	3.7790427583365687	0.1689468989253755	-1.4678076460635556	-0.026103711611879216	1.99720496352986	0.8721384754504804
DG0298	-11.636645968253097	-0.27710452505476085	3.68986159521153	-4.007978817506517	-0.03079314240566873	4.144993765963001	-1.7294225566620016	-0.9592398748579514	2.6668755560366155	-0.5952074909330913
DG0299	-11.706211647443642	5.458536896554287	-7.033193565619066	-1.7042936225256489	-1.5353408427269164	-1.9398785200178317	3.0789611442795217	-0.6084428552883515	-1.597774793009463	-0.7904346710761687
DG0300	-11.652788213851302	3.0675942803556024	0.5773141046856739	2.010984250637749	-2.378513328897501	0.040284830244666336	1.8285923127107795	0.6106050970268999	6.384906076553005	-1.16823151467013
DG0301	20.885628316683903	8.814655845171362	-0.8644897256673597	0.12560264301506036	0.886941942683757	-5.483335014682572	0.3612820087097251	-4.1616448102167105	1.112408721885556	1.9574202379031376
DG0302	-9.376588482938086	-3.920480946203732	-1.2948120793729783	1.501501985299359	4.036638926839447	-1.6762945592973628	3.9633735774051573	4.078077152960363	3.3451761273626075	4.247811091523869
DG0303	-12.518696513668957	3.144508723280589	1.208896312355783	-0.716269535922859	-3.9617336167571984	-1.9295860572310772	3.0368316024609614	-2.0860641258905424	-3.4834371419003864	1.2789641482164276
DG0304	-12.335121417460359	-0.250617325399388	-0.5783724953535497	-3.837438782734508	2.2634062001118744	3.6025544544666444	0.52418095735299	-6.940104793208213	0.07636966869525114	-3.515235189462593
DG0305	19.25215284044699	-3.004281777852512	-5.534552348552023	4.434937814006787	-1.4151018090729202	0.9184301381113474	-3.7455481534364146	3.2764642153529486	-2.4956488672960475	0.9055292405821831
DG0306	-10.51614857395546	-0.09578425836365215	-1.36303583430717	-1.7782167350709988	-1.2127603452501543	1.8536810635187417	0.7168841380094916	0.3958219722636255	0.03718469869280791	-4.6259464163670945
DG0307	-11.772251561149147	-3.4467579708041836	0.2407268558943576	4.857449508204952	-0.761983959519983	0.5921117296881839	-0.4209469533927742	-0.8585347234099249	-8.299125634136965	-4.49165941254774
DG0308	19.9731474716036	-1.0765857938683394	10.505467578283366	-3.714599671138934	-0.2831416374229626	-4.097931658921866	-0.2428886922468979	-4.099936789874864	-6.95159547971218	2.816110978797725
DG0309	-9.942457462816257	-0.5118305340320599	-0.030673271208642744	0.21952861044675986	2.699524271173035	2.053693618989441	3.8991238910915347	-0.23232030390551672	-4.07506695948266	2.0751186164574102
DG0310	-12.593827399319816	-0.9741368047740616	2.611872455613017	2.4027985402490795	-0.8243260044603851	-3.115945133501918	1.1042392461239585	-2.1210572678655315	-0.5499664464047859	-4.0129495858198165
DG0311	-10.616573481366581	3.7193889633518484	2.0555154516703067	-0.8489520814754634	-2.705117197168702	-1.826068421274495	1.720153024426611	-2.362356608553377	-0.8768281762888211	-2.301220508576893
DG0312	-11.686171599407427	-0.2004823995100851	-7.267856414858733	1.4772801585127668	-3.3668430224876293	-2.7913267595406035	0.4060038612880109	-2.4009963560299203	0.10541770457034357	-4.774206315541405
DG0313	19.072367519147104	2.684557912485724	4.2337878899253125	-2.909075191670558	1.2974422669905192	-0.26092645761102906	1.0029160142974198	-1.2882212921581042	0.6868447422856198	8.613417234478387
DG0314	-11.43114239731124	0.31789115905069765	-2.5058424855509043	2.9151490605171735	-0.02343969184084682	1.98912853130706	0.09386283316852533	-2.1047166347881827	1.8839888453731286	-3.4293802209044877
DG0315	20.99165564604462	-1.488469404043622	-1.330894488269168	1.1535594155245443	8.580125883375029	-5.387150963151731	1.3934306940834666	-7.1363266726425305	1.6927027044310239	0.5557202084149298
DG0316	-10.202577793802114	0.21112984686804784	-2.727995922670375	-4.7968312402631454	0.4987154874904806	4.860943032592365	-1.6272841056568343	3.5115795067656705	4.21210893415722	2.9422932251243337
DG0317	-12.716760261362108	-3.2270454093764003	0.9624606627301682	3.6172901080869613	-0.4313640236737338	2.362121315455088	1.8042327528652564	1.0308686865658576	-0.5351637159809683	2.623271968771631
DG0318	-10.572797372250387	-0.05540609345872123	-0.031577399035031206	2.740415377287078	4.885651776000569	-0.6450618894393709	4.330979664884711	0.7868445033360681	-1.8932400515089232	-2.815600391993848
DG0319	-10.467726697649077	6.515042712120333	-0.26726142877291187	-2.735190584752112	-9.263786431115362	0.13879238790748044	1.4546469431488354	1.3527037774144282	0.09615195516887685	4.841204238888192
DG0320	-12.09150557441706	-0.1951341147402686	-0.8497260388493806	1.6022999658206762	-0.8718737109514069	-4.140337248963623	-1.549734826733358	3.0518020035263334	-2.2628884876688864	-5.884209809381555
DG0321	-11.615991359798608	-1.2068781690655814	-1.5596457676357094	3.3941426533394043	5.359901092634115	2.565008482503235	-2.3478335135592765	0.8163795540885502	1.774558977694183	0.16833801545723429
DG0322	-10.62291001926248	2.6713377698279177	-5.045879531982742	1.3519984839985164	0.8380715198393447	6.966696729378145	0.2831089850113901	-1.7366708012535215	4.287018941808647	0.6293786744614411
DG0323	-12.47899747234953	2.87069820559963	-0.8104999788548388	1.865331980175403	-2.333091473175149	5.957684087530146	-1.8067405365614047	0.8046603593688206	0.28324058769902705	4.114973366148384
DG0324	-11.036263581608022	-6.129922851564375	1.6906593443873466	7.683077714925554	3.1610408381842627	0.6699487281959764	-3.2262895952894057	-1.4620118652229124	1.0415266415903615	-5.107048741543055
DG0325	17.51328258958979	-1.9765728123318642	-1.2961682464200237	-9.280983374918133	-3.9876753721287406	-0.5565211912717033	2.020245903868552	-2.516593924129879	-2.386901259674637	-6.571586885531311
DG0326	-13.147898106529313	-2.3126693992884193	1.8898937013895898	4.055235301767059	1.919982360023139	5.106138987650831	-4.711718062049119	7.275246095447165	0.8555949564863705	4.159442145112154
DG0327	-10.870293637980263	-4.65892973984088	-2.5734948570367524	2.2527511257881137	0.4199654992790399	2.174802442972384	3.3904896673701375	-0.2898327793547881	-2.020092294779946	-2.363860586569492
DG0328	-10.47869045034359	2.0012118225477007	-5.025040704985424	1.9640327108805742	2.4967325924976698	-0.019885944046045656	-1.3902883732252111	-0.917904530228407	0.4506807325426945	5.323182990581189
DG0329	-11.035149919592861	5.317540219756951	1.3250732127204192	2.2602182564665663	5.351220184485275	-0.7315473884056342	-0.8248961405426469	0.9374832270194822	0.5199486936134281	1.9418485542246717
DG0330	-13.061693635362657	-2.8023683770704473	2.986558647796455	-2.5185747362828996	-3.138823666068427	1.2686428669215297	2.322815541694095	0.4011897484150496	-2.5629611515866237	-3.002880305851953
DG0331	-10.707330354470438	-1.2660602277947295	0.16683554672900922	-1.934128781274818	1.6942097934126599	-2.1648960619534265	1.1565986921869646	3.008750785543106	4.325227036801989	3.426670884284639
DG0332	-10.495732225273686	3.6116972466906914	1.8850277387268903	-2.103709515009017	-3.0584978299323917	2.388602471328725	-0.31242919023343874	-5.57535287579315	2.813475876806482	3.0012464652413877
DG0333	-11.207609592278143	-2.480428556234949	-1.2561951803234004	0.3897904266678056	-0.8146587844762819	0.8935884296901704	2.590850470102498	2.0337203928901557	-0.28144456409348595	-5.806401962010523
DG0334	-10.397729122340099	-6.517560787147659	-0.4215720371745464	-3.250613939861132	3.055130001416722	-4.964352225088345	1.901405713047125	-4.233790358442754	0.11965687192449823	-0.7422818115823155
DG0335	18.477992665135826	3.467681240973104	0.30498300855116783	-4.092081711084668	4.930793670301821	-2.9078626006482504	0.34734353761620823	2.779482584223406	-0.610818363755573	-1.0060755595077175
DG0336	18.563776638521805	-1.0429584856152794	0.6276569127043065	-0.9400635224970819	-1.0859447652430863	3.671454181437229	-1.7865427248245154	3.96712953781329	4.218247218936275	4.316870201634471
DG0337	17.950559220702594	-1.716311709517056	1.3992263929678663	3.115015436257243	1.3440791025942327	1.5354896004633052	-2.451527546444245	-0.320407142277794	4.805787478829884	2.2335496363547334
DG0338	-11.403873243097758	-1.4371972454862636	1.8657312937524515	-7.8401510674934825	2.388385676770862	1.7244612182211079	0.8738789303116234	-1.3940586361370466	3.289604590412242	3.2138878212252657
DG0339	21.393038301049643	-0.19299844863938798	-2.884949290241411	0.6800388431415619	-1.721640960216429	0.7953158391480325	-4.0182681301406005	0.8356393054681938	0.8732392203576362	-3.74826327793315
DG0340	-13.399273500572159	0.5005806409388391	-0.8653107262992713	-0.07091343490391733	-2.020070990374322	1.15971714347945	-4.538825400916282	0.544410789041765	-0.9202599590603157	1.6804599002389744
DG0341	-12.095093162334752	-2.314650539934389	3.1894617093663444	-1.2395229091790503	-3.1667154689406845	0.27793598092528277	-5.06278848000704	2.7841772175100346	0.8584688874721855	-2.9831505167155736
DG0342	20.716042120008343	5.979163242544523	-1.8579891260148562	1.6979119122045059	-1.163033048027885	0.16156631039422473	-2.9914756798339908	2.002701634122701	-4.794596765294453	5.1934438210606455
DG0343	21.944484963697896	2.8384088180414895	-4.28864179582216	1.4196802898345955	1.276085287320305	-1.6265006601640397	0.4345682364282512	1.410141957897365	-1.021517452577937	-2.9002090297606777
DG0344	20.839888973623236	1.359725752426361	-2.6086445053387304	0.7046669828953378	-2.9238933087417	-3.0001250652523113	-3.805858367082026	3.4125939470354743	-2.361206224064247	-1.6711044866442788
DG0345	19.40108253574661	0.6565565308092333	-0.18011940579160235	2.6150018007147455	4.2055244501969975	1.9757337210308212	2.0062971224836956	-0.8288923777406738	3.732487904246306	-1.8285517282829018
DG0346	18.84063950271697	3.106686869540127	0.049388836088574584	6.02677134902364	0.5601603354468585	5.125127751178043	0.11521747298264357	2.3873060086867004	-2.2663582972270553	4.255799020370437
DG0347	-13.134828055871008	0.7324561761412977	-1.125850487373512	1.1648323237481257	-0.6067275037419492	-1.4970906688564987	-0.3693591374166644	-0.6458875810133955	2.922783505092523	-1.706843589730449
DG0348	-10.957457253678772	-1.691207161241065	1.679959979406146	5.29368780477895	-1.003068028351634	2.9748951570539566	3.5559459859593643	0.10481161696917846	0.9447597650804042	1.6981828596477708
DG0349	-12.021218070783622	-5.03935751064756	0.5373116555718365	-0.4520023298733514	2.355363282724418	-1.4342282664692796	0.8260545534239772	3.4893041882297298	2.5792158641844236	-1.4624211660477224
DG0350	-11.398399078445811	-3.88462234659601	-5.107535640975928	1.2477088063011386	1.7346843581147044	-0.3428693234308242	5.192890513322913	-2.6884575692508688	0.6901203030034152	2.027326505505736
DG0351	18.60715377065878	-0.0807916628463139	1.03409889407876	-0.45285644152521276	5.943401297922278	-6.729336848074475	1.6479347259975954	2.9575849048655822	11.722914012141299	-1.1299998817470323
DG0352	-11.362573880084994	0.36584396986784085	4.076451417893933	0.08625722436402078	3.073086287775704	6.428333726402004	-1.7413860423915306	-5.790563275473031	-1.5781186158604745	-2.2515266287094833
DG0353	-10.361700646644646	-1.9919813356691236	-2.0371238458559766	-2.6285253247977445	3.5754912901148987	0.9009549073244995	-2.767377072332043	4.730234631416926	-3.171880270357712	-4.01557189829181
DG0354	19.05223683025893	-2.3461763776658837	5.308337970188077	-1.585235058109134	-2.9156021721029397	4.4891173078528315	0.7694753602780218	-7.905954466879887	1.0330971138987124	6.314589758998171
DG0355	-11.13050041303447	7.849552209786514	-1.3942551348765975	-2.750132557362458	-0.8098174088835144	5.295825097707042	5.288873954425073	0.66926376640198	3.059898641376895	0.27898068076886656
DG0356	20.43691195518289	-1.405497576042876	-0.013644140129758398	-6.16231991935664	5.216309297247767	0.2439261404329268	3.777137405631274	-0.4396823686985809	0.23553395368629196	-3.4056361400432724
DG0357	-10.0077617283544	-1.3612288144915197	1.1303926438830938	5.662788568314195	1.5202211636846572	-2.869907760822484	-0.11389524006556245	-7.7601977978726975	-1.5602954201618113	-0.662658503711488
DG0358	-12.327638069690265	0.06886295643616666	0.5585685362912515	3.613176353979379	-5.197136199192648	1.9708020940711766	1.7307731175761663	6.776040235244827	-1.9255711952580408	2.31520781913455
DG0359	18.902354652709114	3.487619604018767	-1.1658777142741514	-1.5796875643363217	7.227970338905421	-0.4696989194362199	-3.034604737761517	-2.146941203493433	-2.2419486025001767	3.377485765691318
DG0360	19.893473521925802	2.355872048888623	7.5347876488224745	-4.259022395664355	-7.399835654304711	4.281841865005184	-2.1979921032152876	-3.786282145660067	5.020320279086017	-0.9678305783216428
DG0361	-12.64992172661759	0.574183289942419	-2.8870135207730243	3.2779334597316363	-0.4170691231614683	-3.569108549632179	4.2159830321508185	-1.7094517972367815	2.285606138701897	3.8667444380543605
DG0362	-13.696896233126933	2.5907774989466525	0.5166397242764388	-1.0041778631736904	2.4549469246158795	-1.359257277131571	-0.21604330747130462	-2.579248361627149	1.262947929785591	1.0920803530392662
DG0363	19.182326619849132	-0.37855991719470244	-0.23931556267986015	-5.694242252684977	-0.4408050926966744	0.7268228884774549	5.412406343060467	-1.4490272663098385	-8.258038220356454	-2.2818965117567838
DG0364	-11.129333723494844	-4.259465617262906	-4.104174816100809	-1.4964230390022741	3.1443970885360297	0.3944204555584448	-0.5806770137891739	0.21841939408576067	2.282788535538942	1.578493794319064
DG0365	-12.654540621501361	-1.4381417924666917	-2.6117323866610294	-3.377086944489218	-1.0784028828356416	-0.9190893834051883	2.8429581608259253	2.0911406489900815	0.4518051359014024	-3.9397644505690224
DG0366	-11.02333316063102	-1.3005627151476769	1.6436573921749542	-0.2234886053557563	-0.20925577970701809	-2.699398198693085	3.790485093653917	-0.8668792833661749	-3.314608774382556	3.702096781553137
DG0367	-11.282832965661813	3.208594041216712	4.495636294427668	-1.426554736356089	-2.418583827755117	-0.8371141950686943	-1.6059575782883795	-1.98668300370188	5.214668463966753	2.855523627831279
DG0368	20.75602583650759	3.342359740369071	-2.311541182652767	3.450834413817933	-1.1358826165374483	-0.26424674946986987	0.47728401107164475	0.8874756594164517	2.7131309319526777	-0.943993972310395
DG0369	-10.988900684917954	-3.614344261223124	0.7495682181999525	-1.845395031319066	1.672127434881286	3.6536262014823055	-3.805814446236083	0.08655675184979629	3.420748460328804	-1.835705279438217
DG0370	20.548122061173014	2.4333725367144927	-4.135506794094368	1.368018690181328	0.9436203373379188	3.983523164136999	-3.435777423384635	0.8562891949282391	-3.18322581144884	1.3656984752694412
DG0371	-11.512205275936804	0.03227450960647976	-1.5444793822726588	4.3659631007470745	-3.8153250520659134	3.7439201559517157	1.7237315263087227	5.810084701979791	2.801507940162343	-2.319082543856742
DG0372	-13.376414922209655	-1.630903571045154	-1.80591031012221	3.9014170889660287	0.18936456791726475	-0.557044159557169	0.13047459860188404	-2.5619919648709177	1.5143515592189893	1.5925540876605553
DG0373	-11.08131509207693	0.8190884883956344	-0.22472137321001207	2.2256952018862046	-0.9564200692652984	-2.570258236456742	3.428308705257281	0.09861863111464082	-2.7877521355760266	-0.512158721839681
DG0374	-12.103074673944299	0.9236966727382661	-1.6146209528820843	-1.2999120392621293	1.4266722801371974	-1.2701102223045484	-1.5407135737307265	2.7386477230560184	-4.6366724800221055	3.9476272718006236
DG0375	-10.835038912962508	-5.842551498975963	1.3013052681017703	4.712045729863704	-0.7540424118828977	-0.8102295036899617	-0.5235693151131369	-1.921390069975108	-4.150292223749857	1.9572943087314933
DG0376	-11.627567934583634	3.0284181109162445	6.149096152200013	-0.4391662378101894	-0.7515815034653857	-0.9689599275577235	2.1346587438589784	2.0493922194822947	-0.42257755788803014	-1.1795751059024735
DG0377	-12.526591890008653	-2.4219136115223514	4.2981950213274045	3.743495433215176	0.4139664255817498	-2.2504910393621125	0.5335624489677615	3.8789697287840244	3.0267238237367255	2.276502012818707
DG0378	-12.454970744577736	-0.26425495783078	-0.07475399986497688	1.372437528419787	6.792421499713519	3.4999820434800686	-1.0075374427705217	4.380391784754018	0.18261006770525473	-4.912099315149766
DG0379	-12.721315289000163	3.7007835223834635	-0.7862721124836036	-3.4422433362734832	-2.97294894322314	0.342119776249295	3.6444333100618693	-0.23995746695704268	-2.9215555719957322	2.1341022269583227
DG0380	20.11929237210417	0.7612613257328577	-0.6113739641120473	-2.736987418533414	-0.31456698474981926	-1.580141328344915	2.0201342363166805	-2.6900467310881666	5.85705397072866	2.116977760827661
DG0381	-11.390886743388712	-2.9612721097425476	-0.8981151761160158	-1.243371406623529	2.4398766066069975	-0.8192002734046091	1.6869309472086382	-4.405032925679946	1.2470706549717843	-0.17845409882610924
DG0382	-13.028418791486878	-4.091443682990805	-0.3147637877166544	-4.742547302567087	1.205296554006256	-1.6416277520244416	-5.463745001222721	-2.3718967748448567	-2.011774543704582	-3.633951913265958
DG0383	21.369729032452362	-2.778955087545569	-2.2439567328029697	3.908601966691281	3.7004399583724363	-0.5762550747814417	-2.8304734547836827	-0.8677967925274708	4.672053832769346	0.22404978402076065
DG0384	18.78791532077274	2.455910642024663	3.082795260197166	-2.7434209784011854	0.3253614733048602	1.6432054140128218	0.23865016294708066	2.4335682337578475	2.1016135687211066	0.4132437539071789
DG0385	-12.029289594771411	-2.0921318669449556	-1.0490778286570215	0.314618789517834	-4.067957390098554	-1.0533375331167576	6.338158919297862	-1.5359217564788255	0.5331290536389084	1.3137486797914957
DG0386	-11.080000714293128	-0.382031557182564	-6.80414960810234	1.2414571796633984	-0.6036638070207767	0.40697011740727174	1.8452787436241633	-2.2417325404104376	-0.7626471784722825	2.5726697983526625
DG0387	19.47351206432059	3.23727837999793	-9.1789876420223	0.34403853933623074	-2.5396493169654972	-3.699584193823739	1.9324455397778397	0.15568059432172823	-1.4510926342726453	-1.1473416846647757
DG0388	19.54333855869532	0.4242592843177564	1.6142327963875274	-4.631527233265593	-0.12195248560063074	-0.7717917536997295	1.2862170029660303	-0.5595634808696445	0.6981690096223272	0.0248006097110266
DG0389	20.004284259567466	3.707580687940262	-1.0121322542628377	2.3314246933788527	-2.8899156399119623	0.06963976829576157	-0.15237678888979614	1.4981964973690494	-4.87189421487477	0.4342077077349643
DG0390	-12.478409106293595	-6.53557029772718	2.9204882574851347	-1.4658165255076234	1.667078843926937	2.209219088911343	-2.365231349157373	1.7442547723708124	-1.507998142294784	0.7599594100578806
DG0391	-11.152407003332716	-4.070740031685356	-1.4203110488974209	2.675189156269491	-0.3225200505087455	-2.5961231119036703	4.882972697549079	-3.7056488009977455	-0.16040852314301257	-0.8618620529665689
DG0392	20.428628109458117	-4.11979624537492	-2.362036500783803	-10.08138062390074	-5.862807356384055	-4.144871856153653	2.9373025521323357	-2.6573518479627354	-2.2441535416797214	5.656615171827119
DG0393	21.2642003724603	0.5968169491146356	-0.47630853539710466	0.2297152920857086	6.206491399839787	-4.338725514416487	0.384512451170409	-1.9639761914404132	-4.38742645590933	2.0609444354165682
DG0394	19.283561325095203	2.795900541038452	1.4180458486574197	0.09446172514587899	-3.0539576202969734	5.717128987147472	-1.2970618792095805	4.851747541752109	-1.6854503932919864	-2.5401545228452673
DG0395	18.612072435190246	-3.9869861476172814	-0.2608376085862602	1.0392942128223321	-0.0363300295868577	3.0815201369307523	-2.3741306876031385	-5.28078872796493	3.2881346796413333	-6.9258649727603165
DG0396	-13.387312611602084	-3.1982584865894315	-3.038559237015948	-1.2254842059039004	-1.6162630664131556	1.1834042606118038	-1.3898147469120818	1.4911665104044758	2.352777715261322	-0.7825499508642146
DG0397	-11.906363360979144	-2.712406968451471	-0.35144251545701755	4.002471404330548	1.7123372184761079	-3.748481267715586	-7.25779749846667	0.20325960568344276	3.0117230054995985	1.4254556273553904
DG0398	19.16305197938447	4.47466836495921	4.048067032542975	-1.3204920235944884	-2.5194319925859436	-2.1031169303852884	4.326733446070547	1.8481603865805036	-0.9794934572711095	4.788852584784701
DG0399	19.137181203013924	2.3919370304157317	2.0412651320061888	-2.8375112977350363	0.865114792929105	3.148744745192784	-2.3698178416114977	3.9206882391813562	3.8967668988761894	3.071493554189344
DG0400	-13.300175625724941	1.1904641215858536	-4.334675972914733	-0.5412371779398217	0.5536071506120517	0.21096388322550436	6.180314399223213	-4.200339380168894	-5.405175135180548	-0.6960804603639623
DG0401	20.99333386481273	0.751644307189808	-1.8157478337508308	-3.344449181291348	2.7340555720634576	2.048648735326461	-3.0526192541576678	3.6309453290908538	-4.104651533187219	-0.05427621101614695
DG0402	-12.651783367657199	0.7839298638300162	2.7252883832300614	0.6476936261646696	0.20882987285362076	-1.0148804573741965	4.162013034120837	0.08994310980814538	-0.6945593504343186	-1.7914015164158763
DG0403	-10.404578542215614	0.14020236552612242	-2.147599397804174	0.08579275161112766	-1.204005078654475	1.431666792891826	-3.7039696739716748	1.1782568371876707	-0.6981208285241862	1.364265267754186
DG0404	-12.193591325814523	-2.772110235609529	-3.97212942875186	1.4650563466034625	-4.4453527038723	1.2418390963756547	2.33231756443583	-3.2705004002413687	-0.5611565713032088	5.664897031957998
DG0405	-11.736495023224753	-2.667952512501079	5.256068199091568	0.7673057103080794	-3.1605374465995917	0.06055406943440683	-2.0426205821655525	0.8232671903153341	0.7743306200847765	4.083298959949227
DG0406	20.302712282742046	-0.6321549625065506	6.08593754027918	-0.7431507933690706	1.012524735004489	-1.5911365028249684	-0.8632107429921076	1.1288717388847982	-1.100337637683524	-1.8305487436118741
DG0407	19.15063343622384	-2.0428432068375004	2.9174003057961846	2.9636967832542322	-3.9590058787010296	-1.6649741720921956	2.5315591104713877	-3.8381252397572956	-0.6604225203283971	-1.901868079321622
DG0408	19.190289308872558	-0.44278097572435215	1.2373168113329618	2.4025128605602153	-5.468561627410889	-3.8359093591998445	1.4854618632467957	7.493368803380792	0.35936252407602637	2.294908876057593
DG0409	-13.213132351011737	-1.0834897952011953	-2.933991538818912	6.542058976130635	2.6952999534787034	-2.6726352081143614	2.9244890302917117	-0.3342459511214728	1.1561371384064292	0.7212414741386021
DG0410	-10.451972899565492	-4.789651339250577	0.4468487059165545	1.5380570912204623	3.423136437225832	0.033104078037730265	10.125563062671771	6.279734342068446	-2.4883640377284912	1.4864399405979658
DG0411	18.351046502245353	0.09973693228742614	-0.8845891114851581	-0.7076828523130998	-1.4416480295271037	-3.330847458097992	-3.7529230448092106	-6.628966390641343	-3.0867279966503527	7.006782421410145
DG0412	-11.633393929034783	-1.6725662876434901	-4.632889744054785	-3.7364859340236363	0.9848862377376167	0.33727842723169876	1.4901646568526983	3.522265770031002	-1.2188544918551283	-0.8169692768315385
DG0413	20.25806371003568	4.581126498680995	1.3082100325205146	-2.176693240627688	3.2476356705214267	-3.1102786178871167	-0.8451650934488439	1.593306967458328	2.1482581359675157	2.9300246298399704
DG0414	-11.243218530429976	-3.496801385948436	0.07332211290478235	3.2035645178087018	1.1443948775951718	-2.641747862800593	-2.1402256534939172	0.21433968458065839	-1.1973688410054804	2.317886624513187
DG0415	-11.903397822046289	2.331188207903463	0.7519128323998243	-3.522307437639272	0.5451690057704844	-0.0376868877909506	-5.356357664071364	-2.915930397446723	1.7027315399038636	-2.118598242558035
DG0416	-12.234651934162448	2.160607588476892	-0.9004110110898624	-0.9384997010075655	-3.88885859620496	4.89186874458669	-5.946953191344554	-0.3689150926359914	-5.838741547707063	-2.5144413782016115
DG0417	18.718720363309064	-6.588530684265043	0.3787017746610356	-7.862811244519713	-3.9200070651737104	4.291895909356431	3.9924537915175686	-2.2428164308833023	-1.6354972787363555	0.5984699837070346
DG0418	19.78681781244233	-2.6974048191584306	-1.4905867994102049	-0.8352044708248056	-5.429191952956175	2.365074711673422	-1.2425835853586635	-0.23404808243158426	0.2930502864110016	-0.1067730813983569
DG0419	-12.586779423135761	0.5205111985021457	-2.158897795965088	-4.0548520155662215	0.8126983761523192	0.3136864180599857	1.7148455125115107	-1.2250137716010032	-1.4057681739720587	2.733492699644016
DG0420	20.528173603720337	0.7895237728950381	-5.761156216717464	0.3981134733675847	-1.307688196420834	5.521368574165162	0.935357531347119	-2.2611225302554105	-3.484164450729726	-9.417705116602963
DG0421	20.890892322520344	-1.1281343001276454	-2.0679356472020407	2.7883616724211384	-1.8659869503680573	0.8485116744922722	-0.4404731892309433	-3.8799742794661376	1.1267414505409639	6.715510938395178
DG0422	-11.962930659895312	0.47365807292524353	-1.1284322863668326	0.9190627497345114	0.9496563096674631	2.92889921183334	0.3664303346030382	-3.7111051677460303	-0.9631914804635533	-3.674637554623307
DG0423	19.3611035272134	3.2308737446101525	-0.3551237624964682	-3.957105985133524	0.8298746312843155	-0.42948237507077147	2.139775514431655	-0.0037385191645722335	3.5984006293697837	-3.5950168975915773
DG0424	-10.607277030005742	5.9964832481847	-1.6104925600763444	3.6254328761168098	-2.2422673994976794	-2.5530601148199294	-0.5822763610254788	1.5259656226689537	-3.3808648138201183	1.808038076480274
DG0425	20.09178381713696	-2.6230307731770575	-1.2140099014172983	-3.17431864287348	-1.3481382839220326	1.7774939029143377	-2.3687829655907997	0.7327611316500731	0.8378924790117649	0.28471267825081603
DG0426	-11.658672545767804	1.386508872337445	1.5647640811450467	-0.45217052241406763	-1.4328298152417864	-0.474505772578629	-3.3824737116911225	6.130499716427438	-5.843593781209074	-0.6407299376798026
DG0427	-11.849245682986968	-2.549995220566922	1.9490119697765098	-0.06265956289784236	0.877277817569146	2.711690684005351	2.4510000475884066	2.557799311428074	-2.8691685979758823	4.161847856781507
DG0428	-11.372057726900048	0.9171320663918955	0.27490879664464546	-0.0033548921519729047	3.043140264139179	3.1404324310035854	2.9312112549390403	2.664057714116639	0.9442852277529308	-0.08441331279037982
DG0429	18.672297663150676	-1.0247565767082636	1.9100472095089425	0.10219537193852023	4.161641466752873	-0.2496811484216837	-7.10378508465961	-0.500085251662486	-0.14801910673610336	0.9202159250646513
DG0430	20.174852758323876	-0.19412085375284446	5.604596157326583	1.32889985610017	-5.698807276512665	0.45864016009309055	0.6389317161247335	2.809180354172606	-6.967063179532964	1.3449431318598783
DG0431	-12.323418349673902	0.9924844402397233	2.9054293093934787	-3.292726245397526	2.290745291884868	0.9993102752458695	-1.2806061938847673	-2.9536230831410513	0.34203969216268304	2.3410236956105788
DG0432	-11.787021955171472	3.3262816153961814	-4.690107157946279	0.7840950699271034	-2.1117655579592736	-0.12281125186272668	1.4421586217130704	3.8595463567449255	2.6957838313550213	-0.5071290239469816
DG0433	-10.882246979249711	-0.8843150566439054	0.7544390527847004	1.4219187081150462	-2.740256138313887	2.7166744525655147	-1.5459815022330847	-1.576973756632273	-0.04344130231982729	-2.1106194293200455
DG0434	-12.679638978289448	-1.5873613945632967	0.24540193540854438	-1.1395579911286213	1.2139312201368841	-2.2280698242471533	1.3058949883047177	1.3330136319792976	-2.499080779860075	0.41155348459994917
DG0435	19.73499389901709	1.6794685519928243	1.5641556616294758	6.488425337263971	0.37602564045811887	-0.24978220264183576	-1.445920433335996	8.965167496971034	-1.0636374058896256	-0.996480624901307
DG0436	-11.917680154412144	-2.657969544689279	-1.140356921228961	0.8788402362881267	-1.8762775959312115	-6.59818267156428	-1.2563065111063905	-0.2836434736773976	-1.6756765493238353	0.3734654855579248
DG0437	-11.884512707921521	3.856594728333212	-2.2378837139247176	-2.318036547495982	-1.664135301989055	3.001965406546396	-3.62565288242553	-4.638779692643114	-0.7228706112191927	1.746684060350573
DG0438	-13.416668895560916	-2.704440807723401	0.6943798962003438	-0.14019898054821192	2.446644553332844	0.7434831417937735	1.0130458362128976	-3.5134164451405727	-0.19146828512963548	0.08557160645143327
DG0439	-12.51281354219918	-4.5359709668105745	-2.1151713480105885	3.5819494345295566	-3.183682418067461	-1.2194918732516182	1.761569184497202	-3.793465340515452	0.21826595601578508	-1.224885899515984
DG0440	17.66512902947176	1.6466047259987395	-2.0570730357354448	-0.6872034609632963	-0.7930062540916732	1.588911419077016	-0.5048059636206451	0.1801794327623988	5.1272145627320675	-1.6199568255961512
DG0441	-11.847554894845988	2.238188056096495	-1.672560626258121	-1.7138033232508765	-2.0885157018002154	-2.18347742544871	3.805747459134124	-0.7602168360701663	-0.9735298141703927	4.151096358477987
DG0442	20.057676774487696	1.7187483188403951	-3.9231582090369113	0.12073871650874585	3.231806833083035	6.460238405586967	-2.303357973976899	-2.04941156739414	-1.8672586808867127	6.262751005212919
DG0443	-12.987285939521477	1.3864627593352292	6.271938126547045	-3.354597927863391	0.47349983496262826	0.636016722938099	-1.523067948353373	0.6194926173018239	-1.2762347102661362	5.902784241561282
DG0444	19.600169319928515	-2.802793940407512	-1.929062461970482	-0.4407055439343571	-2.378198346467658	2.4917729787971425	1.150238092420057	0.9125526392843786	-1.0555760693921703	0.8200322265812544
DG0445	-10.886889498671843	1.4776539892808669	3.137533307272159	4.79377405910664	0.18350928582699114	1.568864530972023	-2.1465296167439454	0.25629135179555224	-1.10142933639946	-0.88887967113655
DG0446	18.940931169580004	-2.191081597806671	3.163202685355709	2.4322117960325698	-3.850323209914855	4.73349097658394	2.451848850089818	-2.436786153060313	-4.030036140334752	-1.2236896508717345
DG0447	21.016049241684595	5.560324100756691	1.0101903566352772	2.2148154445532935	-2.6557830285374378	-0.9132114649200178	1.61332347971433	0.4124586070513464	-6.656657045657933	-2.690242270272499
DG0448	-11.363092202048211	0.8542978067635605	0.360824827807435	-0.6803121056531856	-2.8008150893489048	-3.1174948815613646	2.1644982794877112	1.8491098172404974	1.0792568493153674	-0.10061872317903757
DG0449	19.0696749593979	0.14602500991363784	0.17634967197000534	-3.4821323444059433	3.9430808613377186	3.9799596400927624	2.6619776076052855	-3.3553284919121076	-0.9747745649061959	-4.1504913088711755
DG0450	19.51639470082226	2.538887438254722	2.0078643842752086	-2.2249926185013424	2.349497181763958	3.314125106448812	-0.38719313120484317	-7.545353074038324	-2.302409074667716	5.789680888744299
DG0451	-10.507106306710055	-2.6573542775258585	-0.6668646815570909	-1.1015964656599633	-1.861945415778411	-4.340176734320139	0.511936431323426	-6.962997331989782	1.4632390118990373	-1.1708346688495996
DG0452	20.792954217155422	3.447146089200869	-0.5502274353569566	-1.7473070537282096	2.007483579492666	-1.3947983210022605	1.900164540198149	3.8522100636135854	2.2428923374239393	-1.3532384180213155
DG0453	-12.29133740169682	-3.4811998162595175	-1.064213815604538	2.2288278872327236	6.05220684217157	1.6542447731384649	-3.6450873453197845	1.9100842160714935	2.6275712914287275	1.9597839180897754
DG0454	-12.083676674657015	2.8115773546608476	-2.017601793996129	-1.7320248336570616	-0.3386840145111404	-0.8953404631095716	3.6296764975957387	5.786007690342184	0.09430582220058822	4.899638292531845
DG0455	21.825517406979866	-1.9602264317334945	-0.020810412902717873	2.7811829887515267	-6.378701884835195	3.4574989836299186	3.525765632682405	-1.983261581267247	6.559039469085961	3.022630596028425
DG0456	-10.811314934546544	2.5442201772933775	5.445208743451699	-1.8258426047189895	-5.025004237386991	-4.104788536302546	4.2493160311189	-0.4267135808855211	6.09408739027936	-0.6115277185328745
DG0457	19.715312352751834	4.515894903712783	-2.0332554827934266	-2.5534867284361136	5.428650431121701	-0.3889263898400449	-2.8060019354082906	-1.843672491043938	3.1466612536709047	-2.5835094434370487
DG0458	-12.355170925319465	-0.6814583999217814	0.9263829182207537	-1.4660035029677554	0.22022493694203124	1.8760206248469566	-3.86510569440102	-2.8390415019799713	0.05389346297740352	2.124098579894911
DG0459	20.133573285953354	0.6876648169528393	-0.19401736235550465	7.29315513520023	2.095940242300361	-1.684009507879204	-3.960391850127903	-0.8447730822006329	-5.208381795291948	-0.5738389269606694
DG0460	19.7848523912276	1.822386457948815	-4.100005503695258	1.6410888952557565	1.2356663171941122	-8.19265422650839	-0.731463714078143	0.892239616402273	-10.933707561664813	-1.9654626728652225
DG0461	20.16019335442691	-3.538756595119788	-1.4577374790440834	-4.2428510864096465	-0.3403331897959924	-3.9496847096325967	2.183701064537294	-0.844430436117628	1.2910807700281788	-7.022553166281437
DG0462	17.843963745571884	-0.5424941856988975	0.8481792263995271	4.761566454370934	1.6570041883273132	3.7722203695607837	-2.464700088937511	2.906658364491607	7.855960604056639	-3.001929382208335
DG0463	-13.196901175147813	5.316575519621643	-4.150888219792881	-0.6191691314211416	3.926078049522634	-0.6094555879947315	2.5536812922650602	0.6476496432316509	-4.527977040964496	4.012987340456805
DG0464	-10.905536835469421	7.307271522662854	3.0087540433258866	4.126687913882781	2.117978271661251	-0.8614050036933418	-2.086363543388211	-4.366313218825361	-1.81238158597178	5.3303174068349
DG0465	-11.919010548814828	3.6952034400115763	0.20939978961326644	-0.9011010970806412	5.791207695833528	-5.091992862398732	1.327033337900889	-1.1282296240142753	1.0411542035506178	3.7429878290422858
DG0466	-12.332585783497553	3.5381318167783737	-1.1460465419726231	2.087092085375247	-4.879500902737327	-3.1437929279135095	-3.238414934142149	2.6269113107880377	0.6847029793802583	-0.8745930348173466
DG0467	-13.068419834032289	-0.7237669705624451	2.5056084096185525	-1.4836479917061616	-3.3254614809858665	2.3929512414975442	2.610783004225941	-1.926175710913187	3.1874374379069548	-3.531647187211733
DG0468	-12.957439266937657	-1.1055916010453697	-2.2771722779722987	-1.334200310365551	4.764948116382439	-0.06940665884288533	3.1975941830064385	4.8169212326610085	2.2988259890282587	-0.03997053398988401
DG0469	-12.365387851466787	3.113346192408636	2.4753459869696446	4.579626694575164	-0.7147251387829281	-0.7900171821851929	-0.6884198159966715	-5.052755513601546	-0.6059846821168423	-1.273347287627866
DG0470	17.587550213516323	-2.999663848501046	9.5341378405292	-4.226828847883368	-4.905427257684144	1.7421408662426545	0.793004732920742	1.8881067365546564	-5.936610418776935	-3.917793122411486
DG0471	-11.668888429107598	2.9967132100902587	0.2794843923044397	4.6744364447604525	4.01742123261335	-0.03212864414637148	-0.07852429011941008	0.770194847258614	-2.891545874898657	-2.643042478374012
DG0472	20.278905469244012	-1.0861861629865899	5.194604571166353	-0.5095710044634341	-2.4983104094149544	1.8584043267730512	2.9032409615335126	-2.9215098533955914	-2.0738739769643506	2.6782355985370345
DG0473	-12.081318795354937	3.602655699342268	4.481452436174991	3.935719739776304	-6.916541566925347	0.09169664134652404	-0.7510548529030555	-2.2397260786715125	1.0507105241782686	-0.38300908379786236
DG0474	20.91942232781939	1.140776030184454	1.7002104967307843	1.223554836050249	-2.1001728172917957	-2.6314266095871672	-3.2461988276620226	-1.0144305689500839	1.943001673692586	-5.8487142642245775
DG0475	19.144274462110815	2.009892794901286	0.129759931943507	-1.3689725884122077	0.34589726666995785	-0.5138998785276745	-0.29192540773395637	5.128690706896532	1.044051073123964	4.392685673663772
DG0476	-13.686762315947828	-3.73589496557032	-3.201885019489746	0.909797116070399	-1.2826084464517797	1.5368564853959334	0.8161458806379656	0.05376788623291087	-4.215610516621245	2.3671637006564854
DG0477	-11.125801610551182	0.9408401656598497	-1.1777197607417604	-1.6407422564931848	-1.7068676354890577	0.9266392228462254	3.476563484086782	0.8627617130378589	2.476319104789088	2.715298029384837
DG0478	-10.835496564585004	1.207275641858788	5.326440973508156	3.1405570829940284	3.2841385536188645	4.579188224915051	1.3154778270135727	1.7172684588116713	-0.9040345192698434	-3.3257277963258556
DG0479	-11.46207070252489	-1.573209680888379	-0.3173672183618532	-4.077661518010565	2.876588900541273	-3.986099107514699	-3.4133698562095227	2.7891884586272253	0.2190794669033781	0.673916155511562
DG0480	-10.936140293641197	2.36057465943839	0.48285280076525966	-6.056932280336385	2.3407139227132583	-1.9706781549401684	0.5456257096064416	-6.198903213700348	-3.5039689500442748	-3.0968137029015947
DG0481	-9.99111815748829	-4.344861772281036	-3.9130841802708973	3.6163160753606074	-5.311960614225663	0.8854309455186475	-2.5962619719718396	1.03361231220396	-3.713328275007729	-2.661271874412466
DG0482	-9.731769102663424	0.49992478948378916	3.7910599483679928	3.0218497719206	-0.9071418055865641	-4.3058243671401675	2.2544432379140886	-1.4942234689584857	-0.26634227401837574	0.008528848060252836
DG0483	-11.07324792639892	2.4756986439804574	-2.232301045007977	4.3425036150773	0.8672037909677013	-3.9775062464039466	2.4128750210754935	-2.2884939707008543	1.369120922628801	-2.883474056762
DG0484	-10.763754280578818	1.0338615594927802	1.827573826405375	-4.921015815811266	3.998121192477298	0.7071281513647586	-0.5123883954261956	0.005785957416223453	1.849621790843401	3.268321292319696
DG0485	-12.792033439508366	0.7122536683303828	-0.01774043029439573	-0.10001765980862748	1.2634060951956716	3.1732188361180578	1.53634865066551	-3.6662411756059985	0.002244444633326903	1.9183920342401513
DG0486	20.2041094182108	1.6624138200430434	3.320754136532738	0.4887935194438068	-1.0192186070174147	-0.051004843951289285	-4.905257104975225	2.7361172007553987	1.5906210112958215	0.4053746106662456
DG0487	-11.04228295948552	0.7736833429248975	2.571636679264346	1.3875530952748503	-1.618022946745646	0.3064761226523434	-2.0027243632456093	5.20529088541721	0.41209564164095525	1.218385982186751
DG0488	-11.234215114729334	0.6900651310814965	-0.010192801276231636	0.8971057799406548	1.8685032576175922	2.8765375687797285	0.35247905025796605	-0.9517159492031422	4.305699040380968	2.9220014391978073
DG0489	-12.502463614167896	2.7794682675238196	2.353934231211468	1.2018505558926185	-2.5292409070965376	-3.6541896575015764	1.2991247588177648	-0.4268821833100838	3.108088887131997	4.202546398734383
DG0490	21.009388219250965	-2.1061914190920183	-3.836429990251618	-0.9127604143388226	2.461896140321179	1.2770980932928446	0.7868557585227891	1.3912177091064346	1.7881485603334832	4.595242323109358
DG0491	20.862419657701583	-1.7345508947260113	-3.2253733817941286	-1.1779996868814275	-7.1324492588542086	1.1159553628298735	-4.911971660146666	-0.6793368371692307	-6.189162565126403	-3.721746345037125
DG0492	20.32220688076324	-4.085345288774308	-6.537234935770567	-0.6006546149043122	-0.7598976275987477	0.04069587050426632	0.04449192666246495	-1.8532604989678276	0.6779016721046811	2.735440387072873
DG0493	19.71447704988398	-2.3106944684171267	-3.786060035722724	-2.1317702855447886	0.006063793974071668	0.8504776897719482	-4.200488964570078	-6.589920611809938	0.32821529752294554	4.637580325793909
DG0494	-11.392593248299486	2.228599811366115	-1.1667759698518159	1.0287766212086842	0.34895884432549373	4.221732593434306	0.6100461620451971	-1.9400492361186268	-1.4180897776528032	3.9664364492557045
DG0495	19.121328999947035	3.0052165050678483	-4.5415149271840205	4.255596627834135	4.876094107194735	1.5885298459434973	-4.498876834083	-2.1764840337732285	-1.4015478367760983	2.1164835725679754
DG0496	-10.892697511538765	1.163094718412843	1.822446006757685	-0.24378588883216154	-3.038131172844993	-2.078260068416832	0.6470727363199348	-4.062920800804999	2.362092571562004	0.4154666088065119
DG0497	-11.795508218890713	1.4995532173628399	2.2603672855170167	5.0899072202444975	1.1712409544912783	1.9642568929594229	-0.11400437795851148	-0.33560692960535826	0.797846677558599	-3.4545042769594927
DG0498	18.148577549431984	-0.2306111920194573	3.8327577569153086	-2.003316345692356	-6.581383373238741	-3.237969671224684	-1.8802406229424302	0.5688854264719206	-2.950013728260696	-0.3273399602868059
DG0499	20.53205108150509	-2.7086643803674457	-2.8245900505269583	2.6711069919510058	-3.1475284792376685	-5.858458090175824	0.4250826178622855	-3.744403199583127	-3.013105870574054	1.2754427015881167
DG0500	-10.876520125700823	-2.4182921059407514	0.8612968996931762	-1.7648710953695692	-0.6107141138957586	-4.675497885892402	1.7409719935830437	-1.2967797432256305	1.6666425180852866	-2.7607029231821096
DG0501	-11.141240191799156	-0.950910434120346	-1.5470517912166268	-1.3183466325202902	-2.6890333486842026	-2.3901202397252024	-5.510342076824238	-3.083339885204098	-1.4407256702755127	-4.1697973163498165
DG0502	-10.272291913904981	-1.8617372772768968	-0.8588283600085768	2.313766196335363	-1.3920122082867183	-4.962663828794245	2.452602301062139	4.961803395616378	-1.7773174955964703	0.13691389558416672
DG0503	-13.461378043495914	3.3165331331428103	0.4275318852791062	-2.319609946122646	-2.9677595950647144	0.9417487615818199	-1.7258778987389363	2.7036943173430714	-2.097097032886605	-3.7015928760660195
DG0504	21.80257459973211	3.3563313901181515	-1.980165835079792	3.5766683124979854	2.592731595402146	-1.7127419767929262	-2.138005220057236	-4.677885443752268	-6.465495569067788	-4.696957480619857
DG0505	20.373790563215827	5.373067926704998	1.0252669366966585	-2.7783080905227147	1.8765501940601748	0.8056080557167848	5.1513477435796675	0.2973875483823484	-1.951403304039107	-0.890148696823041
DG0506	-10.751567563210225	0.6349251776921737	4.284126473994637	-4.787515938492351	4.462824259514607	-3.3697354983654964	0.09508390797663091	2.3900511554068458	-2.1082313609174452	-0.18942059492355082
DG0507	21.457872426500373	-3.129948083669178	2.646298386380326	1.4544627683779128	2.1004070680595737	-6.520379566650687	-1.4320659679011258	-0.8858048352503058	-0.7109251855742894	5.48915652958037
DG0508	19.69362475002658	0.2674801092996733	-3.0873185209562277	-3.857153690528441	-8.216330671771907	1.159603063607425	-0.8120233893904588	3.5751698380088173	4.371652311299021	-3.972559194267678
DG0509	-11.307072216762837	0.1665335929743052	-1.2003371083456806	4.620399602600458	-1.7669701588556996	-0.4771822559994767	3.5696827991183206	-1.6148720782747652	-2.4251774914541877	3.4688943886452672
DG0510	19.243958542837365	0.5902725519231867	4.599856381735984	-4.959099247821488	-2.8314846149112882	-6.683409291138714	-4.4712301291865595	-0.2216362905248437	0.4990776826208552	-2.616292228061016
DG0511	-12.60831050808238	2.1627004618446573	4.554026272514064	-2.517686286011561	2.519540556224888	0.4007773532141293	3.570341154548643	2.2790530063855967	-4.929070411298692	1.909030464174232
DG0512	-10.975854697464362	1.1581494215178574	-2.301625357643246	1.6117111061317275	0.7751432787348579	-1.0408534509954828	1.2738657526929438	-5.64945701450521	3.3688154826735355	-1.9811719489606996
DG0513	-9.718438161991404	5.239391206968988	-3.4923916596096647	-3.631569128449765	-0.8552746884875675	3.1547421534049254	-0.00035225910920719423	0.059035586768657694	4.085944868552056	-1.8977604405261908
DG0514	-11.68538121428047	0.1560501383962443	2.7200139706805606	3.6663110599735367	0.793936556900154	-1.7864688053629258	4.291731782302674	0.6083140450903204	2.633764389702254	1.8619759749441356
DG0515	20.261147258932866	7.8023845730043515	-4.268223183502448	-1.7662191923164696	2.6452112865843795	1.8411871150947476	4.657036844061195	3.91092261720121	-1.0371940553331052	5.602617175533805
DG0516	19.887261835494805	9.223604278735023	1.3208911760597846	6.7140370451825655	2.2992460683233844	-1.4940985724443874	-0.3847148994648977	3.510942672981747	-1.9804563895613	-5.256189175483804
DG0517	-10.635739512106465	-1.8201173977935867	-1.4251860876432878	2.686005114624744	3.199534912457879	2.1041264567422013	-3.204257122968838	3.581819588769238	-2.528767374152568	0.2872309025952218
DG0518	20.87436597433506	2.1332418399944406	1.4507685130864412	-1.935925996947255	-0.05702130918359688	3.806991549345543	0.35839784611847386	-2.763098205438795	-0.3006302464827758	-7.757410031054728
DG0519	20.253499418761454	-2.5557654505460863	-4.518758426804515	1.2541320578657231	3.825940754054756	-0.5777416805292492	-2.3142174928072614	0.11184831866366557	-2.5651983456552925	1.1708858031783584
DG0520	20.195715603827317	0.40428753224827485	2.215335139677799	2.4085322486864698	3.4376406471520764	6.337028791468578	5.850010319813532	-2.915572161280123	1.7790973726412944	1.4074464493004657
DG0521	20.984097959727126	1.1097275670507123	-4.000826473071846	-2.555416365553878	3.031475623116412	-4.449824811832887	0.30703716037363205	3.0044417901006506	-2.7499874987943844	-3.00570019265612
DG0522	-12.490037178264927	3.743234727320793	-4.492043786894128	-0.5125770766462113	0.4968189307860182	0.1888945078961165	0.7116645894904818	1.2571957398808	-4.063391623074556	-1.5961797417151649
DG0523	17.098038305386673	1.004900683895032	-3.451362622236627	-0.5404765500801778	4.095027003371162	-5.04182188658848	-1.073227080190993	6.66768936672754	-1.1416633821119524	4.272168443537795
DG0524	-12.16043938889299	0.15504304290783588	-2.490702628242877	0.4125321200143546	-2.9834882417977995	-0.6906624309078814	1.8212836353343358	2.5628304162806748	1.5960850567851876	0.23985286143190976
DG0525	19.21417036588382	-0.9258793093118898	5.0839209890803865	3.064541873921921	-0.27833209168702905	-3.6702745900012737	-2.18829299117528	-0.07055326400934558	-0.6531868620332574	0.6334367800036019
DG0526	-10.89569108767701	-0.7757516728483107	-7.750632936072569	0.9685859275059893	1.0027261362858308	0.4337558132330221	0.7969859794637979	-3.579679162992092	4.932870677209417	-2.961942536077224
DG0527	19.49058450214957	1.9749943165824222	0.5748699187784457	-0.3399426082657917	6.3748911823029415	11.419482983745844	3.9901627516777047	3.766905028557001	5.548123412484681	-0.14218914037797523
DG0528	-11.914093706174455	6.860489278339553	2.210659223445212	6.578414944963989	-2.2151571392683485	0.9949541253468817	-0.9937109544649105	0.3477544211948882	-3.5029459812491535	-2.7543941968712726
DG0529	21.202387327382247	-6.82657620523843	4.309334536846769	2.7725830861359415	0.687586047114653	1.763136531541518	4.019868254348408	3.1875672361709135	-6.979687507368401	5.016265688141787
DG0530	21.040952452992915	-3.8031385692613595	2.482927520236846	-1.1588074521537233	-3.066782826854287	-4.979596722379407	-7.5330424839642465	-0.23274701073298187	-3.8523703025846	4.421992738873297
DG0531	19.782992073466026	-5.150269544505144	0.5597021680654471	-4.6092871265189626	-1.4237462065320996	1.100751334445203	-5.3048207548311535	-3.9198133881631456	-2.273902930795282	-5.994258450186948
DG0532	20.128654217144213	0.7432994044516261	5.2411449204478	-2.839876794766794	-2.0320905041502373	-7.615161365123528	-2.6682158594892367	4.751428680137619	-1.4367080336238351	2.4625526992645406
DG0533	17.502623973194535	-0.6349861458496232	-2.2614550409554246	-0.9393522163474461	-0.8764693350625634	-1.929482648327038	-0.5797156072232612	-0.7588271191068029	1.1011742591067353	1.1572675387744351
DG0534	-10.792962618654366	-4.777995577039485	-3.536835371588573	4.237583286370556	0.24034372154924127	-4.702229429904351	1.2361117493564613	-1.5960515419007781	5.805814486979487	-1.93123174117116
DG0535	-11.305105851103026	1.7051613779025812	-0.9823570416259307	-3.540510151260479	0.7342854278748833	0.11502651170989131	1.3116953012659136	3.7590256746327886	1.3416057221168505	-0.7628559557528161
DG0536	-10.6082761677785	-0.177068474770649	-5.712847050249142	0.6429301058635787	-4.290795674649882	-0.6384737759517554	1.811997805641444	-5.422284020565506	-2.28658113356451	0.5718553780850417
DG0537	20.29849603038103	0.4255340999430717	-2.3721463311045685	-1.2994751501647182	1.9609167722230234	2.963566736352975	1.040730822301177	-2.5030673962315637	0.5831606573213081	5.666676694883414
DG0538	21.30038025113958	-6.773667708317404	-5.370136946986506	-2.2570695624491433	-1.5074002365964907	3.8595876134172147	2.9298901741175016	3.8260404674411532	0.9595316695853826	-0.27385322093103925
DG0539	-10.944304919961526	0.07083357739819302	1.1473991891850959	-5.044167321479114	-0.451633095158376	1.7381798191671125	-1.269948204445262	0.5980977645116762	1.8134945703021295	1.2786209504292922
DG0540	-10.927565397311612	-0.25991441714388325	1.076894567153226	0.9894180206354675	-1.6613428100953986	4.342134213455112	0.7680696644238775	-2.282026859988523	0.34720265360008096	-4.996962402999405
DG0541	-11.903788218455	3.3145296343807673	1.3409717379569943	-2.116299319498348	-3.2817686398456654	-5.436403473760854	2.993728824441603	0.2044093989902639	4.171815864005309	-3.3554604591399433
DG0542	-12.224123080164475	-1.4379335583406372	-0.8943537875841103	0.8211632081127958	-3.761737579949151	-1.916009603500756	-0.011463692652696028	-0.4760323462102428	3.283159333864233	-2.3695991194834334
DG0543	-11.051928642076087	3.2561349339440153	4.180540252524559	-2.2924517884994966	0.1869915530944195	-1.2903264098531906	-0.4872319164608546	1.195372535420229	1.5947024077692027	-1.5375023017937566
DG0544	22.414909075237812	1.807023892132815	8.411410415471346	-0.5541670168733982	5.409881181019366	2.7026006879686255	2.9641203329894963	2.323928701264253	5.265366604735756	0.28877862128671494
DG0545	-13.350463378847929	4.9241618358930985	0.733955227085737	-0.31275038653381104	1.8643213984663163	3.727236220461675	1.1568461040547606	-1.6496197558616241	-1.9208320539709962	-3.123817366224028
DG0546	20.645408148473745	-0.7848843467187256	-1.5067430734504532	0.36971733697063425	2.2336926807310706	5.679426022607415	3.2305033819767375	1.477437803116389	0.5271662667688621	1.0192334813846171
DG0547	-10.962997387792466	-0.334456538279803	6.033772441580789	-2.629973319641556	1.6749023405489736	2.4771853692051975	-3.4008356705921763	-0.8514441325770035	0.9119557372275848	-1.5247622079759136
DG0548	-12.164489881850582	-3.0103736483062185	-1.2781215066831588	-6.740667522872815	4.847359135072683	0.544349939755662	-3.4724213554851655	3.4168258916424006	0.279843744128449	0.436917135675575
DG0549	-10.160614560682085	-0.1500492285468456	-4.043480963445557	2.930552792495074	0.5967819928198519	-0.004096906584578827	-0.5212932707769753	0.3018001545854543	-4.601336147633252	-2.2107401852090307
DG0550	20.962063719718508	0.19954058985757672	1.4603674104422617	7.12709011102782	4.835781471704496	1.7464035857267266	-4.595546620567688	-1.7459542212439514	-2.222477542283984	1.7235206224573556
DG0551	-14.183110715333855	-3.694536251725746	-2.6730441386424397	4.820187015773528	5.283851132712757	-1.6457107641153637	-1.3606299534191109	-0.8179030063287754	-1.6678197228333191	5.062635212494414
DG0552	-10.822191922050772	-1.2132965224218883	0.5443436019667909	1.5699729609831476	1.8688981976604402	1.1084559199122226	9.907350327275626	-3.8674468544077656	-0.4851943849782221	-1.1928985250977209
DG0553	20.211216268152512	3.938527128469587	1.1369883296948995	-4.32801462334395	-9.031804037532453	-5.503057462982581	0.41986737732741664	-7.906034785512642	-2.940037472253418	1.3216510949609757
DG0554	-11.677904129345038	3.8110150362254616	-0.1782327014214466	-2.620524653465535	2.928352317397627	-3.9134690559687972	8.306168202090422	-1.3923810166912296	-3.65660257728405	-3.2110621804168415
DG0555	19.456288348342632	-1.9136070884616359	0.41357269114745787	-3.1346779133832263	-0.8150732363946186	4.0642731800672625	7.032937592661583	-0.8755712213167829	-4.900857332707156	3.3630054407897227
DG0556	-11.006772119741532	0.7255369810873707	-2.9221585989570595	-6.721203118235953	-3.072675046572904	1.7300359945103814	-2.786795041555103	-0.2816553562222	-3.699923317065055	3.8996436466563322
DG0557	18.945998078335915	1.4651687340263941	-4.787121885634521	-1.9338533432458604	-2.2966525722473903	2.843479493592033	-6.51666565033901	2.28652191305586	-0.8106231168616633	1.3178907891474694
DG0558	-11.4317605430955	-3.870879378013583	-1.7235638612891224	3.7613838579804257	-6.753001087992628	0.5256203024833589	-1.988285817910307	1.6321962918341304	-1.6431708207500133	-1.4051190868321404
DG0559	-11.490623508552193	3.1283659558694956	0.8061575241097002	0.20904536497400855	-1.4707076722240355	-1.6707700544201165	6.041268152416737	-0.769045746239839	1.935758128959318	-0.9739881029846262
DG0560	18.98054266615109	0.8579211044998953	-2.325487076577459	-2.123564696942842	3.9832035059386914	5.842788847986116	2.9840277835053257	1.9195223783850501	2.754471937595313	-1.0416467723867895
DG0561	19.56095074039743	0.6712734784481003	1.073373260610445	0.3889943541284737	-2.429269073194193	4.168443317902639	-2.257537079443436	3.466646966251044	5.567793480935487	-8.149382804303864
DG0562	20.10258231274978	-3.4285832620501298	0.9866881207083372	1.6729474814593348	1.6329962475563973	1.8203480323803811	-3.1252265654851348	6.575466695678299	-4.919200415676295	-0.11706385249790655
DG0563	18.926640619264653	-0.6865736471005092	3.6307561974203963	-0.02826838181332722	2.6658814529017048	-0.9760169148462365	2.611979430737837	0.3898475858028757	-1.7706345527361735	3.8301287919090616
DG0564	19.463537071450023	3.0382072945399914	-0.42180249697874306	2.8373996917590394	1.8594979577175645	4.145777942667292	5.736301704121312	2.745911566260679	-4.6135152647118955	-4.082287452934077
DG0565	17.911779838835887	3.181605897793925	-4.873521908091646	-0.03620553001125021	-0.17784391015416737	1.0990634956182568	-4.407024395083685	0.9909366675673748	2.418456521109039	2.5720892620161497
DG0566	-11.24421312781677	0.8174993737780694	5.59731728668392	3.8860087305083635	-1.4236959078864533	1.234579919524277	3.13428238845763	2.8122139418448193	-5.248745722789675	-2.0071659913060276
DG0567	-11.92911436217722	-2.84836855445752	4.621876767384941	3.6132109218901136	1.3267738968027027	4.229850072871459	-2.455082459799946	1.3619304867513151	2.5953590614930717	2.187285836480381
DG0568	20.097483616741798	-4.09711393627402	5.828926045206833	-2.6298152583453054	-1.3006056497146443	-1.503141521250012	1.6121821011588937	1.00851845256557	-5.552019428637124	-7.789847342105062
DG0569	-12.558894788282574	-5.954505610862005	-2.6280130211733117	3.563791794652225	3.1910513450202975	-2.3806847764464454	-5.219790396093242	-5.432119954275729	3.428037628450114	-1.098129250290937
DG0570	-10.703971901126895	-3.8492346997160536	-0.49252468616684314	5.073120451165482	-0.742133014007291	2.8216125762823205	2.955092164284259	1.5881887747765941	-2.788675119125527	1.2366838245468175
DG0571	-13.748289913578581	2.844989788531058	5.350488674462021	-2.7223451407093675	1.7010120954293648	-1.1445510507764547	-3.3248059529291867	-2.9049860756083987	-4.023810610035281	0.3092515095509742
DG0572	-11.662454473515174	-4.309361752807337	-4.1272199791940425	-6.323085554190119	1.4483404820547872	-3.2497017385977713	4.138731677427528	0.29997781647139277	-1.2025156141853066	-3.643747794858095
DG0573	-12.77564090904757	0.1407524505135054	7.191505480646288	0.22525626485003317	2.1708230258325614	1.5517318627938461	-0.23633167399353208	1.1883976243280965	1.6305716120677478	2.159177204523484
DG0574	-10.38516929957001	3.572978324150509	1.3526044998126152	-6.014539955111243	1.6646214939587796	0.7345852844485206	2.999636138096851	3.2113507243702126	1.2329245571585536	-1.8784503773048529
DG0575	-11.712332331386206	-0.5590081044621991	0.7026638914341592	-0.11027913947802995	1.650741707806711	-2.938751414204172	-0.01068079965047758	-1.9797794399549324	-0.47465934639177787	0.3337635860764766
DG0576	20.453369724592623	0.5366842747558949	4.45778511699928	1.0701592577495687	3.2619521863348933	-6.286865328818241	6.996947136391529	0.017486741542849543	-1.1106060989031359	-1.3741616060401423
DG0577	19.196715551440022	-6.032522740309455	-3.849069732199986	-0.2494504379823984	-0.5683177136598014	2.497569328507746	-2.9039165593250695	0.35431020651088263	-0.5519699283780942	-3.4415018968158777
DG0578	20.729827063158304	-5.144690605596746	0.5182181493507747	0.8179289368279927	0.35584480764752435	-1.5141634281407703	-0.9685596496362743	5.240467882454362	1.7412521499979725	-0.5491999395250022
DG0579	20.727457203582507	-0.6660040968279843	5.485737788869661	4.644723521944347	-0.205442217783819	-3.8120671767865013	0.9078388742301093	-4.978828770202629	3.4182327193057986	1.6455800234424618
DG0580	19.10568605922142	1.9923473878925595	-0.1668191413000664	-0.6195577593940282	-4.85414569072527	7.701542193182564	-2.919339022049496	1.1589178805800062	6.280089377272111	3.8354987394186377
DG0581	19.906678843023293	-1.2994340067960855	2.8652178569118107	1.5855915883601899	0.2695494507813665	-1.9594479787511019	4.246833555144075	2.614712421529623	-4.489474077930241	3.290022167316123
DG0582	-12.466051651013977	-2.601804897643741	0.8566826839470666	0.6515812442441137	4.50230035880476	-2.0272162449696767	0.4240307335612453	0.8455405361499814	-0.7912735433691114	-1.9480661591926858
DG0583	-12.741384542812021	-2.7036212745543233	0.5572676196482198	-3.706517669182782	3.3131317700787086	-3.128811123333005	0.6161303703767478	-3.409653733815464	-1.0798410279069448	2.3610415757079917
DG0584	-11.233392581639572	3.7658518014612077	-11.381381658387253	-1.5811742634975983	2.017635640309935	-5.578280173843922	1.1654473471367903	-7.408620604020801	4.218819338699865	0.6333022235347839
DG0585	20.93679960106919	3.0597492540963698	-4.281750483874879	2.7610738578333756	-0.517718722515491	1.2861673252176806	1.0034710335435157	3.204065167266253	3.644778431465005	2.379616080148255
DG0586	-10.8111331469757	-0.7671896223634385	-3.245211183734117	-3.8967254274993506	-2.6168793414368388	1.847839897548533	-1.7727296789354936	1.929177657644415	-0.37799790225341773	-1.262086052466363
DG0587	18.43718065412757	0.9177663212181412	-3.5922714406902254	5.902795965070622	3.798129954772463	0.3168037760539848	-3.9559926577989555	0.6309054296487769	2.619154957385098	-1.3255733596323933
DG0588	-11.212827165715762	2.09073486814036	-0.5957811850580741	3.5920808847105277	0.9445113954244664	-1.2513331690825185	-1.3515867213903996	2.271687145242318	3.64936309558909	0.7394640205620139
DG0589	-12.215619511754188	-0.5176268368176182	2.6525083871292408	-2.3071627004862205	-1.7002552381672127	4.260395719070798	1.5307789323504621	0.7150348206146542	2.583823822247615	0.2863553128934447
DG0590	-12.141252179768486	4.987621410745677	-2.264609539441515	1.8916632939184403	0.2246885352230619	1.9669472092608062	-0.14366357403767568	0.9748049627936013	-3.119123098934173	-9.008000711770539
DG0591	-10.966527676630843	-1.4162654989108963	1.3906710460613698	4.489246511859706	-2.4624044968283023	0.7098616048477746	-0.6205656206944755	0.40087044906220026	1.3237809834981105	3.2805013596786203
DG0592	-10.659804113289088	0.1819137079326255	-0.8796420905810413	-1.395338115442721	0.1389725551671773	3.6224300422782303	1.9052685840174	-1.837617098056906	-1.2811940581472907	0.71589565087659
DG0593	-11.790876977912587	-2.18024368962513	0.239032399322558	-5.870849823627143	1.236015555489831	-2.2376610959329026	-1.942507781771373	4.84624846861238	-4.808165261981868	-5.7007504860521525
DG0594	-13.362954600693103	7.342220478634507	-1.4064116208968163	3.654213655220171	-4.89307816897038	1.1377555594552051	-2.1126498986140665	3.584501995165428	-1.9040554645387986	0.5438573940681436
DG0595	-10.22610203365384	-0.7417625022953779	-0.7950951194998329	1.0406145691546522	5.751263704485733	1.711288662677568	-3.3200816687964236	2.5305060153972914	0.13643731662382808	-0.20908320137782366
DG0596	19.56585074462046	-3.42955867602983	-0.6304425454298218	-5.683764690906331	-1.5356659303536968	4.129109558363767	1.9619484438759436	-6.282146979040926	-0.24372966736534524	-1.1145856976995332
DG0597	-12.338710430513082	0.22907244324947623	0.40760026418747597	-3.561338885386558	2.500789127332897	-1.4445396927065122	-0.36464183528042293	2.3862959609193797	-0.06592831840915536	1.0707197156126766
DG0598	-10.853693246247348	-1.8794443060633683	1.432027893228466	-2.884209631824443	0.3382587528198123	3.9063103018235803	2.975083095222964	1.5296858382128244	2.884525712752292	2.9235292995870044
DG0599	19.786107319427416	3.9278387680842286	-2.5836001952668557	-2.5546260679186923	1.60584633696822	3.8167431429524292	-3.1028085419062337	-1.7560750265906422	2.786584314557805	-3.5600323074782123
DG0600	18.449202887851133	-1.6227186185953129	1.5871107219221732	-0.2320007417122918	-2.9089036688342915	-3.7976318152534545	-1.4912368291684635	-0.81557084586112	0.31948178408782263	1.4246035941575914
DG0601	-11.37344298773884	1.6828901208765432	-1.309502742709829	-2.426195834576326	-1.3638409708889456	0.9127712551576153	1.115833146506567	-2.387765088039173	2.4555348601567903	7.576641382891513
DG0602	-11.999798501790124	0.5909602743870743	-2.63520901191494	-0.6171441971299443	0.5217371185602621	-1.7896415542339745	-1.999578190899672	1.6172126679141658	-4.178535791537106	-4.365804358528487
DG0603	-11.460507323071303	-4.123381534992878	4.035527866424563	-5.652194023671947	0.8792866945051495	4.650334170165517	4.792509262907971	0.009447271271960989	0.9036982945616463	-1.9096527499764633
DG0604	-9.3819549427081	-2.3884738474817087	4.26190582686714	0.29027156642081686	-4.15244456502985	-0.3011761350614547	-1.1131599837405906	1.6975120627387483	0.6988488096354533	-1.2175373679144297
DG0605	-10.255356512465504	-1.6224131403346478	1.5326242671466062	2.820121695437039	0.38883041829346454	0.44595396546472904	-0.6215440841632685	-1.9386780276535827	0.58693942022132	2.344290406015216
DG0606	-12.326355393202718	4.299799476073027	-0.7513016810235869	-1.0695186757456525	-4.098370124986879	-1.1121545988711328	-2.5542924116705557	0.36011544262278006	3.237481520622171	-1.3958062686968615
DG0607	-10.940553537114186	0.5981427209574584	-2.5780642008131096	-2.795676327842893	0.8463022198123025	0.6670776001588721	-1.8020161239784638	-1.1174600338901557	-0.08098522042334376	2.2684787240820437
DG0608	-12.232128729345936	-0.5036612730556917	-1.7841303624189426	-0.26550198924223184	1.6218223407019887	3.671645306823557	1.1410701773042815	-1.8703394821121477	5.882625454638218	1.0630187558479367
DG0609	-11.638073822082148	1.7304365160755164	1.3481432878278976	-0.13153664498697876	-1.5141651351639047	-1.6157080854123091	-0.8360537447377426	-0.350626974361267	-5.698153329700244	-4.46329515168813
DG0610	18.44656831463536	-0.23388597944848205	1.1793897519173293	-1.0666600715035868	0.1746954720007024	-1.2043741456848556	0.856974350444062	2.3908733923263963	4.369776076604335	0.1620519271957371
DG0611	-11.516069375512334	1.0448845516304817	-2.1746071734401164	-2.5080887741938356	-0.5728860917040114	0.40724019511032256	-3.087916240061294	2.9485194178288934	1.85679425599167	3.8497713000047606
DG0612	-9.920965750004596	-4.0957747866660394	2.5615096760885514	2.9291174273866636	0.9039695034440667	0.5461012108946423	-2.6837799202742962	-1.604956893277003	1.6048573880265804	2.288156354475776
DG0613	-10.462885155351868	-3.0529807720505917	1.8665077197661397	2.5620295129771375	-2.5089468021655605	-1.8007316291179483	2.1774747130015917	-2.883835539071816	-0.6456936839683598	-2.545968750042651
DG0614	-11.76571910938404	2.530800027469566	-1.3009485730952344	0.7956279143945533	0.8329256769488358	2.8986712946269955	-2.123513222861285	-5.440500477752666	-3.787410665231665	1.8572130227916885
DG0615	-10.932300303976469	-0.16559320684739226	-2.23124682676641	1.1978450617628817	3.4612174854930693	2.2711801065417947	3.1372483942965697	-4.332522187872626	0.10916968668028865	-1.9437072070956005
DG0616	-11.322113065377337	1.5834414904227894	-2.0583172447339937	-0.34953277490217294	-1.829600729809715	-1.9014889655273173	4.152309322290666	-6.122165432649841	1.9548412163212496	-1.9438908318123365
DG0617	20.225286486187027	-4.459645771512855	-2.2960318503027057	-7.825468914380154	5.58126298903718	2.1455540508494235	-3.702873866840229	1.2234823634231031	-0.6359483953767835	-2.692570331681061
DG0618	20.53375787633406	0.4562750047304264	-1.2504365438866507	-0.3176124842182391	-4.061574179341521	-4.307002331075353	-1.7007621940005886	-2.027684579385084	-0.8340034675520211	-1.5231494902752818
DG0619	-13.608237351829587	-2.1957171910983417	5.126238407194781	3.1788784360090823	0.2410432259192834	-3.423435207961706	4.000787020599577	-2.6420036523331687	-1.0116309234715477	1.7932311367619622
DG0620	-12.095645678010804	2.357432941482557	0.14424052728659875	-0.2798538631944789	-1.0272651631562446	4.415486957508455	-1.8410818943175389	-1.8658859463903241	0.4402968063287451	-2.7554912941461565
DG0621	-9.697784859871762	-2.338219894876871	2.028988555848062	0.1835134398126549	3.3159685922425775	0.041233162349699495	0.8109447565730005	1.0295132373979412	2.7876167630820685	-2.3931645982058605
DG0622	-10.436464804677996	-2.0646411104593483	3.1599085747058204	1.8771664182150576	-0.20515801863609243	-0.2891145228060633	-5.257937491619054	0.9836871753036691	-2.460510562161255	3.625475491707832
DG0623	-10.47546281067747	-0.9402936246951464	0.04450980781294586	0.11700334213379321	-5.212180475422427	-0.8970277386451088	-1.8445037651911318	-0.015309203240766234	2.342211072071629	2.08961005519657
DG0624	20.136023496942787	-1.735625599003407	1.4614876979848876	-0.6328708735501156	-4.766466627702378	4.831094322706179	-2.560049268830443	-7.308716322088424	4.111844971721794	-1.1151845839536443
DG0625	-10.837561150545252	5.0642161161267065	-2.683055013403143	-0.29091749694031577	0.29488784757015163	0.11448908588556472	-4.260764503402012	1.4867959389571952	-1.390739816678539	2.0765627395419566
DG0626	-12.214639353611929	4.816538286726905	0.6312088888276252	-7.618862652578863	2.775504327803328	-2.378065841773509	1.30733272229232	3.9941570264707944	1.6349370229744118	-0.46139624562670084
DG0627	18.92552806930839	-0.19061795426779374	2.0388329273328463	-5.630079504836884	0.9239018149817023	2.6220688346585703	-4.584815829996853	1.7266413793733795	1.5934161640883262	-2.0800670071224356
DG0628	-10.916901082191842	-2.553039364583734	-0.07590888552069891	-2.9363875532485633	-3.0751705905134865	-6.051812768336367	1.8365094348869917	0.8262906159843655	2.623281061698992	-2.768175700575065
DG0629	-9.261853972174022	1.9126149254450904	1.5204529776623008	-0.21525377749802807	1.6828141072651799	-1.168615335467517	2.6041028086477347	-1.1408910170653033	1.1542254242156615	-1.6576252888861254
DG0630	18.980744993611225	-2.478358170331741	0.04950326209636091	-5.20076120762683	1.6570165636559837	0.35024369599636224	-0.20515924316388803	-9.877960675100146	1.4902062442432542	0.9416565762935594
DG0631	-11.020820134402133	-1.7621567693341846	2.46827470822054	-1.404676829461613	-3.8627997171289903	0.6228277934995137	1.8800573398831073	4.640034712372366	0.14975940244306415	-4.050003012390922
DG0632	-10.04104384724106	4.341210924840046	-1.9201139766136004	-2.1773042299563548	0.21651185806406453	-0.7638461379195758	-0.06415695011271111	1.3426265780322446	4.360043328278538	-1.0404986557100255
DG0633	-12.177611331577825	3.773616933310477	-4.109711930643005	-2.2620916987156363	-1.7560678310194398	0.9001585326936689	-1.2667682905712618	3.188530355003133	-3.448934935268303	2.230811701789808
DG0634	-11.716942986087517	0.42627370330695824	-0.920858678356301	-2.041671113033591	-0.21997876983515238	-1.817130281867798	-2.8323206339956974	-5.4810220241586105	-2.062476718038506	4.832312030063314
DG0635	18.96041729492915	-5.6068538713049705	9.046163812268132	-2.3190621191367486	1.4056948870853267	-2.5680243920529224	6.717332663336914	1.9180638828589334	-0.8391328435291145	0.2854189041541686
DG0636	19.533944795842345	0.3179696554238337	-2.015010309963868	-4.829155900131273	0.0033926033818836854	-1.4442079918847626	-0.1360916714488577	-1.5257986031566924	-1.667816614516702	-1.7301828202470795
DG0637	-12.148866297805496	-0.3935932796835675	-2.1198246273486787	0.6677241573315342	-1.32436252412183	-1.472426539780916	0.39376161858215786	-1.4924949038344872	0.17894358392256435	2.4458643940184883
DG0638	20.9872735789427	1.3356434020699635	-2.9663874440179443	-1.9837353591652889	-0.18718947348750703	-0.14357336534778964	-2.0203306272238586	6.010262494039503	1.2336614229353937	2.8000216977722885
DG0639	21.13450557902429	2.814753924526899	1.9362371525448692	4.086153679071469	0.6426663942765222	-1.3497903309849715	3.4570754122002585	0.21682888593657657	-5.481502650900011	-0.26966445669339817
DG0640	-12.344326291578854	-3.6885883260409607	-3.1252367837180643	-2.487032217170789	0.8417891557019318	3.9474605392259816	1.7386827331170478	-0.6455211281872405	-1.1817336121045814	0.8045661429682994
DG0641	20.03819501157496	0.10515707522561617	-7.611928352607676	2.458373190441503	-1.2510743458101912	-3.9657671247238695	1.2587606364405857	-1.4452506679773935	0.5816546017761703	1.414871438812113
DG0642	-11.965921416388355	2.4460153374167803	3.2202697011257055	-1.8723848460975947	-0.8142011334966925	0.3695300942143902	3.532272486667616	1.6642063045619042	2.760467448383536	1.5972488797549502
DG0643	-11.244570120715233	3.02431084830392	-0.8949836446298107	3.6361050885485895	-4.468150615882579	4.530410631588573	-1.328565289002162	-4.75459890973536	1.4816925903206584	-2.577035853136122
DG0644	-10.586237182610834	-0.5779693634165594	-0.41690239899909304	-2.226124758779892	4.71788998125538	2.599310980851894	2.343980196514941	-3.98383737315229	-1.7396458924231033	-1.120296434893569
DG0645	-12.108260500449786	1.5161784038136654	-0.10501934934136245	1.7411391157001699	4.5508159818338	0.867565613685356	1.0627843676524555	2.1668085975305336	4.902038825935982	-7.263312695563164
DG0646	19.01070138450492	0.8526767409932757	0.30519854081491393	0.1208469887775787	5.317469407694467	3.4106487810951664	1.2025000234706096	-0.6221912162104573	-1.5832938198373332	-5.31092459880702
DG0647	20.986306986180523	4.813129857411594	-3.0197246076900246	-0.4508292309898141	-1.408787643523507	-1.2603291983599842	1.79820444850796	6.021475044950575	0.20729110066211193	-2.8833787199372387
DG0648	20.03439522200857	0.3139275979764058	1.7874804050111541	2.051973004040769	-2.412833321404401	3.27656750137659	0.561883513763768	2.296098847585643	0.7040812449029995	-5.251457702532884
DG0649	-10.700350413430675	-2.962887727185794	-0.4636074233203874	-1.6006554250969323	-0.20051046148319834	-1.0979299698038203	-2.719527405818345	4.9617570941629765	-4.052613108768476	9.004670016519242
DG0650	-10.681309838440006	0.12058055911559681	1.5944902994868013	1.9876410438162506	-0.48799807223026337	0.3148895719885841	-0.635364529639366	3.1089228940235327	-1.4746117251351483	3.096391555665194
DG0651	-10.351910385938966	-2.343236407532479	-0.6165605833029186	6.180189463963616	1.4904784123412895	1.1049684941798494	5.102618813595661	3.7719162387972496	-4.617224458524625	-0.8140224015477797
DG0652	21.21993650241679	-1.18035573670908	-2.413324893166087	0.9027662814959637	-1.663244795954463	-0.22022836277422916	-1.5257426282917879	-1.2063707767554552	-0.02262901349418109	-0.13472147031226903
DG0653	19.5572685512895	3.9532537707737103	5.249609406024472	-4.483647478165879	5.202966554929766	0.08884440145259945	2.4533879857391874	8.374359439295409	1.476674080056146	-0.8751156564138338
DG0654	19.91733544599637	5.757536205075359	-5.036814904255823	-5.314458698908422	0.6059862134904992	-0.017748868968269216	-0.026131050439094694	2.9454636821014515	-2.584997249984628	1.8948671969121416
DG0655	19.85806842002845	-1.907748122581002	4.694559269397249	2.7563401295254057	-2.9299387512328217	-0.8581965059532793	0.903302561835967	-7.31626500980475	0.9758935491609008	0.24834015631883002
DG0656	-11.082083467546534	1.72140862623141	3.1815374283051843	-0.11711137023707259	2.7373306435491043	-4.27166046541685	4.038726962608773	-1.2945788620656997	-0.392626894886938	-4.277757900015047
DG0657	21.038918978268743	-5.293627814801353	-3.294981541863713	1.8046464558164368	3.718919688796745	1.8567869799470333	-1.5682500454254782	-2.7614332499416645	-3.518204763424842	-1.050087718516604
DG0658	-12.301350542701593	-1.63196399951793	-1.9775811188046777	2.169453426153657	-0.7546928182099425	0.5875157267165284	-3.3511621612880784	-1.8851942910678154	-1.0051120978566146	-5.0132006552924535
DG0659	-11.999861899615722	5.237894956190603	-3.0448772239341193	5.34587880268582	0.5626205437053954	-0.9013143244926721	-0.39752202674227366	-2.4043967202642813	-3.612679378408773	2.7258996159129927
DG0660	-12.970262410686772	1.2248635195026993	2.4259352544104607	0.7248092742877567	3.450453463452914	1.557725576455884	4.096851266786824	5.42574478508276	-3.2797739453423276	2.650094040655492
DG0661	-10.012808330541732	3.897019768334161	7.094743700467798	-1.1272813798857784	-0.2837451876566189	0.7411476147084044	-5.044411331256614	0.3089845831813223	4.728062747295054	2.028821975273684
DG0662	-9.684041583664124	3.7822955037894768	-2.6560883949384166	-2.3853227402480566	-2.3291725350767325	3.8851558859452346	0.7025619507116393	5.056070936104132	3.9404174469845663	0.4138594462427164
DG0663	-11.616582107619585	0.05455420933947404	0.6735540143378522	-1.0651269552960587	0.9365845576482621	1.157378649428549	-1.6030161888110925	3.311963266964844	-1.45706350445899	0.8514308190544685
DG0664	-10.478022067588395	-0.5980982669286397	2.693595938492713	1.9612126373103325	-0.5362709363999812	0.9810109025291864	0.292732706621323	1.1733428576403218	-2.6847916597474364	0.27577265067013057
DG0665	20.444836617045414	6.404093703650401	1.6988348908313213	2.415106819823384	1.5717652819570602	-5.679265015874244	-4.335463899032947	-1.602690983260006	-1.9982402194823103	4.254829036988407
DG0666	-11.452768058569793	-0.0761503055847932	0.0497848076948576	0.312321304879025	-1.098931283498602	-7.450624011665095	1.34640769390658	-3.9633515374385424	6.544004899493687	2.055056191476716
DG0667	-10.9671002188094	4.9623035886498235	1.4524116214329397	3.061175462807105	-0.4254111912462114	1.7458819830005348	-2.6352124583091205	-0.905398931761307	4.272399944369158	0.2861351241928472
DG0668	-10.916625588003667	0.8709774813249109	-0.9727866992023718	2.2448644299102583	2.646029211061159	-1.476202937183923	-0.05590780251595785	1.274428620418935	-1.5105417294583972	-5.084432971862183
DG0669	-11.286495706086367	-3.6775993228274806	-0.8647925577657545	5.4399247964566	-2.340219812284705	5.841944296755132	-2.9195230035077606	0.046470824557199614	2.0525777067063653	1.3677227058112364
DG0670	21.75345493386199	0.8352855943479918	-4.697123599914733	1.876962916824239	-1.8675437795788072	-3.178989581681336	2.853731922580777	-0.8058231039763426	-2.140425024969243	-7.394888250003324
DG0671	19.997890651669582	-1.6641407703979787	3.9443790514572745	2.1551895413286135	-2.289275421034808	-0.7219176369443299	7.697632603685571	0.7550791041088012	3.2027349002728265	-2.7707603071921008
DG0672	-11.176455184566574	2.9387482790692	3.8043631198922774	1.5756730081048054	2.0887783182507573	4.688055239025618	1.2940524580354458	-3.506848666577942	3.6914592905506125	-0.6178270725252467
DG0673	20.00598225354171	-2.6124530125350836	0.2487009432906636	0.33700009701097466	4.4618351190128696	-2.8748730505695574	-2.314505408604392	0.2221281276343112	-2.1094185654723905	0.8282539431390898
DG0674	18.690533781644405	2.6113970875435966	2.83248166667787	1.3299735311736673	-0.6017753653297544	-0.874190585233566	4.371717857796373	-2.2850462485757816	1.5565346963612965	0.1321855427024099
DG0675	-11.8495794054605	0.4393188663340288	-0.20343744028349425	-2.2931750545719676	-1.2075898843189181	-1.4676134979019324	2.0057554810963922	1.0865454209349479	-3.6687047660531773	-2.170355957710823
DG0676	-11.692352195779812	-1.7849444867784114	-0.9880543618349458	-4.677995608303604	-1.8438047216577491	2.3213114903607557	-1.6459226968316232	1.18038951637062	-2.136001339065084	-0.33090342971462766
DG0677	21.45062807328826	-7.125555613352442	-7.522697282699339	-2.7980892364685372	-0.057988113344177195	-1.5468139981168114	-3.7392453992170376	4.7245980910316	9.882637437875404	-2.2900220304103014
DG0678	-11.756427102992214	-0.14194948950805242	-4.044139414141596	2.0009237795107584	-0.34761046733811857	4.837294174618267	0.9527430862257114	3.1570274882014764	-0.6243421452607415	0.018469008346305466
DG0679	21.47601920900551	4.898361428335144	-2.453043999811945	0.624195181025555	1.7967008848879604	1.335199712948565	0.7467558055879281	1.202910185599548	0.8643624583504154	-1.4477312908869693
DG0680	-10.320473623958112	-1.0857098433848886	2.512131627363475	-5.272823462383052	-1.3900640971255922	1.0544288623907838	-5.534744670069357	-4.42137913074484	0.12995268473392588	-1.0637556228047116
DG0681	19.374126377808373	-1.6314028744319193	-0.23558811211616548	1.7738060176712127	-0.14234587068010263	6.642007576433216	0.937525106219296	-1.5883072840482348	-2.495387321467018	-2.263138853639712
DG0682	21.68574716589842	1.5950097786384576	2.929790326551022	7.342385783778225	-1.8735656222327175	-2.8173696954157297	-0.07874397541202993	0.18071328876309878	-2.3220688352211543	-0.7752980448282176
DG0683	-11.819356731595805	1.7970895442201713	2.8047622520809363	-3.1044597985848092	-4.998723356890973	5.826557017301019	-3.3630146185269316	-0.6613951814212762	-0.13623275465631668	-8.42770888091646
DG0684	19.668616856120696	-0.9142510309875533	6.573160286732336	1.8280364969043854	-3.204283037950476	-0.7286358707767602	-0.9061403124853841	5.9911940108765105	0.26131513480866	-1.0381482382369018
DG0685	-10.859370388434295	-4.099714636608157	1.1864211478180104	1.2350126771376064	0.8129504090408546	-3.9655693727251133	-0.03765939103920274	1.7909933505696731	3.7131614532425665	-4.226610035292012
DG0686	-10.997675001993906	-2.226488992069632	1.3866854088476241	-0.016909575529575525	-1.5573712883003046	0.9191509883913913	-1.3465230021682615	-1.1117931927327338	-3.7546578703202766	4.677898115471421
DG0687	-11.428873041362678	-2.3954802699370554	-3.320820219738465	-1.2268264535931013	2.8169846836209262	0.06293091409048007	-0.03176338869368467	0.7976510365423918	7.018365071390933	-0.2540035758337516
DG0688	-12.142004571551478	3.601235244207189	3.4441340963762257	2.814759943799029	-6.547923842816991	-0.7787375907461511	3.1734539627138454	0.006147103361399786	-0.6889966937291601	2.3520711757636774
DG0689	20.05182004673769	-3.102552675758846	-2.6364005796489387	1.3007110748727124	-3.3326000626428605	-0.48820448736130984	3.4111801983565826	-1.5759294276192328	-0.3980932490718644	4.192858996820946
DG0690	-13.72675673125522	3.128308277217816	-0.5192201007245848	1.996845696938794	2.6860752000921613	-2.908958186689641	2.1317603410576442	5.847505593156309	2.4370518988287913	2.092524840683734
DG0691	19.53803322111215	6.529523528684804	5.92189673022788	0.8669214763178716	2.964655156026746	-2.1342639919608932	-0.7214091013824429	-2.989906941432357	-0.19792071394362784	3.245317710870767
DG0692	-11.124070867714929	-1.1748315736407473	2.6768428894301795	4.098791298357501	2.8752657584331556	-0.2794981261474202	3.1054586058079154	-2.5264726000514153	0.0754992534698071	-4.65927606056459
DG0693	20.514251847660734	-0.3033248828808773	2.7748094753484027	-1.9863163112392483	3.7004715202203937	-0.256162148778482	0.9493361049833029	-3.1943355309152124	2.364619577198971	-4.2028677129969605
DG0694	-12.399493262242812	-5.487349698308148	0.33298625536596016	-0.9226208212318266	-2.209895833159276	-3.4664213816596643	3.366568544975715	1.1041377322465544	2.6365647159693752	0.18268474348334598
DG0695	-12.01142879788303	0.9375629657040438	0.5768671566574614	-1.3608471302943081	0.36186279674718674	3.515866882803634	0.08812875559485409	6.232315604045279	0.1693618733881313	0.9759085113917645
DG0696	-12.229726540776904	3.997889082680521	-2.0244252005895356	-0.5354896865424664	-1.850490093825873	1.2493120602737895	1.3038655193642357	0.2075379694912812	-5.946368684200477	0.02736294020338284
DG0697	-11.546921049332576	-1.0518614419039989	-4.2704348687020675	-1.0258847856491866	-1.2179423932217515	-0.7971350536471618	4.872845054248807	0.7461254649128568	-2.9407378291032864	-3.357959206533429
DG0698	-10.653855661854553	-0.9753628609110386	3.638523031835217	-6.162839474796536	1.0488761791067396	-4.256069702879944	2.5171212661989575	-3.1472347135368035	4.569654229824405	-0.2505538758856388
DG0699	-11.337965587146916	-2.4449444177459076	-2.15970089623334	3.7176235825134154	2.0028793831272167	1.8941519732022551	1.4295899493964048	0.1744786248188372	0.555066902038615	0.1438084362257696
DG0700	21.14789547883354	4.750562005641054	3.3752232226459644	-0.17731277418648766	2.4705037275716144	2.6591380309986947	-0.5063075460335158	-2.0963355631509013	-2.8010718367081777	1.541256239170485
DG0701	-12.044211124644594	1.6777305336342998	0.22988117732432845	5.973225969364974	4.9642096020243205	2.6255673250226796	-0.3121028684132312	2.4673638522055996	4.402264269609886	0.9491113580532035
DG0702	19.814342248044518	-2.001135886101453	-1.6033853007302377	4.507211107195216	-0.6829083584709832	7.267938580691749	11.490460766519451	-1.0570760985329364	-4.492793245650717	5.027921843497625
DG0703	-10.019039452587496	-0.26427329875199745	0.8079608871157626	-0.8835923144820872	0.5647416847169647	1.746005010732389	3.5821222126400447	-1.5595952311350916	-0.7292139493537908	-3.097997414190508
DG0704	18.780523044823607	-1.1045995394866153	-0.28634243794669834	4.3387617713026785	-0.940233185524732	-3.123426250541576	5.813668259676068	1.7146926921234782	0.16935385584411733	3.097645961962582
DG0705	-11.86243224142601	2.7066813289638723	-2.419393829592046	0.5771051251097848	-1.4659937506103735	-1.8613066903151878	2.004498685110752	5.815451266134641	-2.8128299063731874	4.783561267901961
DG0706	20.839641760533155	-2.938497816303636	-0.6040405647274779	2.2188518952375094	2.9232181469280523	-3.327106391330431	-3.6883473936487268	-3.5249731914562155	-2.483518425322006	-4.33719100545563
DG0707	18.84235843147725	-6.86267355303075	1.9355841000687786	-4.3093669786678985	1.1118752922386494	0.9625820398465401	-3.7929321984677373	-1.525977233527717	-1.9653103704466683	4.766367467043884
DG0708	20.327741935342292	-3.0490476997231566	4.156414170913178	0.9998561666783133	-2.322184129441293	1.669977869388921	7.789286753597176	-2.289710965342625	0.7428021125708852	-4.585592796814208
DG0709	-11.381721512310165	0.32460371221313367	-2.1283359010837666	6.199988848528611	-0.34553247042237767	-0.28501853174903474	-3.1856322110520847	-6.795301068969778	4.192501015875292	-2.1123637615865785
DG0710	-10.779233988241256	-0.8948102480210964	0.04905006349679448	3.4678840337912016	1.301791741945427	0.9868383212267675	1.888954084559922	-0.01060119488667452	-0.6441619281422498	0.9124367783728808
DG0711	19.567946693331265	1.2152329792996581	2.308149895042021	-0.9148992990795541	-1.151707305179632	1.0702571216509575	0.36987679111346555	-3.6055061103137467	-5.912925057282121	1.9414638655627192
DG0712	20.772690446773492	0.6246973545892288	-2.664585883529361	2.244953317468919	0.47058065829518847	0.8326197037691996	-0.7622411942297518	-6.768874761662239	-0.8944588556457163	0.10856341357156657
DG0713	20.05306097295229	-6.410942960259702	-5.2087987244530956	1.4725002211585765	7.0944892025719355	-6.068981845160702	1.8147442257934454	-0.1959837748731591	-0.8656447198445273	6.072428005205498
DG0714	-12.305588737112819	-0.9607628312492382	2.7239178570554734	-3.2589588896559083	2.915696054794159	-5.147222166341592	0.5443321756011457	0.05840631507942107	0.3652227444146714	-0.8258498882380787
DG0715	-11.35054633651745	0.8932950400295728	-1.4535374722114551	1.2546852848854522	5.047772215738757	-6.667463702889179	-0.3794410854736024	4.212722410741108	3.412212952191318	2.095599246420666
DG0716	20.454573731243933	1.6882705945926113	-0.5022100027748752	3.254700923498242	-3.851889743896873	3.2094955026850904	-2.379805586048943	0.40045601830391125	-2.922036720862794	5.0797638765120965
DG0717	-10.603960096007853	-5.259302527552956	0.8228688649547927	1.135453056708388	-2.5849119190275993	-6.9867774215004905	1.832478396392119	3.834191532333469	-0.19938155577699163	1.6575889166076618
DG0718	20.636378248951385	-1.6020294327756075	1.2097534676428363	-3.3712702789911293	-3.331952306263091	0.4797367511002951	-0.2912741699240795	-1.6376503233186424	4.875510912062698	-0.9816198113902188
DG0719	-11.915157263141191	-2.384476238518931	3.731749187233224	-0.8339414224712687	-1.2793781515846065	0.5520859841401318	-1.544812713822404	1.233633518384568	2.5773311953258515	3.940672451598167
DG0720	-10.959943530182713	-6.245825565729542	1.3462237812361424	-2.5094189948564676	1.1319677102544323	-3.6914264104393033	-7.891267571116658	-0.45768354211523193	-0.08331308326455757	-0.28831645291016567
DG0721	-8.46613542491309	1.070270982714975	1.7900699576342125	-1.9950580304038528	3.582716913371013	-1.5316803172158702	3.7396939609839546	-1.4257589413717766	-2.43741303818724	-0.5416906200631484
DG0722	-11.457357438071949	-4.26308752103848	2.668715234648771	-0.6874510684896523	-1.387106468464313	4.018787641810835	-2.969373530770227	-2.964024638124621	1.7284125754757276	-3.615888768234646
DG0723	18.294402434376416	5.831318487652537	3.319743119342806	-6.816940497663655	0.4728194289234168	-3.2702387288465	-1.736232527115039	1.239871662334793	5.4548749299980575	0.7979720472361722
DG0724	21.04773011679859	2.0421392837010806	1.2173355183004637	-3.0295249656061416	2.2830365089618594	0.7023992605624331	1.410908580689661	-6.610479236482973	0.6230294946372942	-0.06510049894429215
DG0725	-10.534949098869403	-1.0370953031716836	2.805290320908853	-0.8106276004186408	3.498160573243202	-2.188394379382425	-0.17174951677403816	-1.0445261813779112	-0.47604350917736815	0.9669051966935511
DG0726	-11.410870123730732	-2.1540375760895607	1.6030564341393212	-0.9497803029370013	-0.09946569143633133	0.22289381422018315	3.2293697753382387	-1.4662308061727538	-1.8369456072869914	0.5102223915730971
DG0727	20.564638635193763	1.1416432977622526	-0.5713651586091302	0.39086962574338274	-7.982534701409199	0.9526319648483131	3.3197021394353246	1.1814610791641016	7.646535067718714	-4.10334922852354
DG0728	-11.23207165840309	0.74249497828253	-1.3932983951487234	-2.737618803491487	-2.0704514553163587	-0.9295265930514897	-2.343689231630722	-1.2535708836910122	-1.329293607292391	4.427916777752183
DG0729	-10.713332669972862	-2.9216258316831194	4.15959158739755	0.6214797366190496	-0.6476207988688611	-3.4471327997468606	1.461870892697241	-0.4676844324356733	-0.6174246262896804	1.6851011291023577
DG0730	20.08328231558295	2.8275194226181415	-1.893067880516875	-4.707942376901563	7.316030919273151	4.021931652079415	-3.1635818882481535	-0.8771055931819297	-5.1345471185906515	-2.5867163085917517
DG0731	-10.575492386616224	0.20343711632136793	-1.3347901470187207	3.0208394481660106	0.5880760615767786	-1.1920197151674912	2.247365728300913	-0.9655934965541486	1.3935165816436526	0.4695910650699064
DG0732	-11.537166912561318	-0.10488228847899006	3.4543590715219037	2.1094597545515232	-2.224815458668822	-0.9585940363408628	-1.0325729215297321	-3.011504219841989	-3.295515603087568	-4.532232936667751
DG0733	19.87854667261248	-6.359058514896245	-0.7407492563399709	0.7776813857912446	-3.056726149183592	5.286484414574525	4.83940179428998	-4.141495973701587	-8.30281024232221	2.4282478627414967
DG0734	22.468039630958817	-2.37313508263803	-3.638100569763238	-1.9509218866127678	1.180908409838517	0.9379739102892771	-3.9386034730374986	-2.682138103437066	-1.513956179674469	-2.9044236851072327
DG0735	-10.528703785957063	-2.175513532607351	-4.796589509267349	-9.931258540548692	0.834379084002622	3.861665797109003	-3.655145544921218	1.9595690436986166	1.7021821848217193	2.4042467346560654
DG0736	-12.346833344938132	0.019875829169078662	-4.450171114856186	-1.0945618559075545	-3.6392949326373993	-2.728191970713802	-4.969423904297766	3.3010148359846454	3.344730415384651	4.527886422468743
DG0737	-12.34410642326747	-1.1794285689631316	0.8583008624377514	-4.062610792369635	2.400759263405657	3.0007837433390527	-1.0810694046080578	0.08996095883032014	3.0428555745804533	-2.086361499047853
DG0738	-11.38362783166727	-1.3767852324427885	-3.9501970277587946	1.008351602733285	-1.1062022787635901	-1.0015679478984831	-0.3250465028221527	0.5343570022006994	-0.25417654273245704	5.721878836435663
DG0739	-11.86028101378135	-3.9936870363307424	-0.6146409853133514	2.7831280840331387	0.9847828079548824	2.116898830612268	-3.7665558624111637	2.3818445289847676	0.2543078677731009	1.6404488923624518
DG0740	-11.273573876031938	-6.037241366519027	-0.6957148369084278	-1.8599315986528302	1.905994209513261	6.4252610354886315	1.6127293058152634	-0.42265761897752907	-6.412093350366972	-0.3370805812191475
DG0741	-11.639312703243117	6.638125981969615	0.7252262338315507	-4.364239763196805	-0.2123216437383094	1.532772851084121	-1.814937042453874	-4.802734461963068	-0.659356769217311	-0.568862901107528
DG0742	-11.368745867768993	-5.6802186975968585	-4.941583820001344	-1.4996910271248611	-4.333505487307925	-2.0081988321288846	3.6180570418214897	2.739194015071133	-3.8459484744808456	2.162341911757805
DG0743	-10.569077983402277	2.8936019351083315	1.2017554160518222	-5.482910168415559	1.5283365238972852	-0.8409977854064616	-2.2058015149157786	-0.10582432387555102	0.9273019987336965	-2.3659861632035395
DG0744	20.35413608616764	-2.5627184907901155	-0.9470938656644998	5.278575769932542	-3.3627589601884753	-4.782703473816198	0.6723379380978027	2.7492877629093657	2.0725596913454094	-3.3704935966062677
DG0745	-11.911166978774093	3.442720917760883	0.5094931060449299	-2.0237787402924066	1.5272529382114697	0.01361827824892925	-1.0345705392561788	1.820872976358423	2.202524213780393	2.197325061053349
DG0746	-12.072803233603981	-1.6045382196979363	7.151496856270555	-0.04804078976136039	-1.152024312240109	-0.2205517660734059	-6.095559665135506	2.621326079349765	2.547873429168752	2.0081157085279213
DG0747	19.480905172973102	-1.030751189699272	3.663524198013311	-0.8349497942403812	0.2618974381396346	1.4105443436183833	-4.601109911498791	-2.132212408836066	-2.988535261422037	-2.0058181282965823
DG0748	-10.771000832590047	7.368291268417575	3.6938472099600537	-2.529292982099944	-1.7858955084837365	-1.6056572006103988	0.8329340169319317	-1.0041937749370018	-1.249234078200239	1.9715278406854357
DG0749	-13.43354540625258	3.090597707989342	1.0157997921416895	-4.553755601227081	1.441167991145729	-3.6904018387042488	-0.2516678674844241	-1.2716633178027863	2.1712961853909425	0.5226659989141665
DG0750	-12.960289113380075	-1.3956136929402847	-2.6992585990647506	-2.078400363987432	-2.944138799258737	7.763279220636023	1.2362109017929497	-1.7994147584766023	7.74384537963134	-0.48893573021479175
DG0751	-10.81104324985551	2.3499153687426912	-3.8380221787050517	0.9506529576931926	3.206145390516799	4.6845685677865365	2.1785903085524283	-3.5144150325030425	-2.1770996011268693	-6.513372071414473
DG0752	-10.946337389834797	3.5973145072926522	-6.875628815237004	-0.4304505155912893	1.9974171536506866	-1.6615620348621112	-2.084450623754119	0.7493216003606027	3.126316723241682	-4.878297945054763
DG0753	-12.59659176088271	-4.034783227522315	1.4029172753006751	0.9102902722190739	-0.010816016528650423	-1.9051358608052587	-1.4453708174666506	5.288971711074797	-0.6100203296815706	0.3895186826598608
DG0754	-11.720358963010376	3.694734476810888	5.6708300965171325	-2.0460518971078847	-3.3043523891683972	1.3099182144781758	-0.7898977707625032	1.90632547237502	5.776404176744685	4.493032177345282
DG0755	-12.642310232449388	0.65224607568066	0.17438291657908359	-2.9177784470224886	-3.9099526331819616	-0.2590873948966353	-6.13020689154558	2.4916217531333538	-1.431337881025252	3.82283766963421
DG0756	21.121245084204343	-4.940125532041223	-0.7598355198239557	1.8050858040691804	-2.9298161435431536	-0.5913515957992773	-3.08025773647798	-4.906149895792441	0.37724724336766036	-1.4900132422354744
DG0757	-11.494047083551155	-2.814881275461515	-2.719220001842433	2.4274040639321353	3.9243557243385143	-6.204041245581973	1.4349048807199674	-0.3930936452306067	0.1215738802415642	-1.9615029791022258
DG0758	20.39415828685963	-0.028557250976727747	-1.6297790154969178	2.8456744282769337	3.9507697505891866	1.2601118271100022	0.3514528827967346	1.6657598419069277	-0.7884862182511425	-1.5048821660134293
DG0759	-11.770585674280127	-2.726137527431543	-1.4258357055656774	1.8766958159698586	-0.8438632502980793	3.10864726438893	-0.8648326925798272	5.330029449746187	-0.9904747246046903	1.5937623935326404
DG0760	-12.306231443205705	3.8905488278959783	-2.4675091045316364	-2.8364171196447945	1.169235472813754	0.19738940677770916	-0.3463527763056717	2.776459425005069	0.4010440233877225	-0.918350874470753
DG0761	-12.42505258833798	-1.8570973404085962	1.9011662330341634	4.492907766042965	3.2677854531545614	-0.15106560628575066	-3.8471692564240016	-5.17745639854254	7.266561003791086	-3.0792332617813
DG0762	-9.764104081295715	1.8594930673076486	1.3874625729093781	1.186520724058704	2.2184022343236114	-4.1479679025074745	-3.5657629883539563	-4.216524751087016	-0.5762412068353912	0.02280472085959194
DG0763	-11.105345486377017	1.513825900799128	-8.806193662979462	1.8601986949667353	-0.3399696817153073	1.7879853812563806	-1.3149859407486382	-1.6400290161979927	-3.679684989956795	-3.419679875537953
DG0764	-12.26461886533138	3.2383835899169533	0.8573697001627705	-1.7646696709227787	2.565206010557292	1.7254541103437844	1.7068754649064872	-1.364321743612024	-0.7514150005921869	3.623628190445066
DG0765	19.417720637017833	-4.828605390523923	-1.788578544384241	-2.068560585411036	-0.8042100441283124	3.1538399323486246	5.707284088995819	3.092114821959335	0.43361026708045425	0.47095208111371545
DG0766	-11.239721767692847	0.7193344904917743	-2.6892019617834384	-2.8993710392606014	-4.71265317720571	-1.162794662696509	-4.415014745521215	3.4447405243212508	-3.805765823064112	1.9852933967954796
DG0767	21.2534710014858	3.8939015311962706	3.8787348667120645	3.001077986445951	-0.1808659616866145	1.883465236277507	-11.100280996280304	-1.205901686024512	-5.823190340572051	0.8974419202162177
DG0768	-11.955940676075658	3.3382604004102436	-6.599550743033402	0.25648683377237247	-0.34795529531572433	-2.765902783468396	-1.0146307939023596	-0.22737172019051088	-0.5405858845023221	0.38198916020466867
DG0769	-11.396208293597201	2.061355933398607	4.0376152232501274	-2.729772929764562	1.4010557097099772	-0.45797637470408126	0.8165256682067028	-2.2755159707016714	7.403718696284952	3.0726553344311984
DG0770	-11.916470219462537	-4.572114947862045	-1.2113195683935989	-6.510381385035688	7.673302208480117	-2.5599596157801354	1.2961363041496818	-0.9417748082989592	5.6084006319526045	-0.834029183454178
DG0771	20.69681064301891	1.4186326199588177	0.7951926786776431	1.2592883609425733	1.0880142706418046	0.4152323746646579	6.682842802296258	0.053515654959312264	2.01810167693776	0.25003327493829175
DG0772	-11.625438906228226	3.6233861978267754	0.669224320302999	0.8584333491483987	-1.2120137851292965	-7.632099285922991	0.14626352924917582	1.0146297620227178	-2.184084787443792	-2.822783726048044
DG0773	-12.5157673470044	1.2735196998320824	-2.7382550253903317	0.9228691304672244	5.203124542499915	3.3821984607366598	-0.8068755854462739	3.70199750211963	-1.3535174387930164	-2.5556865414380607
DG0774	-10.378440298072181	-0.10446313800128681	-1.5774879106663333	-4.60396676184942	-2.633822317410143	4.426536002428677	-3.7875727234652614	-2.6162224833977494	-2.6005258055597	2.405302667941422
DG0775	19.598693690503044	-0.5069112868412624	-2.764954993038048	-1.156601263704956	-5.07014768961386	7.162569797074571	0.8297615659023696	0.7788294351860323	0.070190496195845	-6.369505009310804
DG0776	20.541394240659542	-4.2637385608736675	1.2308640548392207	0.16036059378671802	-0.3387904670091354	3.8692691502868413	-3.4013723161218508	-3.2769947315460946	4.5949100923941035	-3.2478586927026405
DG0777	19.509681970439562	-11.841771545194872	0.20741720147959014	1.0451331921448819	-0.7094612074227429	0.9421560819619732	-2.4286130184833246	0.49888385820929626	5.699533274884524	-3.6727671753645703
DG0778	-11.27741060868809	1.6957897358919714	-0.6694298345862961	1.4050610027389996	1.5051890988978969	4.775195607672768	0.8839103012206205	-3.113563446775815	1.4315686015398275	0.2893073180738646
DG0779	21.03717549597972	3.4066976531594877	-2.4357868953090853	1.805485520277967	0.1363365702101179	0.038537162299496885	-1.5227029437429473	3.095434664910379	2.8704607407934066	0.1645408923665383
DG0780	-11.191624181863064	-0.7840185459434791	6.807599143739625	0.5781160929833832	5.5197928999793575	5.191512820697553	2.009984211695785	-1.2361909949963084	-3.2020383872002642	2.8642149235523537
DG0781	-12.700223019218726	2.186812995447509	4.230280975563473	-1.368982408712151	2.7072590915799477	-1.200503461015255	0.5390442875899903	1.4387321942489613	1.8690364354799973	0.9153114328870757
DG0782	18.575374931731336	-0.7766537894033518	0.058268345623911366	0.6062009300811657	-5.619511423807854	-3.4953746098786094	1.2273260647831403	-6.245305026186703	-0.4917084752572303	-1.5044972297527912
DG0783	-12.371000493050923	-6.800459123804314	3.9707898982361227	-0.5444021213563442	-1.2597105978531655	-4.920777850375634	-3.4649401998949814	2.407758354082981	-3.5909819644625616	1.534375970134289
DG0784	-12.364263721606218	5.130414226666651	-1.1017617727260067	-0.2029702007003279	4.326380534551431	-4.9290160875049525	-1.6005924565797818	-1.010317396154402	1.4395087671497913	6.363854496368376
DG0785	18.80557092537026	-5.2629905171666245	2.6069031161498804	1.4051053683143877	0.2660020102713853	-1.9415827119660727	-0.8811731435942884	-6.5604365161349065	4.1475415604608346	3.223748410913842
DG0786	-11.350781875892066	0.7002750724419006	2.9472599705859843	-1.047401168010848	-1.29356178631507	4.713886526613028	3.7201372518060873	-3.110083555831883	-2.663861915218469	0.277621222926361
DG0787	-11.160387695312714	0.9791265641310901	-3.7782543541093268	2.0043221184489473	-1.9274680185857955	2.6392103159709026	0.8236982225893167	0.895792132223634	-5.079493662634517	0.9949555064662788
DG0788	-12.969235529362287	-3.199712485676657	-1.49866841815061	-2.4658239036885723	-2.5076226410644775	-2.4011436225175324	2.0654633013091557	4.887160869643616	-2.0039528302615137	-3.1571630830914703
DG0789	-12.409744914620045	-1.8614937995127023	-1.4256216147822938	1.9318228574440648	-1.158803488662635	0.22051757553363865	1.8679584768622868	1.1849928022027993	3.6544171245943	-7.335005352776325
DG0790	-12.155089494635828	-4.142948541393992	-1.0133911075197488	5.80354064092551	-0.43885829266098403	2.797481781408087	-2.7042215947189963	-6.070870992192008	-0.9996326436366266	1.0447708610684634
DG0791	20.82135589871384	3.3299279155657877	-2.668774931270235	-2.47666549555517	3.534653906649816	0.32339744384747504	0.7181619768977703	1.0283443533443317	-1.2744735900796766	0.8579056211907482
DG0792	-12.543196045472797	-0.6725662727031632	-2.6486451170786247	-0.9149165365311395	0.6318774007881911	-5.257442085751666	-1.6832525273238805	7.172950855955736	3.7631875277029594	-4.9110793324763
DG0793	-11.111397088587797	4.568812133796165	3.601929298439511	-1.1521971966905211	-0.45729426551785446	1.6663957595727448	1.1997159433251765	-2.7218024649746826	-1.8398657723112666	3.6672377230405107
DG0794	-12.3604166840339	0.383235523585975	1.0825843217994648	-0.8739445857005685	-0.026522181765090268	-1.370966123278533	-2.1407282661744738	-0.14632313765535115	1.5865494263208575	-3.7410748787548336
DG0795	-11.281645716263524	3.8155671905177644	-3.540088447350633	-1.0262343217907663	5.204857254969923	-4.269338954594376	1.2787011028568447	-0.9720148442638874	0.3382332553146738	-1.816503974274051
DG0796	-13.635733705825055	-3.926265337061391	-0.7118161216864927	5.267883859420968	-2.650619079751846	2.4433018767811827	-1.638056279831531	-0.2216963958104787	3.7599359970916275	2.7279506250939747
DG0797	-10.988861640460911	0.7149899200854669	-1.72174460097327	0.2961311218536722	-0.3099113853757445	5.0061215783109	-3.004717632816731	-2.598497359131767	3.0496303114231527	0.8314395493370548
DG0798	-10.988372660675482	-0.4140732439903339	-5.517418699229307	0.8199877175674098	-4.033469775147548	1.7044106453909489	-1.6163586522111895	3.1654655043095836	3.7417421290300528	0.641456872544308
DG0799	-11.4553736017789	-0.38284569559166065	-2.0017821762787236	-0.7014769548273558	4.732436052158095	4.4324440164730445	3.667376438538703	1.089736599267489	0.7295910083746565	-0.7494621249111193
